j,l,trajectory,M,S,D
1,1,"1 2 3 3 -1 -3 -2 4 4 -3 4 4",48,1,-256
2,1,"1 2 3 4 2 -3 4 -1 -2 4 -2 4",48,1,0
3,1,"1 2 1 2 4 -1 -1 -2 4 4 4 -2",24,1,-256
4,1,"1 2 3 2 -1 4 -2 -2 4 -3 4 4",48,1,0
5,1,"1 4 2 -1 4 -2 -2 4 4 4 2 -4",24,1,256
6,1,"1 2 4 -1 3 4 -3 -2 3 4 -3 4",48,1,64
7,1,"1 2 -1 -2 4 4 4 2 -1 4 -2 1",24,1,-256
8,1,"1 2 3 4 -3 -1 3 4 4 4 -2 -3",48,1,128
9,1,"1 2 -1 4 2 4 4 4 -2 -4 -2 4",24,1,0
10,1,"1 2 -4 -2 4 4 -1 4 -2 4 2 4",24,1,-128
11,1,"1 2 -4 2 -1 4 4 -2 4 4 4 -2",24,1,-256
12,1,"1 2 -1 -2 1 4 2 -1 4 4 -2 4",24,1,-128
13,1,"1 2 4 3 -2 -3 4 4 -3 4 -1 3",48,1,128
14,1,"1 2 4 -1 -2 -4 -2 4 4 4 4 2",24,1,256
15,1,"1 2 4 4 3 4 -3 -4 -2 4 -1 4",48,1,0
16,1,"1 2 2 -1 -2 4 -2 4 -2 4 2 4",24,1,-128
17,1,"1 2 4 3 4 -2 -3 -3 -1 4 3 4",48,1,128
18,1,"1 2 2 4 -1 4 4 4 4 -2 -4 -2",24,1,0
19,1,"1 2 4 -1 -2 4 4 4 4 -2 -4 2",24,1,-256
20,1,"1 4 2 -1 4 2 -4 -2 4 4 -2 4",24,1,-128
21,1,"1 2 -1 2 4 3 4 -2 -3 -2 4 4",48,1,128
22,1,"1 2 4 3 4 -1 -3 4 -2 -3 4 3",48,1,128
23,1,"1 2 2 -1 2 4 -2 4 -2 4 -2 4",24,1,128
24,1,"1 2 4 3 -4 -2 4 -3 4 4 -1 4",48,1,0
25,1,"1 4 2 4 4 2 4 -1 4 -2 -4 -2",24,1,128
26,1,"1 2 4 4 3 -2 4 -3 4 -3 -1 3",48,1,0
27,1,"1 2 3 -2 -3 4 2 4 -2 -1 4 4",48,1,-128
28,1,"1 2 4 4 4 -2 -4 -1 4 -2 4 2",24,1,0
29,1,"1 4 2 4 4 -1 -4 -4 -2 4 4 4",24,1,0
30,1,"1 2 4 -1 4 3 -2 -3 -3 4 4 3",48,1,128
31,1,"1 2 -1 4 3 -2 4 3 4 4 -3 -3",48,1,-128
32,1,"1 2 -1 -1 -2 4 4 -2 4 1 2 4",24,1,-256
33,1,"1 2 -1 4 3 4 -3 2 4 -2 4 -2",48,1,-64
34,1,"1 2 3 -2 -1 3 4 4 -3 -3 4 4",48,1,256
35,1,"1 2 4 4 -2 3 4 -3 -1 3 4 -3",48,1,0
36,1,"1 2 -1 -2 4 4 3 2 4 -3 -2 4",48,1,0
37,1,"1 2 2 4 -1 4 3 -2 4 -2 -3 4",48,1,0
38,1,"1 2 1 4 -1 4 2 4 -1 -2 4 -2",24,1,0
39,1,"1 2 3 -4 -1 4 -2 -3 4 4 4 4",48,1,0
40,1,"1 2 1 2 4 -1 4 -1 -2 4 4 -2",24,1,-128
41,1,"1 2 4 3 3 -2 4 -1 -3 -3 4 4",48,1,0
42,1,"1 2 4 4 4 3 -2 3 -1 -3 4 -3",48,1,-128
43,1,"1 2 3 4 2 4 -3 -2 -2 -1 4 4",48,1,256
44,1,"1 2 4 -1 2 4 4 4 4 -2 -4 -2",24,1,256
45,1,"1 2 4 -2 -2 -1 -2 4 4 2 4 2",24,1,256
46,1,"1 2 1 -2 4 -1 2 4 -1 -2 4 4",24,1,128
47,1,"1 2 -1 4 4 4 4 3 3 -2 -3 -3",48,1,-512
48,1,"1 2 4 3 -1 -3 -2 4 3 4 4 -3",48,1,-128
49,1,"1 2 4 -1 4 -2 3 4 3 4 -3 -3",48,1,128
50,1,"1 2 4 4 -2 3 -1 4 3 4 -3 -3",48,1,128
51,1,"1 2 1 4 -2 -1 4 -1 -2 4 2 4",24,1,128
52,1,"1 2 3 4 4 4 -1 -3 4 4 -2 -4",48,1,-256
53,1,"1 2 3 3 4 4 -1 -3 4 -3 4 -2",48,1,-128
54,1,"1 2 3 -2 3 -1 4 -3 4 4 -3 4",48,1,0
55,1,"1 2 1 -2 4 4 2 -1 -1 4 4 -2",24,1,256
56,1,"1 2 -1 4 4 4 -2 4 4 2 -4 -2",24,1,256
57,1,"1 2 4 2 4 -2 -4 -1 -2 4 4 4",24,1,256
58,1,"1 2 -4 -2 4 4 -1 4 3 4 -3 4",48,1,-128
59,1,"1 2 3 4 -3 -3 4 4 -2 3 -1 4",48,1,128
60,1,"1 2 3 2 -1 -2 4 4 4 -3 4 -2",48,1,-256
61,1,"1 2 3 4 3 4 4 4 -1 -3 -3 -2",48,1,-256
62,1,"1 2 3 4 -2 -1 2 -3 4 4 4 -2",48,1,0
63,1,"1 2 2 4 2 -1 4 -2 -2 -2 4 4",24,1,0
64,1,"1 2 4 3 4 -3 4 4 -1 4 -2 -4",48,1,-128
65,1,"1 2 -1 -2 4 -1 2 4 -2 1 4 4",24,1,-128
66,1,"1 2 3 -2 -3 4 -3 4 -1 4 3 4",48,1,-64
67,1,"1 2 -1 4 1 -2 4 2 -1 4 -2 4",24,1,0
68,1,"1 2 -1 -2 4 -1 2 4 1 -2 4 4",24,1,128
69,1,"1 2 3 -2 4 -1 4 2 4 -3 -2 4",48,1,64
70,1,"1 2 4 3 -4 -2 4 4 -1 4 -3 4",48,1,0
71,1,"1 2 4 3 4 -1 -3 -2 -3 4 4 3",48,1,128
72,1,"1 2 4 -2 4 4 4 3 4 -1 -3 -4",48,1,-128
73,1,"1 2 3 -1 -2 -3 4 3 4 -3 4 4",48,1,-128
74,1,"1 2 -1 4 1 4 4 -2 -2 -1 2 4",24,1,256
75,1,"1 4 -1 -4 2 4 2 4 4 -2 -2 4",24,1,0
76,1,"1 4 1 4 4 4 -1 4 4 -1 -4 -4",6,1,-512
77,1,"1 2 2 -1 4 4 4 4 4 -2 -2 -4",24,1,-1024
78,1,"1 2 3 4 3 4 -3 4 -1 -3 -2 4",48,1,0
79,1,"1 2 3 -2 4 2 4 -3 4 -1 -2 4",48,1,0
80,1,"1 2 4 -1 4 4 2 -4 -2 4 4 -2",24,1,0
81,1,"1 2 -1 4 4 3 4 -3 -3 -2 3 4",48,1,0
82,1,"1 2 -1 4 4 4 2 -4 -2 -2 4 4",24,1,0
83,1,"1 2 4 3 4 4 4 -3 4 -1 -2 -4",48,1,-256
84,1,"1 2 -1 4 4 3 3 -2 4 -3 -3 4",48,1,0
85,1,"1 2 3 4 4 -2 3 -1 -3 4 -3 4",48,1,0
86,1,"1 2 3 4 -1 4 2 -3 4 4 -2 -2",48,1,0
87,1,"1 2 3 4 4 -2 -1 -4 -3 4 4 4",48,1,-256
88,1,"1 2 1 -2 -1 4 4 2 -1 -2 4 4",24,1,256
89,1,"1 4 2 4 -2 4 2 -1 4 4 -2 -4",24,1,-128
90,1,"1 2 3 -1 -2 4 -3 4 3 4 4 -3",48,1,-128
91,1,"1 2 3 4 -2 -3 -1 -3 4 3 4 4",48,1,0
92,1,"1 2 3 2 -3 4 4 4 -1 -2 -2 4",48,1,0
93,1,"1 2 4 4 4 -2 -1 2 -4 -2 4 4",24,1,-256
94,1,"1 2 4 4 4 -2 4 -2 -4 -1 4 2",24,1,0
95,1,"1 2 3 4 3 4 -3 4 4 -1 -3 -2",48,1,-128
96,1,"1 4 2 4 -2 -2 -4 2 4 4 -1 4",24,1,-256
97,1,"1 2 -1 4 4 3 -2 -2 4 2 -3 4",48,1,0
98,1,"1 2 3 4 -2 4 -1 -2 4 2 -3 4",48,1,64
99,1,"1 2 4 4 -2 -2 -1 4 2 2 4 -2",24,1,256
100,1,"1 2 3 4 -1 3 4 -3 -2 4 4 -3",48,1,128
101,1,"1 2 4 4 3 -2 -3 4 3 -1 -3 4",48,1,-128
102,1,"1 2 4 -1 4 3 3 4 -2 4 -3 -3",48,1,128
103,1,"1 2 3 4 3 4 4 4 -3 -3 -1 -2",48,1,0
104,1,"1 2 4 3 4 -1 3 -2 -3 4 -3 4",48,1,-64
105,1,"1 4 2 2 -4 -2 4 4 -1 4 -2 4",24,1,-256
106,1,"1 2 4 2 -4 -1 -2 4 4 4 4 -2",24,1,-256
107,1,"1 2 3 2 4 -1 4 4 -2 -3 -2 4",48,1,128
108,1,"1 2 2 4 -2 4 -2 -1 4 -2 4 2",24,1,128
109,1,"1 2 2 -1 4 -2 1 4 -2 -1 4 4",24,1,0
110,1,"1 2 3 3 -2 4 4 4 -3 4 -1 -3",48,1,-256
111,1,"1 2 -1 -2 4 -2 4 -1 4 1 2 4",24,1,-128
112,1,"1 2 1 2 4 -1 -1 4 4 -2 4 -2",24,1,0
113,1,"1 2 1 4 4 -2 4 2 -1 -1 -2 4",24,1,0
114,1,"1 2 -1 -4 -2 4 4 4 4 -2 4 2",24,1,-256
115,1,"1 2 4 3 4 3 4 -3 -3 -1 -2 4",48,1,0
116,1,"1 2 -1 4 3 4 -3 -2 4 -2 4 2",48,1,64
117,1,"1 2 3 -2 3 4 4 4 -1 4 -3 -3",48,1,0
118,1,"1 2 3 4 -3 4 -3 -2 -1 4 4 3",48,1,128
119,1,"1 2 4 4 3 -2 3 4 -3 -3 -1 4",48,1,128
120,1,"1 2 -4 2 4 4 -2 4 -1 4 -2 4",24,1,128
121,1,"1 2 3 3 4 -1 -3 4 4 -2 4 -3",48,1,-128
122,1,"1 2 3 4 -3 4 -2 -1 3 4 4 -3",48,1,128
123,1,"1 2 4 4 4 2 -1 -2 -4 -2 4 4",24,1,-256
124,1,"1 2 -1 -2 4 3 -2 4 -3 4 2 4",48,1,-64
125,1,"1 2 4 -1 4 2 3 4 -2 -2 -3 4",48,1,0
126,1,"1 2 -1 4 2 -4 -2 4 -2 4 4 4",24,1,0
127,1,"1 2 -1 4 3 4 -2 4 3 4 -3 -3",48,1,0
128,1,"1 2 3 4 4 -1 4 -3 -3 -2 3 4",48,1,128
129,1,"1 2 -1 4 -2 3 -2 4 2 4 -3 4",48,1,0
130,1,"1 2 2 4 -2 -1 -2 4 -2 4 2 4",24,1,128
131,1,"1 2 1 4 2 -1 4 4 4 -1 -2 -2",24,1,-256
132,1,"1 2 1 4 2 4 -2 -1 4 -1 -2 4",24,1,128
133,1,"1 4 2 4 3 4 -1 -4 -3 4 -2 4",48,1,0
134,1,"1 1 1 1 4 4 -1 -1 -1 4 -1 4",6,1,1024
135,1,"1 2 3 4 -3 -2 4 3 -1 4 -3 4",48,1,64
136,1,"1 2 2 4 2 -1 -2 4 -2 4 -2 4",24,1,-128
137,1,"1 2 4 3 4 -2 -3 4 4 4 -1 -4",48,1,-128
138,1,"1 2 1 2 4 4 -2 -1 4 -2 -1 4",24,1,128
139,1,"1 2 -1 4 3 4 -3 -2 4 2 4 -2",48,1,-64
140,1,"1 2 1 4 2 -1 4 -2 4 -1 -2 4",24,1,0
141,1,"1 2 3 4 3 4 -3 -3 4 -1 -2 4",48,1,0
142,1,"1 2 -1 4 3 -2 4 2 4 -3 -2 4",48,1,0
143,1,"1 4 2 -1 -4 -2 -2 4 2 4 4 4",24,1,-256
144,1,"1 2 4 3 4 -2 4 -1 4 4 -3 -4",48,1,0
145,1,"1 2 1 2 4 -1 4 -2 4 -2 -1 4",24,1,128
146,1,"1 2 3 -2 4 2 -3 4 4 -1 -2 4",48,1,0
147,1,"1 2 2 4 -2 -2 4 4 -1 -2 4 2",24,1,256
148,1,"1 2 4 -2 4 4 3 3 -1 4 -3 -3",48,1,0
149,1,"1 2 2 -1 4 4 -2 3 4 -2 -3 4",48,1,0
150,1,"1 2 4 3 4 -3 -2 4 -3 4 -1 3",48,1,-64
151,1,"1 2 -1 4 -1 4 2 1 -2 4 -2 4",12,1,128
152,1,"1 2 3 -2 4 -2 -3 4 -1 2 4 4",48,1,-128
153,1,"1 2 -1 4 -2 -4 -2 4 2 4 4 4",24,1,0
154,1,"1 2 3 -2 -3 2 4 -1 4 4 -2 4",48,1,-128
155,1,"1 4 2 4 4 4 2 4 -2 -2 -1 -4",24,1,-256
156,1,"1 2 3 3 -1 4 4 -2 4 4 -3 -3",48,1,-256
157,1,"1 2 -1 4 -2 3 -2 4 4 -3 2 4",48,1,0
158,1,"1 2 3 -4 -2 4 4 4 -1 4 -3 4",48,1,-128
159,1,"1 2 4 -2 -2 4 -2 -1 4 2 4 2",24,1,128
160,1,"1 2 3 -1 4 4 4 4 -3 -3 -2 3",48,1,-256
161,1,"1 1 4 1 4 -1 4 4 4 -1 -1 -4",6,1,-512
162,1,"1 2 1 2 -1 -2 -2 4 4 4 -1 4",24,1,-256
163,1,"1 2 4 -1 3 4 -3 -3 4 -2 4 3",48,1,0
164,1,"1 2 3 4 -2 -2 4 -3 4 2 -1 4",48,1,0
165,1,"1 2 -1 4 4 2 4 -2 4 4 -2 -4",24,1,-256
166,1,"1 2 3 4 4 2 -1 -2 -3 4 4 -2",24,1,-256
167,1,"1 2 -1 4 -2 -2 -1 4 4 2 1 4",24,1,256
168,1,"1 2 2 -1 4 1 -2 4 -1 4 -2 4",24,1,128
169,1,"1 2 4 3 -2 4 -3 -2 4 -1 2 4",24,1,128
170,1,"1 2 4 4 -2 -1 -4 -2 4 2 4 4",24,1,0
171,1,"1 2 4 -2 3 3 4 4 4 -1 -3 -3",48,1,256
172,1,"1 2 4 2 4 -2 -4 -1 4 4 -2 4",24,1,128
173,1,"1 2 3 2 4 -2 -1 4 4 4 -3 -2",48,1,128
174,1,"1 2 3 4 -3 -2 4 4 2 -1 -2 4",48,1,-128
175,1,"1 2 -1 4 2 1 -2 4 4 -1 -2 4",24,1,128
176,1,"1 2 4 4 4 4 3 -1 -3 -3 -2 3",48,1,-256
177,1,"1 2 4 -1 -4 -2 4 2 4 4 4 -2",24,1,-256
178,1,"1 2 2 4 3 4 -2 -3 -2 4 -1 4",48,1,128
179,1,"1 2 2 4 -1 -1 -2 4 4 -2 1 4",24,1,-256
180,1,"1 2 4 4 -1 4 4 2 -4 -2 -2 4",24,1,-256
181,1,"1 2 3 4 3 4 -3 4 -2 -3 -1 4",48,1,64
182,1,"1 2 3 -1 4 3 -2 -3 4 -3 4 4",48,1,0
183,1,"1 2 4 4 3 3 4 -2 -3 4 -1 -3",48,1,-128
184,1,"1 2 -1 4 -1 -2 -2 4 2 4 4 1",24,1,-256
185,1,"1 2 -1 -2 4 3 -2 4 -3 4 4 2",48,1,0
186,1,"1 2 2 -1 4 4 2 4 -2 -2 -2 4",24,1,0
187,1,"1 2 4 -2 -2 4 4 2 2 -1 4 -2",24,1,-256
188,1,"1 2 3 4 3 4 -1 -2 -3 4 -3 4",24,1,-64
189,1,"1 2 3 4 4 4 4 -3 -2 -3 -1 3",48,1,0
190,1,"1 2 3 -2 -2 -3 4 4 -1 4 2 4",48,1,-128
191,1,"1 2 -1 4 4 -2 3 2 -3 4 4 -2",24,1,128
192,1,"1 2 4 3 4 3 -2 4 -1 4 -3 -3",48,1,0
193,1,"1 2 -1 4 3 4 4 4 4 -2 -3 -4",48,1,-256
194,1,"1 4 -1 -4 2 2 4 4 -2 4 4 -2",24,1,256
195,1,"1 2 -1 -1 4 2 4 4 4 1 -2 -2",24,1,0
196,1,"1 2 3 4 -1 -2 4 2 4 -2 -3 4",48,1,-64
197,1,"1 2 2 2 -1 4 -2 -2 4 4 -2 4",24,1,0
198,1,"1 1 4 -1 4 4 1 4 -1 4 -1 -4",6,1,-256
199,1,"1 2 4 -1 3 3 4 -2 4 -3 -3 4",48,1,128
200,1,"1 2 -1 -2 4 4 3 4 -3 -3 4 3",48,1,-128
201,1,"1 2 4 3 4 2 -1 4 -2 -3 4 -2",48,1,-64
202,1,"1 2 3 4 -3 -2 4 -1 3 4 4 -3",48,1,128
203,1,"1 2 4 3 4 4 -3 -1 4 4 -2 -4",48,1,-128
204,1,"1 2 -1 4 4 2 3 4 -2 -2 -3 4",48,1,0
205,1,"1 2 -1 -4 2 4 -2 -2 4 4 4 4",24,1,512
206,1,"1 2 2 3 4 -2 -3 -2 4 -1 4 4",48,1,128
207,1,"1 2 4 -2 3 4 -2 -1 4 2 -3 4",48,1,64
208,1,"1 2 3 -2 4 3 -1 -3 4 4 4 -3",48,1,-128
209,1,"1 2 3 4 -1 3 4 -2 4 -3 -3 4",48,1,128
210,1,"1 2 2 3 4 4 -3 4 4 -1 -2 -2",48,1,-256
211,1,"1 2 -1 2 4 4 4 3 -2 -3 4 -2",48,1,0
212,1,"1 2 4 -1 4 3 -4 -2 -3 4 4 4",48,1,-128
213,1,"1 2 3 4 -1 -3 -3 4 3 4 4 -2",48,1,-128
214,1,"1 4 2 4 2 4 -1 -4 -2 4 4 -2",24,1,-128
215,1,"1 2 3 4 3 4 -2 -3 -1 4 -3 4",48,1,64
216,1,"1 4 2 -1 4 4 -2 4 2 -4 -2 4",24,1,-128
217,1,"1 2 4 3 3 -2 -1 4 4 -3 4 -3",48,1,0
218,1,"1 2 2 4 -2 4 -2 -1 4 2 4 -2",24,1,128
219,1,"1 2 3 4 4 -1 -2 4 -3 2 4 -2",48,1,-128
220,1,"1 2 1 4 -1 2 -1 4 4 4 -2 -2",24,1,256
221,1,"1 2 1 4 -1 4 4 -2 -1 2 4 -2",24,1,128
222,1,"1 2 4 4 -2 -1 4 4 2 -4 -2 4",24,1,-256
223,1,"1 2 2 -1 4 -1 -2 4 -2 4 4 1",24,1,-256
224,1,"1 2 -4 2 -1 4 4 -2 4 4 -2 4",24,1,0
225,1,"1 4 4 2 -1 -4 -2 4 2 4 4 -2",24,1,-256
226,1,"1 2 4 3 -2 -3 4 -3 4 4 -1 3",48,1,128
227,1,"1 2 1 -2 4 -1 4 -2 -1 2 4 4",24,1,-128
228,1,"1 2 3 3 4 -2 4 -3 4 -1 4 -3",48,1,0
229,1,"1 2 3 -2 4 -3 4 2 4 4 -1 -2",48,1,0
230,1,"1 2 4 2 -4 -1 4 4 -2 4 4 -2",24,1,-256
231,1,"1 2 3 -2 4 -3 -3 4 4 4 -1 3",48,1,256
232,1,"1 2 3 4 4 -2 -3 -3 -1 4 3 4",48,1,128
233,1,"1 2 3 4 -2 -2 4 -1 2 -3 4 4",48,1,128
234,1,"1 2 4 3 4 -1 4 2 -3 -2 4 -2",48,1,0
235,1,"1 2 4 -2 -1 2 4 4 2 4 -2 -2",24,1,256
236,1,"1 2 4 4 -1 -2 4 4 2 -4 -2 4",24,1,0
237,1,"1 4 -1 -4 -4 1 4 4 4 -1 4 4",6,1,-512
238,1,"1 2 1 2 4 -1 -1 4 4 4 -2 -2",24,1,0
239,1,"1 2 3 3 4 4 -2 4 -3 4 -1 -3",48,1,-128
240,1,"1 2 -1 -1 4 -2 4 2 1 -2 4 4",24,1,256
241,1,"1 2 4 -2 3 4 4 -3 -3 -1 4 3",48,1,-128
242,1,"1 2 2 -1 2 4 -2 4 -2 -2 4 4",24,1,256
243,1,"1 2 1 4 -2 -1 4 -1 2 4 4 -2",24,1,128
244,1,"1 2 -1 -2 4 -1 4 -2 1 2 4 4",24,1,-128
245,1,"1 2 3 3 -2 4 -3 4 -1 4 4 -3",48,1,-128
246,1,"1 2 3 2 -1 4 4 -2 4 -2 -3 4",48,1,0
247,1,"1 2 -1 4 3 -2 3 4 4 4 -3 -3",48,1,0
248,1,"1 2 3 4 4 -1 4 -3 -3 4 3 -2",48,1,0
249,1,"1 2 3 4 -3 4 -1 -4 -2 4 4 4",48,1,-128
250,1,"1 2 4 4 -2 4 4 -1 3 -4 -3 4",48,1,-128
251,1,"1 2 4 3 4 -3 4 -2 4 -3 -1 3",48,1,-64
252,1,"1 2 -1 -1 4 -2 -2 1 4 4 2 4",24,1,-256
253,1,"1 2 3 4 -2 4 -1 3 4 -3 -3 4",48,1,128
254,1,"1 4 2 -1 4 4 2 4 -2 -4 -2 4",24,1,128
255,1,"1 2 4 3 -1 4 4 4 -2 4 -3 -4",48,1,-128
256,1,"1 2 -1 -2 4 1 -2 4 -1 2 4 4",24,1,128
257,1,"1 2 -1 4 -2 4 2 4 -1 4 -2 1",24,1,-128
258,1,"1 2 -4 3 4 -3 4 -2 4 -1 4 4",48,1,0
259,1,"1 2 4 4 4 3 4 -1 -2 -4 -3 4",48,1,0
260,1,"1 2 1 -2 -2 -1 4 4 4 2 -1 4",24,1,256
261,1,"1 2 1 4 2 -1 4 4 -1 -2 4 -2",24,1,-128
262,1,"1 2 4 -2 4 4 -1 3 3 4 -3 -3",48,1,256
263,1,"1 2 2 4 -2 -2 4 4 -1 2 4 -2",24,1,256
264,1,"1 2 -1 4 -2 1 2 4 -1 -2 4 4",24,1,-128
265,1,"1 2 3 4 -2 -3 4 4 -3 -1 3 4",48,1,128
266,1,"1 2 3 2 4 4 -3 -2 -2 -1 4 4",48,1,256
267,1,"1 2 -1 4 4 4 3 4 3 -2 -3 -3",48,1,-256
268,1,"1 2 -1 2 4 -2 3 -2 4 4 -3 4",48,1,128
269,1,"1 4 -1 -4 -4 -1 4 4 4 1 4 4",6,1,512
270,1,"1 2 3 4 -2 -1 4 2 -3 -2 4 4",48,1,0
271,1,"1 2 3 4 3 -2 4 4 -1 4 -3 -3",48,1,-128
272,1,"1 1 4 -1 -4 1 4 -1 4 -1 4 4",6,1,-256
273,1,"1 2 3 4 2 -3 4 -1 -2 -2 4 4",48,1,0
274,1,"1 2 4 3 4 -3 4 -1 4 4 -2 -4",48,1,-128
275,1,"1 2 3 4 -3 4 4 4 -2 4 -1 -4",48,1,-128
276,1,"1 2 3 4 -1 4 -3 4 -2 -3 4 3",48,1,64
277,1,"1 2 4 3 3 -1 4 4 4 -2 -3 -3",48,1,0
278,1,"1 2 1 4 4 4 2 -1 -1 -2 4 -2",24,1,-256
279,1,"1 2 4 3 4 4 -3 -2 3 4 -1 -3",48,1,128
280,1,"1 2 3 -1 -3 4 4 3 -2 4 4 -3",48,1,-128
281,1,"1 2 3 4 -3 -2 -2 -1 4 2 4 4",48,1,256
282,1,"1 2 4 2 4 -2 4 4 -2 -4 -1 4",24,1,128
283,1,"1 2 4 -1 2 4 4 -2 4 4 -2 -4",24,1,0
284,1,"1 2 -1 4 -1 2 1 4 -2 -2 4 4",24,1,256
285,1,"1 2 3 4 4 -1 -3 -2 -3 4 4 3",48,1,128
286,1,"1 2 -1 4 3 4 -3 -2 3 4 4 -3",48,1,128
287,1,"1 4 2 4 4 -2 -1 -4 -2 4 4 2",24,1,256
288,1,"1 2 4 4 3 4 -1 -3 -2 -3 4 3",48,1,128
289,1,"1 4 2 4 4 -2 4 -2 4 2 -1 -4",24,1,-128
290,1,"1 2 3 4 -1 4 -2 -3 2 4 4 -2",48,1,0
291,1,"1 4 4 4 2 -1 -4 -2 4 2 4 -2",24,1,-256
292,1,"1 2 4 3 4 -2 -3 -1 3 4 -3 4",48,1,64
293,1,"1 2 4 4 3 -2 4 -3 -1 -3 4 3",48,1,128
294,1,"1 2 3 4 -2 4 -1 -2 -3 4 4 2",48,1,0
295,1,"1 2 3 -2 4 -1 -2 -3 2 4 4 4",48,1,-256
296,1,"1 2 2 4 -2 4 -2 -1 -1 4 1 4",12,1,256
297,1,"1 2 3 4 4 -2 4 -3 -2 4 -1 2",48,1,128
298,1,"1 2 4 4 4 -2 3 3 -1 4 -3 -3",48,1,256
299,1,"1 2 1 -2 -2 4 2 4 4 -1 -1 4",24,1,256
300,1,"1 2 3 4 3 4 -1 -2 4 -3 -3 4",48,1,0
301,1,"1 2 4 3 4 3 4 -1 -3 -3 -2 4",48,1,0
302,1,"1 2 1 4 4 -2 -1 2 4 -2 -1 4",24,1,-128
303,1,"1 2 3 -1 4 3 4 -3 -3 -2 4 4",48,1,0
304,1,"1 4 2 4 -2 -4 -4 -1 4 4 4 4",24,1,0
305,1,"1 2 -1 4 -1 2 4 -2 4 -2 4 1",24,1,128
306,1,"1 2 3 -1 4 -2 -3 4 3 4 4 -3",48,1,-128
307,1,"1 2 4 3 4 -2 3 -1 -3 -3 4 4",48,1,128
308,1,"1 2 3 4 4 4 4 -2 -3 -4 -1 4",48,1,256
309,1,"1 2 2 3 4 -3 -2 -2 4 4 -1 4",48,1,256
310,1,"1 2 3 -2 -3 -1 4 4 -3 4 3 4",48,1,0
311,1,"1 2 -1 4 -2 3 4 -2 -3 4 2 4",48,1,0
312,1,"1 2 2 -1 2 4 -2 -2 -2 4 4 4",24,1,512
313,1,"1 2 4 3 4 -1 4 -2 -3 -2 4 2",48,1,128
314,1,"1 2 -1 4 4 -2 -2 4 -1 2 4 1",24,1,256
315,1,"1 2 -1 4 -2 -2 4 2 4 2 4 -2",24,1,-128
316,1,"1 2 2 -1 4 -2 4 -2 -2 4 2 4",24,1,0
317,1,"1 2 -1 -2 4 2 1 4 4 -1 -2 4",24,1,-128
318,1,"1 2 3 4 -3 -3 -1 -2 4 4 3 4",48,1,128
319,1,"1 2 3 -2 -1 2 4 -2 -3 4 4 4",48,1,128
320,1,"1 2 4 -2 4 4 4 -1 3 -4 -3 4",48,1,-128
321,1,"1 2 1 -2 -1 4 -1 -2 4 4 2 4",24,1,128
322,1,"1 2 3 -2 4 4 -1 3 4 -3 -3 4",48,1,128
323,1,"1 2 4 4 -2 4 4 -2 -1 -4 2 4",24,1,0
324,1,"1 2 -1 -2 4 -2 1 4 -1 2 4 4",24,1,-128
325,1,"1 2 2 1 4 -1 -2 -2 -1 4 4 4",24,1,512
326,1,"1 2 4 -1 4 3 -4 -2 4 4 -3 4",48,1,0
327,1,"1 2 3 4 4 -1 -2 3 4 4 -3 -3",48,1,256
328,1,"1 2 3 -1 4 4 -3 -2 4 3 4 -3",48,1,0
329,1,"1 2 3 -1 4 -3 -4 -2 4 4 4 4",48,1,0
330,1,"1 2 3 4 -1 -3 -3 4 4 3 -2 4",48,1,0
331,1,"1 2 3 4 4 4 3 -1 -3 4 -3 -2",48,1,-256
332,1,"1 4 4 2 -4 2 4 -2 -2 -1 4 4",24,1,256
333,1,"1 2 3 4 -3 -1 3 4 -2 4 4 -3",48,1,128
334,1,"1 2 2 3 4 -2 -2 4 -1 4 -3 4",48,1,128
335,1,"1 2 2 2 4 4 -2 4 -2 -1 4 -2",24,1,256
336,1,"1 2 4 -1 3 -2 -3 4 4 -3 4 3",48,1,0
337,1,"1 2 3 4 2 -3 -2 4 -1 -2 4 4",48,1,0
338,1,"1 2 3 3 4 -1 -3 4 4 -2 -3 4",48,1,0
339,1,"1 2 4 4 2 4 -1 -2 -4 -2 4 4",24,1,0
340,1,"1 2 -1 -2 -2 -2 4 4 2 2 4 4",24,1,-512
341,1,"1 2 4 3 4 -2 -2 -3 4 -1 2 4",48,1,128
342,1,"1 2 -1 2 4 -2 3 4 -3 4 -2 4",48,1,64
343,1,"1 4 2 -1 -4 2 4 4 4 4 -2 -2",24,1,512
344,1,"1 2 -1 4 -2 -2 -1 4 2 1 4 4",24,1,256
345,1,"1 2 2 -1 4 3 4 -2 -3 4 4 -2",48,1,-128
346,1,"1 2 -1 -2 4 4 -2 4 2 2 4 -2",24,1,-256
347,1,"1 2 3 4 4 4 -2 3 -1 -3 -3 4",48,1,0
348,1,"1 2 4 4 3 -4 -2 4 -1 4 -3 4",48,1,0
349,1,"1 2 4 3 3 -2 4 4 -3 -1 -3 4",48,1,128
350,1,"1 2 3 -1 -2 -4 -3 4 4 4 4 4",48,1,-256
351,1,"1 2 2 4 2 -1 -2 4 -2 -2 4 4",24,1,-256
352,1,"1 2 4 3 4 -3 -1 3 4 4 -2 -3",48,1,0
353,1,"1 2 2 3 -2 4 4 -1 4 -2 -3 4",48,1,-128
354,1,"1 2 2 -1 -2 4 4 2 4 -2 -2 4",24,1,-256
355,1,"1 2 -1 4 2 4 3 4 -3 -2 -2 4",48,1,0
356,1,"1 2 3 4 -1 -3 4 4 -3 4 -2 3",48,1,0
357,1,"1 2 1 4 2 -1 4 -2 -1 4 -2 4",24,1,128
358,1,"1 2 3 -2 4 -3 -3 -1 3 4 4 4",48,1,256
359,1,"1 2 4 4 4 -1 4 3 -2 -4 -3 4",48,1,-128
360,1,"1 2 -1 4 3 -2 4 -3 -3 4 4 3",48,1,128
361,1,"1 1 1 1 4 -1 -1 -1 4 -1 4 4",6,1,1024
362,1,"1 2 2 -1 4 4 -2 1 4 -1 -2 4",24,1,-256
363,1,"1 2 4 3 -1 -3 4 4 3 -2 -3 4",48,1,128
364,1,"1 2 2 4 4 4 4 -2 -4 -1 -2 4",24,1,512
365,1,"1 2 1 4 2 4 -1 -2 4 4 -1 -2",24,1,-128
366,1,"1 2 -1 -1 -2 4 -2 4 2 4 4 1",24,1,-256
367,1,"1 2 3 4 2 4 -2 4 -3 -2 -1 4",48,1,128
368,1,"1 2 3 3 4 4 4 4 -3 -1 -3 -2",48,1,0
369,1,"1 2 3 -2 4 2 -3 4 -1 4 -2 4",48,1,64
370,1,"1 2 3 4 -3 2 4 4 -2 -1 -2 4",48,1,0
371,1,"1 2 3 -2 -3 4 -2 4 2 4 -1 4",48,1,-64
372,1,"1 2 4 -2 3 4 -3 -2 4 2 -1 4",24,1,0
373,1,"1 2 2 3 -2 -2 4 -3 4 4 -1 4",48,1,0
374,1,"1 2 1 -2 -2 -1 4 2 4 -1 4 4",24,1,0
375,1,"1 2 3 -1 -2 4 3 4 4 -3 -3 4",48,1,-128
376,1,"1 2 4 4 -2 4 -2 4 2 4 -1 -4",24,1,-128
377,1,"1 2 -1 4 2 -1 4 1 -2 4 -2 4",24,1,0
378,1,"1 2 -1 4 -2 -2 4 4 -2 4 2 2",24,1,256
379,1,"1 2 4 4 -2 4 3 3 -1 4 -3 -3",48,1,0
380,1,"1 2 2 4 4 -1 4 4 -2 4 -2 -4",24,1,-256
381,1,"1 2 3 2 -1 4 -3 4 -2 4 4 -2",48,1,-128
382,1,"1 2 2 -1 4 2 4 -2 -2 -2 4 4",24,1,0
383,1,"1 2 1 -2 -2 4 4 -1 4 2 -1 4",24,1,256
384,1,"1 2 -1 -2 4 -2 3 4 -3 2 4 4",48,1,-128
385,1,"1 2 1 4 -1 -1 4 2 4 -2 4 -2",24,1,128
386,1,"1 2 -1 4 2 -1 4 -2 1 4 -2 4",24,1,-128
387,1,"1 2 -1 -2 -2 4 3 4 4 -3 4 2",48,1,0
388,1,"1 2 -1 4 4 4 3 4 -3 4 -2 -4",48,1,-256
389,1,"1 2 2 -1 4 1 -2 4 -1 -2 4 4",24,1,0
390,1,"1 2 -1 4 -2 4 -2 3 4 2 -3 4",48,1,0
391,1,"1 2 3 -1 3 4 4 -3 4 4 -2 -3",48,1,-128
392,1,"1 2 3 -2 -3 -1 3 4 4 -3 4 4",48,1,128
393,1,"1 2 3 3 4 -2 -3 -3 4 4 -1 4",48,1,0
394,1,"1 2 -1 -1 4 -2 -2 4 4 4 2 1",24,1,512
395,1,"1 2 4 3 -2 4 4 4 -3 -3 -1 3",48,1,0
396,1,"1 2 4 4 -1 3 4 -3 -3 4 -2 3",48,1,0
397,1,"1 2 3 -2 4 4 -1 4 -2 -3 4 2",48,1,-128
398,1,"1 2 -1 4 2 1 -2 4 -1 4 -2 4",24,1,128
399,1,"1 2 3 3 -1 4 4 4 -3 -3 -2 4",48,1,0
400,1,"1 2 -1 2 2 4 -2 4 -2 4 -2 4",24,1,128
401,1,"1 2 3 4 -2 -3 4 4 4 2 -1 -2",48,1,0
402,1,"1 2 4 4 3 -2 -4 -3 4 -1 4 4",48,1,-128
403,1,"1 2 -1 4 2 3 -2 4 -2 4 -3 4",48,1,0
404,1,"1 2 3 -1 4 4 3 4 -3 -2 -3 4",48,1,0
405,1,"1 2 3 -2 4 2 4 -3 -2 4 -1 4",48,1,64
406,1,"1 2 -1 4 4 4 -2 4 2 -4 -2 4",24,1,0
407,1,"1 2 2 3 -2 4 -3 -2 4 4 -1 4",48,1,128
408,1,"1 2 4 4 4 -2 4 2 4 -1 -4 -2",24,1,-256
409,1,"1 2 3 3 -2 4 -1 4 -3 -3 4 4",48,1,0
410,1,"1 2 3 4 -1 -2 4 4 -3 2 4 -2",48,1,-128
411,1,"1 2 4 -1 3 -2 3 4 -3 4 4 -3",48,1,128
412,1,"1 2 3 4 -3 4 -3 4 3 -1 4 -2",48,1,-64
413,1,"1 2 2 -1 -1 -2 4 4 1 4 -2 4",24,1,-256
414,1,"1 2 3 3 4 -3 -3 -2 -1 4 4 4",48,1,512
415,1,"1 2 -1 4 1 4 -1 -2 -2 4 2 4",24,1,-128
416,1,"1 2 -1 4 -2 3 2 4 4 -3 -2 4",48,1,0
417,1,"1 2 3 -1 -2 4 3 4 -3 4 4 -3",48,1,-128
418,1,"1 2 2 -1 -2 4 4 3 4 -3 -2 4",48,1,-128
419,1,"1 2 3 -2 -3 -4 -1 4 4 4 4 4",48,1,256
420,1,"1 2 3 2 -3 -2 4 4 4 -2 -1 4",48,1,0
421,1,"1 2 2 2 -1 4 -2 -2 4 -2 4 4",24,1,0
422,1,"1 2 3 4 -3 4 -2 4 -1 2 4 -2",48,1,64
423,1,"1 2 1 4 4 4 -1 -2 -2 -1 2 4",24,1,256
424,1,"1 2 3 -1 -2 4 -3 4 -3 4 4 3",48,1,0
425,1,"1 4 2 4 4 -2 -4 2 -1 4 4 -2",24,1,0
426,1,"1 2 -1 4 2 4 3 4 -2 -2 -3 4",48,1,0
427,1,"1 2 4 4 2 2 -1 4 -2 -2 4 -2",24,1,-256
428,1,"1 2 -1 -2 4 4 -1 2 4 -2 4 1",24,1,0
429,1,"1 2 3 4 4 4 -3 4 -2 4 -1 -4",48,1,-128
430,1,"1 2 4 2 4 -1 -4 -2 4 4 4 -2",24,1,-256
431,1,"1 2 3 -1 4 3 4 -3 -3 4 4 -2",48,1,-128
432,1,"1 2 4 2 -1 4 -2 -2 3 4 -3 4",48,1,0
433,1,"1 2 1 2 4 -2 4 -2 4 -1 -1 4",24,1,128
434,1,"1 2 3 3 -1 -3 -2 4 4 4 4 -3",48,1,-256
435,1,"1 2 3 4 4 4 4 -1 -2 4 -3 -4",48,1,0
436,1,"1 2 1 4 4 4 2 -1 -1 4 -2 -2",24,1,0
437,1,"1 2 4 -2 -1 4 4 4 2 4 -2 -4",24,1,0
438,1,"1 4 2 2 4 4 -1 -4 -2 4 4 -2",24,1,-256
439,1,"1 2 3 -4 -3 4 4 4 4 -2 -1 4",48,1,-256
440,1,"1 2 -1 4 4 4 2 4 -2 -4 -2 4",24,1,0
441,1,"1 2 3 4 -1 4 -2 -3 -2 4 2 4",48,1,64
442,1,"1 2 -1 -2 1 4 2 4 4 -1 -2 4",24,1,-128
443,1,"1 2 3 4 4 4 -3 -1 3 4 -3 -2",48,1,256
444,1,"1 2 -1 2 4 -2 3 4 4 -3 4 -2",48,1,0
445,1,"1 2 -1 4 -2 1 4 -2 -1 2 4 4",24,1,128
446,1,"1 2 -1 -2 4 2 4 4 3 -2 -3 4",48,1,0
447,1,"1 2 4 -1 3 4 4 4 -3 4 -2 -4",48,1,-128
448,1,"1 2 3 3 4 -2 4 -3 4 -1 -3 4",48,1,0
449,1,"1 2 4 3 -1 -3 -3 4 -2 3 4 4",48,1,-128
450,1,"1 2 3 -2 4 4 -3 2 4 4 -1 -2",48,1,128
451,1,"1 2 3 4 4 -1 4 -2 -2 -3 4 2",48,1,0
452,1,"1 2 4 3 4 -3 -3 -2 4 -1 3 4",48,1,0
453,1,"1 2 -1 -4 -2 4 3 4 4 4 -3 4",48,1,-256
454,1,"1 2 4 4 4 -1 4 4 -2 -2 -4 2",24,1,-512
455,1,"1 4 2 4 3 4 -1 4 -2 4 -3 -4",48,1,0
456,1,"1 2 4 -2 -1 -2 -4 2 4 4 4 4",24,1,-256
457,1,"1 2 3 -2 4 2 4 -1 -2 4 -3 4",48,1,0
458,1,"1 2 1 2 -1 -2 4 -2 4 -1 4 4",24,1,-128
459,1,"1 2 3 4 3 4 -1 -3 4 -3 4 -2",48,1,-64
460,1,"1 2 1 4 2 4 -2 -1 -2 4 -1 4",12,1,128
461,1,"1 2 2 -4 -2 -2 4 4 4 4 -1 4",24,1,-512
462,1,"1 2 3 4 4 -3 -3 4 -1 -2 4 3",48,1,0
463,1,"1 2 2 4 -1 -2 -2 4 -2 4 4 2",24,1,256
464,1,"1 2 4 4 4 3 -1 3 -2 4 -3 -3",48,1,0
465,1,"1 2 3 -2 -3 4 4 3 -1 -3 4 4",48,1,-128
466,1,"1 2 4 4 4 2 -1 -4 -2 4 -2 4",24,1,-256
467,1,"1 2 3 3 -2 4 -3 4 -1 4 -3 4",48,1,0
468,1,"1 2 2 2 4 -2 4 -1 -2 4 4 -2",24,1,-256
469,1,"1 2 4 -2 3 4 4 -3 4 -3 -1 3",48,1,-128
470,1,"1 4 4 2 2 4 4 4 -1 -4 -2 -2",24,1,-512
471,1,"1 2 3 -1 4 -2 4 3 4 -3 -3 4",48,1,0
472,1,"1 4 2 -1 4 2 4 4 -2 -4 -2 4",24,1,128
473,1,"1 1 4 -1 4 -1 4 -1 -4 1 4 4",6,1,-256
474,1,"1 2 -1 4 -2 4 2 -1 4 4 -2 1",24,1,-256
475,1,"1 2 4 3 3 4 4 -2 -3 -1 -3 4",48,1,128
476,1,"1 2 3 -2 4 2 -3 4 -2 4 -1 4",48,1,64
477,1,"1 2 -1 -2 -2 4 4 2 2 4 -2 4",24,1,-256
478,1,"1 2 1 2 4 -1 4 4 -2 -1 4 -2",24,1,128
479,1,"1 2 2 4 -2 3 4 -1 4 -2 -3 4",48,1,128
480,1,"1 2 -1 -1 2 4 4 4 -2 4 -2 1",24,1,0
481,1,"1 2 4 4 -2 4 -1 3 3 4 -3 -3",48,1,256
482,1,"1 2 1 4 -2 -1 4 4 -2 -1 2 4",24,1,-128
483,1,"1 2 3 3 4 4 -3 4 -1 4 -3 -2",48,1,0
484,1,"1 2 3 4 -2 4 -3 4 -3 -1 3 4",48,1,64
485,1,"1 2 4 -2 4 4 4 -1 -2 4 2 -4",24,1,256
486,1,"1 2 3 -2 4 -3 -3 4 3 -1 4 4",48,1,-128
487,1,"1 2 3 4 4 4 4 -3 -1 4 -2 -4",48,1,0
488,1,"1 2 -1 4 4 4 4 -2 3 -4 -3 4",48,1,0
489,1,"1 2 -1 -1 -2 4 -2 4 2 4 1 4",24,1,-128
490,1,"1 4 1 4 4 -1 -4 -4 -1 4 4 4",6,1,512
491,1,"1 2 -1 4 1 2 4 -1 -2 -2 4 4",24,1,-256
492,1,"1 2 4 -2 -2 4 -2 -1 4 4 2 2",24,1,256
493,1,"1 2 3 4 4 4 3 4 -1 -3 -3 -2",48,1,-256
494,1,"1 2 1 2 -1 -1 4 -2 4 -2 4 4",24,1,0
495,1,"1 2 4 3 -2 3 -1 4 4 4 -3 -3",48,1,0
496,1,"1 2 4 4 -2 3 3 4 -3 4 -1 -3",48,1,128
497,1,"1 2 4 4 -1 -2 -4 3 4 4 -3 4",48,1,0
498,1,"1 2 4 -1 -4 2 4 -2 4 4 4 -2",24,1,256
499,1,"1 4 2 2 4 -1 4 4 -2 4 -2 -4",24,1,0
500,1,"1 2 -1 -1 4 2 4 4 -2 1 4 -2",24,1,-256
501,1,"1 2 -1 4 -1 4 -2 4 2 1 -2 4",24,1,128
502,1,"1 2 3 4 4 -3 4 4 -2 4 -1 -4",48,1,-128
503,1,"1 2 3 -1 3 4 4 4 -2 4 -3 -3",48,1,0
504,1,"1 2 4 2 3 4 -1 4 -2 -2 -3 4",48,1,0
505,1,"1 2 4 -1 -4 -2 4 -2 4 4 4 2",24,1,0
506,1,"1 2 3 -2 -3 4 4 4 -1 -2 4 2",48,1,-128
507,1,"1 2 3 4 4 2 -1 -2 -2 4 -3 4",48,1,-128
508,1,"1 2 4 4 3 4 -3 4 -2 -4 -1 4",48,1,128
509,1,"1 2 -1 -1 4 2 4 1 4 -2 4 -2",24,1,-128
510,1,"1 4 2 4 4 2 4 -2 -2 -4 -1 4",24,1,0
511,1,"1 2 3 -4 -3 -1 4 -2 4 4 4 4",48,1,-256
512,1,"1 2 4 3 4 4 -1 -3 -2 -3 4 3",48,1,128
513,1,"1 2 4 3 4 -2 4 -3 -1 -3 4 3",48,1,64
514,1,"1 2 4 3 -1 3 4 4 -3 4 -2 -3",48,1,0
515,1,"1 2 3 4 2 4 -3 4 -1 4 -2 -2",48,1,0
516,1,"1 2 4 -2 -1 4 4 3 4 4 -3 -4",48,1,0
517,1,"1 2 1 4 -2 -2 4 -1 4 -1 2 4",24,1,128
518,1,"1 2 -1 4 -1 -2 4 -2 4 2 1 4",24,1,0
519,1,"1 2 3 4 4 -3 4 2 -1 -2 4 -2",48,1,-128
520,1,"1 4 2 -1 -4 -2 4 4 2 4 -2 4",24,1,-128
521,1,"1 2 3 -4 -1 4 4 4 -3 -2 4 4",48,1,-256
522,1,"1 1 4 -1 4 4 -1 4 1 4 -1 -4",6,1,-256
523,1,"1 2 2 -1 4 4 -2 -2 4 -2 4 2",24,1,256
524,1,"1 2 2 4 -1 -1 4 4 -2 -2 4 1",24,1,512
525,1,"1 2 -1 4 -2 4 4 4 2 4 -2 -4",24,1,-256
526,1,"1 4 4 2 4 -2 4 -1 -4 2 4 -2",24,1,128
527,1,"1 2 3 4 3 -1 -3 4 4 -2 4 -3",48,1,-128
528,1,"1 2 4 3 3 4 4 -1 -3 -3 -2 4",48,1,0
529,1,"1 2 -1 4 3 4 2 4 -2 -2 -3 4",48,1,0
530,1,"1 2 2 3 -2 4 -1 4 -3 4 -2 4",48,1,0
531,1,"1 2 4 3 -1 4 4 -3 4 4 -2 -4",48,1,-128
532,1,"1 2 1 4 4 -1 -1 -2 -2 4 2 4",24,1,256
533,1,"1 2 3 4 4 -3 -3 4 3 4 -1 -2",48,1,-128
534,1,"1 2 -4 -2 4 -1 4 2 4 4 -2 4",24,1,-128
535,1,"1 2 4 3 3 -2 -3 4 -3 4 -1 4",48,1,0
536,1,"1 2 2 4 -2 -1 4 3 4 -3 -2 4",48,1,128
537,1,"1 2 -4 -2 -2 4 2 -1 4 4 4 4",24,1,0
538,1,"1 2 4 -1 4 4 3 3 -2 4 -3 -3",48,1,0
539,1,"1 2 -1 4 4 -2 -2 -1 4 2 4 1",24,1,256
540,1,"1 2 -1 4 -2 4 4 2 -4 -2 4 4",24,1,0
541,1,"1 2 1 4 4 4 -1 -1 2 4 -2 -2",24,1,512
542,1,"1 2 4 3 -2 4 -3 4 -3 -1 3 4",48,1,64
543,1,"1 4 4 2 -1 -4 -2 4 -2 4 2 4",24,1,-128
544,1,"1 2 3 4 -2 3 -1 -3 4 -3 4 4",48,1,0
545,1,"1 2 -1 -2 4 2 1 4 -1 4 -2 4",24,1,0
546,1,"1 2 3 4 -2 4 4 -3 4 2 -1 -2",48,1,-128
547,1,"1 2 4 2 4 -2 4 2 -1 4 -2 -2",24,1,-128
548,1,"1 2 2 -1 4 -2 1 4 4 -1 -2 4",24,1,-256
549,1,"1 2 4 2 4 4 -2 4 4 -1 -2 -4",24,1,-256
550,1,"1 2 4 -1 2 4 -2 -2 1 4 -1 4",24,1,128
551,1,"1 1 4 -1 4 4 -1 4 -1 4 1 -4",6,1,256
552,1,"1 2 3 4 -3 -4 -2 4 4 4 -1 4",48,1,128
553,1,"1 2 -1 -1 -2 4 1 4 4 2 4 -2",24,1,-256
554,1,"1 2 4 4 3 -2 -3 4 -1 3 4 -3",48,1,0
555,1,"1 2 3 -2 4 3 4 -3 4 -3 -1 4",48,1,64
556,1,"1 2 4 4 -1 -2 4 4 4 2 -4 -2",24,1,256
557,1,"1 2 -1 2 4 -2 3 4 -3 -2 4 4",48,1,0
558,1,"1 2 3 -2 -3 4 -1 4 3 4 -3 4",48,1,-64
559,1,"1 2 4 4 3 -1 4 -3 -3 -2 3 4",48,1,-128
560,1,"1 1 4 -1 4 -1 -4 1 4 4 -1 4",6,1,-256
561,1,"1 2 1 -2 -2 4 4 -1 -1 4 2 4",24,1,256
562,1,"1 4 4 2 2 -4 -2 4 -2 -1 4 4",24,1,-256
563,1,"1 1 1 1 4 4 -1 4 -1 -1 -1 4",6,1,1024
564,1,"1 2 4 -1 3 4 -3 4 4 -3 -2 3",48,1,0
565,1,"1 2 3 3 4 -1 4 4 4 -3 -3 -2",48,1,0
566,1,"1 2 3 4 -3 -2 4 -3 -1 3 4 4",48,1,0
567,1,"1 2 3 2 4 4 4 -3 4 -2 -1 -2",48,1,0
568,1,"1 4 4 4 2 2 4 4 -2 -1 -4 -2",24,1,0
569,1,"1 2 3 4 -1 -3 4 -3 4 4 -2 3",48,1,0
570,1,"1 1 4 -1 -4 1 4 4 -1 4 -1 4",6,1,-256
571,1,"1 2 4 4 2 -1 4 4 -2 -4 -2 4",24,1,0
572,1,"1 2 -1 -2 4 4 -2 3 2 -3 4 4",48,1,128
573,1,"1 2 -1 -1 2 4 -2 4 4 -2 4 1",24,1,256
574,1,"1 2 4 4 3 4 4 -1 3 -2 -3 -3",48,1,-256
575,1,"1 2 3 3 -1 4 4 -3 4 4 -3 -2",48,1,-256
576,1,"1 2 3 4 -1 4 -3 -3 4 4 3 -2",48,1,0
577,1,"1 2 4 4 3 3 -1 -3 4 -2 4 -3",48,1,-128
578,1,"1 1 1 1 4 -1 -1 -1 -1 4 4 4",6,1,2048
579,1,"1 2 2 4 4 2 -1 -2 -2 4 4 -2",12,1,-512
580,1,"1 2 4 4 -2 -1 4 4 4 2 -4 -2",24,1,-256
581,1,"1 2 4 -1 3 3 4 -2 -3 4 -3 4",48,1,0
582,1,"1 2 1 2 4 -1 -2 -1 4 -2 4 4",24,1,128
583,1,"1 2 3 -2 -3 -3 4 4 3 4 -1 4",48,1,-128
584,1,"1 2 4 4 2 4 -2 4 4 -2 -1 -4",24,1,-256
585,1,"1 2 4 3 -1 -3 -2 4 -3 4 3 4",48,1,-64
586,1,"1 2 2 4 -2 4 -1 -4 -2 4 4 4",24,1,-256
587,1,"1 2 -4 -2 -2 4 4 4 2 4 -1 4",24,1,-256
588,1,"1 2 4 4 -1 3 3 4 -2 -3 -3 4",48,1,0
589,1,"1 2 3 -1 -2 3 4 4 4 -3 -3 4",48,1,0
590,1,"1 2 4 -2 -4 3 4 -1 4 4 -3 4",48,1,0
591,1,"1 2 1 -2 -2 -1 4 -1 2 4 4 4",24,1,-256
592,1,"1 2 -1 -2 4 2 3 4 -3 4 -2 4",48,1,-64
593,1,"1 4 4 -1 -4 2 2 4 -2 -2 4 4",24,1,0
594,1,"1 2 4 4 -2 4 -1 4 4 -2 -4 2",24,1,-256
595,1,"1 2 4 4 -1 4 3 4 4 -2 -3 -4",48,1,-128
596,1,"1 2 3 -2 -3 2 4 4 4 -1 -2 4",48,1,0
597,1,"1 2 3 4 4 -3 -2 -4 -1 4 4 4",48,1,256
598,1,"1 2 4 -2 4 3 4 3 -1 -3 4 -3",48,1,-64
599,1,"1 2 -1 -1 4 4 1 4 2 4 -2 -2",24,1,-256
600,1,"1 4 2 -1 4 4 -2 4 4 2 -4 -2",24,1,0
601,1,"1 2 4 4 3 -1 4 4 4 -3 -2 -4",48,1,-256
602,1,"1 2 1 4 -1 -2 4 -2 4 2 -1 4",24,1,0
603,1,"1 2 -1 4 4 3 4 2 -3 4 -2 -2",48,1,-128
604,1,"1 2 -1 4 -2 4 4 3 4 4 -3 -4",48,1,0
605,1,"1 2 4 3 4 4 3 -2 -3 4 -1 -3",48,1,-128
606,1,"1 4 4 4 -1 -4 2 2 4 -2 4 -2",24,1,256
607,1,"1 2 4 -2 3 4 4 3 4 -1 -3 -3",48,1,128
608,1,"1 2 3 2 4 -2 4 -3 4 4 -1 -2",48,1,-128
609,1,"1 2 3 -2 4 4 -1 -2 4 -3 4 2",48,1,0
610,1,"1 2 2 4 4 -2 -4 -1 4 -2 4 4",24,1,256
611,1,"1 2 -1 4 4 3 -2 3 4 -3 4 -3",48,1,0
612,1,"1 2 2 4 2 -1 4 4 -2 -2 4 -2",24,1,-256
613,1,"1 2 3 3 4 4 4 -1 -2 -3 4 -3",48,1,-256
614,1,"1 2 -1 4 3 4 3 -2 -3 4 4 -3",48,1,-128
615,1,"1 2 4 4 4 3 3 -1 -3 4 -2 -3",48,1,0
616,1,"1 2 -1 2 4 -2 -2 3 4 4 -3 4",48,1,128
617,1,"1 4 2 2 2 -1 4 -2 -2 -2 4 4",24,1,512
618,1,"1 4 2 -4 -2 -4 -1 4 4 4 4 4",24,1,0
619,1,"1 2 1 -2 -1 4 -2 -1 2 4 4 4",24,1,-256
620,1,"1 2 3 4 -2 4 -3 4 4 2 -1 -2",48,1,-128
621,1,"1 2 4 4 -1 3 4 -2 3 4 -3 -3",48,1,256
622,1,"1 2 4 4 3 -1 -3 -3 -2 4 4 3",48,1,0
623,1,"1 2 3 4 -1 -3 -3 -2 4 4 4 3",48,1,0
624,1,"1 2 4 4 2 4 -1 4 4 -2 -4 -2",24,1,0
625,1,"1 2 4 3 -2 4 3 4 -3 -1 -3 4",48,1,64
626,1,"1 2 4 4 3 4 4 -3 -2 -3 -1 3",48,1,-128
627,1,"1 2 2 -1 -1 -2 4 4 1 -2 4 4",24,1,0
628,1,"1 1 4 4 -1 -1 -4 -1 4 1 4 4",6,1,512
629,1,"1 2 2 -1 4 4 -2 -2 4 2 4 -2",24,1,-256
630,1,"1 2 2 4 1 4 -2 -1 -1 4 -2 4",12,1,256
631,1,"1 2 3 4 3 -1 -3 4 -2 -3 4 4",48,1,0
632,1,"1 2 4 3 4 -1 4 -2 3 4 -3 -3",48,1,128
633,1,"1 2 4 3 4 4 -2 3 -1 4 -3 -3",48,1,128
634,1,"1 2 -1 -1 4 4 4 2 4 1 -2 -2",24,1,0
635,1,"1 2 3 -1 4 -2 3 4 -3 4 4 -3",48,1,0
636,1,"1 2 3 4 -2 3 -1 4 -3 4 4 -3",48,1,0
637,1,"1 2 -1 -1 2 4 -2 4 1 4 4 -2",24,1,0
638,1,"1 2 3 -1 3 -2 4 4 4 -3 4 -3",48,1,-128
639,1,"1 2 4 4 4 4 4 -2 4 -1 -4 -4",24,1,-512
640,1,"1 2 3 2 4 4 -3 -2 4 4 -1 -2",48,1,-128
641,1,"1 2 2 4 -1 -4 -2 -2 4 4 4 4",24,1,-512
642,1,"1 2 3 -1 4 -2 -3 4 -3 4 4 3",48,1,128
643,1,"1 2 3 4 -2 -3 -1 4 -3 4 4 3",48,1,128
644,1,"1 2 -1 -4 3 -2 4 4 4 4 -3 4",48,1,-256
645,1,"1 2 3 4 -3 -1 3 4 -2 4 -3 4",48,1,64
646,1,"1 2 4 3 -2 -3 -3 -1 4 3 4 4",48,1,128
647,1,"1 2 -1 4 2 2 4 -2 4 -2 4 -2",24,1,-128
648,1,"1 2 4 4 -2 -4 -1 2 4 4 4 -2",24,1,256
649,1,"1 2 3 4 4 -2 4 -3 4 4 -1 -4",48,1,-128
650,1,"1 2 -4 -1 4 4 4 -2 -2 4 4 2",24,1,0
651,1,"1 2 3 4 -1 -2 -2 4 -3 4 4 2",48,1,128
652,1,"1 2 4 -1 4 3 4 -2 -3 -3 4 3",48,1,128
653,1,"1 2 2 4 4 -1 -4 -2 4 4 4 -2",24,1,-512
654,1,"1 2 -1 -2 4 2 1 4 -2 4 -1 4",24,1,0
655,1,"1 2 3 4 4 3 -2 -1 4 4 -3 -3",48,1,-256
656,1,"1 2 2 4 -1 4 -2 -2 3 4 -3 4",48,1,128
657,1,"1 2 -1 4 -2 -2 4 -2 4 2 4 2",24,1,128
658,1,"1 2 3 3 -1 -3 -2 4 4 4 -3 4",48,1,-256
659,1,"1 2 4 4 3 4 -1 -2 4 4 -3 -4",48,1,0
660,1,"1 2 4 3 3 4 -3 -2 -3 4 -1 4",48,1,128
661,1,"1 2 1 -2 4 4 2 -1 4 4 -1 -2",24,1,0
662,1,"1 2 3 -2 4 4 -3 4 -1 -2 4 2",48,1,0
663,1,"1 2 4 3 4 -2 -3 4 -2 -1 4 2",48,1,64
664,1,"1 2 -1 4 4 2 4 4 -2 -4 -2 4",24,1,0
665,1,"1 2 -1 4 1 2 4 -2 4 -1 -2 4",24,1,-128
666,1,"1 2 3 4 -3 4 -2 3 4 -3 -1 4",48,1,64
667,1,"1 2 1 4 -1 4 -1 2 4 4 -2 -2",24,1,256
668,1,"1 2 -1 -2 1 4 2 4 -1 4 -2 4",24,1,-128
669,1,"1 2 -1 4 1 -2 4 -2 -1 2 4 4",24,1,128
670,1,"1 2 3 -1 4 4 -3 -2 4 -3 4 3",48,1,0
671,1,"1 2 4 -2 4 2 -1 4 -2 -2 4 2",24,1,128
672,1,"1 2 4 -2 -1 4 4 2 2 4 -2 -2",24,1,256
673,1,"1 2 1 2 -1 -2 4 -2 -1 4 4 4",24,1,0
674,1,"1 2 2 -1 2 4 -2 4 4 -2 -2 4",24,1,256
675,1,"1 2 4 4 3 4 -3 -3 -2 3 -1 4",48,1,128
676,1,"1 2 3 -1 3 4 -2 -3 4 -3 4 4",48,1,0
677,1,"1 4 -1 4 4 2 -4 2 4 4 -2 -2",24,1,256
678,1,"1 2 4 1 2 4 -1 -2 4 -1 -2 4",12,1,-128
679,1,"1 4 2 4 2 4 -2 4 -1 4 -2 -4",24,1,0
680,1,"1 4 2 4 4 4 2 -1 4 -2 -4 -2",24,1,0
681,1,"1 2 3 -2 4 4 -1 2 4 -2 -3 4",48,1,0
682,1,"1 2 4 3 2 4 -2 -3 4 -2 -1 4",48,1,128
683,1,"1 2 4 4 4 -2 -4 2 4 -2 -1 4",24,1,-256
684,1,"1 2 -1 4 3 3 -2 -3 4 4 4 -3",48,1,-256
685,1,"1 2 3 4 -1 -2 4 -3 -3 4 4 3",48,1,0
686,1,"1 2 1 4 -2 -1 4 4 2 -1 4 -2",24,1,128
687,1,"1 2 1 -2 -1 4 4 4 4 2 -1 -2",24,1,256
688,1,"1 2 -1 4 1 2 -1 4 4 -2 -2 4",24,1,-256
689,1,"1 2 2 2 4 -1 -2 4 -2 4 4 -2",24,1,-256
690,1,"1 2 3 4 3 -1 4 -3 4 4 -3 -2",48,1,-128
691,1,"1 2 -1 4 4 3 -2 4 -3 -3 4 3",48,1,128
692,1,"1 2 3 -2 -3 -3 -1 4 4 3 4 4",48,1,0
693,1,"1 2 4 3 -1 -3 4 4 -3 -2 3 4",48,1,-128
694,1,"1 2 2 -4 -2 4 4 -2 -1 4 4 4",24,1,-512
695,1,"1 1 4 -1 -1 4 4 -1 -4 1 4 4",6,1,-512
696,1,"1 2 -1 4 3 2 4 4 4 -3 -2 -2",48,1,0
697,1,"1 2 4 2 4 -1 4 -2 4 4 -2 -4",24,1,-128
698,1,"1 2 1 4 2 -1 -2 -2 -1 4 4 4",24,1,256
699,1,"1 2 3 3 -1 4 4 -2 -3 -3 4 4",48,1,0
700,1,"1 2 1 4 -2 4 -1 2 4 -1 4 -2",24,1,128
701,1,"1 4 2 2 4 4 -2 -1 -4 -2 4 4",24,1,256
702,1,"1 2 4 -2 3 4 2 -3 4 -1 4 -2",48,1,0
703,1,"1 2 3 3 4 4 -1 -3 4 4 -3 -2",48,1,-256
704,1,"1 2 4 3 -1 -2 4 4 -3 -3 4 3",48,1,128
705,1,"1 2 -4 -4 -1 4 4 -2 4 4 4 4",24,1,-512
706,1,"1 2 -1 -1 2 4 4 1 4 -2 -2 4",24,1,256
707,1,"1 4 2 -1 4 4 4 -2 -4 2 4 -2",24,1,0
708,1,"1 2 4 -2 4 3 4 -3 -1 3 4 -3",48,1,64
709,1,"1 2 4 3 -1 3 -2 -3 4 4 -3 4",48,1,0
710,1,"1 2 -1 -2 -2 4 4 4 3 2 -3 4",48,1,0
711,1,"1 2 3 4 4 3 4 4 -1 -3 -3 -2",48,1,-256
712,1,"1 4 4 2 2 4 -2 4 4 -2 -1 -4",24,1,-256
713,1,"1 2 1 4 4 -2 4 2 -1 4 -1 -2",24,1,-128
714,1,"1 2 4 2 2 -1 4 -2 -2 -2 4 4",24,1,0
715,1,"1 2 3 4 3 4 -3 4 -3 4 -1 -2",48,1,-64
716,1,"1 2 -1 4 3 4 -3 4 -2 -3 4 3",48,1,64
717,1,"1 2 3 -1 4 4 -3 -3 -2 4 3 4",48,1,0
718,1,"1 2 -1 4 4 2 4 -1 -2 -2 1 4",24,1,-256
719,1,"1 4 2 4 -1 4 4 2 -4 -2 4 -2",24,1,-128
720,1,"1 2 3 4 -3 4 -1 -2 -3 4 3 4",24,1,-64
721,1,"1 2 4 3 4 4 -1 -3 -4 -2 4 4",48,1,-128
722,1,"1 2 3 -1 -3 4 4 3 4 4 -2 -3",48,1,-128
723,1,"1 2 3 4 4 4 -2 -1 -4 -3 4 4",48,1,-256
724,1,"1 2 4 4 3 -4 -1 4 -3 4 -2 4",48,1,0
725,1,"1 2 4 4 3 -1 -3 4 4 -3 -2 3",48,1,-128
726,1,"1 2 4 4 4 2 4 -2 4 -1 -4 -2",24,1,-256
727,1,"1 2 2 -1 -1 -2 4 4 -2 4 1 4",24,1,-256
728,1,"1 2 3 4 -1 -3 4 -3 -2 4 3 4",48,1,0
729,1,"1 2 4 -2 4 -2 4 4 4 2 -1 -4",24,1,0
730,1,"1 4 -1 -4 2 4 2 4 4 -2 4 -2",24,1,128
731,1,"1 2 3 -2 4 -3 4 4 -1 -2 4 2",48,1,0
732,1,"1 2 3 3 -1 -2 -3 -3 4 4 4 4",48,1,-512
733,1,"1 2 4 4 -2 3 -1 -3 -3 4 4 3",48,1,256
734,1,"1 2 4 1 -2 4 -2 -1 4 2 -1 4",24,1,128
735,1,"1 2 4 4 4 -2 4 -2 4 -1 -4 2",24,1,0
736,1,"1 2 1 4 4 -1 -1 2 4 -2 -2 4",24,1,256
737,1,"1 2 3 -1 -2 4 4 4 -3 -3 4 3",48,1,0
738,1,"1 2 3 3 4 4 4 -2 4 -3 -1 -3",48,1,0
739,1,"1 2 3 4 -1 3 4 -2 -3 4 -3 4",48,1,0
740,1,"1 2 -1 4 2 4 4 4 4 -2 -2 -4",24,1,-512
741,1,"1 2 4 3 4 -2 -1 -4 -3 4 4 4",48,1,0
742,1,"1 2 4 3 -1 -3 4 -3 -2 4 3 4",48,1,-64
743,1,"1 2 4 -1 -2 4 4 2 2 4 -2 -2",24,1,-256
744,1,"1 2 4 4 3 -1 -3 -3 4 4 -2 3",48,1,0
745,1,"1 2 3 4 -1 -3 -3 4 4 -2 4 3",48,1,128
746,1,"1 4 2 4 -1 4 4 -2 -4 -2 4 2",24,1,128
747,1,"1 2 4 4 4 3 3 -2 -3 -1 4 -3",48,1,0
748,1,"1 2 2 3 -2 4 -1 4 -3 -2 4 4",48,1,128
749,1,"1 2 3 4 4 4 -3 4 -2 -2 -1 2",48,1,0
750,1,"1 2 4 -1 3 3 4 -3 -3 -2 4 4",48,1,256
751,1,"1 2 3 2 4 -2 -2 -3 4 4 -1 4",48,1,128
752,1,"1 2 4 2 3 4 -1 4 -2 -3 4 -2",48,1,0
753,1,"1 4 2 4 -2 4 4 4 2 -1 -4 -2",24,1,-256
754,1,"1 2 -1 -1 2 4 4 4 1 4 -2 -2",24,1,0
755,1,"1 2 4 4 4 3 -1 -3 -2 3 4 -3",48,1,-128
756,1,"1 2 3 2 -3 4 -2 -1 4 4 4 -2",48,1,128
757,1,"1 4 2 -1 4 -2 4 4 -2 4 2 -4",24,1,128
758,1,"1 2 3 -2 -3 -2 -1 2 4 4 4 4",48,1,0
759,1,"1 2 4 -2 -2 -4 -1 4 2 4 4 4",24,1,256
760,1,"1 2 4 2 -1 4 2 4 4 -2 -2 -2",24,1,-256
761,1,"1 2 4 3 -1 -3 -2 4 4 -3 4 3",48,1,0
762,1,"1 2 3 4 4 4 -1 4 2 -3 -2 -2",48,1,0
763,1,"1 2 4 4 3 -2 4 3 4 -1 -3 -3",48,1,-128
764,1,"1 2 -1 -4 3 4 4 -2 4 4 -3 4",48,1,0
765,1,"1 2 2 4 -2 4 -2 -2 -1 2 4 4",24,1,256
766,1,"1 2 4 -2 3 4 2 -1 4 -2 -3 4",48,1,64
767,1,"1 2 4 4 -2 -4 -1 4 4 2 4 -2",24,1,256
768,1,"1 2 2 -1 4 4 -2 -2 -2 4 4 2",24,1,512
769,1,"1 2 3 4 2 -1 4 4 -2 -3 -2 4",48,1,0
770,1,"1 2 4 4 4 4 -2 -2 -1 -4 2 4",24,1,0
771,1,"1 2 3 -2 4 4 -1 4 4 4 -3 -4",48,1,-256
772,1,"1 2 2 -1 4 4 4 2 4 -2 -2 -2",24,1,-512
773,1,"1 2 -1 -1 4 2 4 -2 -2 4 4 1",24,1,0
774,1,"1 2 -4 -2 4 2 4 -2 4 4 -1 4",24,1,-128
775,1,"1 2 -1 -2 1 4 2 4 -2 4 -1 4",24,1,-128
776,1,"1 2 -1 -1 2 4 4 -2 -2 4 1 4",24,1,256
777,1,"1 2 3 2 -3 -2 4 4 4 -1 4 -2",48,1,0
778,1,"1 2 4 3 -1 4 4 -2 -4 -3 4 4",48,1,128
779,1,"1 2 4 -2 4 4 4 3 4 -3 -1 -4",48,1,-128
780,1,"1 2 4 2 4 -1 2 4 -2 4 -2 -2",24,1,128
781,1,"1 2 4 3 3 4 -1 -2 4 4 -3 -3",48,1,0
782,1,"1 2 1 2 -1 -2 4 -1 4 -2 4 4",24,1,-128
783,1,"1 2 -1 4 2 4 3 -2 4 -3 -2 4",48,1,0
784,1,"1 2 4 4 4 2 4 -2 -2 4 -1 -4",24,1,-256
785,1,"1 1 4 -1 4 4 -1 -1 4 4 1 -4",6,1,512
786,1,"1 2 4 3 4 4 -3 -1 -3 -2 3 4",48,1,0
787,1,"1 2 -1 -2 4 4 -1 -2 4 4 2 1",24,1,-256
788,1,"1 2 4 -2 -1 2 -4 -2 4 4 4 4",24,1,-256
789,1,"1 2 2 -1 -2 -2 -2 4 4 2 4 4",24,1,-512
790,1,"1 2 -1 4 -2 -2 -4 2 4 4 4 4",24,1,0
791,1,"1 4 2 4 -2 -1 4 4 -2 4 2 -4",24,1,-128
792,1,"1 2 2 -1 4 -2 -2 -2 4 4 2 4",24,1,0
793,1,"1 2 3 3 4 -3 4 -1 4 -2 4 -3",48,1,0
794,1,"1 2 4 4 3 -2 -3 -3 -1 3 4 4",48,1,256
795,1,"1 2 1 -2 4 2 4 -1 -1 -2 4 4",24,1,256
796,1,"1 2 3 4 -2 4 4 -3 -3 4 -1 3",48,1,128
797,1,"1 2 4 3 4 -1 4 -3 -3 -2 3 4",48,1,0
798,1,"1 2 -1 4 4 -2 -2 4 2 2 4 -2",24,1,-256
799,1,"1 2 2 2 4 4 4 -2 -1 4 -2 -2",24,1,512
800,1,"1 2 3 4 2 4 -2 -1 4 -3 -2 4",48,1,64
801,1,"1 2 3 -2 -1 4 2 4 4 -2 -3 4",48,1,0
802,1,"1 2 2 4 2 -1 -2 4 4 -2 -2 4",24,1,-256
803,1,"1 2 3 -1 4 -3 4 3 4 -3 4 -2",48,1,-64
804,1,"1 2 1 2 4 4 -2 4 -1 -2 -1 4",24,1,128
805,1,"1 2 2 -1 4 3 -2 -2 -3 4 4 4",48,1,0
806,1,"1 2 3 4 -3 -1 -2 4 4 -3 4 3",48,1,0
807,1,"1 2 3 4 4 -3 -1 4 -3 -2 3 4",48,1,128
808,1,"1 2 -1 4 3 3 4 -3 -2 4 4 -3",48,1,128
809,1,"1 2 3 4 2 -1 4 -2 4 -3 -2 4",48,1,64
810,1,"1 2 3 4 -1 -2 -3 4 -2 4 4 2",48,1,0
811,1,"1 2 -1 4 3 -2 4 4 -3 2 4 -2",48,1,0
812,1,"1 2 3 -2 -3 -3 4 4 -1 3 4 4",48,1,0
813,1,"1 2 4 2 -1 -2 -4 -2 4 4 4 4",24,1,-256
814,1,"1 2 -1 4 -1 4 2 4 1 -2 -2 4",24,1,128
815,1,"1 2 3 4 -2 4 -3 4 3 4 -1 -3",48,1,-64
816,1,"1 2 3 4 4 -1 4 4 -2 -4 -3 4",48,1,-128
817,1,"1 2 -1 4 -2 4 4 -2 -2 4 2 2",24,1,256
818,1,"1 2 1 4 2 -1 -2 -2 4 4 -1 4",24,1,0
819,1,"1 2 3 3 4 4 -1 -2 -3 -3 4 4",24,1,-256
820,1,"1 2 3 -2 -3 2 4 4 -1 4 -2 4",48,1,-128
821,1,"1 2 2 4 -2 -2 -2 4 4 -1 2 4",24,1,512
822,1,"1 2 3 4 2 -1 -2 4 -3 -2 4 4",48,1,0
823,1,"1 2 -1 4 4 -2 -2 3 4 -3 4 2",48,1,128
824,1,"1 2 3 4 -3 -1 -3 4 4 -2 4 3",48,1,128
825,1,"1 2 -1 -4 -2 3 4 4 -3 4 4 4",48,1,-256
826,1,"1 2 2 -1 4 -2 -2 -1 4 4 1 4",24,1,256
827,1,"1 2 -1 4 4 3 2 4 -3 4 -2 -2",48,1,-128
828,1,"1 2 2 4 -1 -2 -2 4 4 -1 4 1",24,1,0
829,1,"1 4 2 4 -2 -1 -4 -2 4 2 4 4",24,1,128
830,1,"1 2 4 -2 3 4 3 4 4 -1 -3 -3",48,1,128
831,1,"1 2 4 4 -2 3 4 4 -3 -3 -1 3",48,1,-256
832,1,"1 2 3 4 -3 4 -3 -1 3 4 -2 4",48,1,64
833,1,"1 2 3 2 -3 4 4 4 -1 -2 4 -2",48,1,-128
834,1,"1 1 4 4 -1 4 4 1 4 -1 -1 -4",6,1,-512
835,1,"1 2 -4 -1 4 4 4 -2 4 2 4 -2",24,1,-256
836,1,"1 2 3 4 -1 3 4 4 -3 -3 -2 4",48,1,256
837,1,"1 2 -1 4 3 4 -2 -2 -3 2 4 4",48,1,0
838,1,"1 2 2 -4 -2 4 4 4 4 -2 -1 4",24,1,-512
839,1,"1 2 2 4 3 4 -2 -3 4 -2 -1 4",48,1,128
840,1,"1 2 4 4 -1 4 2 -4 -2 -2 4 4",24,1,-256
841,1,"1 2 3 4 3 4 -3 4 -1 4 -2 -3",48,1,-64
842,1,"1 2 4 4 -2 4 -2 4 4 -1 2 -4",24,1,0
843,1,"1 2 4 3 3 -2 4 -3 4 -3 -1 4",48,1,128
844,1,"1 2 2 4 -1 4 -1 4 -2 -2 1 4",24,1,0
845,1,"1 2 3 4 -3 4 4 3 4 -1 -3 -2",48,1,-128
846,1,"1 2 3 3 -2 4 -1 4 -3 4 4 -3",48,1,-128
847,1,"1 2 -1 -2 -2 3 2 4 4 4 -3 4",48,1,0
848,1,"1 2 -1 -2 4 3 4 -2 -3 4 4 2",48,1,0
849,1,"1 2 2 3 -2 4 -1 4 -2 4 -3 4",48,1,0
850,1,"1 2 -4 3 4 -1 4 4 -3 4 -2 4",48,1,0
851,1,"1 2 3 4 4 4 -3 -4 -1 4 -2 4",48,1,128
852,1,"1 2 4 3 4 4 4 -3 -2 -3 -1 3",48,1,-128
853,1,"1 2 3 4 -2 4 4 2 -3 -2 -1 4",48,1,128
854,1,"1 4 4 2 4 -2 4 -1 -4 -2 4 2",24,1,128
855,1,"1 2 3 -2 -1 4 4 -3 -3 4 3 4",48,1,0
856,1,"1 2 4 4 4 3 -1 -3 -3 -2 4 3",48,1,0
857,1,"1 2 3 4 -1 2 4 -3 -2 4 4 -2",48,1,0
858,1,"1 2 3 -2 -2 -3 4 4 -1 4 4 2",48,1,-256
859,1,"1 2 4 3 4 -3 -1 -3 4 4 -2 3",48,1,0
860,1,"1 2 -1 -1 4 4 2 4 4 1 -2 -2",24,1,0
861,1,"1 2 4 2 4 -2 -2 -4 -1 4 4 4",24,1,256
862,1,"1 4 4 2 4 2 4 -1 -4 -2 4 -2",24,1,-128
863,1,"1 2 4 4 3 4 -2 4 3 -1 -3 -3",48,1,-128
864,1,"1 2 4 4 -2 3 -1 -3 4 -3 4 3",48,1,128
865,1,"1 2 3 4 4 -3 -3 -2 -1 4 3 4",48,1,256
866,1,"1 2 2 4 4 4 4 -2 -2 -4 -1 4",24,1,512
867,1,"1 2 -1 -2 4 4 4 2 -1 -2 4 1",24,1,-256
868,1,"1 2 3 3 4 -1 -2 -3 -3 4 4 4",48,1,-256
869,1,"1 2 4 3 -2 -3 4 4 -3 -1 4 3",48,1,128
870,1,"1 2 3 -4 -3 4 4 4 -1 4 -2 4",48,1,-128
871,1,"1 2 4 -1 3 4 4 -2 -3 -3 4 3",48,1,0
872,1,"1 2 4 -2 3 -1 3 4 -3 -3 4 4",48,1,128
873,1,"1 2 4 3 -4 -1 -3 4 4 4 -2 4",48,1,-128
874,1,"1 2 3 3 4 4 -3 -3 -1 4 4 -2",48,1,256
875,1,"1 2 -1 4 4 2 -4 -2 -2 4 4 4",24,1,0
876,1,"1 2 3 2 4 -2 4 -2 -1 4 -3 4",48,1,128
877,1,"1 2 4 2 4 2 4 -2 -1 4 -2 -2",24,1,128
878,1,"1 2 4 2 2 -1 -2 4 -2 4 -2 4",24,1,-128
879,1,"1 4 4 2 2 4 -1 -4 -2 4 4 -2",24,1,-256
880,1,"1 2 4 2 4 -2 -1 4 2 4 -2 -2",24,1,128
881,1,"1 2 3 -2 4 -1 4 -3 4 -2 4 2",48,1,0
882,1,"1 2 3 -1 -3 -3 4 3 4 4 4 -2",48,1,-256
883,1,"1 2 4 3 4 -2 -3 -2 4 -1 4 2",24,1,128
884,1,"1 2 -1 4 1 2 4 -2 -1 4 -2 4",24,1,0
885,1,"1 2 4 -2 4 -2 4 -2 -1 4 2 2",24,1,128
886,1,"1 2 3 4 -2 -1 -2 4 2 4 -3 4",48,1,64
887,1,"1 1 4 -1 4 -1 4 1 -4 -1 4 4",6,1,-256
888,1,"1 2 4 2 4 -1 -2 4 2 4 -2 -2",24,1,-128
889,1,"1 2 4 -2 4 4 2 4 -1 4 -2 -4",24,1,-128
890,1,"1 2 2 4 -2 4 -2 -2 4 2 -1 4",24,1,0
891,1,"1 4 2 -1 4 4 -2 -4 2 4 -2 4",24,1,-128
892,1,"1 2 -1 4 -1 4 4 -2 -2 1 2 4",24,1,-256
893,1,"1 2 4 3 -1 4 -3 -2 4 3 4 -3",48,1,0
894,1,"1 2 3 4 4 -3 -1 -2 4 -3 4 3",48,1,0
895,1,"1 2 4 -2 -1 4 2 4 2 4 -2 -2",24,1,128
896,1,"1 2 1 4 2 4 4 -1 4 -1 -2 -2",24,1,0
897,1,"1 2 2 3 4 -1 4 4 -2 -3 -2 4",48,1,128
898,1,"1 2 3 4 4 3 -1 4 -3 -2 -3 4",48,1,0
899,1,"1 2 4 3 4 -3 -4 -2 4 -1 4 4",48,1,0
900,1,"1 2 3 -2 4 4 -1 4 -3 2 4 -2",48,1,0
901,1,"1 2 4 4 -1 -2 4 4 4 -2 -4 2",24,1,-256
902,1,"1 4 4 2 2 4 -2 -2 -4 -1 4 4",24,1,0
903,1,"1 2 4 -1 3 -2 -3 4 3 4 4 -3",48,1,-128
904,1,"1 2 4 -1 2 4 -2 4 -2 -2 4 2",24,1,128
905,1,"1 2 4 4 -2 -4 2 4 -2 4 -1 4",24,1,-128
906,1,"1 4 4 2 4 2 4 -2 -2 4 -1 -4",24,1,-256
907,1,"1 2 4 3 3 4 -2 4 -1 -3 4 -3",48,1,0
908,1,"1 2 3 -2 -3 4 4 2 4 4 -1 -2",48,1,128
909,1,"1 2 4 3 4 2 -3 -2 4 -1 4 -2",24,1,0
910,1,"1 2 3 4 4 4 -3 -1 3 -2 -3 4",48,1,-128
911,1,"1 4 2 4 2 4 -2 -1 4 4 -2 -4",24,1,128
912,1,"1 2 1 2 4 -1 4 -1 -2 4 -2 4",24,1,0
913,1,"1 2 2 -1 4 -2 3 4 -3 4 4 -2",48,1,-128
914,1,"1 4 2 4 3 4 -3 -4 -1 4 -2 4",48,1,0
915,1,"1 2 4 -2 4 -1 4 4 4 -2 -4 2",24,1,-256
916,1,"1 2 3 4 -1 -2 4 -3 4 -2 4 2",48,1,64
917,1,"1 2 2 -4 -2 4 4 4 -2 -1 4 4",24,1,-512
918,1,"1 2 3 2 4 4 -1 -2 4 -3 -2 4",48,1,0
919,1,"1 2 4 4 4 -1 -2 -4 2 4 4 -2",24,1,256
920,1,"1 2 2 2 4 -2 4 -1 4 4 -2 -2",24,1,0
921,1,"1 2 4 4 3 -2 -3 -3 4 3 -1 4",48,1,-128
922,1,"1 4 2 -4 -2 -2 4 4 2 4 -1 4",24,1,-256
923,1,"1 2 1 -2 4 2 4 -1 -1 4 4 -2",24,1,256
924,1,"1 2 -1 4 3 4 -2 4 -3 -3 4 3",48,1,0
925,1,"1 4 4 2 4 4 2 4 -1 -4 -2 -2",24,1,-256
926,1,"1 2 -4 -2 4 4 -2 4 2 -1 4 4",24,1,0
927,1,"1 2 3 4 -2 -1 2 -3 4 4 -2 4",48,1,0
928,1,"1 2 4 3 -2 -4 -3 4 4 4 -1 4",48,1,-128
929,1,"1 2 3 4 -2 4 -2 -3 2 -1 4 4",48,1,0
930,1,"1 1 4 -1 4 1 4 -1 -4 -1 4 4",6,1,256
931,1,"1 2 2 2 4 -2 -2 -1 -2 4 4 4",24,1,512
932,1,"1 2 1 4 -2 4 -1 2 -1 4 4 -2",24,1,128
933,1,"1 2 3 -4 -3 4 -2 4 4 -1 4 4",48,1,-128
934,1,"1 2 4 -2 4 3 -1 -3 4 -3 4 3",48,1,64
935,1,"1 2 4 4 -1 2 4 4 4 -2 -4 -2",24,1,256
936,1,"1 2 4 3 4 4 -3 4 -1 -3 -2 3",48,1,-128
937,1,"1 2 3 4 4 2 -1 4 -3 -2 4 -2",48,1,0
938,1,"1 2 3 -2 -3 2 4 4 -2 4 -1 4",48,1,-128
939,1,"1 2 3 4 -3 4 2 4 -2 -2 -1 4",48,1,128
940,1,"1 2 4 -1 4 4 4 -2 -2 -4 2 4",24,1,-256
941,1,"1 2 3 2 4 -3 4 -1 -2 4 4 -2",48,1,-128
942,1,"1 2 4 2 4 -1 4 4 4 -2 -4 -2",24,1,0
943,1,"1 2 1 2 4 4 -2 4 -1 -1 4 -2",24,1,0
944,1,"1 2 -1 -1 4 -2 1 4 -2 4 2 4",24,1,-128
945,1,"1 2 4 3 -2 4 -1 3 4 4 -3 -3",48,1,128
946,1,"1 4 2 4 -2 -1 -4 2 4 -2 4 4",24,1,-128
947,1,"1 2 -1 4 2 4 4 -1 -2 -2 1 4",24,1,-256
948,1,"1 2 -4 -1 4 -2 4 2 4 4 -2 4",24,1,-128
949,1,"1 2 3 -1 4 3 -2 -3 -3 4 4 4",48,1,0
950,1,"1 2 4 4 3 4 -1 3 4 -3 -2 -3",48,1,128
951,1,"1 2 4 -2 3 4 3 4 4 -3 -1 -3",48,1,128
952,1,"1 4 2 4 -1 4 -2 4 -2 -4 2 4",24,1,-128
953,1,"1 2 -4 -2 -2 4 -1 4 2 4 4 4",24,1,-256
954,1,"1 2 3 -4 -1 4 -3 4 4 4 -2 4",48,1,-128
955,1,"1 2 2 4 4 -1 2 4 -2 -2 -2 4",24,1,512
956,1,"1 2 3 4 -2 -2 -1 4 -3 2 4 4",48,1,128
957,1,"1 2 3 -1 -3 4 4 3 4 -2 4 -3",48,1,-128
958,1,"1 2 4 -2 3 3 4 -1 -3 4 4 -3",48,1,128
959,1,"1 2 -1 -2 4 4 2 3 -2 4 -3 4",48,1,0
960,1,"1 2 3 4 4 -3 4 -1 -3 4 -2 3",48,1,0
961,1,"1 2 1 4 2 4 -2 -1 -1 4 -2 4",24,1,128
962,1,"1 4 4 2 4 -2 -1 -4 -2 4 4 2",24,1,256
963,1,"1 2 3 2 -3 4 4 -1 4 -2 -2 4",48,1,128
964,1,"1 2 4 -1 4 -2 4 -2 4 4 2 -4",24,1,128
965,1,"1 2 1 2 -1 4 -2 4 4 4 -1 -2",24,1,-256
966,1,"1 2 4 4 4 -2 -2 4 4 -1 -4 2",24,1,0
967,1,"1 2 3 3 -2 4 -3 -1 4 -3 4 4",48,1,128
968,1,"1 2 -1 4 3 4 -2 -2 4 2 -3 4",48,1,0
969,1,"1 4 2 4 4 4 -2 4 4 -1 -4 -4",24,1,-512
970,1,"1 2 -1 4 3 2 4 -2 4 -3 -2 4",48,1,0
971,1,"1 2 3 2 -1 4 4 4 -2 -3 4 -2",48,1,-128
972,1,"1 2 4 -1 -2 4 2 4 2 4 -2 -2",24,1,-128
973,1,"1 2 4 4 3 -2 4 3 4 -3 -1 -3",48,1,0
974,1,"1 2 -1 -2 -2 4 2 3 4 4 -3 4",48,1,-128
975,1,"1 2 3 4 4 3 -1 -2 4 -3 -3 4",48,1,-128
976,1,"1 2 4 4 3 -2 3 4 -1 -3 -3 4",48,1,128
977,1,"1 2 4 4 3 3 4 -1 -3 -3 -2 4",48,1,0
978,1,"1 2 3 4 2 -3 4 -2 4 4 -1 -2",48,1,-128
979,1,"1 2 4 3 4 -1 4 -2 -3 -3 4 3",48,1,128
980,1,"1 1 -4 -4 -1 4 4 -1 4 4 4 4",6,1,-1024
981,1,"1 2 4 -2 -4 -4 -1 4 4 4 4 4",24,1,512
982,1,"1 2 4 4 3 -2 3 -1 -3 -3 4 4",48,1,0
983,1,"1 4 2 4 -2 4 3 4 -3 4 -1 -4",48,1,-128
984,1,"1 2 3 4 -3 4 3 -2 -3 4 -1 4",48,1,-64
985,1,"1 2 4 3 4 -2 -3 4 3 -1 -3 4",48,1,-64
986,1,"1 2 4 1 -2 4 2 4 -1 -1 -2 4",24,1,128
987,1,"1 2 4 3 -2 4 -3 -3 -1 4 4 3",48,1,128
988,1,"1 2 4 2 -1 2 4 4 4 -2 -2 -2",24,1,0
989,1,"1 2 4 4 3 -2 3 4 4 -1 -3 -3",48,1,0
990,1,"1 2 3 4 3 4 -3 -1 -2 4 4 -3",48,1,128
991,1,"1 2 3 4 4 -2 -3 4 3 -1 -3 4",48,1,-128
992,1,"1 2 4 3 4 4 4 -1 -3 -4 -2 4",48,1,-128
993,1,"1 2 3 -2 -1 4 4 -2 4 2 -3 4",48,1,0
994,1,"1 2 4 4 -2 -1 4 -2 4 4 2 -4",24,1,0
995,1,"1 2 1 2 4 -2 -1 4 4 4 -1 -2",24,1,0
996,1,"1 2 4 3 4 -3 -2 -3 4 -1 4 3",48,1,64
997,1,"1 2 3 2 4 4 -1 4 -3 -2 4 -2",48,1,0
998,1,"1 2 2 4 4 4 -1 4 4 -2 -2 -4",24,1,-512
999,1,"1 2 4 -2 -4 2 4 -1 -2 4 4 4",24,1,0
1000,1,"1 2 4 -2 3 3 -1 -3 4 4 -3 4",48,1,128
1001,1,"1 2 4 4 4 -2 4 -2 -1 -4 2 4",24,1,0
1002,1,"1 2 3 4 3 4 -1 -3 -2 4 4 -3",48,1,0
1003,1,"1 2 4 4 4 -2 -1 4 2 -4 -2 4",24,1,-256
1004,1,"1 4 2 4 -2 4 -2 -4 2 4 -1 4",24,1,-128
1005,1,"1 2 3 4 -3 -2 4 -1 3 4 -3 4",48,1,64
1006,1,"1 2 4 3 -4 -1 4 4 -3 4 -2 4",48,1,0
1007,1,"1 2 1 2 4 4 -1 -1 4 4 -2 -2",24,1,0
1008,1,"1 2 3 3 4 4 -3 -3 4 4 -1 -2",48,1,-256
1009,1,"1 2 -1 -2 4 4 3 4 -3 2 4 -2",48,1,-128
1010,1,"1 2 3 4 4 -1 -2 4 4 4 -3 -4",48,1,0
1011,1,"1 2 4 2 4 -2 -1 4 -2 -2 4 2",24,1,128
1012,1,"1 2 4 2 4 -2 -1 4 4 4 -2 -4",24,1,0
1013,1,"1 2 4 2 2 4 -2 -1 -2 4 -2 4",24,1,128
1014,1,"1 2 1 4 2 -1 4 4 -1 4 -2 -2",24,1,0
1015,1,"1 4 4 -1 -4 1 4 4 4 4 -1 -4",6,1,512
1016,1,"1 2 4 -2 -1 4 2 4 -2 -2 4 2",24,1,128
1017,1,"1 2 3 4 -3 -1 4 3 -2 4 4 -3",48,1,0
1018,1,"1 2 3 4 -2 -1 4 -3 4 2 4 -2",48,1,64
1019,1,"1 2 3 4 4 4 -3 -1 -3 -2 3 4",48,1,128
1020,1,"1 2 3 4 4 -1 4 2 -3 -2 4 -2",48,1,0
1021,1,"1 2 4 -2 4 4 4 4 -1 2 -4 -2",24,1,-256
1022,1,"1 2 2 -1 4 -2 4 1 -2 4 -1 4",24,1,128
1023,1,"1 4 2 4 2 4 -1 4 -2 4 -2 -4",24,1,0
1024,1,"1 2 4 2 4 2 -1 4 -2 -2 4 -2",24,1,-128
1025,1,"1 2 -1 4 4 -1 -2 -2 4 4 2 1",24,1,0
1026,1,"1 2 4 -1 -2 4 2 4 -2 -2 4 2",24,1,128
1027,1,"1 2 4 2 -1 4 -2 4 4 4 -2 -4",24,1,-256
1028,1,"1 2 3 4 -3 -3 4 -1 4 -2 3 4",48,1,128
1029,1,"1 2 1 4 -2 4 4 -1 -1 2 4 -2",24,1,256
1030,1,"1 2 3 4 -1 3 4 -3 4 -3 4 -2",48,1,64
1031,1,"1 2 4 -2 3 4 -3 4 -1 3 4 -3",48,1,64
1032,1,"1 2 -1 -2 4 4 -1 -2 4 2 1 4",24,1,-128
1033,1,"1 2 3 3 4 -3 4 -1 4 -2 -3 4",48,1,0
1034,1,"1 2 2 4 4 -2 -2 -1 4 -2 4 2",24,1,256
1035,1,"1 2 2 -1 4 -2 -2 4 1 4 -1 4",24,1,0
1036,1,"1 2 -1 4 -2 4 -2 4 2 2 4 -2",24,1,-128
1037,1,"1 2 3 4 4 -3 -3 4 -1 3 -2 4",48,1,0
1038,1,"1 2 -1 4 -1 4 4 2 4 -2 -2 1",24,1,-256
1039,1,"1 2 3 4 -1 2 4 -2 4 -2 -3 4",48,1,64
1040,1,"1 2 2 2 4 4 4 -2 -1 -2 4 -2",24,1,0
1041,1,"1 2 4 4 4 2 -4 -2 4 -2 -1 4",24,1,-256
1042,1,"1 2 4 3 3 -2 4 4 -3 -1 4 -3",48,1,128
1043,1,"1 2 4 -2 4 3 4 -3 -3 -1 3 4",48,1,0
1044,1,"1 4 -1 4 4 2 2 4 -2 4 -2 -4",24,1,0
1045,1,"1 2 4 3 4 -3 -2 4 -3 -1 4 3",48,1,-64
1046,1,"1 2 2 4 -1 -4 -2 4 4 4 4 -2",24,1,-512
1047,1,"1 2 -1 4 4 2 3 4 -3 -2 -2 4",48,1,0
1048,1,"1 2 3 4 -1 3 -2 -3 4 4 4 -3",48,1,-128
1049,1,"1 2 3 4 4 4 -1 -3 4 -3 -2 3",48,1,-128
1050,1,"1 2 4 -2 -4 -2 4 -1 2 4 4 4",24,1,256
1051,1,"1 2 4 3 4 4 3 4 -1 -3 -2 -3",48,1,0
1052,1,"1 2 4 -1 4 4 4 2 -4 -2 4 -2",24,1,0
1053,1,"1 1 1 1 4 -1 -1 4 -1 -1 4 4",6,1,1024
1054,1,"1 2 3 2 4 4 4 -2 -1 -2 -3 4",48,1,128
1055,1,"1 2 2 -1 4 4 1 -2 -2 4 -1 4",24,1,256
1056,1,"1 2 4 -1 -1 -2 4 2 1 4 -2 4",24,1,128
1057,1,"1 2 4 -2 4 -1 4 4 3 4 -3 -4",48,1,0
1058,1,"1 2 4 -2 -1 4 3 2 4 -2 -3 4",24,1,128
1059,1,"1 2 -1 4 3 4 4 4 -3 -4 -2 4",48,1,0
1060,1,"1 2 4 -2 3 3 4 4 -1 4 -3 -3",48,1,256
1061,1,"1 2 -1 -2 4 1 4 2 -1 -2 4 4",24,1,-128
1062,1,"1 2 2 4 -1 -2 -4 -2 4 4 4 4",24,1,0
1063,1,"1 2 -1 -1 -2 -2 4 1 4 4 2 4",24,1,-256
1064,1,"1 2 -1 4 -1 2 4 4 1 -2 -2 4",24,1,256
1065,1,"1 2 4 3 3 4 4 -1 4 -2 -3 -3",48,1,0
1066,1,"1 2 -1 4 -2 4 -2 4 -2 4 2 2",24,1,128
1067,1,"1 2 3 2 -1 4 -3 4 4 -2 4 -2",48,1,-128
1068,1,"1 2 3 4 4 -2 -3 4 3 4 -1 -3",48,1,-128
1069,1,"1 2 4 4 4 -2 -4 -2 4 2 -1 4",24,1,0
1070,1,"1 2 4 -2 4 -1 -2 4 4 4 2 -4",24,1,256
1071,1,"1 2 3 2 4 4 -2 -1 4 -2 -3 4",48,1,128
1072,1,"1 2 3 -1 -3 4 4 3 4 -3 4 -2",48,1,-128
1073,1,"1 2 3 -2 4 -3 -1 -3 4 4 3 4",48,1,0
1074,1,"1 2 -1 -1 4 -2 4 -2 1 2 4 4",24,1,-256
1075,1,"1 2 4 -1 4 4 4 -2 -4 -2 4 2",24,1,256
1076,1,"1 2 -1 2 2 4 -2 4 -2 4 4 -2",24,1,0
1077,1,"1 4 4 4 2 4 4 4 -2 -4 -1 -4",24,1,0
1078,1,"1 2 4 -1 4 4 3 4 -2 4 -3 -4",48,1,0
1079,1,"1 4 2 -1 -4 -2 -2 4 4 4 4 2",24,1,0
1080,1,"1 4 2 2 2 -1 4 -2 -2 4 4 -2",24,1,0
1081,1,"1 4 4 2 4 -2 -1 -4 2 4 4 -2",24,1,0
1082,1,"1 2 1 -2 -1 4 -2 4 2 -1 4 4",24,1,128
1083,1,"1 2 1 4 -1 -2 -2 -1 4 2 4 4",24,1,256
1084,1,"1 2 3 2 -3 4 -2 4 -1 4 -2 4",48,1,64
1085,1,"1 2 -1 -4 -2 -2 4 4 4 2 4 4",24,1,-512
1086,1,"1 2 3 4 -3 4 3 4 4 -1 -3 -2",48,1,-128
1087,1,"1 2 3 4 4 4 -3 -2 4 3 -1 -3",48,1,-128
1088,1,"1 2 3 3 -2 4 -1 4 -3 4 -3 4",48,1,0
1089,1,"1 2 -1 -1 2 1 4 4 4 4 -2 -2",24,1,512
1090,1,"1 2 3 4 -1 -3 4 3 -2 4 4 -3",48,1,-128
1091,1,"1 2 2 3 4 4 -3 4 -1 4 -2 -2",48,1,0
1092,1,"1 2 3 -4 -2 4 -3 -1 4 4 4 4",48,1,0
1093,1,"1 2 4 4 4 -1 4 -2 3 -4 -3 4",48,1,-128
1094,1,"1 2 4 4 3 4 -3 -1 3 -2 4 -3",48,1,0
1095,1,"1 2 4 3 -1 3 4 -2 4 4 -3 -3",48,1,128
1096,1,"1 2 -1 4 2 4 -2 4 -1 4 -2 1",24,1,-128
1097,1,"1 2 3 -1 4 -3 4 -3 4 4 3 -2",48,1,0
1098,1,"1 4 4 2 2 4 4 -1 -4 -2 4 -2",24,1,-256
1099,1,"1 2 4 4 3 4 4 -3 4 -2 -1 -4",48,1,-256
1100,1,"1 2 4 2 2 4 -1 4 4 -2 -2 -2",24,1,0
1101,1,"1 2 4 4 -1 2 4 4 4 -2 -2 -4",24,1,0
1102,1,"1 2 3 2 4 4 -1 4 -2 4 -3 -2",48,1,0
1103,1,"1 2 3 -2 -1 2 4 4 -3 -2 4 4",48,1,-128
1104,1,"1 2 3 4 4 -3 -2 -2 -1 4 2 4",48,1,256
1105,1,"1 2 4 4 4 -2 4 2 -1 4 -2 -4",24,1,-256
1106,1,"1 2 4 4 4 -2 3 -4 -1 4 -3 4",48,1,128
1107,1,"1 2 4 -2 4 -2 -2 -1 4 2 4 2",24,1,128
1108,1,"1 2 4 3 4 -1 4 -3 4 3 -2 -3",48,1,-64
1109,1,"1 2 4 3 -2 -3 4 -3 4 -1 4 3",48,1,64
1110,1,"1 2 2 1 4 -1 -2 -2 4 4 -1 4",24,1,256
1111,1,"1 4 2 2 4 -1 -4 -2 4 4 4 -2",24,1,-256
1112,1,"1 2 1 -2 4 -2 -1 4 2 -1 4 4",24,1,128
1113,1,"1 2 3 3 4 -3 -3 4 -2 4 -1 4",48,1,128
1114,1,"1 2 3 4 3 4 -1 4 -2 4 -3 -3",48,1,0
1115,1,"1 4 2 4 3 3 -2 4 -3 -3 -1 4",48,1,128
1116,1,"1 2 4 3 -4 -2 -1 4 4 -3 4 4",48,1,0
1117,1,"1 2 4 4 -2 3 3 -1 4 -3 -3 4",48,1,256
1118,1,"1 2 1 -2 4 4 -1 -2 4 2 -1 4",24,1,128
1119,1,"1 2 4 3 -2 4 -3 -3 4 4 -1 3",48,1,128
1120,1,"1 2 3 4 4 -1 4 2 -3 4 -2 -2",48,1,0
1121,1,"1 2 -1 2 4 4 -2 3 4 -3 -2 4",48,1,0
1122,1,"1 2 4 -2 4 -2 -2 4 -1 4 2 2",24,1,256
1123,1,"1 2 4 4 -2 3 -4 -3 4 -1 4 4",48,1,-128
1124,1,"1 2 4 -2 4 4 2 -1 4 4 -2 -4",24,1,-256
1125,1,"1 2 -4 -2 4 -2 4 2 -1 4 4 4",24,1,0
1126,1,"1 2 3 4 3 -2 4 4 -3 -1 -3 4",48,1,0
1127,1,"1 2 3 4 4 -1 2 4 -2 -2 -3 4",48,1,128
1128,1,"1 2 4 4 4 3 4 -3 -1 -4 -2 4",48,1,-128
1129,1,"1 4 2 4 3 4 -3 4 -2 4 -1 -4",48,1,-128
1130,1,"1 2 2 -1 2 4 4 -2 -2 4 4 -2",24,1,0
1131,1,"1 2 1 -2 4 -1 2 -1 4 4 4 -2",24,1,256
1132,1,"1 4 2 2 4 4 -1 4 4 -2 -2 -4",24,1,0
1133,1,"1 2 1 4 -2 -1 4 -1 2 4 -2 4",24,1,0
1134,1,"1 2 -1 -1 4 -2 4 1 2 4 4 -2",24,1,-256
1135,1,"1 2 4 -2 3 3 4 -3 -1 4 -3 4",48,1,0
1136,1,"1 2 4 3 4 4 3 -2 -3 -1 4 -3",48,1,0
1137,1,"1 2 3 -2 4 -3 -1 3 4 -3 4 4",48,1,128
1138,1,"1 2 3 4 3 4 -1 4 -3 -2 -3 4",48,1,64
1139,1,"1 2 -1 -4 2 4 -2 4 4 4 -2 4",24,1,256
1140,1,"1 2 4 3 -4 -1 4 -2 4 -3 4 4",48,1,0
1141,1,"1 2 3 -2 -1 4 3 4 -3 4 4 -3",48,1,-128
1142,1,"1 2 2 3 4 4 -3 -2 -2 -1 4 4",24,1,512
1143,1,"1 2 4 3 -1 -3 -3 4 3 4 -2 4",48,1,0
1144,1,"1 2 3 -1 -3 4 -3 -2 4 4 4 3",48,1,-128
1145,1,"1 2 -1 4 -2 4 2 4 -1 -2 4 1",24,1,-128
1146,1,"1 2 3 -1 3 4 4 4 -3 4 -3 -2",48,1,0
1147,1,"1 2 3 -1 3 4 -2 -3 4 4 4 -3",48,1,-128
1148,1,"1 2 2 -1 -2 4 3 4 -2 -3 4 4",48,1,-128
1149,1,"1 2 4 4 4 4 -1 -2 -4 2 4 -2",24,1,256
1150,1,"1 2 3 4 -3 -3 -1 4 4 3 -2 4",48,1,0
1151,1,"1 2 3 4 4 4 -3 4 -1 -3 -2 3",48,1,-128
1152,1,"1 2 4 -1 4 4 2 4 4 -2 -2 -4",24,1,-256
1153,1,"1 2 2 4 -2 1 4 -2 -1 -1 4 4",24,1,256
1154,1,"1 2 4 3 -2 3 4 -3 -1 -3 4 4",48,1,128
1155,1,"1 2 1 4 4 2 -1 -2 4 -2 -1 4",24,1,128
1156,1,"1 2 2 2 4 -2 4 -1 4 -2 4 -2",24,1,0
1157,1,"1 2 3 4 4 -2 -3 2 4 -2 -1 4",48,1,-128
1158,1,"1 2 4 4 4 4 3 3 -2 -3 -1 -3",48,1,-256
1159,1,"1 2 2 2 4 -1 -2 4 4 4 -2 -2",24,1,-512
1160,1,"1 2 3 3 4 4 4 -3 -1 -2 4 -3",48,1,256
1161,1,"1 2 -4 2 4 -2 4 -2 -1 4 4 4",24,1,256
1162,1,"1 4 4 2 4 2 4 4 -1 -4 -2 -2",24,1,-256
1163,1,"1 1 4 1 -4 -1 4 4 -1 -1 4 4",6,1,-512
1164,1,"1 2 -1 4 2 4 -1 4 1 -2 -2 4",24,1,128
1165,1,"1 2 -1 4 3 4 4 2 4 -3 -2 -2",48,1,-128
1166,1,"1 2 4 3 -4 -3 4 4 4 -1 -2 4",48,1,0
1167,1,"1 2 4 3 3 4 4 -2 -3 -1 4 -3",48,1,128
1168,1,"1 2 -1 4 -2 3 2 4 -3 4 4 -2",48,1,0
1169,1,"1 2 3 3 -1 4 4 -2 -3 4 4 -3",48,1,-256
1170,1,"1 2 4 2 4 -2 4 -2 -4 -1 4 4",24,1,128
1171,1,"1 2 1 4 4 2 4 -1 -1 -2 4 -2",24,1,0
1172,1,"1 2 3 -2 4 -1 -3 -3 4 3 4 4",48,1,-128
1173,1,"1 2 3 4 -2 4 3 4 -3 4 -1 -3",48,1,-64
1174,1,"1 2 3 -1 4 -3 4 -3 -2 4 4 3",48,1,0
1175,1,"1 2 3 4 -2 -2 4 -1 4 -3 4 2",48,1,128
1176,1,"1 2 4 -2 3 2 4 -2 -1 4 -3 4",48,1,0
1177,1,"1 2 3 4 -2 -1 4 4 -2 -3 2 4",48,1,0
1178,1,"1 2 -1 -1 4 -2 4 4 -2 4 2 1",24,1,256
1179,1,"1 2 3 4 -2 4 -3 4 -3 4 -1 3",48,1,64
1180,1,"1 2 1 2 4 4 -2 -1 -1 -2 4 4",24,1,256
1181,1,"1 2 3 -2 3 4 4 -3 -3 -1 4 4",48,1,256
1182,1,"1 2 3 -2 -1 4 -3 -2 4 4 2 4",48,1,0
1183,1,"1 2 4 3 3 -1 -3 4 4 -3 -2 4",48,1,-128
1184,1,"1 2 3 -1 4 3 4 4 -3 4 -3 -2",48,1,-128
1185,1,"1 2 3 -2 -2 4 -3 2 4 4 -1 4",48,1,-128
1186,1,"1 2 1 4 2 4 4 4 -1 -1 -2 -2",24,1,0
1187,1,"1 2 3 4 -1 4 -2 -3 2 4 -2 4",48,1,-64
1188,1,"1 2 1 -2 -1 -1 4 -2 4 4 2 4",24,1,0
1189,1,"1 2 -1 2 2 4 4 -2 4 -2 -2 4",24,1,256
1190,1,"1 2 3 3 -2 4 4 4 -1 -3 4 -3",48,1,-256
1191,1,"1 2 4 3 -1 4 4 -3 4 3 -2 -3",48,1,0
1192,1,"1 4 2 4 3 -2 4 -3 -3 -1 4 3",48,1,0
1193,1,"1 2 4 4 2 -4 -2 4 -1 4 -2 4",24,1,-128
1194,1,"1 2 4 3 -2 -3 4 4 4 3 -1 -3",48,1,-128
1195,1,"1 2 4 -1 3 -4 -2 4 -3 4 4 4",48,1,-128
1196,1,"1 2 -1 -2 -2 4 2 4 2 4 4 -2",24,1,-256
1197,1,"1 2 3 4 -2 -3 -2 -1 4 4 2 4",48,1,128
1198,1,"1 2 3 4 4 -2 -1 4 -3 -2 4 2",48,1,128
1199,1,"1 2 3 4 3 -1 -3 4 -3 4 4 -2",48,1,-128
1200,1,"1 2 4 3 -4 -2 4 -3 4 -1 4 4",48,1,0
1201,1,"1 2 2 4 -2 4 4 4 4 -1 -2 -4",24,1,-512
1202,1,"1 2 -4 2 4 -2 -2 4 4 -1 4 4",24,1,256
1203,1,"1 2 1 -2 -1 2 4 -1 -2 4 4 4",24,1,0
1204,1,"1 2 -1 4 -2 -1 4 4 -2 4 2 1",24,1,256
1205,1,"1 2 3 3 4 -1 4 -3 -2 -3 4 4",48,1,128
1206,1,"1 2 -1 -2 4 -2 4 1 2 4 -1 4",24,1,-128
1207,1,"1 2 4 -1 4 3 -2 -3 4 3 4 -3",48,1,-64
1208,1,"1 2 3 4 -2 -3 -3 4 -1 4 4 3",48,1,128
1209,1,"1 4 2 2 -1 4 -2 4 -2 -2 4 2",24,1,256
1210,1,"1 2 -1 -2 4 3 4 2 4 -3 -2 4",48,1,-64
1211,1,"1 2 4 2 2 -1 4 -2 4 -2 -2 4",24,1,0
1212,1,"1 2 3 -2 -1 4 4 4 3 4 -3 -3",48,1,-256
1213,1,"1 2 2 4 -2 4 2 4 -1 -2 4 -2",24,1,-128
1214,1,"1 2 3 4 2 4 -3 -2 4 4 -1 -2",48,1,-128
1215,1,"1 2 1 4 -1 -2 4 -2 4 -1 2 4",24,1,128
1216,1,"1 2 4 -2 4 2 2 -1 4 -2 4 -2",24,1,-128
1217,1,"1 2 4 3 -2 -3 4 -1 4 -3 4 3",48,1,64
1218,1,"1 2 3 4 -3 4 4 2 -1 -2 4 -2",48,1,-128
1219,1,"1 2 2 4 3 4 -2 -3 4 -1 4 -2",48,1,0
1220,1,"1 2 3 4 -2 4 4 -3 -4 -1 4 4",48,1,128
1221,1,"1 2 2 4 -2 -1 -1 4 1 4 -2 4",24,1,256
1222,1,"1 2 3 4 -2 4 -3 -3 -1 4 4 3",48,1,128
1223,1,"1 2 3 3 4 -1 -3 4 4 -3 -2 4",48,1,0
1224,1,"1 2 2 -4 -1 4 -2 4 4 4 4 -2",24,1,-512
1225,1,"1 2 4 4 -2 4 -1 3 -4 -3 4 4",48,1,-128
1226,1,"1 2 4 4 2 4 -1 -2 4 4 -2 -4",24,1,-256
1227,1,"1 2 3 3 4 4 4 -2 -3 -1 4 -3",48,1,0
1228,1,"1 2 4 4 4 -2 -2 -4 -1 4 4 2",24,1,0
1229,1,"1 2 3 4 3 4 -1 -3 -2 -3 4 4",48,1,0
1230,1,"1 4 2 -4 -1 4 4 -2 4 2 4 -2",24,1,-128
1231,1,"1 2 4 -2 4 -2 -1 4 -2 4 2 2",24,1,128
1232,1,"1 2 3 4 3 -2 4 -3 -1 -3 4 4",48,1,0
1233,1,"1 2 3 4 -1 -3 4 3 -2 -3 4 4",48,1,0
1234,1,"1 2 3 2 4 4 -1 4 4 -3 -2 -2",48,1,0
1235,1,"1 2 4 -2 3 4 -3 4 -2 -1 4 2",48,1,64
1236,1,"1 2 3 -2 4 4 4 4 -1 4 -3 -4",48,1,-256
1237,1,"1 2 4 3 3 -1 4 -3 -2 -3 4 4",48,1,128
1238,1,"1 2 2 -4 -2 -1 -2 4 4 4 4 4",24,1,-512
1239,1,"1 2 4 3 -4 -2 4 4 -1 -3 4 4",48,1,-128
1240,1,"1 2 -1 -2 4 -2 4 -2 4 2 4 2",24,1,0
1241,1,"1 2 1 4 -1 -1 -2 4 2 4 -2 4",24,1,128
1242,1,"1 1 4 -1 4 4 4 -1 -1 4 1 -4",6,1,512
1243,1,"1 2 -1 -2 4 4 4 -2 -1 4 2 1",24,1,256
1244,1,"1 4 2 -1 4 4 2 -4 -2 4 -2 4",24,1,-128
1245,1,"1 2 4 2 2 4 -1 4 -2 -2 4 -2",24,1,0
1246,1,"1 2 4 4 -2 4 2 2 -1 4 -2 -2",24,1,-256
1247,1,"1 2 3 -2 -3 -1 -3 4 4 4 3 4",48,1,-128
1248,1,"1 2 4 3 -2 4 -3 -1 3 4 4 -3",48,1,128
1249,1,"1 2 -4 -1 4 2 4 4 4 -2 4 -2",24,1,-256
1250,1,"1 2 2 4 2 -1 4 -2 -2 4 4 -2",24,1,-256
1251,1,"1 2 -1 4 -2 -2 1 4 4 2 -1 4",24,1,-256
1252,1,"1 2 -1 4 4 -2 -4 2 4 4 4 -2",24,1,256
1253,1,"1 2 4 3 4 4 3 -1 -3 4 -2 -3",48,1,0
1254,1,"1 2 -1 -4 -2 4 2 4 -2 4 4 4",24,1,-256
1255,1,"1 2 3 -1 4 -3 4 -2 3 4 4 -3",48,1,0
1256,1,"1 2 3 3 -1 -3 4 4 -3 4 -2 4",48,1,-128
1257,1,"1 4 4 4 2 4 2 4 -2 -1 -4 -2",24,1,0
1258,1,"1 2 4 3 -2 4 4 -1 -3 -3 4 3",48,1,128
1259,1,"1 2 4 4 4 -2 3 3 -1 -3 4 -3",48,1,0
1260,1,"1 2 -1 -1 -2 4 2 1 4 4 -2 4",24,1,0
1261,1,"1 1 4 1 4 -1 4 -1 -4 -1 4 4",6,1,256
1262,1,"1 2 3 4 -3 -3 4 4 -1 3 -2 4",48,1,0
1263,1,"1 2 3 4 -3 -2 4 -1 -2 4 4 2",48,1,128
1264,1,"1 4 2 4 2 -1 4 4 4 -2 -4 -2",24,1,0
1265,1,"1 2 2 4 -2 -2 4 -1 4 -2 4 2",24,1,256
1266,1,"1 2 3 4 4 -1 -3 4 -3 4 -2 3",48,1,0
1267,1,"1 2 2 2 4 4 -2 -2 -1 4 -2 4",24,1,512
1268,1,"1 2 4 3 4 3 4 4 -1 -3 -2 -3",48,1,0
1269,1,"1 2 2 4 4 2 -1 -2 4 -2 4 -2",24,1,-256
1270,1,"1 4 2 -1 4 4 -2 -4 -2 4 2 4",24,1,128
1271,1,"1 2 4 -1 2 4 1 4 -2 -2 -1 4",24,1,128
1272,1,"1 2 3 4 4 4 -2 -3 -3 -1 4 3",48,1,256
1273,1,"1 2 1 2 4 -1 -2 4 -1 -2 4 4",24,1,-128
1274,1,"1 2 4 3 -1 -3 4 4 -3 -2 4 3",48,1,0
1275,1,"1 2 3 4 -3 4 -1 4 -3 4 -2 3",48,1,64
1276,1,"1 2 4 -1 3 3 4 -3 4 -2 -3 4",48,1,0
1277,1,"1 2 -1 -1 -2 4 2 4 1 -2 4 4",24,1,0
1278,1,"1 2 3 -1 4 3 4 -2 4 4 -3 -3",48,1,-128
1279,1,"1 2 3 3 4 4 -1 -2 -3 4 4 -3",48,1,-256
1280,1,"1 2 3 4 4 3 -1 -3 -2 4 -3 4",48,1,-128
1281,1,"1 4 2 4 -2 4 -1 4 -2 -4 2 4",24,1,-128
1282,1,"1 2 -1 2 2 4 4 -2 4 4 -2 -2",24,1,0
1283,1,"1 2 -1 4 3 -2 -2 4 4 2 -3 4",48,1,0
1284,1,"1 2 2 2 -1 -2 4 4 -2 4 -2 4",24,1,-256
1285,1,"1 2 1 -2 4 -1 -1 -2 4 4 2 4",24,1,256
1286,1,"1 2 3 -1 3 -2 -3 4 -3 4 4 4",48,1,-128
1287,1,"1 2 3 -2 -2 4 -1 4 -3 2 4 4",48,1,-128
1288,1,"1 2 -1 -2 -2 4 4 -2 4 4 2 2",24,1,0
1289,1,"1 2 1 2 4 4 -2 -1 -1 4 4 -2",24,1,256
1290,1,"1 2 3 4 -3 4 -3 4 3 -1 -2 4",48,1,-64
1291,1,"1 2 4 3 3 4 -3 -1 4 -3 -2 4",48,1,128
1292,1,"1 2 2 -1 4 4 -2 4 -1 -2 4 1",24,1,-256
1293,1,"1 2 3 -2 -3 4 4 4 4 4 -1 -4",48,1,256
1294,1,"1 2 3 4 3 -2 -3 -1 4 4 -3 4",48,1,0
1295,1,"1 2 4 -1 3 4 -3 -3 -2 3 4 4",48,1,128
1296,1,"1 2 3 4 -2 -2 -3 2 4 4 -1 4",48,1,-128
1297,1,"1 2 3 3 4 -3 -3 -1 4 -2 4 4",48,1,256
1298,1,"1 2 2 4 -2 -4 -2 -1 4 4 4 4",24,1,512
1299,1,"1 2 3 -2 -3 2 -1 4 4 4 4 -2",48,1,256
1300,1,"1 4 2 2 2 -1 4 -2 -2 4 -2 4",24,1,256
1301,1,"1 2 4 4 -2 -2 -1 4 4 4 2 -4",24,1,0
1302,1,"1 2 3 3 4 4 -2 4 -1 -3 4 -3",48,1,-128
1303,1,"1 2 4 4 -1 4 3 -2 3 4 -3 -3",48,1,128
1304,1,"1 2 3 2 -3 4 -2 4 -1 -2 4 4",48,1,0
1305,1,"1 2 2 3 -2 4 4 -3 -2 4 -1 4",48,1,128
1306,1,"1 2 1 -2 -2 -1 4 4 4 -1 2 4",24,1,-256
1307,1,"1 2 4 4 3 -1 -3 4 3 -2 -3 4",48,1,128
1308,1,"1 1 -4 1 4 -1 4 4 -1 4 -1 4",6,1,256
1309,1,"1 2 3 4 3 -1 4 4 -3 -2 4 -3",48,1,0
1310,1,"1 2 -1 -1 4 -2 1 2 4 4 4 -2",24,1,-256
1311,1,"1 2 -1 4 2 4 -2 -1 4 4 -2 1",24,1,0
1312,1,"1 2 4 3 4 2 -3 4 -2 -1 -2 4",48,1,64
1313,1,"1 2 2 4 4 4 4 -2 -1 -4 -2 4",24,1,0
1314,1,"1 2 2 3 -2 4 -2 4 -3 4 -1 4",48,1,0
1315,1,"1 2 3 4 -3 4 3 -1 4 -3 4 -2",48,1,-64
1316,1,"1 2 3 4 -2 -3 4 2 4 -1 4 -2",48,1,0
1317,1,"1 2 3 4 4 -3 -2 4 -2 -1 2 4",48,1,128
1318,1,"1 2 3 4 -3 -1 4 4 -3 -2 4 3",48,1,128
1319,1,"1 2 4 4 4 3 3 -2 -3 -3 -1 4",48,1,256
1320,1,"1 2 3 4 4 3 4 -1 -3 4 -2 -3",48,1,-128
1321,1,"1 2 4 3 4 3 -1 -3 -2 4 4 -3",48,1,-128
1322,1,"1 2 3 3 4 -2 4 -3 4 -3 -1 4",48,1,128
1323,1,"1 2 3 4 -1 -3 4 -3 4 4 3 -2",48,1,0
1324,1,"1 2 3 4 -1 3 4 -3 -3 4 -2 4",48,1,128
1325,1,"1 2 3 -2 -4 -1 -3 4 4 4 4 4",48,1,-256
1326,1,"1 2 -1 -2 4 -2 4 3 4 2 -3 4",48,1,-64
1327,1,"1 2 4 4 3 4 -3 -2 4 4 -1 -4",48,1,-128
1328,1,"1 2 3 -2 -3 4 -1 -3 4 4 3 4",48,1,-128
1329,1,"1 1 1 4 4 4 -1 4 4 -1 -1 -4",6,1,-1024
1330,1,"1 2 4 3 3 4 -2 4 4 -1 -3 -3",48,1,0
1331,1,"1 2 4 2 -4 -2 -2 4 4 4 -1 4",24,1,-256
1332,1,"1 2 4 3 4 -3 -2 4 4 3 -1 -3",48,1,0
1333,1,"1 2 3 4 -3 4 -3 -1 -2 4 4 3",48,1,0
1334,1,"1 2 3 4 4 -2 -2 -1 4 -3 4 2",48,1,128
1335,1,"1 2 4 2 4 4 4 4 -2 -1 -2 -4",24,1,-256
1336,1,"1 2 -4 2 4 4 4 -2 -2 4 -1 4",24,1,256
1337,1,"1 4 2 4 -2 4 2 -4 -2 4 -1 4",24,1,-128
1338,1,"1 2 1 -2 4 4 2 4 -1 4 -1 -2",24,1,128
1339,1,"1 2 3 -2 4 -3 -1 4 -3 4 4 3",48,1,128
1340,1,"1 2 1 -2 4 2 -1 -1 4 -2 4 4",24,1,256
1341,1,"1 2 3 4 -2 4 -3 -3 4 4 -1 3",48,1,128
1342,1,"1 2 4 3 4 -1 -3 -3 4 -2 3 4",48,1,0
1343,1,"1 2 3 4 4 -1 2 4 -3 4 -2 -2",48,1,128
1344,1,"1 2 -1 -2 4 -2 -2 4 2 4 4 2",24,1,0
1345,1,"1 2 4 1 -2 4 -2 -1 4 -1 2 4",24,1,0
1346,1,"1 2 3 4 3 4 -1 -3 4 -3 -2 4",48,1,0
1347,1,"1 2 3 4 -3 4 -1 -2 4 -2 4 2",48,1,64
1348,1,"1 2 4 4 2 -4 -1 4 4 -2 -2 4",24,1,-256
1349,1,"1 2 -1 -2 4 -2 4 2 4 -2 4 2",24,1,0
1350,1,"1 2 3 4 4 -3 -1 4 -3 4 3 -2",48,1,0
1351,1,"1 2 -1 4 2 3 -2 4 4 -3 4 -2",48,1,0
1352,1,"1 2 4 -1 4 4 3 -4 -3 4 -2 4",48,1,-128
1353,1,"1 2 4 4 -1 4 4 -2 4 2 -4 -2",24,1,0
1354,1,"1 2 4 2 -1 4 2 4 -2 -2 4 -2",24,1,-128
1355,1,"1 2 3 -2 -3 -1 4 4 4 -3 4 3",48,1,128
1356,1,"1 2 -1 4 -2 3 3 4 -3 4 -3 4",48,1,0
1357,1,"1 2 2 4 -2 -2 -1 2 4 4 -2 4",24,1,256
1358,1,"1 2 -1 -1 -2 1 4 2 4 4 -2 4",24,1,-256
1359,1,"1 2 4 4 3 3 4 -2 -3 -1 4 -3",48,1,128
1360,1,"1 2 3 4 2 4 -3 4 4 -2 -1 -2",48,1,0
1361,1,"1 2 4 -2 -4 -1 4 4 4 -2 4 2",24,1,0
1362,1,"1 2 2 1 4 -2 -1 4 -2 -1 4 4",24,1,0
1363,1,"1 2 2 -4 -2 4 -2 -1 4 4 4 4",24,1,-512
1364,1,"1 2 3 4 -1 -2 4 4 3 4 -3 -3",48,1,0
1365,1,"1 2 4 4 -1 4 4 -2 4 -2 -4 2",24,1,-256
1366,1,"1 2 3 3 -2 -3 4 4 4 -1 4 -3",48,1,-256
1367,1,"1 2 -1 -2 4 -1 4 -2 4 2 4 1",24,1,-128
1368,1,"1 2 -1 4 -2 4 2 -1 4 -2 4 1",24,1,-128
1369,1,"1 2 3 -1 3 4 -2 -3 4 4 -3 4",48,1,0
1370,1,"1 2 3 -1 4 4 4 4 4 -3 -4 -2",48,1,-256
1371,1,"1 2 4 4 3 -1 -4 -3 -2 4 4 4",48,1,-256
1372,1,"1 2 1 2 4 -1 4 4 -2 -1 -2 4",24,1,128
1373,1,"1 2 4 3 4 -3 -2 -1 4 -3 4 3",24,1,0
1374,1,"1 2 -1 -1 2 4 4 4 -2 -2 4 1",24,1,512
1375,1,"1 2 4 3 -1 -2 4 -3 -3 4 4 3",48,1,128
1376,1,"1 2 4 4 -2 4 4 -1 4 2 -4 -2",24,1,0
1377,1,"1 2 3 4 -2 -1 4 4 2 -3 4 -2",48,1,0
1378,1,"1 4 2 4 4 -2 -2 4 -1 4 2 -4",24,1,0
1379,1,"1 4 4 4 2 4 -2 4 2 -1 -4 -2",24,1,-256
1380,1,"1 2 2 2 4 -1 -2 4 4 -2 4 -2",24,1,-256
1381,1,"1 2 1 4 2 -1 -2 4 -2 -1 4 4",24,1,128
1382,1,"1 2 4 3 4 4 4 -3 -2 3 -1 -3",48,1,128
1383,1,"1 1 4 4 -1 -1 -4 1 4 -1 4 4",6,1,-512
1384,1,"1 2 -1 4 1 2 -1 4 -2 -2 4 4",24,1,-256
1385,1,"1 2 4 4 2 4 4 4 -2 -2 -1 -4",24,1,-512
1386,1,"1 4 2 4 2 4 -2 -4 -2 4 -1 4",24,1,128
1387,1,"1 2 3 3 4 4 4 -3 -1 -2 -3 4",48,1,0
1388,1,"1 2 -1 4 3 2 -3 4 4 -2 4 -2",48,1,0
1389,1,"1 2 -1 4 3 4 2 4 4 -3 -2 -2",48,1,-128
1390,1,"1 2 -1 2 4 4 3 4 -2 -3 4 -2",48,1,0
1391,1,"1 4 2 4 4 -2 4 2 4 -2 -1 -4",24,1,-128
1392,1,"1 2 3 3 -1 4 4 -2 -3 4 -3 4",48,1,0
1393,1,"1 2 4 4 3 4 -1 4 -3 4 -2 -4",48,1,-128
1394,1,"1 2 2 2 4 -2 -2 -1 4 4 -2 4",24,1,512
1395,1,"1 2 3 3 4 -3 -1 4 -3 4 -2 4",48,1,128
1396,1,"1 4 2 4 2 4 -2 -1 -4 -2 4 4",24,1,128
1397,1,"1 2 4 4 4 -2 3 3 4 -3 -1 -3",48,1,256
1398,1,"1 2 3 4 -2 4 -1 2 4 -3 4 -2",48,1,64
1399,1,"1 2 3 3 4 4 -3 -2 -3 4 -1 4",48,1,128
1400,1,"1 2 3 4 4 -3 4 -1 2 4 -2 -2",48,1,128
1401,1,"1 2 4 4 -1 4 4 2 4 -2 -4 -2",24,1,0
1402,1,"1 2 4 -1 3 -2 4 4 3 4 -3 -3",48,1,0
1403,1,"1 2 3 4 4 -2 3 4 -3 4 -1 -3",48,1,0
1404,1,"1 2 -1 2 2 4 4 -2 4 -2 4 -2",24,1,0
1405,1,"1 2 4 4 3 4 -3 -2 -3 4 -1 3",48,1,0
1406,1,"1 1 -4 -1 4 -1 4 4 1 4 -1 4",6,1,-256
1407,1,"1 2 4 3 -1 3 -2 -3 4 4 4 -3",48,1,-128
1408,1,"1 4 2 2 4 -2 -4 -1 4 -2 4 4",24,1,0
1409,1,"1 2 3 -2 -1 4 -2 -3 4 2 4 4",48,1,0
1410,1,"1 2 3 4 4 -2 -3 4 -3 4 -1 3",48,1,128
1411,1,"1 2 -1 4 3 -2 3 4 4 -3 4 -3",48,1,0
1412,1,"1 4 -1 4 4 4 2 4 4 -2 -4 -4",24,1,0
1413,1,"1 2 4 4 3 3 -2 -3 4 -1 -3 4",48,1,-128
1414,1,"1 2 3 3 -1 -3 -3 4 -2 4 4 4",48,1,-256
1415,1,"1 2 3 4 -1 3 4 4 -3 4 -3 -2",48,1,128
1416,1,"1 2 4 4 3 3 4 -1 -3 4 -2 -3",48,1,0
1417,1,"1 2 -1 4 4 3 4 2 -3 -2 -2 4",48,1,0
1418,1,"1 2 3 3 -2 4 4 4 -1 -3 -3 4",48,1,-256
1419,1,"1 2 4 -1 4 -2 -2 3 4 2 -3 4",48,1,0
1420,1,"1 2 3 2 4 -3 -2 -1 -2 4 4 4",48,1,128
1421,1,"1 2 3 -2 -2 -1 4 4 2 -3 4 4",48,1,0
1422,1,"1 4 2 2 4 -1 4 2 4 -2 -2 -2",24,1,256
1423,1,"1 2 -1 4 3 -2 -3 4 3 4 -3 4",48,1,0
1424,1,"1 2 3 3 4 -1 4 4 -3 -3 4 -2",48,1,0
1425,1,"1 2 3 4 -1 3 4 4 -2 4 -3 -3",48,1,128
1426,1,"1 4 2 4 4 -1 -4 2 4 -2 4 -2",24,1,128
1427,1,"1 2 2 -1 -1 -2 4 4 4 -2 1 4",24,1,-512
1428,1,"1 2 -1 4 -2 3 4 2 -3 -2 4 4",48,1,0
1429,1,"1 2 3 4 4 4 4 4 -3 -2 -1 -4",48,1,-512
1430,1,"1 2 3 4 3 4 -1 4 4 -3 -2 -3",48,1,0
1431,1,"1 4 1 4 -1 4 4 4 4 -1 -4 -4",6,1,-512
1432,1,"1 2 3 4 4 -3 -2 -3 -1 4 4 3",48,1,128
1433,1,"1 2 -1 4 2 4 -1 4 -2 4 -2 1",24,1,-128
1434,1,"1 2 4 4 4 4 -2 -2 4 -1 -4 2",24,1,0
1435,1,"1 2 3 3 -2 4 -3 -1 4 4 4 -3",48,1,0
1436,1,"1 2 3 4 4 4 -3 -2 4 -3 -1 3",48,1,-128
1437,1,"1 2 4 -1 3 4 -3 -3 4 3 -2 4",48,1,0
1438,1,"1 2 3 4 -2 -2 4 2 -3 4 -1 4",48,1,128
1439,1,"1 2 2 4 -2 -4 -2 4 4 -1 4 4",24,1,256
1440,1,"1 2 3 3 4 -1 4 4 -2 4 -3 -3",48,1,0
1441,1,"1 2 4 3 4 4 -1 3 -2 -3 4 -3",48,1,-128
1442,1,"1 2 1 -2 -1 4 -1 2 4 -2 4 4",24,1,-128
1443,1,"1 2 1 4 -1 -1 2 4 -2 4 4 -2",24,1,256
1444,1,"1 2 3 -1 -3 -3 -2 4 3 4 4 4",48,1,-256
1445,1,"1 2 4 4 4 -2 -4 -1 4 2 4 -2",24,1,256
1446,1,"1 2 2 4 -2 3 4 -3 -2 4 -1 4",48,1,0
1447,1,"1 2 1 -2 -2 4 4 -1 4 -1 2 4",24,1,0
1448,1,"1 2 3 4 2 -3 -2 -1 4 4 4 -2",48,1,128
1449,1,"1 2 -1 4 3 4 -2 -3 2 4 4 -2",48,1,0
1450,1,"1 4 4 2 4 4 2 -1 -4 -2 -2 4",24,1,-256
1451,1,"1 2 3 -2 -4 -3 -1 4 4 4 4 4",48,1,-256
1452,1,"1 2 1 4 -1 -2 4 -2 -1 4 2 4",24,1,128
1453,1,"1 2 -1 -2 -2 -2 4 2 4 4 2 4",24,1,-256
1454,1,"1 2 3 2 -1 4 -2 4 -2 -3 4 4",48,1,0
1455,1,"1 2 -1 4 -2 -2 1 4 2 -1 4 4",24,1,-256
1456,1,"1 2 2 4 -2 1 4 4 -2 -1 -1 4",24,1,256
1457,1,"1 2 3 4 3 -2 4 4 4 -3 -1 -3",48,1,-128
1458,1,"1 2 4 3 3 -1 -3 -2 4 4 -3 4",48,1,-128
1459,1,"1 2 2 4 -2 3 -2 4 -3 4 -1 4",48,1,128
1460,1,"1 2 4 -1 3 3 4 4 -2 4 -3 -3",48,1,256
1461,1,"1 2 -1 -2 4 3 -2 -3 2 4 4 4",48,1,128
1462,1,"1 4 2 -1 -4 -2 4 4 4 2 4 -2",24,1,-256
1463,1,"1 2 3 4 -3 4 -2 4 -1 -2 4 2",48,1,64
1464,1,"1 2 3 3 4 4 4 -2 -3 -1 -3 4",48,1,0
1465,1,"1 2 4 -1 -2 4 -2 3 4 2 -3 4",48,1,0
1466,1,"1 2 3 -2 4 4 -3 4 4 4 -1 -4",48,1,0
1467,1,"1 2 3 4 2 4 -1 -2 4 -2 -3 4",48,1,-64
1468,1,"1 2 3 -2 -4 -1 4 4 -3 4 4 4",48,1,0
1469,1,"1 2 4 4 4 4 -2 -2 4 -1 2 -4",24,1,0
1470,1,"1 2 -1 4 -1 -2 4 1 -2 4 2 4",24,1,0
1471,1,"1 2 2 3 -2 -2 -3 4 -1 4 4 4",48,1,-256
1472,1,"1 2 4 -2 -1 4 4 3 -4 -3 4 4",48,1,-256
1473,1,"1 2 2 4 4 4 4 4 -1 -2 -2 -4",24,1,-1024
1474,1,"1 2 -1 -2 4 2 2 4 -2 4 4 -2",24,1,-256
1475,1,"1 2 4 -2 4 -2 -4 -1 2 4 4 4",24,1,0
1476,1,"1 2 4 4 -1 -4 2 4 -2 -2 4 4",24,1,256
1477,1,"1 2 4 3 4 -2 -3 -2 4 2 -1 4",48,1,0
1478,1,"1 2 3 -2 4 4 4 -1 4 4 -3 -4",48,1,-256
1479,1,"1 2 3 4 -3 -2 4 4 3 -1 -3 4",48,1,0
1480,1,"1 2 -1 4 -1 -2 4 -2 1 4 2 4",24,1,-128
1481,1,"1 2 4 2 4 -2 4 4 -1 4 -2 -4",24,1,-128
1482,1,"1 2 1 2 -1 -2 4 4 -1 -2 4 4",24,1,-256
1483,1,"1 2 4 3 4 4 -3 -1 4 3 -2 -3",48,1,-128
1484,1,"1 2 2 4 3 4 -3 4 -1 -2 4 -2",48,1,-128
1485,1,"1 2 3 4 -3 4 4 -1 2 4 -2 -2",48,1,128
1486,1,"1 2 -1 4 3 -2 -3 4 4 -2 4 2",48,1,0
1487,1,"1 2 3 4 4 -2 3 4 -3 -3 -1 4",48,1,128
1488,1,"1 2 4 -1 3 4 -3 4 -3 4 -2 3",48,1,0
1489,1,"1 2 -1 4 2 4 3 -2 -2 4 -3 4",48,1,0
1490,1,"1 2 4 3 4 3 -2 4 4 -3 -1 -3",48,1,0
1491,1,"1 2 -4 -2 -2 4 4 -1 4 2 4 4",24,1,-256
1492,1,"1 2 3 2 4 -1 -2 4 4 -3 4 -2",48,1,-128
1493,1,"1 4 2 -4 -2 4 -2 4 4 2 -1 4",24,1,-128
1494,1,"1 4 -1 4 4 2 4 -2 -4 2 4 -2",24,1,-128
1495,1,"1 2 4 3 4 3 -2 -3 4 -3 -1 4",48,1,64
1496,1,"1 2 3 -1 4 4 4 4 4 -2 -3 -4",48,1,-512
1497,1,"1 2 2 4 -2 -2 4 2 -1 4 -2 4",24,1,0
1498,1,"1 2 4 3 -2 4 4 -3 -3 4 -1 3",48,1,128
1499,1,"1 2 4 3 4 2 -3 -2 4 -2 -1 4",48,1,0
1500,1,"1 2 -1 -1 2 4 4 4 4 -2 -2 1",24,1,0
1501,1,"1 2 1 4 4 2 -1 4 -2 -1 4 -2",24,1,128
1502,1,"1 2 3 4 -1 -3 -2 4 -3 4 3 4",48,1,0
1503,1,"1 4 -1 4 4 2 4 2 -4 -2 4 -2",24,1,-128
1504,1,"1 2 3 3 4 -3 -2 4 4 -1 4 -3",48,1,128
1505,1,"1 2 -1 4 3 -2 -3 -3 4 4 4 3",48,1,256
1506,1,"1 4 4 2 4 -2 -1 4 4 -2 -4 2",24,1,0
1507,1,"1 2 3 2 -1 -2 -2 -3 4 4 4 4",48,1,-256
1508,1,"1 2 4 3 2 4 -2 -1 4 -3 -2 4",48,1,64
1509,1,"1 2 4 4 3 -1 -4 -3 4 4 -2 4",48,1,-128
1510,1,"1 2 3 -2 -2 -3 2 -1 4 4 4 4",48,1,0
1511,1,"1 2 2 3 4 4 -1 -2 4 -3 4 -2",48,1,-128
1512,1,"1 2 2 2 4 4 -2 -2 -1 -2 4 4",24,1,512
1513,1,"1 2 1 4 -2 -1 -1 2 4 4 -2 4",24,1,0
1514,1,"1 4 2 4 4 -1 4 -2 -4 2 4 -2",24,1,-128
1515,1,"1 4 2 4 -2 4 2 -1 -4 -2 4 4",24,1,-128
1516,1,"1 2 3 4 4 4 -2 3 -1 -3 4 -3",48,1,-128
1517,1,"1 2 4 3 -1 -3 4 -3 4 -2 4 3",48,1,64
1518,1,"1 4 4 2 2 4 4 4 -2 -2 -1 -4",24,1,-512
1519,1,"1 2 3 3 4 4 -3 -3 -2 4 -1 4",48,1,256
1520,1,"1 2 4 -2 3 4 4 3 -1 4 -3 -3",48,1,128
1521,1,"1 2 -1 -2 -2 4 4 2 4 2 4 -2",24,1,-256
1522,1,"1 2 3 4 -3 4 -1 -3 4 4 -2 3",48,1,0
1523,1,"1 2 -4 2 4 4 4 4 -1 4 -2 -2",24,1,0
1524,1,"1 4 2 -4 2 4 -2 4 4 -2 -1 4",24,1,128
1525,1,"1 2 3 3 -2 -3 4 -3 -1 4 4 4",48,1,0
1526,1,"1 2 3 4 -3 4 -1 4 -3 -2 3 4",48,1,64
1527,1,"1 2 4 4 3 -2 -3 -1 -3 4 4 3",48,1,128
1528,1,"1 2 3 4 -2 -1 -2 4 -3 4 2 4",48,1,64
1529,1,"1 2 3 3 4 4 -1 -2 -3 4 -3 4",48,1,-128
1530,1,"1 2 4 3 4 -2 4 -1 -4 -3 4 4",48,1,0
1531,1,"1 2 2 2 -1 -2 4 4 -2 -2 4 4",24,1,-512
1532,1,"1 4 -1 4 4 2 4 -2 -4 -2 4 2",24,1,128
1533,1,"1 2 -1 -1 4 4 4 2 1 -2 4 -2",24,1,256
1534,1,"1 2 4 -1 2 4 -2 -2 -1 4 4 1",24,1,256
1535,1,"1 2 4 3 4 4 -3 -3 -1 3 -2 4",48,1,-128
1536,1,"1 2 -1 -2 -2 4 -2 4 4 4 2 2",24,1,0
1537,1,"1 2 -1 -2 4 -2 4 4 2 -1 4 1",24,1,-256
1538,1,"1 2 3 4 -1 3 4 -2 4 -3 4 -3",48,1,64
1539,1,"1 2 2 -1 4 4 -2 -1 4 -2 4 1",24,1,256
1540,1,"1 2 3 3 4 -3 4 -3 -1 4 4 -2",48,1,128
1541,1,"1 2 3 4 -2 -1 4 4 -3 -3 4 3",48,1,256
1542,1,"1 2 3 -2 4 -3 4 4 4 4 -1 -4",48,1,0
1543,1,"1 2 3 3 -2 -3 -3 4 4 4 -1 4",48,1,-256
1544,1,"1 2 3 4 4 -3 -2 4 2 -1 4 -2",48,1,-128
1545,1,"1 2 2 -1 -4 -2 -2 4 4 4 4 4",24,1,-1024
1546,1,"1 2 3 -1 -3 4 -2 3 4 -3 4 4",48,1,-128
1547,1,"1 2 3 -2 -3 -3 4 4 4 4 -1 3",48,1,256
1548,1,"1 2 3 -2 -2 4 4 -1 2 -3 4 4",48,1,0
1549,1,"1 2 1 4 -1 2 -1 4 4 -2 -2 4",24,1,256
1550,1,"1 2 2 3 -2 4 -1 4 4 -2 -3 4",48,1,-128
1551,1,"1 2 4 -2 4 -1 2 -4 -2 4 4 4",24,1,-256
1552,1,"1 2 3 -2 4 -3 2 4 4 -2 -1 4",48,1,-128
1553,1,"1 4 4 -1 -4 2 2 4 4 -2 4 -2",24,1,256
1554,1,"1 4 -1 -4 2 2 4 4 -2 -2 4 4",24,1,0
1555,1,"1 2 3 4 3 4 -3 -2 4 4 -1 -3",48,1,0
1556,1,"1 2 4 3 2 4 -3 4 -2 -1 -2 4",48,1,64
1557,1,"1 4 4 4 2 2 4 -1 -4 -2 4 -2",24,1,-256
1558,1,"1 2 3 4 -2 -3 4 2 -1 4 4 -2",48,1,0
1559,1,"1 2 3 4 -3 -1 4 -3 4 -2 4 3",48,1,64
1560,1,"1 2 2 4 -2 4 -1 -1 4 -2 1 4",24,1,0
1561,1,"1 2 4 3 4 -1 -3 4 4 4 -2 -4",48,1,-128
1562,1,"1 2 3 4 -2 4 -3 2 4 -1 4 -2",48,1,0
1563,1,"1 2 3 4 4 4 -2 4 -1 -4 -3 4",48,1,-128
1564,1,"1 2 3 2 4 4 4 -3 -2 4 -1 -2",48,1,-128
1565,1,"1 4 1 -4 -1 4 4 4 4 4 -1 -4",6,1,512
1566,1,"1 2 2 3 4 -2 4 -3 4 -1 -2 4",48,1,0
1567,1,"1 2 3 -1 4 4 3 4 -2 -3 4 -3",48,1,-128
1568,1,"1 2 4 -2 4 3 3 4 -3 -3 -1 4",48,1,128
1569,1,"1 2 3 -2 -4 -3 4 4 -1 4 4 4",48,1,-256
1570,1,"1 2 1 4 4 2 4 -2 -1 4 -1 -2",24,1,128
1571,1,"1 2 3 2 4 4 -2 4 -3 4 -1 -2",48,1,-128
1572,1,"1 2 4 2 2 -1 -2 4 -2 4 4 -2",24,1,-256
1573,1,"1 2 3 3 4 -3 -3 4 4 -1 4 -2",48,1,0
1574,1,"1 2 4 3 4 -3 -2 -3 4 3 -1 4",48,1,64
1575,1,"1 2 4 3 -2 4 -3 4 -2 -1 2 4",48,1,64
1576,1,"1 2 3 4 4 -1 -3 -3 4 -2 3 4",48,1,0
1577,1,"1 2 -1 -2 4 -1 4 2 4 4 -2 1",24,1,-256
1578,1,"1 2 2 4 -1 4 3 -2 4 -3 4 -2",48,1,0
1579,1,"1 2 4 -2 4 4 -2 -2 -1 4 2 2",24,1,256
1580,1,"1 2 3 4 3 4 4 -3 -2 -3 -1 4",48,1,128
1581,1,"1 2 4 -1 4 2 4 4 -2 4 -2 -4",24,1,-128
1582,1,"1 2 1 2 -1 -1 4 4 4 -2 4 -2",24,1,-256
1583,1,"1 2 1 4 -1 4 -1 -2 4 2 4 -2",24,1,0
1584,1,"1 2 -4 2 -1 4 4 -2 -2 4 4 4",24,1,0
1585,1,"1 2 3 4 3 4 -3 -2 -3 -1 4 4",48,1,128
1586,1,"1 2 3 4 -2 4 4 2 -3 4 -1 -2",48,1,-128
1587,1,"1 2 -4 -1 4 4 2 4 4 -2 -2 4",24,1,-256
1588,1,"1 2 4 4 -2 -1 -4 2 4 4 -2 4",24,1,0
1589,1,"1 2 2 -1 2 4 4 -2 4 4 -2 -2",24,1,0
1590,1,"1 2 1 -2 4 -1 2 4 4 -1 4 -2",24,1,128
1591,1,"1 2 3 4 3 4 4 -3 -3 4 -1 -2",48,1,-128
1592,1,"1 2 2 -4 -1 4 -2 -2 4 4 4 4",24,1,-512
1593,1,"1 2 2 -4 -2 4 4 4 4 -1 4 -2",24,1,0
1594,1,"1 2 4 -2 4 -2 -4 -1 4 4 2 4",24,1,128
1595,1,"1 2 1 4 -2 -1 4 4 2 -1 -2 4",24,1,128
1596,1,"1 2 4 3 -2 4 3 -1 -3 4 4 -3",48,1,-128
1597,1,"1 2 -1 4 3 -2 -2 -3 4 4 4 2",48,1,0
1598,1,"1 2 3 4 -1 4 4 4 4 -3 -2 -4",48,1,-256
1599,1,"1 4 -1 -4 -1 4 4 4 4 4 1 -4",6,1,512
1600,1,"1 2 4 -2 -4 -1 4 3 4 4 -3 4",48,1,128
1601,1,"1 2 2 3 4 4 -3 -2 4 -1 -2 4",48,1,0
1602,1,"1 2 4 4 -1 4 -2 4 4 -2 -4 2",24,1,-256
1603,1,"1 2 3 3 -2 -3 4 4 4 -1 -3 4",48,1,-256
1604,1,"1 2 3 -1 -3 4 4 -2 -3 4 4 3",48,1,128
1605,1,"1 2 -1 4 3 -4 -3 4 -2 4 4 4",48,1,0
1606,1,"1 2 2 -1 -2 4 3 4 4 -3 -2 4",48,1,-128
1607,1,"1 2 4 -2 3 -1 4 3 4 -3 4 -3",48,1,64
1608,1,"1 2 1 4 -2 4 -1 2 4 -1 -2 4",24,1,128
1609,1,"1 4 2 4 4 -2 -2 -1 4 4 2 -4",24,1,-256
1610,1,"1 2 1 2 4 4 -1 4 -2 4 -1 -2",24,1,-128
1611,1,"1 2 3 -2 4 4 -3 -1 -3 4 3 4",48,1,0
1612,1,"1 2 -1 4 3 -2 4 3 4 -3 -3 4",48,1,0
1613,1,"1 4 2 2 4 4 -2 -4 -2 4 -1 4",24,1,256
1614,1,"1 2 -1 -2 4 1 -2 -1 2 4 4 4",24,1,256
1615,1,"1 2 3 4 -3 4 -3 4 -1 4 -2 3",48,1,64
1616,1,"1 2 4 2 -4 -2 4 -1 4 4 4 -2",24,1,0
1617,1,"1 2 3 4 -3 -2 4 2 4 -2 -1 4",48,1,128
1618,1,"1 2 4 3 4 3 -2 4 -3 -3 -1 4",48,1,128
1619,1,"1 2 4 3 4 4 4 -1 -2 -4 -3 4",48,1,0
1620,1,"1 2 2 2 4 -2 -2 -1 4 -2 4 4",24,1,512
1621,1,"1 2 4 -2 -1 4 4 -2 -4 2 4 4",24,1,-256
1622,1,"1 2 -1 4 4 2 -1 4 -2 -2 1 4",24,1,-256
1623,1,"1 2 4 -1 -2 -4 2 4 4 4 -2 4",24,1,0
1624,1,"1 2 -1 4 3 4 4 4 3 -2 -3 -3",48,1,-256
1625,1,"1 2 3 2 -1 -2 -2 4 4 -3 4 4",48,1,-256
1626,1,"1 2 3 3 4 -2 -3 -3 -1 4 4 4",48,1,256
1627,1,"1 2 3 4 -1 4 -3 4 2 4 -2 -2",48,1,0
1628,1,"1 2 4 4 -1 4 2 4 4 -2 -4 -2",24,1,0
1629,1,"1 2 3 4 -1 4 3 -2 -3 -3 4 4",48,1,-128
1630,1,"1 2 2 4 4 -2 4 4 4 -2 -1 -4",24,1,-512
1631,1,"1 2 1 -2 -1 4 4 2 4 -1 4 -2",24,1,128
1632,1,"1 2 2 4 -1 -2 4 4 -2 -1 4 1",24,1,256
1633,1,"1 2 2 1 4 4 -2 -1 4 -1 -2 4",24,1,256
1634,1,"1 2 4 -2 3 4 -2 -1 4 -3 4 2",48,1,64
1635,1,"1 2 2 -1 4 -2 4 4 -2 -2 4 2",24,1,256
1636,1,"1 2 4 4 3 -1 -3 4 -3 4 -2 3",48,1,0
1637,1,"1 2 2 -1 4 4 -1 4 -2 -2 4 1",24,1,0
1638,1,"1 4 2 -4 2 4 -2 -2 4 -1 4 4",24,1,256
1639,1,"1 2 3 2 4 -3 4 -1 4 -2 4 -2",48,1,0
1640,1,"1 1 4 -1 -4 -1 4 4 1 4 -1 4",6,1,256
1641,1,"1 2 -1 4 4 -2 -4 -2 4 4 4 2",24,1,256
1642,1,"1 4 -1 -4 2 4 4 4 2 4 -2 -2",24,1,256
1643,1,"1 2 3 4 -3 -3 -2 4 -1 4 4 3",48,1,128
1644,1,"1 4 2 -4 2 -1 4 4 4 4 -2 -2",24,1,0
1645,1,"1 2 3 4 -3 -2 -1 4 4 3 4 -3",48,1,128
1646,1,"1 4 2 2 4 4 -2 4 -1 -4 -2 4",24,1,0
1647,1,"1 2 2 -1 4 4 -2 -2 4 -1 4 1",24,1,0
1648,1,"1 2 3 3 4 -3 -2 -3 -1 4 4 4",48,1,256
1649,1,"1 2 4 4 -2 4 4 4 -2 -1 2 -4",24,1,-256
1650,1,"1 2 1 -2 4 4 4 -1 4 2 -1 -2",24,1,0
1651,1,"1 2 -1 -1 4 1 4 -2 -2 4 2 4",24,1,0
1652,1,"1 2 4 4 4 3 -1 3 4 -3 -2 -3",48,1,128
1653,1,"1 2 2 3 4 -2 4 -2 -3 4 -1 4",48,1,0
1654,1,"1 2 2 4 3 4 -3 4 -1 -2 -2 4",48,1,0
1655,1,"1 1 -4 -4 -1 4 4 4 4 4 -1 4",6,1,-1024
1656,1,"1 2 2 4 1 4 -2 -1 4 -2 -1 4",24,1,128
1657,1,"1 2 3 4 -3 -2 -3 4 4 -1 3 4",48,1,128
1658,1,"1 2 4 -2 3 3 4 -3 4 -1 4 -3",48,1,128
1659,1,"1 2 1 -2 -1 2 4 4 -2 -1 4 4",24,1,-256
1660,1,"1 2 3 -2 -3 4 3 -1 4 4 -3 4",48,1,-128
1661,1,"1 2 3 3 -2 4 -3 -1 4 4 -3 4",48,1,128
1662,1,"1 2 4 4 3 4 -1 -3 -2 3 4 -3",48,1,0
1663,1,"1 2 3 3 4 -1 4 -3 -2 4 4 -3",48,1,128
1664,1,"1 2 4 4 3 -1 4 4 -3 -4 -2 4",48,1,-128
1665,1,"1 2 -1 -1 2 1 4 4 4 -2 4 -2",24,1,256
1666,1,"1 2 3 4 -2 -3 4 -3 -1 4 4 3",48,1,128
1667,1,"1 2 4 -2 3 -4 -3 4 4 4 -1 4",48,1,-128
1668,1,"1 2 4 4 3 -2 4 3 -1 4 -3 -3",48,1,-128
1669,1,"1 2 2 4 -1 -2 -2 4 2 4 -2 4",24,1,0
1670,1,"1 2 4 4 3 -1 4 -2 -3 -3 4 3",48,1,256
1671,1,"1 2 4 4 -2 3 -1 3 4 -3 4 -3",48,1,128
1672,1,"1 1 4 4 4 4 4 4 -1 -4 -1 -4",6,1,-1024
1673,1,"1 2 -1 -2 4 -2 -1 4 4 2 4 1",24,1,0
1674,1,"1 2 2 4 3 -2 4 -1 -2 4 -3 4",48,1,0
1675,1,"1 2 4 4 4 -1 -4 -2 -2 4 2 4",24,1,-256
1676,1,"1 2 3 3 4 -1 -3 4 4 4 -2 -3",48,1,-256
1677,1,"1 2 -1 4 -2 3 3 4 4 -3 4 -3",48,1,128
1678,1,"1 2 3 4 3 -2 4 -3 4 -1 -3 4",48,1,-64
1679,1,"1 2 4 4 2 4 4 -2 -1 4 -2 -4",24,1,0
1680,1,"1 2 4 4 4 4 -2 4 -1 2 -4 -2",24,1,-256
1681,1,"1 2 4 2 4 4 -2 -1 2 4 -2 -2",24,1,256
1682,1,"1 2 3 4 4 -3 -2 4 -1 -2 4 2",48,1,128
1683,1,"1 2 1 4 2 4 4 -2 4 -1 -1 -2",24,1,0
1684,1,"1 2 3 3 -1 -2 4 -3 4 -3 4 4",48,1,-128
1685,1,"1 2 3 4 -1 -2 -3 4 4 3 4 -3",48,1,-128
1686,1,"1 2 3 4 -2 3 -1 -3 -3 4 4 4",48,1,0
1687,1,"1 2 2 4 4 4 4 -1 4 -2 -2 -4",24,1,-512
1688,1,"1 2 2 4 -2 -2 -1 -2 4 2 4 4",24,1,256
1689,1,"1 4 4 2 4 -2 4 4 2 -1 -4 -2",24,1,-256
1690,1,"1 2 4 4 4 -1 -2 -4 3 4 -3 4",48,1,0
1691,1,"1 2 3 4 -3 -2 -1 -3 4 4 3 4",48,1,128
1692,1,"1 2 4 -2 -4 2 4 -2 4 -1 4 4",24,1,-128
1693,1,"1 2 4 3 4 -2 -3 4 2 -1 4 -2",48,1,-64
1694,1,"1 4 2 4 4 4 -1 -4 2 4 -2 -2",24,1,256
1695,1,"1 2 4 2 4 -2 4 -1 4 4 -2 -4",24,1,-128
1696,1,"1 2 4 2 2 4 -2 -1 -2 4 4 -2",24,1,0
1697,1,"1 4 2 -4 -2 4 2 4 -1 4 4 -2",24,1,-128
1698,1,"1 2 3 4 3 4 4 -1 -3 4 -3 -2",48,1,-128
1699,1,"1 2 2 -1 4 4 -2 3 4 -3 4 -2",48,1,-128
1700,1,"1 2 3 -2 4 4 2 -3 4 -2 -1 4",48,1,128
1701,1,"1 2 2 -1 4 -2 4 1 4 -2 -1 4",24,1,128
1702,1,"1 2 4 2 -4 -2 4 -2 4 -1 4 4",24,1,-128
1703,1,"1 2 -1 2 4 4 3 -2 -2 4 -3 4",48,1,128
1704,1,"1 2 4 2 -4 -1 4 -2 4 -2 4 4",24,1,-128
1705,1,"1 2 3 -1 4 -3 4 3 4 -3 -2 4",48,1,0
1706,1,"1 2 3 4 4 -3 -1 -3 4 3 4 -2",48,1,0
1707,1,"1 2 3 2 4 -2 -3 4 -1 4 4 -2",48,1,0
1708,1,"1 2 3 3 4 -1 -3 4 -3 -2 4 4",48,1,0
1709,1,"1 2 4 -2 4 4 4 -1 4 -2 -4 2",24,1,-256
1710,1,"1 2 2 4 4 4 -1 -2 -4 -2 4 4",24,1,0
1711,1,"1 2 -1 4 2 2 4 -2 -2 4 -2 4",24,1,0
1712,1,"1 2 -1 -1 4 1 2 4 4 -2 -2 4",24,1,-256
1713,1,"1 2 2 -1 4 4 3 4 -2 -2 -3 4",48,1,0
1714,1,"1 4 2 4 -2 -4 -1 4 -2 4 4 2",24,1,-128
1715,1,"1 2 -1 4 2 1 4 4 -2 -2 -1 4",24,1,256
1716,1,"1 1 -4 -1 4 -1 4 1 4 -1 4 4",6,1,-256
1717,1,"1 2 3 -2 -3 -2 -1 4 4 4 2 4",48,1,0
1718,1,"1 2 4 -1 -1 4 1 2 4 -2 -2 4",24,1,0
1719,1,"1 2 -1 4 3 -2 -2 4 4 -3 4 2",48,1,128
1720,1,"1 2 3 4 4 4 -1 -4 -2 4 -3 4",48,1,-128
1721,1,"1 4 2 4 4 2 -4 -2 4 -2 -1 4",24,1,-128
1722,1,"1 2 3 -1 -4 -3 4 4 4 -2 4 4",48,1,-256
1723,1,"1 2 3 3 4 -3 -2 4 4 -1 -3 4",48,1,128
1724,1,"1 2 4 4 -2 3 -1 -3 4 3 4 -3",48,1,0
1725,1,"1 4 2 4 -1 4 -2 4 -2 4 2 -4",24,1,0
1726,1,"1 2 3 4 -2 4 -3 4 3 -1 4 -3",48,1,-64
1727,1,"1 2 4 -2 4 -2 -2 4 2 2 -1 4",24,1,0
1728,1,"1 2 1 -2 4 4 -1 -2 4 -1 2 4",24,1,128
1729,1,"1 2 4 4 -2 3 4 -1 -3 -3 4 3",48,1,128
1730,1,"1 2 -1 4 4 2 3 4 -3 4 -2 -2",48,1,-128
1731,1,"1 2 4 4 2 4 -2 -2 -2 -1 4 2",24,1,256
1732,1,"1 2 -1 -1 4 4 -2 -2 1 2 4 4",24,1,-512
1733,1,"1 2 3 2 -3 4 4 4 -2 -1 4 -2",48,1,128
1734,1,"1 2 4 -1 -1 2 4 4 -2 -2 4 1",24,1,512
1735,1,"1 4 2 -4 -4 -2 4 4 4 4 -1 4",24,1,-512
1736,1,"1 2 4 -2 -4 -2 4 2 4 -1 4 4",24,1,128
1737,1,"1 2 2 -1 4 4 1 -2 4 -2 -1 4",24,1,256
1738,1,"1 2 4 4 3 4 -2 -3 -3 -1 4 3",48,1,128
1739,1,"1 2 3 -2 4 -3 4 -2 4 2 -1 4",48,1,0
1740,1,"1 2 4 2 4 4 4 -1 4 -2 -4 -2",24,1,0
1741,1,"1 2 4 -2 3 4 3 4 -1 4 -3 -3",48,1,128
1742,1,"1 2 1 4 -1 2 4 -2 -2 4 -1 4",24,1,128
1743,1,"1 4 2 4 4 -2 -4 -2 4 2 -1 4",24,1,128
1744,1,"1 2 3 4 4 4 -3 -3 -1 3 -2 4",48,1,0
1745,1,"1 2 2 -1 4 1 -2 -2 -1 4 4 4",24,1,512
1746,1,"1 4 2 2 4 -2 4 4 4 -2 -1 -4",24,1,-256
1747,1,"1 2 -1 4 -1 2 4 1 -2 -2 4 4",24,1,256
1748,1,"1 2 3 -2 4 4 2 -1 4 -2 -3 4",48,1,-128
1749,1,"1 2 3 4 -2 4 2 4 -3 -2 -1 4",48,1,128
1750,1,"1 2 3 4 -1 2 4 -3 -2 4 -2 4",48,1,64
1751,1,"1 2 3 4 3 -2 -3 4 4 -1 -3 4",48,1,-128
1752,1,"1 2 -1 4 2 4 -2 3 4 -2 -3 4",48,1,0
1753,1,"1 4 2 -4 2 4 4 -1 4 4 -2 -2",24,1,256
1754,1,"1 2 3 2 4 4 -2 -2 -1 4 -3 4",48,1,256
1755,1,"1 2 2 4 1 -2 4 4 -2 -1 -1 4",24,1,256
1756,1,"1 2 4 4 -2 -2 4 4 -1 4 2 -4",24,1,256
1757,1,"1 2 3 -2 -1 4 -2 4 2 -3 4 4",48,1,0
1758,1,"1 2 3 -2 4 -1 4 3 4 -3 4 -3",48,1,-64
1759,1,"1 2 4 -1 4 4 3 3 -2 -3 4 -3",48,1,-128
1760,1,"1 2 1 4 -2 4 2 -1 4 -1 4 -2",24,1,0
1761,1,"1 2 3 4 4 -3 -3 -1 4 -2 3 4",48,1,256
1762,1,"1 2 4 -1 4 4 -2 4 2 4 -2 -4",24,1,-128
1763,1,"1 2 3 4 -3 4 -2 -1 2 4 4 -2",48,1,128
1764,1,"1 2 -1 4 3 4 2 -3 -2 4 4 -2",48,1,0
1765,1,"1 2 4 3 -1 4 3 -2 4 4 -3 -3",48,1,0
1766,1,"1 2 3 2 -3 -2 4 -2 4 4 -1 4",48,1,0
1767,1,"1 2 3 4 -2 -1 2 4 -2 4 -3 4",48,1,64
1768,1,"1 2 4 2 4 2 -1 4 4 -2 -2 -2",24,1,-256
1769,1,"1 2 1 4 -2 4 -2 -1 -1 2 4 4",24,1,0
1770,1,"1 2 -1 -1 4 1 2 4 4 -2 4 -2",24,1,-256
1771,1,"1 2 3 3 4 -2 4 -3 4 4 -1 -3",48,1,-128
1772,1,"1 2 -1 4 4 -2 -2 4 -1 4 2 1",24,1,256
1773,1,"1 2 -1 4 3 4 -3 4 3 4 -2 -3",48,1,-64
1774,1,"1 2 3 4 -2 4 -3 2 -1 4 4 -2",48,1,0
1775,1,"1 2 -1 -2 4 -2 -2 4 4 2 2 4",24,1,-256
1776,1,"1 2 4 -2 3 4 3 4 -3 -3 -1 4",48,1,0
1777,1,"1 2 -1 -2 4 3 2 -3 4 4 4 -2",48,1,0
1778,1,"1 2 3 -1 4 -3 -3 -2 4 3 4 4",48,1,0
1779,1,"1 1 1 4 4 4 4 4 -1 -1 -1 -4",6,1,-2048
1780,1,"1 2 3 4 4 3 -1 4 -2 -3 4 -3",48,1,-128
1781,1,"1 2 3 -2 4 -2 -1 4 2 -3 4 4",48,1,0
1782,1,"1 2 2 4 4 4 4 -2 4 -1 -2 -4",24,1,-512
1783,1,"1 2 3 4 4 -1 4 4 -2 4 -3 -4",48,1,-128
1784,1,"1 2 1 4 2 4 4 -1 -1 4 -2 -2",24,1,256
1785,1,"1 2 2 4 4 4 -1 -4 -2 4 4 -2",24,1,-512
1786,1,"1 1 1 4 -1 4 -1 4 4 4 -1 -4",6,1,-512
1787,1,"1 2 4 -2 -4 3 4 4 -3 4 -1 4",48,1,0
1788,1,"1 4 2 -4 -1 4 4 -2 -2 4 4 2",24,1,256
1789,1,"1 2 4 4 -2 3 4 -3 4 3 -1 -3",48,1,0
1790,1,"1 2 3 4 4 3 -1 -3 -3 -2 4 4",48,1,-256
1791,1,"1 2 -4 -2 4 2 -1 4 4 4 -2 4",24,1,0
1792,1,"1 2 -1 4 4 -1 4 -2 -2 4 2 1",24,1,256
1793,1,"1 2 4 -2 -2 4 2 -1 2 4 4 -2",24,1,0
1794,1,"1 2 4 2 -1 4 4 4 -2 4 -2 -4",24,1,-256
1795,1,"1 2 3 4 4 -3 4 -1 3 -2 -3 4",48,1,-128
1796,1,"1 2 4 -2 3 4 3 -1 4 -3 4 -3",48,1,64
1797,1,"1 2 2 -1 2 4 4 -2 4 -2 4 -2",24,1,0
1798,1,"1 2 1 -2 4 -1 2 4 -1 4 4 -2",24,1,128
1799,1,"1 2 3 3 4 4 4 -3 -3 4 -1 -2",48,1,-256
1800,1,"1 4 2 2 4 4 4 -1 4 -2 -2 -4",24,1,0
1801,1,"1 2 2 4 -2 -2 4 -2 -1 2 4 4",24,1,256
1802,1,"1 2 4 3 3 4 -1 -3 4 4 -2 -3",48,1,0
1803,1,"1 2 4 -2 4 4 2 -1 -4 -2 4 4",24,1,-256
1804,1,"1 2 2 4 2 4 -2 -2 4 -1 -2 4",24,1,0
1805,1,"1 2 -4 3 4 -3 4 -2 4 4 -1 4",48,1,0
1806,1,"1 2 3 2 4 -1 4 -3 4 -2 -2 4",48,1,128
1807,1,"1 2 -1 4 4 4 -1 2 4 -2 -2 1",24,1,0
1808,1,"1 2 -1 -4 2 4 -2 4 4 4 4 -2",24,1,256
1809,1,"1 2 4 -2 4 2 4 -2 4 4 -1 -4",24,1,-128
1810,1,"1 2 2 1 4 -2 -1 4 4 -1 -2 4",24,1,256
1811,1,"1 2 1 4 -2 4 -1 4 2 4 -1 -2",24,1,0
1812,1,"1 2 4 3 4 4 -3 -2 -3 -1 4 3",48,1,0
1813,1,"1 2 4 3 4 -1 -2 4 -2 -3 4 2",48,1,64
1814,1,"1 2 3 -1 -3 -2 3 4 -3 4 4 4",48,1,-128
1815,1,"1 2 3 4 -3 4 2 -1 -2 -2 4 4",48,1,-128
1816,1,"1 2 4 4 -1 4 -2 -2 -2 4 2 2",24,1,512
1817,1,"1 2 1 4 -2 4 -1 2 -1 4 -2 4",12,1,128
1818,1,"1 2 3 4 4 -1 4 3 4 -2 -3 -3",48,1,-128
1819,1,"1 2 4 4 4 -1 4 2 -4 -2 4 -2",24,1,0
1820,1,"1 2 3 3 -1 -2 4 4 4 4 -3 -3",48,1,-512
1821,1,"1 2 4 3 -2 4 -1 4 -2 -3 4 2",48,1,0
1822,1,"1 2 3 -2 -3 4 -1 3 4 -3 4 4",48,1,0
1823,1,"1 2 3 4 2 4 -2 -1 -2 -3 4 4",48,1,0
1824,1,"1 2 2 3 4 4 -2 -2 -3 4 -1 4",48,1,0
1825,1,"1 2 3 4 4 4 -2 -4 -1 -3 4 4",48,1,0
1826,1,"1 2 4 3 -1 -3 4 -2 3 4 4 -3",48,1,-128
1827,1,"1 2 -1 4 4 2 -1 4 1 -2 -2 4",24,1,0
1828,1,"1 2 1 2 4 4 -1 -1 -2 -2 4 4",24,1,0
1829,1,"1 2 -1 4 -2 -1 2 4 4 4 -2 1",24,1,256
1830,1,"1 2 -1 4 -2 3 4 2 -3 4 4 -2",48,1,0
1831,1,"1 2 4 3 3 4 -2 4 -3 -3 -1 4",48,1,128
1832,1,"1 2 4 3 4 -3 -1 -3 -2 4 3 4",48,1,64
1833,1,"1 4 4 2 2 4 -2 4 4 -1 -4 -2",24,1,-256
1834,1,"1 2 4 -2 3 4 -1 4 3 4 -3 -3",48,1,128
1835,1,"1 2 -1 4 2 4 -1 4 -2 -2 1 4",24,1,-128
1836,1,"1 2 3 4 -3 4 -3 -1 4 4 3 -2",48,1,0
1837,1,"1 2 -1 -1 4 4 -2 -2 4 2 1 4",24,1,256
1838,1,"1 2 3 4 2 -1 4 -2 -2 -3 4 4",48,1,-128
1839,1,"1 2 -1 4 -2 4 -1 2 1 4 -2 4",12,1,128
1840,1,"1 2 2 4 4 -1 -1 -2 4 1 -2 4",24,1,256
1841,1,"1 2 4 -2 4 -1 4 4 -2 4 2 -4",24,1,128
1842,1,"1 2 1 -2 -1 4 4 2 -1 4 4 -2",24,1,256
1843,1,"1 2 3 -1 4 -2 -3 -3 4 4 3 4",48,1,0
1844,1,"1 2 3 -1 4 4 3 4 -3 4 -3 -2",48,1,-128
1845,1,"1 2 4 -1 4 4 -2 3 4 4 -3 -4",48,1,128
1846,1,"1 2 4 -1 2 4 -2 -2 4 2 4 -2",24,1,128
1847,1,"1 2 1 -2 -2 4 -1 4 -1 2 4 4",24,1,0
1848,1,"1 2 4 4 4 -1 4 -2 -4 -2 4 2",24,1,256
1849,1,"1 2 3 2 4 -3 4 -1 4 4 -2 -2",48,1,0
1850,1,"1 4 2 2 -1 -4 -2 4 4 -2 4 4",24,1,-256
1851,1,"1 1 4 -1 4 4 1 -4 -1 4 -1 4",6,1,-256
1852,1,"1 2 -1 2 4 2 4 -2 4 -2 -2 4",24,1,128
1853,1,"1 2 2 2 4 4 4 -1 -2 4 -2 -2",24,1,-512
1854,1,"1 2 3 -2 4 4 -3 4 -3 4 -1 3",48,1,128
1855,1,"1 2 3 -2 -2 4 2 4 -3 4 -1 4",48,1,0
1856,1,"1 2 3 2 4 -3 -2 -1 4 4 -2 4",48,1,128
1857,1,"1 2 -4 -1 4 -2 4 4 2 4 4 -2",24,1,-256
1858,1,"1 2 3 4 -1 4 4 3 -2 4 -3 -3",48,1,-128
1859,1,"1 2 4 4 3 -2 3 -1 4 -3 -3 4",48,1,128
1860,1,"1 4 4 4 2 -4 -1 4 4 4 -2 -4",12,1,-512
1861,1,"1 4 2 3 4 2 -3 4 -2 -1 4 -2",24,1,128
1862,1,"1 2 -1 2 4 4 3 -2 4 -2 -3 4",48,1,0
1863,1,"1 2 3 4 4 -1 -2 -2 -3 4 2 4",48,1,-128
1864,1,"1 2 3 -2 4 -2 4 -3 2 -1 4 4",48,1,0
1865,1,"1 2 4 3 4 -3 4 -1 -3 -2 4 3",48,1,0
1866,1,"1 2 3 3 4 -1 4 -3 -2 4 -3 4",48,1,128
1867,1,"1 2 2 -1 4 4 -2 -2 -1 4 1 4",24,1,256
1868,1,"1 2 3 4 4 3 -1 -2 4 4 -3 -3",48,1,-256
1869,1,"1 2 4 3 4 4 4 -2 -3 -3 -1 3",48,1,0
1870,1,"1 2 4 4 3 -2 3 4 -1 4 -3 -3",48,1,128
1871,1,"1 2 4 2 2 -1 4 -2 4 -2 4 -2",24,1,-128
1872,1,"1 2 3 3 4 4 4 -1 -3 -3 -2 4",48,1,0
1873,1,"1 2 3 4 -3 4 -3 -2 4 4 -1 3",48,1,0
1874,1,"1 2 4 -1 4 4 3 3 4 -3 -2 -3",48,1,128
1875,1,"1 2 -1 -1 4 -2 4 4 -2 1 2 4",24,1,-256
1876,1,"1 2 3 4 2 -3 -2 4 4 -1 4 -2",48,1,0
1877,1,"1 4 4 4 4 2 2 -1 -4 -2 -2 4",24,1,-512
1878,1,"1 1 4 -1 4 4 -1 -4 -1 4 1 4",6,1,256
1879,1,"1 2 3 -4 -1 4 4 4 4 -2 -3 4",48,1,0
1880,1,"1 2 -1 4 4 -2 -2 -1 4 1 2 4",24,1,0
1881,1,"1 2 4 4 3 -4 -3 4 -1 -2 4 4",48,1,0
1882,1,"1 2 4 -1 3 3 -2 4 -3 -3 4 4",48,1,0
1883,1,"1 2 3 4 -1 -2 4 -2 4 -3 2 4",48,1,-64
1884,1,"1 2 3 2 -1 4 -2 4 4 -3 -2 4",48,1,0
1885,1,"1 2 3 4 4 -2 3 4 4 -3 -1 -3",48,1,128
1886,1,"1 2 4 -1 3 4 4 3 -2 4 -3 -3",48,1,0
1887,1,"1 2 1 2 4 -1 4 -1 -2 -2 4 4",24,1,0
1888,1,"1 2 4 2 4 4 4 -1 -4 -2 -2 4",24,1,-256
1889,1,"1 2 3 4 3 -2 4 -3 -1 4 -3 4",48,1,64
1890,1,"1 2 -1 -2 1 4 4 -1 -2 4 2 4",24,1,-128
1891,1,"1 2 4 -2 -4 3 -1 4 4 -3 4 4",48,1,128
1892,1,"1 2 3 3 4 -3 4 -1 4 -3 -2 4",48,1,128
1893,1,"1 4 2 2 4 -2 -1 -4 -2 4 4 4",24,1,256
1894,1,"1 2 2 2 4 -2 -2 4 -2 4 -1 4",24,1,256
1895,1,"1 2 3 4 4 -2 -2 -1 4 2 -3 4",48,1,128
1896,1,"1 2 4 4 -2 -4 -1 -2 4 4 4 2",24,1,256
1897,1,"1 2 1 2 4 4 -2 -1 4 4 -1 -2",24,1,0
1898,1,"1 2 -1 4 2 4 4 2 4 -2 -2 -2",24,1,-256
1899,1,"1 2 -1 2 4 2 4 4 -2 4 -2 -2",24,1,0
1900,1,"1 2 3 4 -1 3 4 -3 4 -3 -2 4",48,1,128
1901,1,"1 2 3 4 3 -1 -2 4 4 4 -3 -3",48,1,-256
1902,1,"1 2 3 4 4 -3 4 -3 -2 4 -1 3",48,1,0
1903,1,"1 2 2 -1 -4 -2 4 4 4 4 -2 4",24,1,-512
1904,1,"1 2 4 3 4 -2 -3 2 4 -1 4 -2",24,1,0
1905,1,"1 2 -4 -1 4 -2 -2 4 4 4 2 4",24,1,-256
1906,1,"1 2 4 4 -1 4 -2 -2 4 4 2 -4",24,1,256
1907,1,"1 2 1 2 4 -1 4 -2 4 4 -1 -2",24,1,-128
1908,1,"1 2 4 4 -1 3 3 4 4 -3 -2 -3",48,1,256
1909,1,"1 2 -1 4 3 4 -3 -4 -2 4 4 4",48,1,0
1910,1,"1 2 -1 -4 -2 4 2 4 4 4 4 -2",24,1,-256
1911,1,"1 2 3 4 4 3 -1 -3 -3 4 4 -2",48,1,-256
1912,1,"1 2 -1 2 4 2 4 -2 -2 4 -2 4",24,1,128
1913,1,"1 2 -4 -2 -2 4 4 -1 4 4 4 2",24,1,-512
1914,1,"1 2 1 -2 -2 4 -1 4 2 4 -1 4",24,1,128
1915,1,"1 2 2 4 2 -1 4 -2 4 -2 4 -2",24,1,-128
1916,1,"1 2 3 2 -3 4 4 -1 4 4 -2 -2",48,1,0
1917,1,"1 2 1 4 2 4 -2 4 -1 -1 -2 4",24,1,128
1918,1,"1 2 -1 -1 4 4 2 4 4 -2 -2 1",24,1,-512
1919,1,"1 2 4 4 3 -1 -4 -2 4 -3 4 4",48,1,-128
1920,1,"1 2 2 1 4 4 -1 -1 -2 4 -2 4",24,1,256
1921,1,"1 2 -1 -2 4 -2 3 2 4 4 -3 4",48,1,0
1922,1,"1 2 3 4 -2 -3 -4 -1 4 4 4 4",48,1,256
1923,1,"1 4 2 -1 4 -2 4 -2 -2 4 2 2",24,1,256
1924,1,"1 2 4 2 -4 -2 -1 4 4 -2 4 4",24,1,-256
1925,1,"1 2 4 -2 -2 4 -2 4 2 2 -1 4",24,1,0
1926,1,"1 2 4 -2 -4 2 4 -1 4 4 4 -2",24,1,0
1927,1,"1 2 1 -2 4 4 -1 -2 -1 4 2 4",24,1,128
1928,1,"1 2 3 4 4 -3 4 -2 -4 -1 4 4",48,1,128
1929,1,"1 2 3 4 4 -2 -3 4 3 -1 4 -3",48,1,-128
1930,1,"1 2 3 4 -2 4 -1 3 4 -3 4 -3",48,1,64
1931,1,"1 2 4 -2 4 3 3 -1 -3 4 4 -3",48,1,-128
1932,1,"1 2 3 3 -1 4 4 -3 -3 4 4 -2",48,1,-256
1933,1,"1 2 4 -2 3 4 -3 -3 -1 4 3 4",48,1,0
1934,1,"1 2 -1 4 -1 4 2 4 -2 -2 1 4",24,1,-128
1935,1,"1 2 4 3 4 4 -2 -3 -3 -1 4 3",48,1,128
1936,1,"1 2 -1 4 4 3 -2 -2 4 -3 2 4",48,1,0
1937,1,"1 2 4 4 4 3 -2 -3 4 3 -1 -3",48,1,-128
1938,1,"1 2 3 -2 4 -2 -3 4 2 -1 4 4",48,1,0
1939,1,"1 2 -4 -1 4 3 4 4 -3 4 -2 4",48,1,-128
1940,1,"1 4 2 4 2 4 4 -2 4 -2 -1 -4",24,1,-128
1941,1,"1 2 3 4 -1 -2 -2 -3 4 4 2 4",48,1,-128
1942,1,"1 2 3 -1 4 4 4 -3 -4 -2 4 4",48,1,0
1943,1,"1 2 4 3 -1 4 3 4 -2 -3 -3 4",48,1,128
1944,1,"1 2 3 2 4 4 4 -3 4 -1 -2 -2",48,1,-256
1945,1,"1 2 1 2 4 4 -1 -1 4 -2 -2 4",24,1,256
1946,1,"1 2 3 -2 4 4 -3 -2 4 2 -1 4",48,1,0
1947,1,"1 2 3 -1 4 4 3 -2 4 4 -3 -3",48,1,-256
1948,1,"1 2 3 -1 4 4 -3 4 3 4 -3 -2",48,1,-128
1949,1,"1 2 2 4 -2 4 4 -1 -4 -2 4 4",24,1,-256
1950,1,"1 4 2 4 4 -2 -1 4 -2 -4 2 4",24,1,-128
1951,1,"1 2 3 -1 3 4 -3 4 4 -2 4 -3",48,1,0
1952,1,"1 2 -1 -2 4 4 -1 -2 1 4 2 4",24,1,-128
1953,1,"1 2 2 2 -1 -2 4 4 4 -2 -2 4",24,1,-512
1954,1,"1 2 4 -2 -2 4 2 2 -1 4 -2 4",24,1,0
1955,1,"1 2 3 -1 4 3 -2 4 -3 -3 4 4",48,1,0
1956,1,"1 2 -1 4 2 3 4 -2 4 -3 -2 4",48,1,0
1957,1,"1 2 3 -1 4 4 4 3 -2 -3 -3 4",48,1,0
1958,1,"1 2 3 4 4 4 -1 4 4 -3 -4 -2",48,1,0
1959,1,"1 2 -1 2 4 -2 4 2 4 -2 -2 4",24,1,128
1960,1,"1 2 3 -2 4 -2 -1 4 4 -3 4 2",48,1,0
1961,1,"1 2 -1 4 3 -2 4 4 -2 -3 4 2",48,1,0
1962,1,"1 2 3 4 3 -2 -3 4 -1 4 -3 4",48,1,-64
1963,1,"1 2 3 4 -3 2 4 -2 -2 -1 4 4",48,1,0
1964,1,"1 2 4 -2 -4 -2 4 -1 4 4 4 2",24,1,256
1965,1,"1 2 -1 4 2 4 -2 4 -1 -2 4 1",24,1,-128
1966,1,"1 1 1 4 -1 4 -1 -1 -1 4 1 4",3,1,512
1967,1,"1 2 -1 4 2 3 -2 4 -3 -2 4 4",48,1,0
1968,1,"1 2 1 2 4 4 -2 4 4 -1 -1 -2",24,1,-256
1969,1,"1 2 4 4 -1 2 -4 -2 4 4 -2 4",24,1,-256
1970,1,"1 2 4 4 -2 -2 4 -1 4 4 2 -4",24,1,256
1971,1,"1 2 -1 4 -2 4 -2 -1 2 4 4 1",24,1,256
1972,1,"1 2 3 4 3 4 -3 -1 -3 4 -2 4",48,1,64
1973,1,"1 2 2 4 3 4 -2 -1 4 -3 4 -2",48,1,128
1974,1,"1 2 4 -1 4 3 -2 4 2 -3 4 -2",48,1,0
1975,1,"1 2 2 3 -2 4 4 -3 4 -2 -1 4",48,1,0
1976,1,"1 2 1 2 -1 -1 -2 4 4 4 -2 4",24,1,-256
1977,1,"1 4 2 2 4 -2 -2 -1 4 2 4 -2",24,1,256
1978,1,"1 2 3 4 4 2 -3 -2 4 -2 -1 4",48,1,128
1979,1,"1 2 4 -1 -4 -2 -2 4 4 2 4 4",24,1,-256
1980,1,"1 2 2 -1 -1 -2 4 -2 1 4 4 4",24,1,-512
1981,1,"1 2 4 3 4 -3 -3 -2 -1 4 4 3",48,1,0
1982,1,"1 2 4 -2 -2 -1 4 2 4 2 4 -2",24,1,128
1983,1,"1 2 3 4 4 -3 4 -3 -1 3 -2 4",48,1,0
1984,1,"1 2 4 -2 3 3 4 4 4 -3 -1 -3",48,1,256
1985,1,"1 2 3 4 -3 4 3 4 -1 -3 4 -2",48,1,-64
1986,1,"1 2 -1 4 4 -2 3 4 4 4 -3 -4",48,1,256
1987,1,"1 2 4 4 3 -2 4 4 -3 4 -1 -4",48,1,-128
1988,1,"1 2 4 -2 4 4 4 2 4 -1 -2 -4",24,1,-256
1989,1,"1 2 -1 4 4 -2 -2 -1 4 4 2 1",24,1,512
1990,1,"1 2 3 4 4 -1 3 4 -3 4 -3 -2",48,1,128
1991,1,"1 4 2 4 -1 -4 -2 -2 4 4 4 2",24,1,256
1992,1,"1 2 4 3 -1 3 4 -3 -3 4 -2 4",48,1,128
1993,1,"1 2 4 -1 3 4 -3 -2 -3 4 4 3",48,1,0
1994,1,"1 2 3 4 -2 -3 -2 4 4 2 -1 4",48,1,0
1995,1,"1 2 4 3 2 4 -3 4 -2 -1 4 -2",48,1,64
1996,1,"1 2 4 3 2 4 -3 4 -1 -2 4 -2",48,1,-64
1997,1,"1 1 1 4 4 4 4 -1 4 -1 -1 -4",6,1,-1024
1998,1,"1 2 3 4 4 -3 4 -2 3 4 -1 -3",48,1,0
1999,1,"1 2 1 -2 4 -1 2 -1 4 4 -2 4",24,1,128
2000,1,"1 2 3 4 -3 4 -2 4 -2 -1 2 4",48,1,64
2001,1,"1 2 1 -2 4 4 -2 -1 2 -1 4 4",24,1,0
2002,1,"1 2 3 3 -1 -3 -2 4 -3 4 4 4",48,1,-256
2003,1,"1 2 4 3 4 3 4 -2 -3 -1 4 -3",48,1,64
2004,1,"1 2 4 -1 3 4 -3 4 3 -2 4 -3",48,1,0
2005,1,"1 2 3 4 -1 -2 -3 4 4 -3 4 3",48,1,0
2006,1,"1 2 -1 2 4 4 4 4 -2 -4 -2 4",24,1,256
2007,1,"1 2 3 4 -2 4 4 3 -1 -3 -3 4",48,1,-128
2008,1,"1 2 4 -2 -4 3 4 4 -1 -3 4 4",48,1,128
2009,1,"1 2 2 -1 -1 4 4 4 1 -2 -2 4",24,1,512
2010,1,"1 2 4 4 3 -2 3 4 -3 4 -1 -3",48,1,0
2011,1,"1 2 -1 4 3 4 -2 -3 -3 4 3 4",48,1,0
2012,1,"1 2 4 3 4 2 -3 4 -1 4 -2 -2",48,1,0
2013,1,"1 2 2 4 -1 2 4 -2 -2 4 -2 4",24,1,256
2014,1,"1 2 4 4 -2 -4 -1 4 4 -2 4 2",24,1,0
2015,1,"1 2 2 -1 4 -2 -2 -1 4 1 4 4",24,1,256
2016,1,"1 2 2 -1 -2 4 -2 -2 4 4 2 4",24,1,-256
2017,1,"1 2 3 4 4 2 -3 4 4 -2 -1 -2",48,1,0
2018,1,"1 2 4 -2 4 4 3 4 -3 4 -1 -4",48,1,-128
2019,1,"1 2 3 4 4 4 -3 -2 -3 -1 4 3",48,1,128
2020,1,"1 2 3 4 -2 -1 4 2 -3 4 4 -2",48,1,0
2021,1,"1 2 3 4 4 -1 -3 -2 3 4 -3 4",48,1,0
2022,1,"1 2 4 -2 -4 2 4 4 4 -2 -1 4",24,1,-256
2023,1,"1 4 2 2 4 4 -2 -4 -1 4 4 -2",24,1,256
2024,1,"1 2 1 2 -1 -2 -1 -2 4 4 4 4",24,1,-256
2025,1,"1 2 3 4 2 4 -2 -3 4 -1 4 -2",48,1,0
2026,1,"1 2 4 4 4 -1 -4 2 4 4 -2 -2",24,1,512
2027,1,"1 2 2 -1 2 4 -2 -2 4 4 -2 4",24,1,256
2028,1,"1 2 4 3 4 -3 4 4 -1 3 -2 -3",48,1,-128
2029,1,"1 4 2 -1 4 -2 -4 2 4 4 4 -2",24,1,0
2030,1,"1 2 4 4 3 3 -1 4 -2 4 -3 -3",48,1,0
2031,1,"1 4 2 4 2 4 4 -1 4 -2 -4 -2",24,1,128
2032,1,"1 2 3 -2 -1 4 -3 -3 4 3 4 4",48,1,0
2033,1,"1 2 3 4 -2 4 3 4 -3 -1 4 -3",48,1,64
2034,1,"1 2 3 4 -2 4 3 4 -1 -3 4 -3",48,1,-64
2035,1,"1 2 3 4 4 -1 3 4 4 -2 -3 -3",48,1,0
2036,1,"1 2 3 4 -2 4 -3 -1 4 3 4 -3",48,1,64
2037,1,"1 2 4 3 2 4 -1 4 -2 -3 -2 4",48,1,64
2038,1,"1 4 -1 4 4 4 2 2 -4 -2 -2 4",24,1,-512
2039,1,"1 2 1 -2 4 2 4 4 -1 -1 4 -2",24,1,256
2040,1,"1 2 3 4 -2 4 -3 4 -3 -1 4 3",48,1,64
2041,1,"1 2 -1 4 4 -2 3 3 4 -3 -3 4",48,1,0
2042,1,"1 2 4 4 -1 3 3 -2 -3 -3 4 4",48,1,-256
2043,1,"1 4 -1 4 4 2 2 4 -2 -4 -2 4",24,1,256
2044,1,"1 2 -1 -1 -2 4 4 -2 1 4 2 4",24,1,-256
2045,1,"1 2 -1 -2 4 1 -2 4 2 -1 4 4",24,1,-128
2046,1,"1 4 -1 4 4 2 4 -2 4 -2 -4 2",24,1,-128
2047,1,"1 2 -4 3 4 4 -3 4 -1 4 -2 4",48,1,0
2048,1,"1 2 3 4 2 -1 -2 4 -2 -3 4 4",48,1,-128
2049,1,"1 2 -1 4 4 4 -2 4 3 4 -3 -4",48,1,0
2050,1,"1 2 3 4 -2 4 -1 -3 4 3 4 -3",48,1,-64
2051,1,"1 2 3 4 -3 4 -1 4 3 -2 4 -3",48,1,-64
2052,1,"1 2 -1 4 4 3 4 -3 -3 4 -2 3",48,1,-128
2053,1,"1 2 3 4 4 4 4 -2 -4 -1 -3 4",48,1,0
2054,1,"1 2 4 -2 3 -4 -1 4 -3 4 4 4",48,1,128
2055,1,"1 2 4 3 -4 -1 -3 4 4 -2 4 4",48,1,-128
2056,1,"1 2 4 3 2 4 -2 -1 4 -3 4 -2",48,1,64
2057,1,"1 2 4 2 -4 -2 4 4 -1 -2 4 4",24,1,0
2058,1,"1 2 -4 -2 4 4 2 4 4 -2 -1 4",24,1,-256
2059,1,"1 2 3 2 4 -1 4 -2 -2 -3 4 4",48,1,128
2060,1,"1 2 3 -2 3 4 4 -3 4 -1 4 -3",48,1,0
2061,1,"1 2 4 -2 4 3 3 4 -3 -1 4 -3",48,1,128
2062,1,"1 2 3 4 4 -1 4 -3 4 4 -2 -4",48,1,-128
2063,1,"1 2 3 -2 4 4 3 -1 -3 4 4 -3",48,1,-128
2064,1,"1 2 4 3 2 4 -1 -2 4 -3 4 -2",48,1,-64
2065,1,"1 2 3 4 3 -1 -3 4 -3 4 -2 4",48,1,-64
2066,1,"1 2 3 4 -2 -1 -2 4 2 -3 4 4",48,1,128
2067,1,"1 2 3 3 4 -2 -1 -3 4 -3 4 4",48,1,0
2068,1,"1 2 3 3 4 4 4 4 -1 -3 -3 -2",48,1,-512
2069,1,"1 2 4 -2 -4 -2 4 4 4 2 -1 4",24,1,0
2070,1,"1 2 1 4 4 -2 -1 2 4 4 -1 -2",24,1,256
2071,1,"1 2 3 4 -1 -2 -2 4 4 -3 2 4",48,1,-128
2072,1,"1 2 3 2 -1 4 -3 4 4 4 -2 -2",48,1,-256
2073,1,"1 2 3 4 -1 4 3 4 -3 4 -3 -2",48,1,0
2074,1,"1 2 4 2 -1 -4 -2 4 4 -2 4 4",24,1,-256
2075,1,"1 2 -1 4 4 -2 3 4 -2 -3 2 4",48,1,0
2076,1,"1 2 1 4 4 4 -2 -2 -1 -1 2 4",24,1,0
2077,1,"1 2 -1 4 4 3 -2 4 -2 -3 2 4",48,1,0
2078,1,"1 2 -1 4 -2 -4 2 4 4 -2 4 4",24,1,0
2079,1,"1 2 4 4 -1 4 3 3 -2 -3 -3 4",48,1,0
2080,1,"1 2 2 2 4 4 4 -1 -2 -2 4 -2",24,1,-512
2081,1,"1 2 3 -1 -2 4 4 -3 -3 4 3 4",48,1,-128
2082,1,"1 2 3 4 -3 4 -1 3 -2 4 -3 4",48,1,0
2083,1,"1 2 3 2 4 -3 -2 -1 4 -2 4 4",48,1,128
2084,1,"1 2 2 4 4 -2 1 4 -1 -1 -2 4",24,1,-256
2085,1,"1 2 -1 4 -2 -4 3 4 -3 4 4 4",48,1,0
2086,1,"1 2 4 4 3 3 -2 4 -1 -3 4 -3",48,1,-128
2087,1,"1 4 4 -1 -4 2 4 2 4 4 -2 -2",24,1,256
2088,1,"1 2 4 4 -1 3 -4 -3 -2 4 4 4",48,1,-256
2089,1,"1 2 3 4 -1 4 3 4 -2 4 -3 -3",48,1,0
2090,1,"1 2 3 4 3 -1 4 4 -3 -3 4 -2",48,1,-128
2091,1,"1 2 2 -1 -1 4 -2 -2 4 4 4 1",24,1,0
2092,1,"1 2 3 4 -3 4 -2 -2 -1 4 4 2",48,1,128
2093,1,"1 2 1 -2 4 -1 4 -1 4 2 4 -2",24,1,128
2094,1,"1 2 3 4 4 3 -1 4 4 -3 -2 -3",48,1,-128
2095,1,"1 2 4 3 -2 4 -3 4 -1 -2 4 2",48,1,64
2096,1,"1 2 -1 4 2 4 4 -1 -2 4 -2 1",24,1,-256
2097,1,"1 2 3 -2 4 4 4 3 -1 -3 -3 4",48,1,-256
2098,1,"1 2 3 -2 -1 4 -2 4 -3 4 2 4",48,1,0
2099,1,"1 2 3 -2 -3 4 3 4 4 -1 -3 4",48,1,-128
2100,1,"1 2 2 4 -2 4 1 -2 4 -1 -1 4",24,1,256
2101,1,"1 2 1 4 -1 -1 4 4 2 4 -2 -2",24,1,256
2102,1,"1 4 4 -1 4 4 1 4 4 -1 -4 -4",6,1,-512
2103,1,"1 2 -1 4 4 -2 -1 4 -2 4 2 1",24,1,256
2104,1,"1 2 3 4 -1 4 -3 4 3 -2 4 -3",48,1,-64
2105,1,"1 2 4 1 2 4 -2 -1 4 -2 -1 4",12,1,128
2106,1,"1 2 -1 4 3 4 3 4 -3 4 -2 -3",48,1,-64
2107,1,"1 2 -1 -2 4 4 -2 1 4 2 -1 4",24,1,-128
2108,1,"1 2 2 4 -2 3 4 -3 4 -2 -1 4",48,1,128
2109,1,"1 2 1 2 -1 -1 4 4 -2 4 -2 4",24,1,0
2110,1,"1 2 3 4 2 -3 -2 4 -1 4 4 -2",48,1,0
2111,1,"1 2 3 4 4 4 -1 -2 -2 -3 2 4",48,1,-256
2112,1,"1 4 4 4 2 4 2 -1 -4 -2 -2 4",24,1,-256
2113,1,"1 2 3 4 4 -1 4 -3 -3 4 -2 3",48,1,128
2114,1,"1 2 2 1 4 4 4 -2 -2 -1 -1 4",24,1,512
2115,1,"1 2 3 4 4 -1 -3 4 3 4 -3 -2",48,1,-128
2116,1,"1 2 -1 4 3 2 4 -2 -2 -3 4 4",48,1,0
2117,1,"1 2 3 4 -1 -2 -4 -3 4 4 4 4",48,1,-256
2118,1,"1 2 -1 4 -1 4 -2 4 -2 4 2 1",24,1,128
2119,1,"1 2 3 -4 -3 4 -2 4 -1 4 4 4",48,1,-128
2120,1,"1 2 4 -1 3 4 -3 4 4 4 -2 -4",48,1,-128
2121,1,"1 2 -1 4 -2 4 2 1 4 -2 -1 4",24,1,128
2122,1,"1 2 -1 -2 -2 -2 4 2 4 4 4 2",24,1,0
2123,1,"1 2 -1 -2 4 -2 4 4 -1 2 4 1",24,1,0
2124,1,"1 2 4 4 4 3 -2 -4 -3 4 -1 4",48,1,-128
2125,1,"1 2 4 3 3 -1 -3 -2 4 4 4 -3",48,1,-256
2126,1,"1 4 4 2 4 -1 -4 -2 -2 4 2 4",24,1,0
2127,1,"1 2 4 -1 3 4 3 4 -2 4 -3 -3",48,1,128
2128,1,"1 2 -1 4 4 -2 4 3 -4 -3 4 4",48,1,0
2129,1,"1 2 4 -2 3 4 4 4 -3 -4 -1 4",48,1,-128
2130,1,"1 2 3 4 -3 4 4 -2 -1 -2 4 2",48,1,128
2131,1,"1 2 3 -2 4 -1 3 4 -3 4 -3 4",48,1,64
2132,1,"1 2 4 3 -1 4 3 4 -2 -3 4 -3",48,1,0
2133,1,"1 2 4 3 4 4 3 -2 -3 -1 -3 4",48,1,0
2134,1,"1 2 3 -2 4 -2 -1 4 -3 4 2 4",48,1,0
2135,1,"1 2 -1 -2 4 -2 1 4 2 -1 4 4",24,1,-128
2136,1,"1 2 3 3 -1 -2 4 -3 4 4 4 -3",48,1,-256
2137,1,"1 2 4 3 4 -3 -1 4 4 3 -2 -3",48,1,-128
2138,1,"1 2 -1 4 2 3 4 4 -2 -3 4 -2",48,1,0
2139,1,"1 4 4 4 1 -4 -1 4 4 4 -1 -4",3,1,512
2140,1,"1 2 -1 -2 4 4 1 -2 4 2 -1 4",24,1,-128
2141,1,"1 2 1 4 -2 4 4 2 -1 -1 -2 4",24,1,0
2142,1,"1 2 -1 -2 4 -2 -1 4 4 1 2 4",24,1,-128
2143,1,"1 2 3 4 -2 -3 -2 4 -1 4 4 2",48,1,128
2144,1,"1 2 4 2 2 -1 4 4 -2 4 -2 -2",24,1,-256
2145,1,"1 2 3 4 2 4 -2 4 -3 4 -1 -2",48,1,-64
2146,1,"1 2 3 4 4 3 4 -3 -3 -2 -1 4",48,1,256
2147,1,"1 1 4 -1 4 -1 -1 4 4 4 1 -4",6,1,512
2148,1,"1 2 3 -4 -2 -1 4 4 4 -3 4 4",48,1,-256
2149,1,"1 4 4 4 2 4 4 -2 -2 -1 -4 2",24,1,-512
2150,1,"1 2 2 4 1 -2 -2 4 -1 -1 4 4",24,1,512
2151,1,"1 4 2 -1 4 2 4 -2 4 4 -2 -4",24,1,-128
2152,1,"1 2 3 4 4 3 4 -1 4 -2 -3 -3",48,1,-128
2153,1,"1 2 4 3 -2 4 -1 4 -3 -3 4 3",48,1,128
2154,1,"1 2 4 3 -1 3 4 -2 -3 4 -3 4",48,1,64
2155,1,"1 2 3 4 -1 4 2 -3 4 -2 4 -2",48,1,0
2156,1,"1 2 -4 -2 -2 4 4 -1 4 4 2 4",24,1,-256
2157,1,"1 2 3 4 4 -3 -2 3 4 -1 -3 4",48,1,128
2158,1,"1 2 3 -1 4 4 -2 -4 -3 4 4 4",48,1,0
2159,1,"1 4 2 -1 4 -2 -2 -2 4 4 2 2",24,1,512
2160,1,"1 2 3 -2 4 -1 2 -3 4 -2 4 4",48,1,0
2161,1,"1 2 3 4 -3 -3 4 3 4 4 -1 -2",48,1,-128
2162,1,"1 2 2 4 -2 -1 -2 -2 4 4 2 4",24,1,256
2163,1,"1 2 4 4 -1 4 4 3 4 -2 -3 -4",48,1,-128
2164,1,"1 2 4 3 4 -3 -2 -4 -1 4 4 4",48,1,128
2165,1,"1 2 -1 -1 4 2 4 4 4 -2 -2 1",24,1,-512
2166,1,"1 2 4 3 -1 4 -3 -2 3 4 -3 4",48,1,-64
2167,1,"1 2 3 4 4 2 -1 4 -2 -3 4 -2",48,1,-128
2168,1,"1 2 2 4 2 -1 -2 -2 4 4 -2 4",24,1,-256
2169,1,"1 4 2 -1 4 -2 -2 4 -2 4 2 2",24,1,256
2170,1,"1 2 3 -1 4 4 -3 4 4 -3 -2 3",48,1,-128
2171,1,"1 2 4 3 -2 -3 4 -3 -1 3 4 4",48,1,128
2172,1,"1 2 3 4 -2 4 -2 4 -3 4 -1 2",48,1,64
2173,1,"1 2 -1 4 -2 -2 3 2 -3 4 4 4",48,1,0
2174,1,"1 4 2 -1 4 4 2 2 4 -2 -2 -2",24,1,0
2175,1,"1 2 3 4 3 4 -1 -3 -2 4 -3 4",48,1,0
2176,1,"1 2 4 3 3 -1 4 4 -2 -3 -3 4",48,1,256
2177,1,"1 1 1 -4 -1 4 -1 4 4 -1 4 4",6,1,-512
2178,1,"1 2 4 3 3 4 4 -3 -2 4 -1 -3",48,1,128
2179,1,"1 2 4 4 2 4 2 -1 4 -2 -2 -2",24,1,-256
2180,1,"1 2 -1 4 4 3 2 4 -2 -3 -2 4",48,1,0
2181,1,"1 2 3 4 -3 4 -3 -2 -1 3 4 4",48,1,128
2182,1,"1 1 1 4 -1 -4 -1 -1 4 4 4 4",6,1,1024
2183,1,"1 2 3 4 4 4 4 -1 -3 -4 -2 4",48,1,0
2184,1,"1 2 1 -2 -1 -1 2 4 4 4 4 -2",24,1,0
2185,1,"1 2 4 -2 -2 4 4 4 2 4 -1 -4",24,1,-256
2186,1,"1 2 -1 4 -2 3 3 4 4 -3 -3 4",48,1,0
2187,1,"1 2 4 -2 3 -1 3 4 4 -3 -3 4",48,1,128
2188,1,"1 2 3 -2 4 -3 -2 -1 4 2 4 4",48,1,128
2189,1,"1 2 4 4 -2 4 3 4 -3 -4 -1 4",48,1,0
2190,1,"1 2 4 3 -1 3 4 4 -2 -3 -3 4",48,1,128
2191,1,"1 2 4 3 4 -1 -3 4 -3 -2 4 3",48,1,0
2192,1,"1 2 3 2 -3 4 -2 4 -2 -1 4 4",48,1,128
2193,1,"1 2 3 4 -2 -3 2 -1 4 -2 4 4",48,1,0
2194,1,"1 4 2 4 -1 -4 -2 4 2 4 -2 4",24,1,0
2195,1,"1 2 4 3 -4 -1 4 4 -3 -2 4 4",48,1,-128
2196,1,"1 2 4 3 4 -3 4 3 -1 -3 -2 4",48,1,-64
2197,1,"1 2 3 -2 -3 2 -1 4 4 4 -2 4",48,1,0
2198,1,"1 2 3 -1 3 4 -3 4 4 -2 -3 4",48,1,0
2199,1,"1 2 4 -1 4 -2 -4 2 4 -2 4 4",24,1,-128
2200,1,"1 2 3 -1 3 4 -2 4 -3 -3 4 4",48,1,128
2201,1,"1 2 3 4 -1 4 -3 4 3 4 -3 -2",48,1,0
2202,1,"1 2 -1 4 2 3 4 4 -3 4 -2 -2",48,1,-128
2203,1,"1 2 4 4 -1 4 4 4 2 -4 -2 -2",24,1,0
2204,1,"1 2 4 3 -2 -1 4 -3 4 -3 4 3",48,1,128
2205,1,"1 2 3 2 -3 4 4 -2 -1 4 4 -2",48,1,128
2206,1,"1 2 3 -2 -3 -2 4 -1 2 4 4 4",48,1,0
2207,1,"1 2 -1 4 3 -2 4 -2 4 -3 4 2",48,1,64
2208,1,"1 2 4 -2 -1 -4 3 4 4 -3 4 4",48,1,0
2209,1,"1 2 4 -1 4 3 -2 -3 4 -3 4 3",48,1,64
2210,1,"1 2 3 3 4 4 4 -1 -2 4 -3 -3",48,1,0
2211,1,"1 2 -1 4 2 4 -2 -1 4 -2 4 1",24,1,128
2212,1,"1 2 3 2 4 -2 -3 4 -2 4 -1 4",48,1,64
2213,1,"1 2 3 4 -3 4 3 -1 4 -3 -2 4",48,1,0
2214,1,"1 2 3 4 -2 -3 4 2 4 -1 -2 4",48,1,0
2215,1,"1 2 -4 -1 4 2 4 -2 4 4 -2 4",24,1,-128
2216,1,"1 2 4 -2 3 -1 -3 -3 4 4 4 3",48,1,256
2217,1,"1 2 4 2 4 -2 -2 -1 4 2 4 -2",24,1,128
2218,1,"1 2 4 4 -1 3 -4 -3 4 4 -2 4",48,1,-128
2219,1,"1 2 3 4 -3 -2 4 -3 4 -1 3 4",48,1,64
2220,1,"1 2 3 -2 -2 -3 4 4 -1 2 4 4",48,1,-256
2221,1,"1 2 3 4 -3 4 -2 -2 4 4 -1 2",48,1,128
2222,1,"1 2 3 4 -3 4 -2 4 2 -1 4 -2",48,1,-64
2223,1,"1 2 4 3 3 4 -2 4 -1 4 -3 -3",48,1,128
2224,1,"1 2 4 3 4 4 -3 -1 -3 4 -2 3",48,1,0
2225,1,"1 2 -1 -1 2 4 4 4 4 1 -2 -2",24,1,512
2226,1,"1 2 -1 4 3 2 4 -2 4 -3 4 -2",48,1,-64
2227,1,"1 2 2 4 -2 -1 -1 4 4 -2 1 4",24,1,256
2228,1,"1 4 2 -1 -4 2 4 -2 -2 4 4 4",24,1,256
2229,1,"1 2 -1 4 3 -2 -4 -3 4 4 4 4",48,1,0
2230,1,"1 2 1 4 -2 -1 -2 4 4 2 -1 4",24,1,128
2231,1,"1 2 3 -1 4 3 4 -3 4 -2 -3 4",48,1,0
2232,1,"1 2 2 4 -2 1 4 -1 -2 4 -1 4",24,1,-128
2233,1,"1 2 3 -2 -3 4 2 4 4 -2 -1 4",48,1,-128
2234,1,"1 4 2 4 2 -4 -2 -1 4 -2 4 4",24,1,-128
2235,1,"1 2 4 4 -1 -4 -2 -2 4 4 4 2",24,1,0
2236,1,"1 4 4 4 -1 4 4 4 1 -4 -1 -4",6,1,512
2237,1,"1 2 4 4 4 4 4 -2 -2 -1 2 -4",24,1,-512
2238,1,"1 2 3 4 -3 -1 3 4 -3 -2 4 4",48,1,128
2239,1,"1 2 3 -1 4 4 4 3 -2 -3 4 -3",48,1,-128
2240,1,"1 2 -1 -2 4 3 4 -3 2 4 4 -2",48,1,-128
2241,1,"1 2 3 -1 4 4 4 -2 -3 -3 4 3",48,1,256
2242,1,"1 2 4 4 -1 3 4 -3 -2 -3 4 3",48,1,0
2243,1,"1 2 2 1 4 4 -2 4 -1 -1 -2 4",24,1,256
2244,1,"1 2 3 -2 4 -1 3 4 -3 -3 4 4",48,1,128
2245,1,"1 2 1 4 -2 4 -2 4 2 -1 -1 4",24,1,128
2246,1,"1 2 1 -2 -1 -2 4 2 4 4 -1 4",24,1,128
2247,1,"1 2 -1 4 1 4 2 4 -1 -2 -2 4",24,1,-128
2248,1,"1 2 4 4 2 4 -1 -4 -2 4 4 -2",24,1,-256
2249,1,"1 2 -1 4 4 3 4 4 4 -3 -2 -4",48,1,-256
2250,1,"1 1 1 4 -1 4 4 4 -1 4 -1 -4",6,1,-512
2251,1,"1 2 4 3 4 -1 3 4 -3 -3 -2 4",48,1,128
2252,1,"1 2 3 4 4 -1 -3 -3 4 3 4 -2",48,1,-128
2253,1,"1 2 2 4 -1 4 4 -2 4 4 -2 -4",24,1,-256
2254,1,"1 2 -1 -1 4 -2 4 2 4 1 4 -2",24,1,-128
2255,1,"1 2 3 3 4 4 4 -3 -1 -3 -2 4",48,1,256
2256,1,"1 2 -1 -2 4 3 3 4 4 -3 -3 4",48,1,-256
2257,1,"1 4 2 4 2 4 4 -2 -1 -4 -2 4",24,1,128
2258,1,"1 2 3 -2 4 -1 2 4 4 -3 4 -2",48,1,0
2259,1,"1 2 -1 4 4 4 4 4 -2 -2 -4 2",24,1,-512
2260,1,"1 2 3 4 -2 -1 4 4 2 -3 -2 4",48,1,0
2261,1,"1 4 2 2 -4 -2 -2 4 4 -1 4 4",24,1,-512
2262,1,"1 2 -1 -4 3 4 -3 4 4 -2 4 4",48,1,0
2263,1,"1 2 4 3 4 4 -3 4 -2 3 -1 -3",48,1,0
2264,1,"1 2 4 4 3 -2 -3 -1 4 -3 4 3",48,1,128
2265,1,"1 2 4 4 -2 4 2 4 4 -1 -2 -4",24,1,-256
2266,1,"1 2 2 -1 2 4 -2 -2 4 -2 4 4",24,1,256
2267,1,"1 2 -1 -1 -2 1 4 4 2 4 4 -2",24,1,-256
2268,1,"1 2 -1 4 3 4 -3 -3 -2 4 3 4",48,1,0
2269,1,"1 2 3 -4 -2 4 4 -1 4 -3 4 4",48,1,-128
2270,1,"1 2 4 4 4 2 -4 -1 4 -2 4 -2",24,1,-256
2271,1,"1 4 2 2 2 4 -2 -2 -1 4 4 -2",24,1,512
2272,1,"1 4 2 4 4 -2 -2 -1 -4 2 4 4",24,1,-256
2273,1,"1 2 3 -2 -1 4 -3 2 4 -2 4 4",48,1,0
2274,1,"1 2 3 4 -2 4 -1 2 4 -3 -2 4",48,1,64
2275,1,"1 2 4 3 -2 4 4 -3 4 4 -1 -4",48,1,-128
2276,1,"1 2 3 4 4 -2 3 4 -3 -1 4 -3",48,1,128
2277,1,"1 2 3 4 4 -2 3 4 -1 -3 4 -3",48,1,0
2278,1,"1 2 3 2 4 -2 -3 -2 -1 4 4 4",48,1,256
2279,1,"1 2 3 4 4 -2 -3 -1 4 3 4 -3",48,1,0
2280,1,"1 2 3 4 -3 -3 4 4 3 -1 4 -2",48,1,-128
2281,1,"1 2 3 -2 -3 4 4 4 4 -2 -1 2",48,1,0
2282,1,"1 2 4 4 3 4 -1 -3 -4 -2 4 4",48,1,-128
2283,1,"1 2 3 4 -3 4 4 -3 -1 4 -2 3",48,1,128
2284,1,"1 2 4 3 3 4 -1 4 -2 -3 -3 4",48,1,128
2285,1,"1 2 3 4 -3 4 -1 3 4 -2 4 -3",48,1,64
2286,1,"1 2 3 4 4 -2 -3 4 -3 -1 4 3",48,1,128
2287,1,"1 4 2 3 4 -3 4 -2 -2 -1 4 2",48,1,0
2288,1,"1 2 3 4 -3 4 3 -2 -1 -3 4 4",48,1,-128
2289,1,"1 2 4 4 3 3 -2 4 -3 -3 -1 4",48,1,256
2290,1,"1 2 3 4 -2 -1 -2 -3 4 4 4 2",48,1,0
2291,1,"1 2 3 -2 3 4 4 -3 4 -1 -3 4",48,1,0
2292,1,"1 2 2 -4 -1 4 4 4 4 4 -2 -2",24,1,-1024
2293,1,"1 2 4 3 -1 -3 -2 -3 4 3 4 4",48,1,0
2294,1,"1 2 3 -2 -1 4 4 2 4 -3 4 -2",48,1,0
2295,1,"1 2 -4 -2 -1 4 2 4 4 -2 4 4",24,1,-256
2296,1,"1 2 2 -1 4 4 4 -1 -2 -2 4 1",24,1,-512
2297,1,"1 2 4 -2 -2 -1 4 2 2 4 -2 4",24,1,256
2298,1,"1 2 1 -2 -1 -1 4 4 2 4 4 -2",24,1,256
2299,1,"1 2 3 4 -1 -3 -3 4 -2 4 3 4",48,1,0
2300,1,"1 2 -1 4 2 4 -1 4 -2 -2 4 1",24,1,0
2301,1,"1 2 4 -1 -1 4 2 1 4 -2 -2 4",12,1,256
2302,1,"1 2 3 4 -1 -3 4 4 -2 -3 4 3",48,1,128
2303,1,"1 2 3 4 -2 4 3 -1 -3 4 -3 4",48,1,-64
2304,1,"1 2 3 4 4 -3 -1 -3 4 -2 4 3",48,1,128
2305,1,"1 2 4 4 -2 -1 -2 -4 2 4 4 4",24,1,-256
2306,1,"1 2 -1 4 2 4 -2 -2 4 -1 4 1",24,1,0
2307,1,"1 4 2 4 -1 4 -2 -4 2 4 4 -2",24,1,-128
2308,1,"1 2 1 4 4 4 -1 4 2 -1 -2 -2",24,1,-256
2309,1,"1 2 -1 -2 4 4 2 4 -2 -1 4 1",24,1,0
2310,1,"1 2 4 -1 4 3 2 4 -2 -3 4 -2",48,1,0
2311,1,"1 2 3 4 2 -3 -2 -1 4 4 -2 4",48,1,128
2312,1,"1 2 4 4 4 -2 -1 -4 -2 4 4 2",24,1,256
2313,1,"1 4 2 4 -2 -4 2 4 4 -2 -1 4",24,1,-128
2314,1,"1 2 3 4 -1 4 2 4 -2 -3 -2 4",48,1,64
2315,1,"1 2 2 2 4 4 -2 -1 -2 4 -2 4",24,1,256
2316,1,"1 2 4 3 4 -3 -1 3 -2 4 4 -3",48,1,0
2317,1,"1 2 3 -2 -3 4 3 4 -1 4 -3 4",48,1,-64
2318,1,"1 2 2 3 4 -2 4 -1 4 -3 -2 4",48,1,128
2319,1,"1 2 4 4 -2 -2 4 4 4 -1 -4 2",24,1,0
2320,1,"1 2 3 -2 -1 2 4 4 -2 -3 4 4",48,1,128
2321,1,"1 2 4 -1 2 4 -2 3 4 -2 -3 4",48,1,128
2322,1,"1 2 3 4 4 2 -3 4 -2 -1 4 -2",48,1,128
2323,1,"1 2 4 4 -2 4 2 -4 -1 4 -2 4",24,1,-128
2324,1,"1 2 3 -2 4 -3 4 -2 4 -1 2 4",48,1,0
2325,1,"1 2 2 4 -2 1 4 -2 4 -1 -1 4",24,1,0
2326,1,"1 2 3 4 3 4 4 -2 -3 4 -1 -3",48,1,-128
2327,1,"1 2 3 4 -3 4 -2 4 -1 3 4 -3",48,1,64
2328,1,"1 2 -1 -1 -2 4 2 4 -2 1 4 4",24,1,-256
2329,1,"1 2 4 3 -1 4 -3 -3 4 -2 4 3",48,1,128
2330,1,"1 2 4 4 4 3 4 -2 -3 -3 -1 3",48,1,0
2331,1,"1 2 4 4 -1 -4 3 4 -3 4 -2 4",48,1,0
2332,1,"1 2 4 4 3 -2 -3 4 4 3 -1 -3",48,1,-128
2333,1,"1 2 3 4 -3 2 4 -1 -2 4 4 -2",48,1,0
2334,1,"1 2 4 4 -2 -4 -4 -1 4 4 4 4",24,1,512
2335,1,"1 2 1 4 2 -1 4 -2 -2 4 -1 4",24,1,128
2336,1,"1 2 3 3 4 4 -1 -2 4 -3 -3 4",48,1,0
2337,1,"1 2 3 4 -3 4 4 -2 -3 4 -1 3",48,1,128
2338,1,"1 2 3 4 4 3 4 -1 -3 -3 -2 4",48,1,0
2339,1,"1 2 3 3 -1 -3 4 4 -2 -3 4 4",48,1,0
2340,1,"1 4 -1 -4 -4 2 4 4 4 -2 4 4",24,1,0
2341,1,"1 2 3 4 4 -2 3 -1 -3 -3 4 4",48,1,0
2342,1,"1 2 2 4 3 4 -3 4 -2 -1 4 -2",48,1,128
2343,1,"1 2 3 -1 -3 -2 4 4 4 3 4 -3",48,1,-128
2344,1,"1 2 3 -1 4 4 4 -3 -2 3 4 -3",48,1,128
2345,1,"1 2 -1 -2 4 -2 4 -1 4 2 4 1",24,1,-128
2346,1,"1 2 3 -2 4 -3 4 -3 -1 4 4 3",48,1,128
2347,1,"1 2 -1 -2 4 2 4 -2 4 -2 4 2",24,1,0
2348,1,"1 2 2 4 3 -2 4 -1 4 -2 -3 4",48,1,0
2349,1,"1 4 2 4 4 -1 -4 -2 -2 4 2 4",24,1,0
2350,1,"1 2 1 -2 4 4 -2 -1 -1 4 2 4",24,1,0
2351,1,"1 2 4 -1 3 4 3 4 -3 -2 4 -3",48,1,128
2352,1,"1 2 4 4 4 2 4 -1 -4 -2 -2 4",24,1,-256
2353,1,"1 2 3 4 -2 -1 -3 4 -3 4 3 4",48,1,0
2354,1,"1 2 -1 -2 1 4 4 4 -2 -1 2 4",24,1,0
2355,1,"1 2 4 3 4 4 -3 -1 3 4 -2 -3",48,1,0
2356,1,"1 2 2 -1 -1 4 4 4 -2 -2 1 4",24,1,-512
2357,1,"1 2 3 4 3 4 -3 -1 -2 4 -3 4",48,1,64
2358,1,"1 2 3 4 -1 4 -2 -3 -3 4 3 4",48,1,0
2359,1,"1 2 3 -2 4 -3 -3 4 -1 3 4 4",48,1,128
2360,1,"1 2 3 3 4 -3 4 -1 4 4 -2 -3",48,1,-128
2361,1,"1 2 3 4 4 -3 4 -2 -1 -2 4 2",48,1,128
2362,1,"1 2 -1 4 2 3 4 -2 -2 4 -3 4",48,1,0
2363,1,"1 2 2 3 -2 4 4 -3 4 -1 4 -2",48,1,0
2364,1,"1 2 3 3 -1 -2 4 -3 4 4 -3 4",48,1,-128
2365,1,"1 2 3 2 4 4 -1 -2 -3 4 4 -2",48,1,-128
2366,1,"1 2 -4 -1 4 4 2 4 4 4 -2 -2",24,1,-512
2367,1,"1 2 4 3 -2 3 -1 -3 -3 4 4 4",48,1,0
2368,1,"1 2 4 4 4 -2 4 -2 -1 4 2 -4",24,1,0
2369,1,"1 4 2 4 -2 -4 -2 4 4 2 -1 4",24,1,128
2370,1,"1 2 -1 4 4 4 2 2 4 -2 -2 -2",24,1,-512
2371,1,"1 2 3 3 -2 4 4 -1 4 -3 4 -3",48,1,-128
2372,1,"1 2 4 -2 4 4 4 -2 -1 -4 2 4",24,1,0
2373,1,"1 2 3 -1 -3 4 -3 4 3 4 -2 4",48,1,-64
2374,1,"1 2 3 -1 -3 -3 -2 4 4 4 4 3",48,1,-256
2375,1,"1 2 4 3 4 4 4 -3 -2 -4 -1 4",48,1,128
2376,1,"1 2 1 2 4 -1 -2 -1 4 4 4 -2",24,1,0
2377,1,"1 2 2 2 4 4 -2 -2 4 -1 4 -2",24,1,0
2378,1,"1 4 4 4 2 4 -2 4 -2 -1 -4 2",24,1,-256
2379,1,"1 4 2 3 4 2 -1 4 -2 -3 4 -2",24,1,-64
2380,1,"1 2 4 4 3 4 -3 4 -1 -4 -2 4",48,1,-128
2381,1,"1 4 2 2 -1 4 4 -2 4 4 -2 -4",24,1,-256
2382,1,"1 2 3 4 2 -1 4 -3 4 -2 4 -2",48,1,-64
2383,1,"1 2 4 -2 -4 -1 4 -2 4 4 2 4",24,1,128
2384,1,"1 2 4 -1 4 -2 -2 -2 4 4 2 2",24,1,512
2385,1,"1 2 1 -2 4 -1 -1 2 4 4 -2 4",24,1,0
2386,1,"1 2 3 3 4 -3 4 -1 -3 -2 4 4",48,1,0
2387,1,"1 2 3 2 -1 -2 4 -3 4 4 4 -2",48,1,-256
2388,1,"1 2 2 4 4 -2 -2 -2 -1 4 4 2",24,1,512
2389,1,"1 2 3 -2 -1 -3 4 4 4 3 4 -3",48,1,-256
2390,1,"1 2 4 3 -2 -1 4 4 3 4 -3 -3",48,1,0
2391,1,"1 4 -1 -4 2 4 -2 4 -2 4 4 2",24,1,-128
2392,1,"1 2 3 4 -3 4 3 4 -1 -2 4 -3",48,1,0
2393,1,"1 2 -1 -4 3 4 4 -3 -2 4 4 4",48,1,256
2394,1,"1 2 3 -4 -1 4 -2 4 4 -3 4 4",48,1,-128
2395,1,"1 4 -1 4 4 2 4 -2 4 2 -4 -2",24,1,-128
2396,1,"1 2 3 4 -2 4 -3 -1 4 -3 4 3",48,1,64
2397,1,"1 2 2 4 2 -1 -2 -2 4 -2 4 4",24,1,-256
2398,1,"1 2 4 4 -2 -2 -2 4 2 -1 4 2",24,1,256
2399,1,"1 2 -1 -1 4 1 -2 4 2 4 4 -2",24,1,0
2400,1,"1 2 3 4 -3 -2 3 4 4 -3 -1 4",48,1,0
2401,1,"1 2 -1 2 4 4 3 4 -3 -2 -2 4",48,1,128
2402,1,"1 2 4 4 -2 4 2 4 -1 -4 -2 4",24,1,-128
2403,1,"1 4 2 -1 4 2 4 2 4 -2 -2 -2",24,1,0
2404,1,"1 2 3 -2 4 4 -1 -2 4 -3 2 4",48,1,-128
2405,1,"1 1 -4 -1 4 -1 4 4 -1 4 1 4",6,1,-256
2406,1,"1 2 -1 4 -2 4 4 4 4 2 -4 -2",24,1,256
2407,1,"1 2 3 4 4 -3 -1 4 4 -3 -2 3",48,1,128
2408,1,"1 4 4 2 -1 -4 2 4 4 -2 -2 4",24,1,256
2409,1,"1 2 4 4 2 2 4 -1 4 -2 -2 -2",24,1,0
2410,1,"1 2 -1 -2 4 3 4 -3 4 -2 4 2",48,1,0
2411,1,"1 2 2 4 -1 -2 4 3 4 -3 -2 4",48,1,0
2412,1,"1 2 3 4 -3 -2 4 4 -1 3 4 -3",48,1,128
2413,1,"1 2 1 2 4 4 4 -2 -1 -1 4 -2",24,1,256
2414,1,"1 2 2 -1 4 4 4 -2 -2 -1 4 1",24,1,512
2415,1,"1 2 3 2 -1 4 -3 -2 4 4 4 -2",48,1,-128
2416,1,"1 2 4 4 -1 -4 -2 4 2 4 -2 4",24,1,-128
2417,1,"1 2 3 4 4 -3 -2 4 2 -1 -2 4",48,1,-128
2418,1,"1 2 3 4 4 4 -1 4 4 -2 -3 -4",48,1,-256
2419,1,"1 2 4 3 4 4 -3 -4 -1 4 -2 4",48,1,0
2420,1,"1 2 3 4 -1 4 -3 -2 4 2 4 -2",48,1,0
2421,1,"1 2 2 4 -2 4 -2 4 -1 -1 4 1",24,1,256
2422,1,"1 2 3 -2 -3 4 4 -2 4 2 -1 4",48,1,0
2423,1,"1 2 3 4 -3 4 4 -1 -3 -2 3 4",48,1,0
2424,1,"1 2 4 -1 -2 4 -2 3 4 -3 4 2",48,1,64
2425,1,"1 2 3 4 -2 4 4 4 -3 -3 -1 3",48,1,0
2426,1,"1 2 4 -1 3 -2 -3 -3 4 3 4 4",48,1,-128
2427,1,"1 2 3 -2 4 4 2 4 -1 -2 -3 4",48,1,-128
2428,1,"1 2 2 4 -2 4 -2 4 -2 -1 4 2",24,1,128
2429,1,"1 4 -1 4 4 2 4 2 4 -2 -4 -2",24,1,128
2430,1,"1 2 3 4 -2 -3 4 4 2 4 -1 -2",48,1,0
2431,1,"1 2 4 4 4 3 4 -3 4 -1 -2 -4",48,1,-256
2432,1,"1 2 3 4 4 -1 3 -2 4 -3 4 -3",48,1,0
2433,1,"1 2 -1 2 2 4 -2 4 -2 -2 4 4",24,1,256
2434,1,"1 2 3 4 4 3 -2 4 4 -1 -3 -3",48,1,-256
2435,1,"1 2 3 4 3 4 -3 -2 4 -1 4 -3",48,1,64
2436,1,"1 2 3 4 -2 -3 4 2 -1 4 -2 4",48,1,0
2437,1,"1 2 3 4 4 4 2 -3 -2 -2 -1 4",48,1,256
2438,1,"1 2 2 1 4 -2 4 -2 -1 4 -1 4",24,1,128
2439,1,"1 2 -4 -2 4 4 -2 4 -1 4 4 2",24,1,-256
2440,1,"1 2 3 -4 -3 4 4 4 -1 4 4 -2",48,1,0
2441,1,"1 2 3 -2 4 4 -3 4 4 -2 -1 2",48,1,0
2442,1,"1 2 -4 2 4 4 -2 4 4 -2 -1 4",24,1,256
2443,1,"1 2 3 4 3 4 -1 -2 4 -3 4 -3",48,1,0
2444,1,"1 2 3 4 3 4 -2 -3 4 -3 -1 4",48,1,64
2445,1,"1 2 3 4 -2 4 -3 2 4 -1 -2 4",48,1,0
2446,1,"1 4 2 4 3 4 -2 -4 -3 4 -1 4",48,1,0
2447,1,"1 2 4 -1 3 -2 3 4 -3 4 -3 4",48,1,64
2448,1,"1 2 3 4 -1 4 3 4 -3 -2 4 -3",48,1,64
2449,1,"1 2 3 4 4 4 -1 3 4 -3 -3 -2",48,1,256
2450,1,"1 2 3 4 -2 4 2 -1 4 -3 4 -2",48,1,-64
2451,1,"1 2 3 4 -3 -2 4 -3 -1 4 3 4",48,1,64
2452,1,"1 2 3 4 -3 4 -3 -1 -2 4 3 4",48,1,64
2453,1,"1 2 3 4 4 4 -3 -1 -3 4 -2 3",48,1,128
2454,1,"1 2 -1 -2 -4 3 4 4 4 4 -3 4",48,1,0
2455,1,"1 2 3 4 -1 4 -3 4 -3 -2 4 3",48,1,64
2456,1,"1 4 2 2 4 4 4 -1 -4 -2 4 -2",24,1,-256
2457,1,"1 2 3 4 -3 2 4 -2 4 -2 -1 4",48,1,0
2458,1,"1 2 2 -1 4 4 -2 -1 4 -2 1 4",24,1,0
2459,1,"1 2 3 -1 -2 -3 4 4 -3 4 4 3",48,1,0
2460,1,"1 2 3 -2 4 -2 -1 2 -3 4 4 4",48,1,-128
2461,1,"1 2 3 -1 4 3 -2 4 -3 4 -3 4",48,1,0
2462,1,"1 2 1 4 2 -1 -1 -2 4 -2 4 4",24,1,0
2463,1,"1 2 4 3 3 -2 -1 4 4 4 -3 -3",48,1,0
2464,1,"1 2 -1 2 4 -2 -2 4 2 4 4 -2",24,1,0
2465,1,"1 2 -1 -2 4 -1 4 2 4 -2 4 1",24,1,-128
2466,1,"1 2 4 4 3 4 3 -1 -3 -2 4 -3",48,1,-128
2467,1,"1 2 4 4 2 -4 -2 -1 4 -2 4 4",24,1,-256
2468,1,"1 2 3 4 -3 -1 -2 4 3 4 4 -3",48,1,128
2469,1,"1 2 2 4 4 4 4 4 -2 -1 -4 -2",24,1,-512
2470,1,"1 2 -1 -2 4 -2 -1 2 4 1 4 4",24,1,128
2471,1,"1 2 3 3 4 -3 -1 4 -2 -3 4 4",48,1,0
2472,1,"1 2 1 -2 4 -1 2 4 4 -1 -2 4",24,1,128
2473,1,"1 2 3 3 -2 -3 4 4 4 -3 -1 4",48,1,0
2474,1,"1 2 4 -2 -1 4 4 2 4 4 -2 -4",24,1,0
2475,1,"1 2 3 3 4 4 -3 -2 -1 -3 4 4",48,1,256
2476,1,"1 2 4 3 4 4 -1 4 3 -2 -3 -3",48,1,-128
2477,1,"1 2 -1 4 1 2 4 4 -1 -2 -2 4",24,1,-256
2478,1,"1 2 -1 4 3 -2 -3 4 4 -3 4 3",48,1,128
2479,1,"1 2 4 3 3 -2 4 4 4 -3 -1 -3",48,1,0
2480,1,"1 2 4 2 4 4 -1 -4 -2 4 4 -2",24,1,-256
2481,1,"1 2 -1 4 3 4 4 3 4 -3 -2 -3",48,1,0
2482,1,"1 2 3 4 -3 4 -3 -2 4 3 -1 4",48,1,64
2483,1,"1 2 4 4 3 4 4 3 -2 -3 -1 -3",48,1,-128
2484,1,"1 1 1 4 -1 4 4 -1 4 4 -1 -4",6,1,-512
2485,1,"1 4 4 4 2 4 -1 -4 2 4 -2 -2",24,1,256
2486,1,"1 2 4 3 4 3 -1 -3 -3 -2 4 4",48,1,-128
2487,1,"1 2 3 4 -2 -2 -3 2 4 -1 4 4",48,1,-128
2488,1,"1 2 4 3 4 -1 4 -3 2 4 -2 -2",48,1,0
2489,1,"1 2 4 -2 4 -1 2 4 4 4 -2 -4",24,1,0
2490,1,"1 2 3 -2 -1 4 -2 -3 4 4 4 2",48,1,-128
2491,1,"1 2 2 4 -2 3 4 -3 4 -1 4 -2",48,1,0
2492,1,"1 2 3 -2 -1 4 -3 4 4 -3 4 3",48,1,128
2493,1,"1 4 2 -4 -1 4 4 2 4 -2 4 -2",24,1,-128
2494,1,"1 2 1 -2 -1 4 2 -1 4 -2 4 4",24,1,128
2495,1,"1 2 3 3 4 4 -2 -1 4 -3 4 -3",48,1,0
2496,1,"1 2 2 3 4 -1 4 -2 -2 -3 4 4",48,1,0
2497,1,"1 2 4 3 3 4 -3 4 -1 4 -2 -3",48,1,0
2498,1,"1 2 4 4 3 4 -1 -4 -2 4 -3 4",48,1,-128
2499,1,"1 2 4 3 -1 -3 4 3 4 -2 -3 4",48,1,64
2500,1,"1 2 4 -2 4 3 4 -3 4 3 -1 -3",48,1,-64
2501,1,"1 2 -1 4 3 -2 -3 4 4 2 4 -2",48,1,0
2502,1,"1 2 3 -2 3 -1 -3 4 4 -3 4 4",48,1,-128
2503,1,"1 2 3 -2 4 2 -1 4 -2 4 -3 4",48,1,0
2504,1,"1 2 3 -1 -3 -3 4 4 -2 4 4 3",48,1,0
2505,1,"1 2 3 2 4 -3 -2 -2 -1 4 4 4",48,1,256
2506,1,"1 2 -1 4 -1 -2 -2 1 4 2 4 4",24,1,-256
2507,1,"1 4 2 2 2 4 -2 -2 -1 4 -2 4",24,1,256
2508,1,"1 2 4 4 3 4 -1 3 -2 4 -3 -3",48,1,0
2509,1,"1 4 2 4 -2 4 -2 -1 -4 2 4 4",24,1,-128
2510,1,"1 2 3 4 -2 -3 -3 -1 4 4 3 4",48,1,128
2511,1,"1 2 -1 -2 -2 4 4 2 4 -2 4 2",24,1,0
2512,1,"1 2 -4 -2 -2 -1 4 2 4 4 4 4",24,1,-512
2513,1,"1 2 1 -2 -1 4 4 2 4 -1 -2 4",24,1,128
2514,1,"1 2 4 4 2 -1 4 2 4 -2 -2 -2",24,1,-256
2515,1,"1 2 4 4 4 2 -1 4 -2 4 -2 -4",24,1,-256
2516,1,"1 2 3 -2 4 -3 4 4 4 -2 -1 2",48,1,0
2517,1,"1 2 3 -4 -1 4 -3 4 4 4 4 -2",48,1,-256
2518,1,"1 2 2 3 4 -3 4 4 -1 -2 4 -2",48,1,-128
2519,1,"1 2 -1 4 4 4 4 2 -4 -2 -2 4",24,1,0
2520,1,"1 2 -1 2 2 4 -2 -2 4 -2 4 4",24,1,256
2521,1,"1 2 4 4 4 -2 4 2 -4 -1 4 -2",24,1,-256
2522,1,"1 2 -1 -1 2 4 -2 1 4 4 -2 4",24,1,0
2523,1,"1 2 3 4 -1 4 2 4 -3 -2 -2 4",48,1,128
2524,1,"1 2 3 -2 4 4 3 4 -3 -1 4 -3",48,1,0
2525,1,"1 2 4 4 4 3 -2 -3 -3 -1 3 4",48,1,256
2526,1,"1 2 4 3 3 4 -2 -3 -3 4 -1 4",48,1,128
2527,1,"1 2 4 -2 -2 4 2 4 -2 -1 4 2",24,1,128
2528,1,"1 2 3 3 4 -2 -1 -3 4 4 4 -3",48,1,-256
2529,1,"1 2 3 4 -1 -3 -2 4 3 4 4 -3",48,1,0
2530,1,"1 2 2 -1 4 4 3 4 -3 -2 4 -2",48,1,-128
2531,1,"1 2 4 -1 4 2 -4 -2 4 -2 4 4",24,1,-128
2532,1,"1 2 -1 4 -2 4 4 4 -2 -4 2 4",24,1,0
2533,1,"1 2 2 -4 -1 -2 4 4 4 4 -2 4",24,1,-512
2534,1,"1 2 4 -1 -4 2 4 -2 4 4 -2 4",24,1,128
2535,1,"1 2 2 -1 4 -2 4 -2 -1 4 4 1",24,1,256
2536,1,"1 2 4 -2 4 -1 -2 -4 2 4 4 4",24,1,0
2537,1,"1 2 3 -2 -1 4 4 -3 4 3 4 -3",48,1,-128
2538,1,"1 2 4 4 -2 3 -4 -1 4 -3 4 4",48,1,128
2539,1,"1 2 2 4 -2 -2 -1 4 -2 4 4 2",24,1,256
2540,1,"1 2 4 3 4 4 -2 4 -3 4 -1 -4",48,1,-128
2541,1,"1 2 2 4 3 4 -1 4 -2 -2 -3 4",48,1,128
2542,1,"1 2 1 4 -1 -2 4 2 -1 -2 4 4",24,1,-128
2543,1,"1 2 4 -1 -4 -2 4 -2 4 4 2 4",24,1,-128
2544,1,"1 2 2 4 -2 4 2 -1 4 -2 -2 4",24,1,0
2545,1,"1 2 4 4 3 4 -2 4 4 -1 -3 -4",48,1,-128
2546,1,"1 2 -1 4 -1 -2 4 1 2 4 -2 4",24,1,-128
2547,1,"1 2 4 4 -1 3 -2 3 4 -3 -3 4",48,1,128
2548,1,"1 2 -4 -2 4 2 4 4 4 -1 4 -2",24,1,0
2549,1,"1 2 -1 4 -2 -2 3 4 4 2 -3 4",48,1,0
2550,1,"1 2 -1 -4 -2 4 4 2 4 4 -2 4",24,1,-256
2551,1,"1 2 4 2 -1 4 -1 -2 4 -2 1 4",6,1,-128
2552,1,"1 2 2 2 4 4 -2 -1 -2 -2 4 4",24,1,512
2553,1,"1 2 3 -2 -2 4 4 2 -1 4 -3 4",48,1,0
2554,1,"1 2 -4 -1 4 4 -2 4 3 4 -3 4",48,1,-128
2555,1,"1 2 -1 -1 4 2 4 -2 4 4 -2 1",24,1,-256
2556,1,"1 2 -4 -2 4 -2 4 4 4 -1 4 2",24,1,-256
2557,1,"1 2 3 -2 4 -3 4 -2 -1 4 2 4",48,1,0
2558,1,"1 2 -1 4 -2 4 4 2 4 4 -2 -4",24,1,-256
2559,1,"1 2 3 4 -3 -1 4 -2 4 3 4 -3",48,1,64
2560,1,"1 2 4 -1 -2 4 4 4 2 -4 -2 4",24,1,0
2561,1,"1 4 2 4 4 -2 4 -1 4 -2 -4 2",24,1,-128
2562,1,"1 1 4 -1 4 -1 4 4 1 4 -1 -4",6,1,-256
2563,1,"1 2 1 2 -1 -2 4 -1 4 4 4 -2",24,1,-256
2564,1,"1 2 3 -2 4 4 -3 -2 4 -1 2 4",48,1,128
2565,1,"1 2 3 4 -1 4 -3 -3 4 -2 4 3",48,1,128
2566,1,"1 2 4 4 3 4 4 -2 -3 -3 -1 3",48,1,0
2567,1,"1 2 4 -1 4 -2 -4 -2 4 2 4 4",24,1,128
2568,1,"1 2 2 4 -2 -2 4 4 2 -1 -2 4",24,1,-256
2569,1,"1 2 1 2 4 -1 4 -2 -2 4 -1 4",24,1,128
2570,1,"1 2 3 4 3 4 4 -1 -3 -3 -2 4",48,1,0
2571,1,"1 2 -1 4 -1 -2 4 2 1 -2 4 4",24,1,128
2572,1,"1 2 4 4 3 -1 4 -3 -3 4 -2 3",48,1,0
2573,1,"1 2 2 4 -2 -1 4 -2 -1 4 4 1",24,1,256
2574,1,"1 2 3 -2 4 3 4 4 -3 -1 -3 4",48,1,0
2575,1,"1 2 1 2 -1 -1 4 4 4 4 -2 -2",24,1,-512
2576,1,"1 2 3 4 -3 4 -1 2 4 -2 4 -2",48,1,64
2577,1,"1 4 4 4 1 -4 -1 -4 -1 4 4 4",6,1,-512
2578,1,"1 2 -1 -2 4 -1 -2 1 4 2 4 4",24,1,-128
2579,1,"1 2 1 4 2 -1 4 -1 -2 -2 4 4",24,1,0
2580,1,"1 2 4 4 2 4 4 -1 -4 -2 -2 4",24,1,-256
2581,1,"1 2 3 4 -3 -3 -1 4 4 4 3 -2",48,1,0
2582,1,"1 2 3 4 -2 4 4 -3 2 4 -1 -2",48,1,0
2583,1,"1 2 3 3 -1 -3 -3 -2 4 4 4 4",48,1,-512
2584,1,"1 2 2 2 4 -2 -2 4 4 -2 -1 4",24,1,512
2585,1,"1 2 4 4 3 3 4 -1 -3 -2 4 -3",48,1,0
2586,1,"1 2 -1 2 4 3 4 -2 -2 4 -3 4",48,1,128
2587,1,"1 2 4 -2 -1 4 4 4 2 -4 -2 4",24,1,-256
2588,1,"1 2 -4 2 4 -2 4 4 4 -1 4 -2",24,1,0
2589,1,"1 2 1 2 4 4 -2 4 -1 4 -1 -2",24,1,-128
2590,1,"1 2 1 -2 4 2 4 -1 -2 -1 4 4",24,1,128
2591,1,"1 2 4 4 -2 -4 -2 4 4 2 -1 4",24,1,0
2592,1,"1 2 -1 4 4 2 4 2 4 -2 -2 -2",24,1,-256
2593,1,"1 2 3 3 -2 4 4 -1 4 -3 -3 4",48,1,0
2594,1,"1 2 -1 2 4 4 2 4 -2 4 -2 -2",24,1,0
2595,1,"1 2 3 -1 -3 4 -3 4 3 -2 4 4",48,1,0
2596,1,"1 2 3 3 4 -3 -2 4 4 -3 -1 4",48,1,128
2597,1,"1 2 4 -2 4 -1 3 -4 -3 4 4 4",48,1,-128
2598,1,"1 4 2 4 -2 -2 4 2 -4 -1 4 4",24,1,0
2599,1,"1 2 4 3 3 4 4 -2 4 -3 -1 -3",48,1,128
2600,1,"1 1 4 4 4 -1 4 4 4 -1 -4 -4",6,1,-1024
2601,1,"1 2 3 -1 -3 -2 3 4 4 4 -3 4",48,1,-128
2602,1,"1 2 4 -2 -1 4 4 3 3 4 -3 -3",48,1,256
2603,1,"1 1 4 -1 4 -1 4 4 -1 4 1 -4",6,1,256
2604,1,"1 2 3 -1 4 3 -2 4 -3 4 4 -3",48,1,-128
2605,1,"1 2 2 -1 4 -2 4 3 -2 4 -3 4",48,1,0
2606,1,"1 2 -1 4 3 4 3 -2 -3 -3 4 4",48,1,0
2607,1,"1 2 3 4 -2 4 4 4 4 -1 -3 -4",48,1,-256
2608,1,"1 2 4 -1 4 -2 3 4 -3 -3 4 3",48,1,0
2609,1,"1 2 4 4 -2 3 -1 4 -3 -3 4 3",48,1,128
2610,1,"1 4 4 4 1 4 4 4 -1 -4 -1 -4",6,1,-512
2611,1,"1 2 3 4 2 -1 -2 4 -3 4 4 -2",48,1,-128
2612,1,"1 2 -1 4 4 3 4 4 -3 -4 -2 4",48,1,0
2613,1,"1 2 4 3 -4 -2 4 4 4 -1 -3 4",48,1,-128
2614,1,"1 2 3 -1 4 -3 -2 4 -3 4 4 3",48,1,0
2615,1,"1 4 2 4 -2 -2 -2 4 2 2 -1 4",24,1,256
2616,1,"1 2 3 3 4 -1 4 4 4 -3 -2 -3",48,1,0
2617,1,"1 2 4 4 3 4 -2 -4 -1 -3 4 4",48,1,128
2618,1,"1 2 -1 -1 2 1 4 -2 4 4 -2 4",24,1,256
2619,1,"1 2 4 4 4 3 3 4 -1 -3 -2 -3",48,1,0
2620,1,"1 2 2 4 2 -1 4 -2 4 4 -2 -2",24,1,-256
2621,1,"1 2 -4 3 4 -1 4 4 -2 4 -3 4",48,1,0
2622,1,"1 2 4 4 3 -1 4 3 -2 -3 4 -3",48,1,0
2623,1,"1 2 3 -2 4 4 4 -2 -1 2 -3 4",48,1,-128
2624,1,"1 1 4 4 -1 -1 4 4 1 -4 -1 4",6,1,-512
2625,1,"1 2 3 -2 -1 4 -3 4 4 3 4 -3",48,1,-128
2626,1,"1 2 -1 4 -2 4 1 2 4 -1 -2 4",24,1,-128
2627,1,"1 2 3 4 -3 -2 -3 -1 4 3 4 4",48,1,128
2628,1,"1 2 3 2 4 -3 -2 -2 4 4 -1 4",48,1,128
2629,1,"1 4 2 4 -2 -4 2 -1 4 4 4 -2",24,1,0
2630,1,"1 2 -1 -2 4 4 3 3 4 -3 4 -3",48,1,-128
2631,1,"1 2 3 4 -1 4 -2 -3 4 -3 4 3",48,1,64
2632,1,"1 2 3 4 4 -2 -3 -1 4 -3 4 3",48,1,128
2633,1,"1 2 4 2 4 -1 4 4 -2 -4 -2 4",24,1,128
2634,1,"1 2 4 4 3 3 -1 -3 4 -2 -3 4",48,1,128
2635,1,"1 2 3 4 -2 -3 -3 4 4 -1 3 4",48,1,128
2636,1,"1 2 2 -1 4 4 1 4 -2 -2 -1 4",24,1,256
2637,1,"1 2 3 -1 -3 4 -3 4 4 4 -2 3",48,1,-128
2638,1,"1 2 4 -1 4 4 4 3 -2 4 -3 -4",48,1,-128
2639,1,"1 2 3 4 -1 -3 4 -2 4 3 4 -3",48,1,-64
2640,1,"1 2 3 -2 4 4 -1 -3 -3 4 3 4",48,1,-128
2641,1,"1 4 2 4 2 -4 -1 4 4 -2 4 -2",24,1,-128
2642,1,"1 2 3 2 -3 4 -2 4 4 -1 -2 4",48,1,0
2643,1,"1 2 -1 -2 4 4 2 2 4 -2 4 -2",24,1,-256
2644,1,"1 4 -1 -4 2 2 4 -2 4 4 -2 4",24,1,0
2645,1,"1 2 -1 4 1 -2 -2 -1 4 4 2 4",24,1,256
2646,1,"1 2 3 4 -3 4 -1 -2 -2 4 4 2",48,1,128
2647,1,"1 2 2 4 -2 4 -2 -1 4 -1 4 1",24,1,256
2648,1,"1 2 4 -1 4 -2 -2 -4 2 4 4 4",24,1,-256
2649,1,"1 2 3 4 -2 4 4 -3 -1 -3 4 3",48,1,128
2650,1,"1 2 4 -2 -1 4 -2 3 4 2 -3 4",48,1,0
2651,1,"1 2 1 4 -2 4 2 -1 4 -1 -2 4",24,1,0
2652,1,"1 2 4 3 4 3 4 -2 -3 4 -1 -3",48,1,-64
2653,1,"1 4 -1 4 4 2 2 4 4 -2 -4 -2",24,1,256
2654,1,"1 2 3 4 -3 4 -2 -1 2 4 -2 4",48,1,64
2655,1,"1 2 4 -2 -2 4 4 4 4 -1 2 -4",24,1,0
2656,1,"1 2 4 -2 3 4 3 -1 -3 -3 4 4",48,1,128
2657,1,"1 4 2 4 -2 -4 -2 -1 4 4 4 2",24,1,0
2658,1,"1 2 3 4 -2 4 -3 4 2 4 -1 -2",48,1,-64
2659,1,"1 2 2 -4 -1 4 4 -2 4 4 -2 4",24,1,-256
2660,1,"1 2 2 -1 -2 4 -2 4 -2 4 4 2",24,1,0
2661,1,"1 2 1 4 -2 -2 4 -1 -1 2 4 4",24,1,256
2662,1,"1 2 -1 -2 -2 3 2 -3 4 4 4 4",48,1,256
2663,1,"1 2 -4 -2 4 4 -2 4 -1 4 2 4",24,1,-128
2664,1,"1 2 3 4 3 4 -2 -3 -3 -1 4 4",48,1,128
2665,1,"1 2 4 3 3 4 -1 4 -3 -2 -3 4",48,1,128
2666,1,"1 2 3 4 -2 4 -3 2 -1 4 -2 4",24,1,0
2667,1,"1 2 -4 -1 4 -2 4 4 4 -2 4 2",24,1,0
2668,1,"1 2 4 4 -1 -4 -2 4 3 4 -3 4",48,1,-128
2669,1,"1 2 3 4 -2 4 3 4 -3 -1 -3 4",48,1,64
2670,1,"1 2 4 -1 4 4 3 -2 -4 -3 4 4",48,1,-128
2671,1,"1 2 -1 4 3 2 -3 4 -2 -2 4 4",48,1,0
2672,1,"1 2 -4 2 -1 4 -2 4 4 -2 4 4",24,1,0
2673,1,"1 2 4 3 -4 -3 4 -2 -1 4 4 4",48,1,-256
2674,1,"1 2 -1 4 2 -1 -2 4 4 4 -2 1",24,1,-256
2675,1,"1 2 -1 -1 2 1 -2 4 4 -2 4 4",24,1,256
2676,1,"1 2 -4 -2 4 3 4 4 -3 4 -1 4",48,1,-128
2677,1,"1 2 3 -1 3 -2 4 4 -3 4 4 -3",48,1,-128
2678,1,"1 2 3 -1 -2 -3 4 -3 4 4 4 3",48,1,0
2679,1,"1 2 3 4 -3 -1 -2 3 4 4 4 -3",48,1,256
2680,1,"1 2 -1 4 3 3 4 -2 -3 4 4 -3",48,1,-128
2681,1,"1 2 -1 -4 3 -2 4 4 4 -3 4 4",48,1,-256
2682,1,"1 4 2 4 -1 4 -2 -4 -2 4 4 2",24,1,128
2683,1,"1 2 3 -2 4 4 -3 -4 -1 4 4 4",48,1,256
2684,1,"1 2 2 -1 4 4 2 4 -2 -2 4 -2",24,1,-256
2685,1,"1 2 -1 4 -2 1 2 4 4 -1 -2 4",24,1,-128
2686,1,"1 2 2 4 4 1 -2 4 -1 -1 -2 4",24,1,256
2687,1,"1 2 3 4 -1 -4 -2 -3 4 4 4 4",48,1,-256
2688,1,"1 2 1 -2 4 -1 2 4 -1 4 -2 4",24,1,0
2689,1,"1 2 4 3 4 -3 -3 4 -2 4 -1 3",48,1,0
2690,1,"1 2 3 4 3 4 -2 -1 4 4 -3 -3",48,1,0
2691,1,"1 2 -1 4 -2 -2 4 -2 4 2 2 4",24,1,0
2692,1,"1 2 3 4 4 -3 4 4 -2 3 -1 -3",48,1,-128
2693,1,"1 2 3 4 4 4 4 -3 4 -1 -4 -2",48,1,-256
2694,1,"1 2 4 3 4 4 -1 -4 -2 -3 4 4",48,1,-128
2695,1,"1 2 3 2 4 4 -2 -3 4 -2 -1 4",48,1,128
2696,1,"1 2 3 -2 4 4 -2 -1 2 -3 4 4",48,1,-128
2697,1,"1 2 -1 -2 4 4 -2 3 4 -3 2 4",48,1,-128
2698,1,"1 2 4 4 -1 4 4 -2 -2 4 2 -4",24,1,256
2699,1,"1 2 1 2 4 -1 4 4 4 -2 -1 -2",24,1,0
2700,1,"1 4 2 4 4 -1 4 4 4 -2 -4 -4",24,1,0
2701,1,"1 2 3 4 -1 -2 4 -3 4 -3 4 3",48,1,0
2702,1,"1 2 3 4 2 -1 4 4 -3 4 -2 -2",48,1,-128
2703,1,"1 2 -1 2 4 4 -2 4 2 4 -2 -2",24,1,0
2704,1,"1 2 4 -1 3 4 4 3 4 -3 -2 -3",48,1,128
2705,1,"1 2 3 4 -3 -2 -1 4 4 -2 4 2",48,1,128
2706,1,"1 2 3 4 -3 -3 4 4 -1 4 3 -2",48,1,0
2707,1,"1 4 -1 -4 2 4 4 -2 4 -2 4 2",24,1,-128
2708,1,"1 2 4 -1 4 4 4 3 -2 -4 -3 4",48,1,-128
2709,1,"1 2 4 2 -1 2 4 -2 -2 4 -2 4",24,1,128
2710,1,"1 2 3 -1 4 -3 4 -2 4 -3 4 3",48,1,64
2711,1,"1 2 3 3 4 4 4 -3 -1 4 -2 -3",48,1,0
2712,1,"1 2 3 4 -3 4 4 3 -1 4 -2 -3",48,1,-128
2713,1,"1 4 2 4 -1 -4 2 4 4 4 -2 -2",24,1,256
2714,1,"1 2 3 4 4 4 -3 -1 3 -2 4 -3",48,1,128
2715,1,"1 4 4 2 2 2 -1 4 4 -2 -2 -2",12,1,0
2716,1,"1 2 -1 -2 4 -1 2 4 -2 4 1 4",24,1,0
2717,1,"1 2 3 -2 -2 4 -3 4 2 -1 4 4",48,1,0
2718,1,"1 2 3 4 4 -3 -3 -2 3 4 -1 4",48,1,128
2719,1,"1 2 -1 -2 4 -1 2 4 1 4 -2 4",24,1,0
2720,1,"1 2 -1 -2 4 4 -2 1 4 -1 2 4",24,1,-128
2721,1,"1 2 4 2 4 -2 -4 -1 4 4 4 -2",24,1,256
2722,1,"1 2 -1 4 -2 -1 2 4 4 -2 4 1",24,1,256
2723,1,"1 2 -1 -2 4 4 4 4 4 -2 -4 2",24,1,0
2724,1,"1 2 -4 -1 4 3 4 4 -2 4 -3 4",48,1,-128
2725,1,"1 2 1 -2 -1 4 4 4 2 4 -1 -2",24,1,256
2726,1,"1 2 4 4 3 -1 4 -3 -2 3 4 -3",48,1,0
2727,1,"1 2 3 4 -2 4 4 3 -1 -3 4 -3",48,1,-128
2728,1,"1 2 -1 4 3 3 -2 -3 4 4 -3 4",48,1,0
2729,1,"1 2 4 -1 3 3 4 4 -3 4 -2 -3",48,1,0
2730,1,"1 2 4 4 2 4 -2 4 -1 -4 -2 4",24,1,-128
2731,1,"1 2 -1 4 -1 -2 4 4 2 4 -2 1",24,1,-256
2732,1,"1 2 2 2 4 -1 -2 -2 4 4 4 -2",24,1,-512
2733,1,"1 2 1 -2 -1 4 4 2 -1 4 -2 4",24,1,128
2734,1,"1 2 3 4 -3 -4 -1 4 4 4 4 -2",48,1,256
2735,1,"1 2 3 4 4 -1 4 -3 -4 -2 4 4",48,1,128
2736,1,"1 2 -1 4 -2 -2 3 4 2 -3 4 4",48,1,0
2737,1,"1 2 -1 -2 4 4 1 -2 4 -1 2 4",24,1,128
2738,1,"1 2 4 4 4 4 -2 -2 -4 -1 4 2",24,1,0
2739,1,"1 2 -1 -2 4 2 -1 -2 4 4 4 1",24,1,-256
2740,1,"1 2 -1 -2 4 4 -1 4 -2 1 2 4",24,1,-128
2741,1,"1 2 3 -2 4 3 4 -3 4 -1 -3 4",48,1,-64
2742,1,"1 2 3 4 -2 -1 4 -3 -2 4 4 2",48,1,128
2743,1,"1 2 3 4 -2 4 -3 -2 -1 4 4 2",48,1,128
2744,1,"1 2 3 4 3 -2 -3 -1 4 4 4 -3",48,1,-128
2745,1,"1 4 2 -1 4 -2 4 2 -4 -2 4 4",24,1,-128
2746,1,"1 2 -1 -2 4 4 2 2 4 -2 -2 4",24,1,-256
2747,1,"1 2 3 -2 4 4 -3 4 -3 -1 4 3",48,1,128
2748,1,"1 2 2 4 -2 4 -1 4 -2 -1 4 1",24,1,256
2749,1,"1 2 3 4 -1 2 4 4 -3 -2 -2 4",48,1,128
2750,1,"1 2 4 -1 4 3 4 -2 -3 2 4 -2",48,1,0
2751,1,"1 2 1 4 -2 -1 -1 -2 4 4 2 4",24,1,256
2752,1,"1 2 3 -1 -2 -3 -3 4 4 3 4 4",48,1,-256
2753,1,"1 2 3 4 -1 -2 4 4 -3 -3 4 3",48,1,0
2754,1,"1 2 4 3 3 4 -3 -3 -1 -2 4 4",48,1,0
2755,1,"1 2 3 -2 -1 -3 4 4 -3 4 3 4",48,1,-128
2756,1,"1 2 3 4 3 -2 -1 -3 4 4 4 -3",48,1,-256
2757,1,"1 2 2 3 4 -3 -2 4 -1 4 -2 4",48,1,128
2758,1,"1 2 -1 2 4 4 4 4 4 -2 -4 -2",24,1,0
2759,1,"1 2 4 3 -1 3 -2 -3 4 -3 4 4",48,1,0
2760,1,"1 2 3 3 4 -2 -1 -3 4 4 -3 4",48,1,0
2761,1,"1 2 4 3 4 3 -1 -2 4 -3 4 -3",24,1,-64
2762,1,"1 2 4 4 4 4 2 -1 4 -2 -2 -4",24,1,-512
2763,1,"1 2 4 4 -2 4 4 3 -1 -4 -3 4",48,1,-128
2764,1,"1 2 4 3 -2 3 4 4 -1 -3 4 -3",48,1,0
2765,1,"1 2 3 4 4 -3 4 -2 -2 -1 4 2",48,1,128
2766,1,"1 2 2 4 -2 4 -2 -2 4 -1 2 4",24,1,256
2767,1,"1 2 -1 4 1 -2 -2 4 4 -1 2 4",24,1,256
2768,1,"1 4 2 2 -4 -2 4 4 -2 4 -1 4",24,1,-256
2769,1,"1 2 4 -1 4 4 3 -4 -2 4 -3 4",48,1,0
2770,1,"1 2 4 4 2 4 4 -2 4 -1 -4 -2",24,1,-256
2771,1,"1 2 2 -1 -1 -2 4 -2 4 4 1 4",24,1,-256
2772,1,"1 2 3 4 -3 4 -3 -2 4 -1 4 3",48,1,64
2773,1,"1 2 3 4 2 -3 -2 4 4 -1 -2 4",48,1,0
2774,1,"1 2 4 2 -4 -1 4 4 4 -2 4 -2",24,1,-256
2775,1,"1 2 1 -2 4 -1 4 4 -1 2 4 -2",24,1,128
2776,1,"1 2 -1 -2 4 2 3 -2 4 4 -3 4",48,1,0
2777,1,"1 2 4 4 -2 4 4 -2 4 -1 -4 2",24,1,0
2778,1,"1 2 4 -1 2 4 4 -2 -2 -1 4 1",24,1,256
2779,1,"1 2 3 3 4 4 4 -2 -3 4 -1 -3",48,1,-256
2780,1,"1 2 2 -1 -2 -2 4 4 3 4 -3 4",48,1,-256
2781,1,"1 2 4 -1 2 -4 -2 4 -2 4 4 4",24,1,-256
2782,1,"1 4 2 -1 4 2 4 -2 -4 -2 4 4",24,1,128
2783,1,"1 2 1 2 4 4 -1 4 4 -1 -2 -2",24,1,-256
2784,1,"1 2 -1 2 4 -2 -2 4 -2 4 2 4",24,1,128
2785,1,"1 2 1 4 -2 4 2 4 4 -1 -1 -2",24,1,0
2786,1,"1 2 -1 4 4 -2 4 -1 -2 4 2 1",24,1,0
2787,1,"1 2 2 4 -2 -1 -2 4 -2 4 4 2",24,1,256
2788,1,"1 2 4 -2 1 4 -1 -1 -2 4 2 4",24,1,-128
2789,1,"1 2 3 -2 4 4 -3 -2 -1 4 2 4",48,1,128
2790,1,"1 2 3 4 -3 2 4 4 -2 -1 4 -2",48,1,0
2791,1,"1 2 4 -1 -4 -4 -2 4 4 4 4 4",24,1,-512
2792,1,"1 2 3 3 -1 -3 4 4 -2 4 4 -3",48,1,-256
2793,1,"1 2 4 4 3 -2 -3 -3 4 -1 3 4",48,1,128
2794,1,"1 2 4 3 4 -1 4 -3 -3 4 -2 3",48,1,0
2795,1,"1 2 3 -2 -2 4 -3 4 4 4 -1 2",48,1,0
2796,1,"1 2 3 -2 3 4 4 4 -3 -1 -3 4",48,1,128
2797,1,"1 2 4 4 3 4 -3 -3 -1 4 -2 3",48,1,0
2798,1,"1 2 1 2 4 -2 -2 -1 4 -1 4 4",24,1,256
2799,1,"1 2 1 4 -1 4 2 4 -2 4 -1 -2",24,1,0
2800,1,"1 2 2 -1 -2 -2 4 4 2 4 -2 4",24,1,-256
2801,1,"1 2 1 4 4 4 -2 -1 -1 2 4 -2",24,1,256
2802,1,"1 2 4 -2 3 4 -3 4 4 3 -1 -3",48,1,0
2803,1,"1 2 4 4 -2 3 4 -3 4 -3 -1 3",48,1,-128
2804,1,"1 2 3 4 4 -3 4 -3 -2 -1 4 3",48,1,128
2805,1,"1 2 1 -2 4 -1 2 4 -2 4 -1 4",24,1,0
2806,1,"1 4 2 4 -2 -2 -4 -1 4 2 4 4",24,1,0
2807,1,"1 2 2 4 -1 4 -2 -1 4 1 -2 4",24,1,128
2808,1,"1 2 3 4 -3 4 4 -1 3 4 -3 -2",48,1,128
2809,1,"1 2 4 3 -1 4 4 3 -2 -3 4 -3",48,1,0
2810,1,"1 2 4 4 3 4 3 -2 -3 -1 -3 4",48,1,0
2811,1,"1 2 4 4 -1 3 4 3 -2 4 -3 -3",48,1,0
2812,1,"1 2 4 -2 3 -1 3 4 -3 4 4 -3",48,1,128
2813,1,"1 2 -1 -4 3 4 4 -2 4 -3 4 4",48,1,0
2814,1,"1 2 3 3 4 4 -3 4 4 -3 -1 -2",48,1,0
2815,1,"1 2 4 -1 -2 -4 -2 4 2 4 4 4",24,1,0
2816,1,"1 2 3 -2 4 -3 4 3 4 4 -1 -3",48,1,-128
2817,1,"1 2 4 4 -2 -2 -2 4 -1 4 2 2",24,1,512
2818,1,"1 2 3 -2 4 -1 4 4 4 4 -3 -4",48,1,-256
2819,1,"1 2 4 4 3 4 4 -2 -1 -4 -3 4",48,1,0
2820,1,"1 2 4 3 4 -1 4 3 -2 4 -3 -3",48,1,0
2821,1,"1 2 3 4 -1 -4 -2 4 4 -3 4 4",48,1,-128
2822,1,"1 2 3 4 -1 4 4 -2 -4 -3 4 4",48,1,-128
2823,1,"1 2 3 4 -2 -3 4 -2 -1 4 4 2",48,1,0
2824,1,"1 2 2 3 -2 4 -2 -3 4 -1 4 4",48,1,-128
2825,1,"1 4 4 2 -1 4 4 -2 -2 4 2 -4",24,1,256
2826,1,"1 2 1 2 -1 -2 -1 4 4 -2 4 4",24,1,0
2827,1,"1 2 1 2 4 -1 -2 4 4 -1 4 -2",24,1,-128
2828,1,"1 2 4 3 4 3 4 -3 -3 -2 -1 4",48,1,128
2829,1,"1 2 3 4 4 2 -3 -2 -2 4 -1 4",48,1,128
2830,1,"1 1 4 -1 4 -1 4 -1 4 4 1 -4",6,1,256
2831,1,"1 2 -1 -2 4 -1 4 -2 4 4 2 1",24,1,0
2832,1,"1 4 4 2 4 -1 -4 2 4 4 -2 -2",24,1,256
2833,1,"1 2 1 4 -2 -1 -2 4 4 -1 2 4",24,1,128
2834,1,"1 2 3 4 4 4 3 -1 4 -2 -3 -3",48,1,-256
2835,1,"1 2 4 3 -1 3 4 -2 -3 4 4 -3",48,1,0
2836,1,"1 2 4 -1 3 3 -2 4 4 -3 4 -3",48,1,0
2837,1,"1 4 2 2 4 -2 4 4 -2 -4 -1 4",24,1,0
2838,1,"1 2 4 -2 4 4 4 3 -1 -4 -3 4",48,1,-128
2839,1,"1 2 3 4 4 -3 -3 4 3 -2 -1 4",48,1,0
2840,1,"1 2 3 4 -2 -1 4 -3 -2 4 2 4",48,1,64
2841,1,"1 2 3 4 -2 4 4 -3 -1 3 4 -3",48,1,128
2842,1,"1 2 -1 4 3 4 -2 -2 4 -3 2 4",48,1,0
2843,1,"1 2 1 4 -1 4 -2 -2 -1 4 2 4",24,1,128
2844,1,"1 2 3 -1 4 3 4 4 -3 4 -2 -3",48,1,-128
2845,1,"1 2 3 4 4 -3 4 4 -3 -1 3 -2",48,1,0
2846,1,"1 2 3 -1 -2 4 -3 -3 4 4 4 3",48,1,0
2847,1,"1 2 -1 4 -2 4 1 2 -1 4 -2 4",24,2,-128
2848,1,"1 2 4 3 3 -2 -3 -1 -3 4 4 4",48,1,0
2849,1,"1 2 2 3 -2 4 -3 4 -1 4 -2 4",48,1,0
2850,1,"1 2 3 -1 4 4 4 -3 4 -3 -2 3",48,1,-128
2851,1,"1 2 3 4 -3 4 -2 3 4 -1 -3 4",48,1,64
2852,1,"1 2 3 4 -2 4 4 -2 -3 4 -1 2",48,1,0
2853,1,"1 2 3 -2 -2 -1 4 4 4 2 -3 4",48,1,0
2854,1,"1 2 4 4 4 -2 3 -4 -3 4 -1 4",48,1,-128
2855,1,"1 2 3 -1 4 -3 4 -2 -3 4 3 4",48,1,0
2856,1,"1 2 4 3 3 -1 4 4 -2 -3 4 -3",48,1,0
2857,1,"1 2 3 2 4 4 -1 4 -2 -2 -3 4",48,1,128
2858,1,"1 2 -1 -2 -2 4 3 2 4 4 -3 4",48,1,-128
2859,1,"1 2 4 -1 -1 4 -2 -2 4 2 4 1",24,1,256
2860,1,"1 2 3 4 2 4 -1 4 -3 -2 -2 4",48,1,128
2861,1,"1 2 -1 4 3 3 4 -3 -2 4 -3 4",48,1,0
2862,1,"1 2 4 4 4 2 2 -1 4 -2 -2 -2",24,1,-512
2863,1,"1 2 -1 -2 -4 2 4 4 -2 4 4 4",24,1,256
2864,1,"1 1 1 4 -1 -1 4 1 4 -1 -1 4",6,1,512
2865,1,"1 2 -1 4 4 -2 -2 -2 4 2 4 2",24,1,256
2866,1,"1 2 3 4 -3 -3 -1 4 -2 4 4 3",48,1,128
2867,1,"1 2 -1 4 4 4 -2 4 -2 4 2 -4",24,1,256
2868,1,"1 2 3 -2 -1 -3 -3 4 4 4 3 4",48,1,-256
2869,1,"1 2 1 -2 4 4 2 4 -2 -1 -1 4",24,1,0
2870,1,"1 2 3 -2 4 -3 -2 4 -1 2 4 4",48,1,128
2871,1,"1 2 3 4 -2 -3 2 4 -1 -2 4 4",48,1,0
2872,1,"1 2 4 3 3 -1 -3 -3 4 -2 4 4",48,1,0
2873,1,"1 2 3 4 -1 4 -2 -2 -3 4 4 2",48,1,0
2874,1,"1 2 3 4 4 4 4 4 -1 -2 -3 -4",48,1,-256
2875,1,"1 2 2 2 -1 -2 4 -2 -2 4 4 4",24,1,-512
2876,1,"1 2 3 4 -3 -1 -3 4 4 -2 3 4",48,1,128
2877,1,"1 2 4 -2 4 2 -1 2 4 4 -2 -2",24,1,0
2878,1,"1 2 3 -4 -3 -1 4 4 4 -2 4 4",48,1,-256
2879,1,"1 2 2 4 -2 -2 -1 4 -1 4 4 1",24,1,512
2880,1,"1 2 3 -2 -3 4 -2 -1 4 2 4 4",48,1,-128
2881,1,"1 2 3 4 4 -1 -3 4 -2 3 4 -3",48,1,0
2882,1,"1 2 2 -1 -1 4 4 -2 -2 4 4 1",24,1,0
2883,1,"1 2 -1 4 -2 3 -2 4 -3 2 4 4",48,1,0
2884,1,"1 2 3 -2 -1 2 4 4 -3 4 4 -2",48,1,0
2885,1,"1 2 3 4 4 -3 -1 -3 4 3 -2 4",48,1,0
2886,1,"1 2 2 -1 4 -1 -2 4 4 -2 4 1",24,1,-256
2887,1,"1 2 2 4 -2 -1 4 2 4 -2 -2 4",24,1,256
2888,1,"1 2 3 4 -2 4 -1 -4 -3 4 4 4",48,1,-128
2889,1,"1 2 4 3 4 -3 -3 -1 4 -2 4 3",48,1,0
2890,1,"1 2 4 4 -2 -4 -2 -1 4 4 4 2",24,1,256
2891,1,"1 2 3 4 4 4 -2 3 4 -1 -3 -3",48,1,0
2892,1,"1 2 4 3 4 -3 4 4 -2 -3 -1 3",48,1,0
2893,1,"1 4 2 2 -4 -1 4 4 -2 4 4 -2",24,1,-256
2894,1,"1 2 1 4 -1 4 4 -1 2 4 -2 -2",24,1,256
2895,1,"1 2 3 2 4 -2 -3 4 4 -2 -1 4",48,1,128
2896,1,"1 2 -1 -2 4 -2 4 4 3 2 -3 4",48,1,0
2897,1,"1 2 3 4 -3 4 3 4 -1 -3 -2 4",48,1,0
2898,1,"1 2 2 4 -1 -2 4 2 4 -2 -2 4",24,1,0
2899,1,"1 2 4 -1 4 -2 3 3 4 -3 4 -3",48,1,128
2900,1,"1 2 3 -2 4 4 -2 4 -3 2 -1 4",48,1,0
2901,1,"1 2 4 -1 -2 4 2 4 -2 -1 4 1",24,1,128
2902,1,"1 2 3 3 4 4 -2 -3 -3 -1 4 4",48,1,256
2903,1,"1 2 -1 -2 -4 -2 4 4 2 4 4 4",24,1,-256
2904,1,"1 2 4 -2 4 4 3 -4 -1 -3 4 4",48,1,-128
2905,1,"1 2 4 -1 -2 4 1 2 4 -2 -1 4",24,1,0
2906,1,"1 2 1 2 -1 4 -1 4 4 -2 -2 4",24,1,0
2907,1,"1 2 2 3 -2 4 -1 -2 4 4 -3 4",48,1,0
2908,1,"1 4 2 4 4 -2 4 -1 -4 -2 4 2",24,1,128
2909,1,"1 2 2 4 -2 -2 4 4 -2 -1 2 4",24,1,256
2910,1,"1 2 -1 4 -2 4 2 -1 -2 4 1 4",24,1,-128
2911,1,"1 2 3 4 -2 -1 3 4 -3 4 -3 4",48,1,128
2912,1,"1 2 -1 4 -2 4 3 2 -3 4 -2 4",24,1,0
2913,1,"1 2 4 -1 4 3 3 -2 4 4 -3 -3",48,1,0
2914,1,"1 2 3 4 4 3 4 -3 -1 4 -2 -3",48,1,0
2915,1,"1 2 3 4 4 -3 -1 4 -2 3 4 -3",48,1,128
2916,1,"1 2 3 4 4 -3 4 -2 3 -1 4 -3",48,1,0
2917,1,"1 2 -1 4 3 4 -3 4 -3 -2 4 3",48,1,-64
2918,1,"1 2 2 -1 4 2 4 -2 -2 4 -2 4",24,1,0
2919,1,"1 2 2 2 -1 4 4 4 -2 -2 -2 4",24,1,0
2920,1,"1 4 2 4 4 2 4 -1 -4 -2 4 -2",24,1,-128
2921,1,"1 2 3 -1 3 -2 4 4 -3 4 -3 4",48,1,0
2922,1,"1 2 2 4 -2 1 4 -1 4 -2 -1 4",24,1,128
2923,1,"1 2 3 4 -3 -1 -2 -3 4 4 3 4",48,1,0
2924,1,"1 2 4 3 -1 4 4 4 4 -2 -3 -4",48,1,-256
2925,1,"1 2 2 1 4 -2 -2 -1 -1 4 4 4",24,1,512
2926,1,"1 2 4 3 -2 4 3 4 4 -3 -1 -3",48,1,0
2927,1,"1 2 -1 -2 1 2 4 -2 4 -1 4 4",24,1,-128
2928,1,"1 2 3 3 4 -3 -1 4 -2 4 4 -3",48,1,128
2929,1,"1 2 4 3 -1 4 4 -3 -2 3 4 -3",48,1,0
2930,1,"1 2 -1 4 -2 1 2 4 -1 4 -2 4",24,1,-128
2931,1,"1 2 2 4 1 4 -2 4 -1 -1 -2 4",24,1,0
2932,1,"1 2 3 3 -2 -3 4 4 4 4 -1 -3",48,1,-256
2933,1,"1 2 3 3 4 4 -3 -2 -1 4 4 -3",48,1,256
2934,1,"1 2 1 4 4 2 -1 -2 4 4 -1 -2",24,1,-256
2935,1,"1 2 4 2 2 4 4 -2 -1 4 -2 -2",24,1,256
2936,1,"1 2 4 2 2 -1 -2 4 -2 -2 4 4",24,1,-256
2937,1,"1 2 -1 -1 -2 4 4 4 2 4 -2 1",24,1,-512
2938,1,"1 2 3 4 4 -2 -3 2 4 4 -1 -2",48,1,128
2939,1,"1 2 3 4 -2 -1 4 2 -3 4 -2 4",48,1,64
2940,1,"1 2 3 4 2 4 -2 -3 4 -1 -2 4",48,1,0
2941,1,"1 2 4 -2 -2 4 4 -2 -1 4 2 2",24,1,256
2942,1,"1 2 4 3 4 -1 3 4 -3 4 -2 -3",48,1,0
2943,1,"1 2 4 -1 2 4 4 4 -2 -4 -2 4",24,1,256
2944,1,"1 2 4 4 3 -1 3 4 -3 -3 -2 4",48,1,128
2945,1,"1 2 1 -2 -2 4 4 4 -1 2 -1 4",24,1,256
2946,1,"1 2 3 4 -1 4 4 -3 -3 -2 3 4",48,1,128
2947,1,"1 2 3 4 -3 4 4 -3 4 3 -1 -2",48,1,-128
2948,1,"1 2 3 -2 -1 4 4 -3 -2 4 4 2",48,1,128
2949,1,"1 2 3 4 -3 4 4 4 4 -2 -1 -4",48,1,-256
2950,1,"1 2 1 -2 -1 -1 4 2 4 -2 4 4",24,1,0
2951,1,"1 4 2 4 4 2 4 -2 -1 -4 -2 4",24,1,128
2952,1,"1 2 -1 4 -2 -1 4 2 4 1 -2 4",24,1,128
2953,1,"1 2 3 4 3 4 4 4 -2 -3 -1 -3",48,1,-128
2954,1,"1 2 -1 4 -2 -1 4 2 4 -2 1 4",24,1,0
2955,1,"1 2 3 4 -3 -2 4 3 -1 -3 4 4",48,1,0
2956,1,"1 2 -1 4 2 4 3 4 -3 -2 4 -2",48,1,-64
2957,1,"1 2 2 4 -1 4 4 4 -2 -4 -2 4",24,1,256
2958,1,"1 2 2 3 4 -1 4 -2 4 -3 -2 4",48,1,128
2959,1,"1 2 3 -2 3 -1 -3 4 4 4 4 -3",48,1,-256
2960,1,"1 2 -1 4 3 4 4 -3 -2 -2 4 2",48,1,128
2961,1,"1 2 3 3 -2 -3 4 4 -3 -1 4 4",48,1,0
2962,1,"1 2 3 -4 -2 4 4 4 4 -3 -1 4",48,1,0
2963,1,"1 2 -1 4 -2 3 -4 -3 4 4 4 4",48,1,0
2964,1,"1 2 4 4 4 3 -2 -3 4 -3 -1 3",48,1,128
2965,1,"1 2 4 -1 3 3 4 4 -2 -3 4 -3",48,1,0
2966,1,"1 2 3 4 4 -2 4 3 -1 -3 4 -3",48,1,-128
2967,1,"1 2 3 4 -3 -2 -2 4 4 2 -1 4",48,1,0
2968,1,"1 2 2 4 4 4 -2 -4 -2 4 -1 4",24,1,256
2969,1,"1 2 2 4 -2 -2 -2 -1 2 4 4 4",24,1,512
2970,1,"1 2 4 3 4 3 -1 4 -2 -3 -3 4",48,1,128
2971,1,"1 2 -1 -2 4 4 1 -2 -1 4 2 4",24,1,128
2972,1,"1 2 4 4 4 4 -2 -4 2 -1 4 -2",24,1,256
2973,1,"1 2 3 -2 4 3 4 -3 -1 4 -3 4",48,1,64
2974,1,"1 2 4 -2 -2 -1 -4 2 4 4 4 4",24,1,0
2975,1,"1 2 -1 -2 4 2 4 2 4 -2 -2 4",24,1,-128
2976,1,"1 2 -1 -2 4 4 -2 -2 4 2 4 2",24,1,0
2977,1,"1 2 3 -2 -2 4 4 -1 4 2 -3 4",48,1,128
2978,1,"1 2 2 4 2 -1 4 4 4 -2 -2 -2",24,1,-512
2979,1,"1 2 3 4 3 -1 -2 4 -3 -3 4 4",48,1,-128
2980,1,"1 2 4 3 4 -3 -1 4 4 -3 -2 3",48,1,0
2981,1,"1 2 1 4 4 -1 -2 4 4 2 -1 -2",24,1,-256
2982,1,"1 2 3 4 3 4 -3 -3 -1 -2 4 4",48,1,128
2983,1,"1 2 4 4 -2 4 -2 4 2 -4 -1 4",24,1,-128
2984,1,"1 2 2 3 4 -3 -2 4 -1 -2 4 4",48,1,0
2985,1,"1 2 4 4 4 4 -1 4 2 -4 -2 -2",24,1,0
2986,1,"1 2 -1 2 4 4 -2 -2 4 -2 4 2",24,1,256
2987,1,"1 2 2 -1 4 -2 4 -2 -2 4 4 2",24,1,256
2988,1,"1 2 3 4 -2 -3 4 -1 3 4 4 -3",48,1,0
2989,1,"1 2 3 -2 -1 4 -3 4 -3 4 3 4",48,1,0
2990,1,"1 4 2 -4 2 -1 4 4 4 -2 -2 4",24,1,256
2991,1,"1 2 1 4 -2 4 2 -1 -2 4 -1 4",24,1,0
2992,1,"1 2 -1 4 4 4 -2 4 -2 -4 2 4",24,1,0
2993,1,"1 2 -1 4 2 4 4 -1 -2 -2 4 1",24,1,-256
2994,1,"1 2 4 3 4 4 -1 3 4 -3 -2 -3",48,1,128
2995,1,"1 2 3 2 -1 4 -3 4 -2 -2 4 4",48,1,0
2996,1,"1 2 3 4 -1 -3 -4 -2 4 4 4 4",48,1,0
2997,1,"1 2 -1 -2 1 4 4 -1 2 4 -2 4",24,1,-128
2998,1,"1 2 4 -2 -1 -2 4 4 2 2 4 -2",24,1,0
2999,1,"1 2 4 -2 3 3 4 -1 -3 4 -3 4",48,1,128
3000,1,"1 2 4 -2 -2 -1 4 2 4 -2 4 2",24,1,128
3001,1,"1 2 3 -4 -3 4 4 -1 4 -2 4 4",48,1,-128
3002,1,"1 2 -1 4 3 -2 4 4 2 -3 4 -2",48,1,-128
3003,1,"1 2 3 3 -1 4 -3 -3 4 -2 4 4",48,1,0
3004,1,"1 2 3 4 4 4 -1 -4 -3 -2 4 4",48,1,-256
3005,1,"1 2 3 4 2 -3 -2 4 -1 4 -2 4",48,1,64
3006,1,"1 2 2 2 4 4 -2 -1 4 -2 -2 4",24,1,512
3007,1,"1 2 4 4 -2 4 -2 4 4 -1 -4 2",24,1,0
3008,1,"1 2 3 3 -2 4 -3 -1 -3 4 4 4",48,1,0
3009,1,"1 2 4 3 -1 4 3 4 -3 4 -2 -3",48,1,0
3010,1,"1 2 4 4 -2 -4 -2 4 4 -1 4 2",24,1,256
3011,1,"1 2 2 3 -2 -2 -3 4 4 -1 4 4",48,1,-256
3012,1,"1 2 3 4 -1 3 -2 4 4 -3 -3 4",48,1,0
3013,1,"1 2 2 4 1 -2 4 -2 -1 -1 4 4",24,1,256
3014,1,"1 4 -1 -4 2 4 4 -2 -2 4 2 4",24,1,0
3015,1,"1 2 1 2 -1 -2 4 4 4 -1 4 -2",24,1,-256
3016,1,"1 2 -1 -1 -2 4 2 4 -2 4 1 4",24,1,-128
3017,1,"1 2 3 4 4 -2 3 -1 -3 4 4 -3",48,1,-128
3018,1,"1 2 3 2 -1 4 4 -2 4 -3 4 -2",48,1,-128
3019,1,"1 2 4 3 4 -2 4 3 4 -3 -1 -3",48,1,64
3020,1,"1 1 1 -4 -1 4 4 -1 4 4 -1 4",6,1,-512
3021,1,"1 2 3 4 -3 4 4 -1 -4 -2 4 4",48,1,-128
3022,1,"1 2 4 3 4 -2 3 4 -1 -3 -3 4",48,1,128
3023,1,"1 2 3 3 -1 -3 4 4 -2 4 -3 4",48,1,-128
3024,1,"1 2 3 4 4 -1 4 -2 -3 -3 4 3",48,1,128
3025,1,"1 2 4 3 4 -3 -1 4 3 4 -2 -3",48,1,0
3026,1,"1 2 -1 -2 4 4 3 -2 -3 4 2 4",48,1,0
3027,1,"1 2 2 3 4 -1 4 4 -3 -2 4 -2",48,1,0
3028,1,"1 4 -1 -4 1 -4 -1 4 4 4 4 4",6,1,512
3029,1,"1 2 3 -2 -3 4 4 -2 4 -1 2 4",48,1,-128
3030,1,"1 2 4 -2 4 3 4 -3 -3 4 -1 3",48,1,0
3031,1,"1 2 3 -2 -3 -2 4 2 4 4 -1 4",48,1,0
3032,1,"1 2 1 4 2 -1 4 4 -2 4 -1 -2",24,1,-128
3033,1,"1 2 1 4 -2 -1 4 2 4 -2 -1 4",24,1,0
3034,1,"1 2 1 4 -2 4 2 4 -1 -1 -2 4",24,1,128
3035,1,"1 4 1 -4 -1 -4 -1 4 4 4 4 4",6,1,-512
3036,1,"1 2 3 -1 -2 3 4 4 4 4 -3 -3",48,1,0
3037,1,"1 2 -1 4 -2 4 3 4 -3 -2 4 2",48,1,64
3038,1,"1 2 4 4 -1 3 3 4 -2 4 -3 -3",48,1,256
3039,1,"1 2 4 3 -1 4 -2 -3 -3 4 3 4",48,1,128
3040,1,"1 2 4 3 4 -1 3 -2 -3 4 4 -3",48,1,-128
3041,1,"1 2 2 4 4 -1 4 4 4 -2 -2 -4",24,1,-512
3042,1,"1 2 2 4 4 4 -2 4 -2 4 -1 -4",24,1,-256
3043,1,"1 2 3 -2 4 -3 -3 4 3 4 -1 4",48,1,0
3044,1,"1 2 4 3 4 -1 3 4 -2 4 -3 -3",48,1,128
3045,1,"1 2 -1 -2 -2 3 4 4 2 -3 4 4",48,1,0
3046,1,"1 2 -1 4 2 -4 -2 4 4 4 -2 4",24,1,0
3047,1,"1 2 3 4 -1 -4 -3 4 -2 4 4 4",48,1,-128
3048,1,"1 2 3 3 4 -3 -2 4 4 4 -1 -3",48,1,0
3049,1,"1 2 3 4 -3 -2 -1 4 3 4 -3 4",48,1,128
3050,1,"1 2 2 2 4 -2 4 4 -1 -2 -2 4",24,1,0
3051,1,"1 2 3 4 4 4 3 -1 -3 -2 4 -3",48,1,-128
3052,1,"1 2 3 4 -2 -1 4 -3 2 4 4 -2",48,1,128
3053,1,"1 2 3 3 -1 4 -3 4 4 -3 4 -2",48,1,-128
3054,1,"1 2 2 4 4 -2 -1 4 -2 -2 4 2",24,1,256
3055,1,"1 2 1 -2 4 4 -1 2 -1 -2 4 4",12,1,256
3056,1,"1 2 2 4 4 -1 -2 4 -2 -2 4 2",24,1,256
3057,1,"1 2 -1 4 4 1 -2 -2 -1 4 2 4",24,1,256
3058,1,"1 4 2 4 4 -2 4 2 -1 -4 -2 4",24,1,-128
3059,1,"1 1 4 4 4 4 4 -1 4 -1 -4 -4",6,1,-1024
3060,1,"1 2 -1 -2 4 4 -2 -1 4 1 2 4",24,1,-128
3061,1,"1 2 4 -1 4 3 3 -2 -3 4 -3 4",48,1,0
3062,1,"1 2 3 -2 4 -1 4 -2 -3 4 2 4",48,1,-64
3063,1,"1 2 1 2 4 -1 -2 4 -1 4 4 -2",24,1,-128
3064,1,"1 2 1 -2 -2 4 4 2 -1 -1 4 4",24,1,512
3065,1,"1 4 4 4 4 2 -1 -4 -2 -2 4 2",24,1,0
3066,1,"1 2 3 4 -3 -3 -2 4 3 4 -1 4",48,1,128
3067,1,"1 2 3 4 -2 -3 -1 -3 4 4 4 3",48,1,128
3068,1,"1 4 2 4 2 -1 4 4 -2 4 -2 -4",24,1,-128
3069,1,"1 2 2 4 4 2 -1 4 -2 -2 4 -2",24,1,-256
3070,1,"1 2 3 4 -2 -3 4 -2 -1 2 4 4",48,1,0
3071,1,"1 2 2 3 4 -2 -1 4 -2 -3 4 4",48,1,128
3072,1,"1 2 4 3 -2 3 -1 4 -3 4 -3 4",48,1,64
3073,1,"1 2 3 4 -1 4 4 -3 -3 4 3 -2",48,1,0
3074,1,"1 4 -1 -4 -1 -4 1 4 4 4 4 4",6,1,-512
3075,1,"1 2 -1 -2 -2 -2 4 4 4 4 2 2",24,1,0
3076,1,"1 2 -1 -1 2 4 4 1 -2 -2 4 4",24,1,512
3077,1,"1 2 -1 -2 4 -1 4 -2 4 1 2 4",24,1,-128
3078,1,"1 2 4 2 4 -1 -4 -2 -2 4 4 4",24,1,-256
3079,1,"1 4 2 4 3 4 -3 4 -2 -4 -1 4",48,1,0
3080,1,"1 2 3 2 4 4 -2 -3 4 -1 4 -2",48,1,0
3081,1,"1 2 -1 4 1 4 2 -1 -2 4 -2 4",24,1,-128
3082,1,"1 2 3 4 -3 4 4 3 -1 -2 4 -3",48,1,-128
3083,1,"1 2 3 -1 3 4 -3 4 4 -3 -2 4",48,1,128
3084,1,"1 2 -1 -2 4 4 -1 2 1 -2 4 4",12,1,256
3085,1,"1 2 1 -2 -2 -1 2 4 4 4 -1 4",24,1,-256
3086,1,"1 2 3 3 4 -3 -2 4 -3 -1 4 4",48,1,128
3087,1,"1 2 3 4 4 -2 4 -3 -1 3 4 -3",48,1,128
3088,1,"1 2 2 3 -2 4 -3 4 -1 -2 4 4",48,1,0
3089,1,"1 2 3 4 -1 3 4 4 -3 4 -2 -3",48,1,0
3090,1,"1 2 3 4 -3 4 -2 3 -1 4 -3 4",48,1,64
3091,1,"1 2 -1 4 3 4 -2 -3 4 -3 4 3",48,1,64
3092,1,"1 2 -1 4 4 3 -2 3 4 4 -3 -3",48,1,0
3093,1,"1 2 4 2 -1 4 3 4 -2 -3 4 -2",48,1,-64
3094,1,"1 2 3 -1 -2 4 3 4 4 -3 4 -3",48,1,-128
3095,1,"1 2 2 -1 4 4 1 -2 -2 -1 4 4",12,1,512
3096,1,"1 4 2 4 -2 4 -1 -4 2 4 -2 4",24,1,0
3097,1,"1 2 3 -1 -3 4 4 4 -3 4 -2 3",48,1,-128
3098,1,"1 4 2 2 4 2 -1 4 -2 4 -2 -2",24,1,0
3099,1,"1 2 1 -2 -1 2 4 -2 4 4 -1 4",24,1,-128
3100,1,"1 2 3 -2 4 4 -3 -1 4 -3 4 3",48,1,128
3101,1,"1 2 1 4 -1 4 2 4 -1 -2 -2 4",24,1,128
3102,1,"1 2 3 4 4 4 -3 4 4 -2 -1 -4",48,1,-256
3103,1,"1 2 4 -2 3 4 -1 -3 -3 4 3 4",48,1,128
3104,1,"1 2 4 4 2 -4 -1 4 -2 4 4 -2",24,1,-256
3105,1,"1 2 -4 -2 -1 4 2 4 4 4 4 -2",24,1,-256
3106,1,"1 2 3 3 4 -1 4 4 -3 -2 4 -3",48,1,128
3107,1,"1 2 4 3 4 -2 4 -1 3 4 -3 -3",48,1,128
3108,1,"1 2 3 -2 -3 4 -3 -1 3 4 4 4",48,1,128
3109,1,"1 2 3 4 4 4 4 -1 4 -2 -3 -4",48,1,-256
3110,1,"1 2 -1 4 2 4 4 -2 -2 -1 4 1",24,1,256
3111,1,"1 2 -1 4 3 4 4 3 -2 -3 -3 4",48,1,0
3112,1,"1 2 1 -2 -2 4 4 4 -1 -1 2 4",24,1,0
3113,1,"1 2 2 4 -2 -2 -1 -1 4 4 4 1",24,1,1024
3114,1,"1 4 -1 4 4 2 -4 -2 4 2 4 -2",24,1,-128
3115,1,"1 2 -1 4 3 4 4 -3 2 4 -2 -2",48,1,-128
3116,1,"1 4 -1 4 4 4 2 2 4 -2 -4 -2",24,1,256
3117,1,"1 2 3 4 -3 4 -2 4 2 -1 -2 4",48,1,-64
3118,1,"1 1 4 1 4 4 -1 4 -1 4 -1 -4",6,1,-256
3119,1,"1 2 3 4 -1 4 4 4 2 -3 -2 -2",48,1,0
3120,1,"1 2 4 4 2 4 -2 4 4 -1 -2 -4",24,1,-256
3121,1,"1 4 2 2 4 -1 4 -2 -4 -2 4 4",24,1,256
3122,1,"1 2 3 4 2 -3 -2 4 -2 4 -1 4",48,1,64
3123,1,"1 2 -1 -1 4 2 4 1 4 4 -2 -2",24,1,-256
3124,1,"1 4 2 -1 -4 -2 -2 4 4 4 2 4",24,1,-256
3125,1,"1 2 -4 3 4 -1 4 -2 4 -3 4 4",48,1,0
3126,1,"1 2 2 4 -2 4 4 -2 -1 -2 4 2",24,1,256
3127,1,"1 2 4 3 4 4 -3 -1 3 -2 4 -3",48,1,0
3128,1,"1 2 3 -2 -2 -1 4 -3 4 4 2 4",48,1,0
3129,1,"1 2 4 3 -1 -3 -2 4 3 4 -3 4",48,1,-64
3130,1,"1 2 3 4 4 4 -1 -4 -3 4 4 -2",48,1,-256
3131,1,"1 2 -1 2 4 4 4 3 4 -3 -2 -2",48,1,0
3132,1,"1 2 -4 2 -1 4 -2 4 4 4 4 -2",24,1,-256
3133,1,"1 2 2 3 -2 4 4 -1 4 -3 4 -2",48,1,0
3134,1,"1 4 2 4 -1 4 2 4 -2 4 -2 -4",24,1,0
3135,1,"1 2 3 -1 -3 4 4 -3 4 4 3 -2",48,1,0
3136,1,"1 2 -1 4 3 -2 4 -2 -3 4 2 4",48,1,0
3137,1,"1 4 2 4 2 4 4 -1 -4 -2 4 -2",24,1,-128
3138,1,"1 2 -1 -2 4 -2 -1 4 4 4 2 1",24,1,256
3139,1,"1 2 -1 4 1 4 2 -1 4 -2 -2 4",24,1,-128
3140,1,"1 4 -1 4 4 2 2 -4 -2 4 -2 4",24,1,-256
3141,1,"1 2 3 4 2 -3 4 4 -1 -2 -2 4",48,1,0
3142,1,"1 2 2 -1 -2 -2 4 4 -2 4 2 4",24,1,-256
3143,1,"1 2 4 4 3 4 3 -1 4 -3 -2 -3",48,1,0
3144,1,"1 2 3 4 4 -3 -2 -1 3 4 4 -3",24,1,256
3145,1,"1 2 4 4 -2 -1 4 4 -2 -4 2 4",24,1,-256
3146,1,"1 2 4 3 4 -1 -3 4 4 3 -2 -3",48,1,0
3147,1,"1 2 3 2 4 4 -1 -2 4 4 -3 -2",48,1,-128
3148,1,"1 2 3 -2 4 4 3 4 -3 -3 -1 4",48,1,128
3149,1,"1 2 1 4 2 4 4 4 -2 -1 -1 -2",24,1,256
3150,1,"1 2 4 3 -2 3 4 4 4 -3 -1 -3",48,1,128
3151,1,"1 2 -1 -2 1 2 4 -2 -1 4 4 4",24,1,-256
3152,1,"1 2 3 3 4 -3 -1 4 -2 4 -3 4",48,1,128
3153,1,"1 2 4 3 3 -1 -2 4 -3 4 -3 4",48,1,0
3154,1,"1 2 3 3 4 4 -3 -2 -1 4 -3 4",48,1,256
3155,1,"1 2 3 -2 4 -1 2 4 4 -3 -2 4",48,1,0
3156,1,"1 2 -1 4 3 -2 4 -3 4 -3 4 3",48,1,64
3157,1,"1 2 -1 4 4 3 4 3 4 -3 -2 -3",48,1,0
3158,1,"1 4 2 4 4 4 4 -1 4 -2 -4 -4",24,1,0
3159,1,"1 2 4 4 4 3 4 3 -2 -3 -1 -3",48,1,-128
3160,1,"1 2 4 -2 -2 4 -2 4 -1 4 2 2",24,1,256
3161,1,"1 2 -1 -1 4 -2 4 1 2 4 -2 4",24,1,-128
3162,1,"1 2 3 -2 -1 4 4 -3 4 -3 4 3",48,1,128
3163,1,"1 2 1 2 -1 4 4 -1 -2 4 4 -2",24,1,-256
3164,1,"1 2 3 4 4 -2 -1 2 4 -2 -3 4",48,1,128
3165,1,"1 4 2 2 4 -1 4 4 4 -2 -2 -4",24,1,0
3166,1,"1 2 4 3 3 4 -1 -3 4 -3 -2 4",48,1,0
3167,1,"1 4 2 -1 -4 2 4 -2 4 4 4 -2",24,1,256
3168,1,"1 4 2 2 4 4 -2 4 -2 4 -1 -4",24,1,-256
3169,1,"1 2 1 -2 -1 4 2 4 -1 -2 4 4",24,1,128
3170,1,"1 2 3 4 4 -3 4 4 2 -1 -2 -2",48,1,-256
3171,1,"1 2 3 4 4 -3 4 4 4 -2 -1 -4",48,1,-256
3172,1,"1 2 3 -1 3 4 4 4 4 -3 -2 -3",48,1,0
3173,1,"1 2 4 3 -2 4 4 -1 3 4 -3 -3",48,1,128
3174,1,"1 2 -1 -2 -2 4 4 3 2 -3 4 4",48,1,0
3175,1,"1 2 1 4 -1 -2 4 4 4 2 -1 -2",24,1,-256
3176,1,"1 2 4 3 4 -3 -2 4 3 -1 -3 4",48,1,64
3177,1,"1 2 -1 -4 2 4 -2 4 4 -2 4 4",24,1,256
3178,1,"1 2 3 -1 4 4 4 4 -2 -4 -3 4",48,1,0
3179,1,"1 2 3 -2 3 -1 -3 4 4 4 -3 4",48,1,-128
3180,1,"1 2 4 -2 4 3 4 4 4 -1 -3 -4",48,1,-128
3181,1,"1 2 4 -1 4 3 3 4 -3 -2 -3 4",48,1,128
3182,1,"1 2 3 -2 3 4 4 -3 4 -3 -1 4",48,1,128
3183,1,"1 2 2 -1 -2 4 3 -2 4 -3 4 4",48,1,-128
3184,1,"1 2 3 4 -1 3 4 -3 -2 -3 4 4",48,1,128
3185,1,"1 2 3 4 4 -3 4 4 -1 -3 -2 3",48,1,-128
3186,1,"1 2 -1 -1 4 4 2 1 -2 -2 4 4",12,1,512
3187,1,"1 2 3 3 4 -3 4 4 4 -1 -3 -2",48,1,-256
3188,1,"1 2 3 4 -3 -1 4 3 4 -2 -3 4",48,1,0
3189,1,"1 2 -1 -2 4 4 3 4 2 -3 4 -2",48,1,-128
3190,1,"1 2 4 3 4 4 -2 -4 -1 4 -3 4",48,1,128
3191,1,"1 2 3 -2 -1 4 4 2 4 -3 -2 4",48,1,0
3192,1,"1 2 4 2 -4 -1 -2 4 4 4 -2 4",24,1,-256
3193,1,"1 2 1 4 4 2 4 -2 -1 -1 4 -2",24,1,256
3194,1,"1 2 4 3 4 -1 -3 -2 -3 4 3 4",48,1,64
3195,1,"1 2 4 3 4 4 4 -2 3 -1 -3 -3",48,1,0
3196,1,"1 2 1 -2 -2 4 2 -1 4 4 -1 4",24,1,256
3197,1,"1 2 -1 -2 4 2 4 -2 -1 4 4 1",24,1,0
3198,1,"1 2 3 3 4 4 -2 4 -3 -3 -1 4",48,1,256
3199,1,"1 2 3 4 -2 3 4 4 -3 4 -1 -3",48,1,0
3200,1,"1 2 3 4 -2 -2 4 -1 4 -3 2 4",48,1,0
3201,1,"1 2 4 4 -2 -4 2 4 -1 4 4 -2",24,1,0
3202,1,"1 2 1 -2 -1 4 -1 2 4 4 4 -2",24,1,0
3203,1,"1 2 3 4 -2 -3 4 4 -3 4 -1 3",48,1,128
3204,1,"1 2 3 4 4 4 4 -2 4 -1 -3 -4",48,1,-256
3205,1,"1 2 3 -1 -3 4 3 4 -3 4 -2 4",48,1,-64
3206,1,"1 2 4 4 3 -2 3 4 -3 -1 4 -3",48,1,128
3207,1,"1 2 4 3 -1 4 4 4 -3 -3 -2 3",48,1,-256
3208,1,"1 2 -1 4 2 3 -2 4 -2 -3 4 4",48,1,0
3209,1,"1 2 4 2 -1 4 -2 -2 -2 4 4 2",24,1,256
3210,1,"1 4 2 -1 4 2 -4 -2 4 -2 4 4",24,1,-128
3211,1,"1 2 -1 4 4 -2 4 4 -2 -4 2 4",24,1,0
3212,1,"1 2 4 3 -1 4 -3 4 4 3 -2 -3",48,1,0
3213,1,"1 2 4 3 -1 -2 4 3 4 4 -3 -3",48,1,-128
3214,1,"1 2 2 -1 4 3 4 -2 -2 4 -3 4",48,1,0
3215,1,"1 2 3 4 4 -1 -3 4 -2 -3 4 3",48,1,128
3216,1,"1 2 3 3 -2 -3 -1 4 4 -3 4 4",48,1,0
3217,1,"1 2 3 4 3 4 4 -2 -3 -1 4 -3",48,1,0
3218,1,"1 2 3 4 3 -2 -1 -3 4 -3 4 4",48,1,-128
3219,1,"1 2 3 4 -3 4 -2 4 4 -2 -1 2",48,1,0
3220,1,"1 2 3 4 -2 4 4 4 -1 -4 -3 4",48,1,-128
3221,1,"1 2 -1 4 3 -2 4 2 4 -3 4 -2",48,1,-64
3222,1,"1 2 3 4 -3 2 4 -1 -2 4 -2 4",48,1,0
3223,1,"1 2 3 4 -3 4 -1 4 -2 -3 4 3",48,1,64
3224,1,"1 2 3 4 -3 4 4 -2 -3 -1 4 3",48,1,128
3225,1,"1 2 2 4 -2 4 4 -2 -1 2 4 -2",24,1,256
3226,1,"1 2 4 2 -1 -2 4 4 2 4 -2 -2",24,1,-256
3227,1,"1 2 1 -2 -1 2 -1 4 -2 4 4 4",24,1,0
3228,1,"1 2 -1 -2 -2 3 4 2 -3 4 4 4",48,1,0
3229,1,"1 2 -4 -1 4 4 -2 -2 4 2 4 4",24,1,-256
3230,1,"1 4 2 4 4 4 -2 -1 4 -2 -4 2",24,1,0
3231,1,"1 2 1 -2 4 -2 4 -1 -1 4 2 4",24,1,128
3232,1,"1 2 1 2 -1 -2 4 4 -1 4 4 -2",24,1,-256
3233,1,"1 2 -1 -1 4 4 1 -2 4 2 4 -2",24,1,0
3234,1,"1 2 3 4 -3 4 4 4 2 -1 -2 -2",48,1,-256
3235,1,"1 4 2 -1 4 -2 -4 -2 4 2 4 4",24,1,128
3236,1,"1 2 3 4 -2 -4 -3 -1 4 4 4 4",48,1,0
3237,1,"1 4 2 4 4 2 4 4 -2 -2 -1 -4",24,1,-256
3238,1,"1 2 -1 -2 1 2 4 -1 4 -2 4 4",24,1,-128
3239,1,"1 2 2 3 4 -1 4 -3 -2 4 -2 4",48,1,128
3240,1,"1 2 -1 -1 2 4 1 -2 4 -2 4 4",24,1,256
3241,1,"1 2 3 -2 -3 4 4 -2 -1 4 2 4",48,1,-128
3242,1,"1 2 2 1 4 4 -2 -2 -1 4 -1 4",24,1,256
3243,1,"1 2 2 1 4 -1 4 4 -2 -2 -1 4",24,1,256
3244,1,"1 2 -1 4 4 2 4 1 -2 -2 -1 4",24,1,256
3245,1,"1 2 4 4 3 -1 3 4 -3 4 -2 -3",48,1,0
3246,1,"1 2 -1 4 -2 4 -2 3 2 -3 4 4",48,1,0
3247,1,"1 2 3 -2 4 3 4 -1 -3 4 4 -3",48,1,-128
3248,1,"1 2 2 4 -2 3 4 -1 4 -3 4 -2",48,1,0
3249,1,"1 4 4 1 -4 -1 -4 -1 4 4 4 4",6,1,-512
3250,1,"1 2 3 2 4 -2 -3 4 4 -1 4 -2",48,1,0
3251,1,"1 2 4 3 4 -3 -2 4 2 -1 -2 4",48,1,-64
3252,1,"1 2 3 3 4 -1 -3 4 -3 4 -2 4",48,1,0
3253,1,"1 2 3 4 -3 -2 -2 -1 4 4 4 2",48,1,256
3254,1,"1 2 -1 4 3 -2 -2 4 -3 4 2 4",48,1,0
3255,1,"1 2 2 3 4 -1 -2 4 -3 4 -2 4",48,1,0
3256,1,"1 2 4 4 2 -1 4 -2 4 4 -2 -4",24,1,-256
3257,1,"1 2 1 2 4 -1 -2 -1 4 4 -2 4",24,1,128
3258,1,"1 2 4 -2 4 4 4 -2 4 -1 2 -4",24,1,0
3259,1,"1 2 1 4 4 -2 -2 -1 4 -1 2 4",24,1,0
3260,1,"1 2 2 4 4 -2 -1 -4 -2 4 4 4",24,1,0
3261,1,"1 2 3 4 -1 4 4 -2 -2 -3 4 2",48,1,0
3262,1,"1 2 4 -2 -2 4 -1 4 -2 4 2 2",24,1,256
3263,1,"1 2 3 2 4 -1 -2 -2 -3 4 4 4",48,1,0
3264,1,"1 2 3 -2 4 2 4 -1 -2 -3 4 4",48,1,-128
3265,1,"1 2 2 3 4 -1 4 4 -3 4 -2 -2",48,1,0
3266,1,"1 2 3 -4 -1 4 -3 -2 4 4 4 4",48,1,-256
3267,1,"1 2 -1 4 4 4 -2 -4 2 4 -2 4",24,1,0
3268,1,"1 2 4 4 3 4 -2 4 4 -3 -1 -4",48,1,-128
3269,1,"1 1 4 4 4 4 -1 4 4 -1 -4 -4",6,1,-1024
3270,1,"1 2 1 2 -1 4 4 -2 4 -2 -1 4",24,1,128
3271,1,"1 2 4 -1 4 4 2 -4 -2 4 -2 4",24,1,-128
3272,1,"1 2 2 -1 4 -2 4 3 4 -2 -3 4",48,1,0
3273,1,"1 2 2 4 2 4 -1 4 -2 -2 4 -2",24,1,0
3274,1,"1 2 -1 4 3 4 3 -2 4 -3 4 -3",48,1,-64
3275,1,"1 4 4 -1 -4 -1 -4 1 4 4 4 4",6,1,-512
3276,1,"1 2 3 -1 -3 4 4 4 -2 3 4 -3",48,1,-128
3277,1,"1 2 3 4 -3 -1 4 -3 4 4 3 -2",48,1,0
3278,1,"1 2 -4 -2 -4 -1 4 4 4 4 4 4",24,1,-512
3279,1,"1 2 2 4 4 -1 -4 -2 -2 4 4 4",24,1,-512
3280,1,"1 2 4 -1 3 4 -3 -3 4 -2 3 4",48,1,128
3281,1,"1 2 3 4 -2 -2 4 -3 2 4 -1 4",48,1,0
3282,1,"1 2 -1 4 -2 -2 -1 4 2 4 1 4",24,1,128
3283,1,"1 4 2 -1 -4 -2 4 2 4 -2 4 4",24,1,-128
3284,1,"1 2 3 -2 4 2 -1 -2 -3 4 4 4",48,1,-128
3285,1,"1 2 -1 4 4 4 -2 4 3 -4 -3 4",48,1,0
3286,1,"1 4 2 4 2 2 4 -2 -2 -2 -1 4",24,1,256
3287,1,"1 2 3 4 3 -1 4 -3 4 4 -2 -3",48,1,-128
3288,1,"1 2 3 4 -2 4 4 -1 -3 -3 4 3",48,1,128
3289,1,"1 2 3 2 4 -3 4 -2 -1 4 -2 4",48,1,128
3290,1,"1 2 3 -2 4 4 4 4 -1 -4 -3 4",48,1,-256
3291,1,"1 2 3 4 4 2 -1 4 -2 -2 -3 4",48,1,-128
3292,1,"1 1 1 4 4 -1 4 -1 -4 -1 4 4",6,1,512
3293,1,"1 2 2 4 3 -2 4 -3 -2 4 -1 4",48,1,128
3294,1,"1 2 3 4 4 -3 -3 -1 -2 4 4 3",48,1,0
3295,1,"1 2 3 -1 4 -2 3 4 4 -3 4 -3",48,1,0
3296,1,"1 2 3 4 -2 3 -1 4 4 -3 4 -3",48,1,0
3297,1,"1 2 4 4 -1 3 4 3 4 -3 -2 -3",48,1,128
3298,1,"1 2 -1 -1 -2 4 2 4 4 1 4 -2",24,1,-256
3299,1,"1 2 -1 -2 4 2 -1 -2 4 1 4 4",24,1,-128
3300,1,"1 2 -1 -2 4 3 2 -3 4 -2 4 4",48,1,0
3301,1,"1 2 4 3 -2 4 2 -3 4 -1 4 -2",48,1,0
3302,1,"1 2 4 4 4 4 4 4 -2 -1 -4 -4",24,1,-1024
3303,1,"1 2 3 4 -1 -3 -3 4 4 4 -2 3",48,1,0
3304,1,"1 2 -1 4 4 3 4 3 -2 -3 4 -3",48,1,-128
3305,1,"1 2 4 -1 4 4 -2 -4 -2 4 2 4",24,1,128
3306,1,"1 2 3 -1 -3 4 4 -3 4 4 -2 3",48,1,-128
3307,1,"1 2 -1 4 3 -2 -3 4 -2 4 2 4",48,1,0
3308,1,"1 2 1 4 -1 2 4 4 -1 -2 -2 4",24,1,256
3309,1,"1 2 -1 -1 4 -2 -2 4 2 4 4 1",24,1,0
3310,1,"1 2 3 -2 4 -3 2 4 4 4 -1 -2",48,1,128
3311,1,"1 2 2 4 3 -2 -2 4 -3 4 -1 4",48,1,128
3312,1,"1 2 3 2 4 4 -3 4 -1 -2 4 -2",48,1,-128
3313,1,"1 4 2 4 -2 4 4 4 4 -1 -4 -4",24,1,-512
3314,1,"1 2 4 2 -4 -1 4 4 -2 4 -2 4",24,1,-128
3315,1,"1 2 3 3 4 -1 4 4 -3 -2 -3 4",48,1,128
3316,1,"1 2 4 3 -1 4 -2 4 3 4 -3 -3",48,1,0
3317,1,"1 2 3 -1 3 4 4 -2 4 4 -3 -3",48,1,0
3318,1,"1 2 4 4 3 3 -1 4 -2 -3 4 -3",48,1,0
3319,1,"1 2 -1 2 4 4 3 -2 -3 4 -2 4",48,1,0
3320,1,"1 2 4 4 4 -2 -2 4 2 4 -1 -4",24,1,-256
3321,1,"1 2 3 4 4 3 -2 4 -1 4 -3 -3",48,1,-128
3322,1,"1 2 3 4 -2 -2 -1 4 4 2 -3 4",48,1,128
3323,1,"1 4 -1 -4 2 2 4 -2 4 4 4 -2",24,1,256
3324,1,"1 2 3 2 -1 4 4 -3 -2 4 4 -2",48,1,-128
3325,1,"1 2 2 2 -1 -2 4 -2 4 4 -2 4",24,1,-256
3326,1,"1 2 -1 4 -2 -2 -1 4 4 1 2 4",24,1,0
3327,1,"1 2 3 -2 4 -3 4 -1 4 3 4 -3",48,1,-64
3328,1,"1 2 -1 -4 3 4 4 4 -2 4 -3 4",48,1,0
3329,1,"1 2 4 3 -2 -3 -3 4 4 3 -1 4",48,1,-128
3330,1,"1 2 3 -4 -2 -1 4 4 -3 4 4 4",48,1,-256
3331,1,"1 2 4 3 -2 4 4 -3 -1 -3 4 3",48,1,128
3332,1,"1 2 3 4 -2 4 4 4 4 -3 -1 -4",48,1,-256
3333,1,"1 2 3 2 -1 4 -2 4 -3 4 4 -2",48,1,-128
3334,1,"1 2 3 4 -2 4 2 -1 4 -3 -2 4",48,1,64
3335,1,"1 2 2 4 3 4 -3 -2 -2 4 -1 4",24,1,128
3336,1,"1 1 4 1 4 4 -1 -1 4 4 -1 -4",6,1,-512
3337,1,"1 2 3 4 3 -1 -3 4 -2 4 4 -3",48,1,-128
3338,1,"1 2 2 -1 -2 4 -2 4 4 -2 4 2",24,1,0
3339,1,"1 2 2 4 -1 -1 -2 4 4 1 -2 4",24,1,256
3340,1,"1 2 -1 4 2 4 -2 3 -2 -3 4 4",48,1,0
3341,1,"1 2 1 4 -1 4 4 -2 -2 -1 2 4",24,1,0
3342,1,"1 2 4 3 3 4 -1 4 -3 -2 4 -3",48,1,128
3343,1,"1 2 4 3 3 4 -2 -3 -3 -1 4 4",48,1,256
3344,1,"1 2 -1 2 4 3 -2 -2 4 -3 4 4",48,1,128
3345,1,"1 2 1 2 4 -1 -1 -2 4 -2 4 4",24,1,0
3346,1,"1 2 4 -2 3 4 -1 4 2 -3 4 -2",48,1,0
3347,1,"1 2 4 -1 4 4 -2 4 2 -4 -2 4",24,1,-128
3348,1,"1 2 2 2 4 -2 -2 -2 4 -1 4 4",24,1,512
3349,1,"1 4 1 4 -1 4 -1 -4 1 4 -1 4",6,1,-128
3350,1,"1 2 2 4 -2 -2 4 -1 2 4 -2 4",24,1,256
3351,1,"1 2 3 4 -1 4 -2 4 -3 2 4 -2",48,1,0
3352,1,"1 2 1 2 -1 4 4 -1 4 4 -2 -2",24,1,-256
3353,1,"1 2 -1 -1 4 -2 1 2 4 4 -2 4",24,1,-256
3354,1,"1 2 2 1 4 -1 -1 -2 -2 4 4 4",24,1,512
3355,1,"1 2 3 4 4 3 -2 4 -3 4 -1 -3",48,1,-128
3356,1,"1 2 -4 2 -1 4 -2 4 4 4 -2 4",24,1,0
3357,1,"1 2 3 -2 4 -1 -2 4 -3 2 4 4",48,1,-128
3358,1,"1 2 -1 -2 4 4 2 4 -2 -2 4 2",24,1,0
3359,1,"1 2 1 -2 -1 4 4 -2 -1 2 4 4",24,1,-256
3360,1,"1 2 3 3 4 -2 -3 4 4 -1 4 -3",48,1,-128
3361,1,"1 2 3 -1 -3 4 -3 4 4 4 3 -2",48,1,0
3362,1,"1 2 -1 4 1 2 4 -1 4 -2 -2 4",24,1,-128
3363,1,"1 2 3 4 -2 -1 2 4 -3 -2 4 4",48,1,0
3364,1,"1 2 3 4 4 -3 -2 4 -3 4 -1 3",48,1,0
3365,1,"1 2 -1 -2 4 -2 4 3 2 4 -3 4",48,1,-64
3366,1,"1 2 3 4 3 -1 4 4 -3 4 -3 -2",48,1,-128
3367,1,"1 2 3 3 4 -1 -2 4 4 -3 4 -3",48,1,0
3368,1,"1 2 4 3 -1 4 -3 4 -3 -2 3 4",48,1,-64
3369,1,"1 2 3 4 4 -2 -1 4 -2 -3 4 2",48,1,0
3370,1,"1 2 4 -2 4 4 -1 4 2 -4 -2 4",24,1,-128
3371,1,"1 2 3 4 -2 -4 -3 4 4 -1 4 4",48,1,-128
3372,1,"1 4 2 -4 2 4 4 -2 -1 4 4 -2",24,1,256
3373,1,"1 2 4 -1 4 3 3 -2 4 -3 4 -3",48,1,0
3374,1,"1 2 4 2 4 4 -2 -2 4 4 -1 -4",24,1,-256
3375,1,"1 2 -1 4 3 3 4 -3 4 -2 4 -3",48,1,0
3376,1,"1 1 1 4 4 -1 4 4 4 -1 -1 -4",6,1,-1024
3377,1,"1 2 3 2 4 -3 -2 4 4 4 -1 -2",48,1,-128
3378,1,"1 2 4 4 -2 4 2 -4 -2 4 -1 4",24,1,-128
3379,1,"1 4 2 4 4 4 -1 4 4 -2 -4 -4",24,1,0
3380,1,"1 4 4 2 2 -4 -2 -1 4 4 -2 4",24,1,-256
3381,1,"1 2 2 -1 4 3 4 -3 -2 4 -2 4",48,1,0
3382,1,"1 2 3 4 4 -2 -1 4 -3 2 4 -2",48,1,128
3383,1,"1 2 3 4 -3 -2 -2 4 4 -1 4 2",48,1,256
3384,1,"1 2 4 -2 -4 -1 2 4 4 4 4 -2",24,1,256
3385,1,"1 2 4 -1 4 3 4 3 4 -3 -2 -3",48,1,64
3386,1,"1 2 -1 4 -2 3 4 -3 4 2 4 -2",48,1,-64
3387,1,"1 4 2 4 4 2 -4 -1 4 4 -2 -2",24,1,-256
3388,1,"1 2 -1 -1 4 -2 -2 1 4 2 4 4",24,1,-256
3389,1,"1 2 4 -1 4 4 2 4 -2 -4 -2 4",24,1,128
3390,1,"1 2 2 -1 -1 4 4 -2 1 4 -2 4",24,1,-256
3391,1,"1 2 3 4 -3 4 -1 4 -3 4 3 -2",48,1,0
3392,1,"1 2 3 4 -3 -2 4 2 4 4 -1 -2",48,1,-128
3393,1,"1 2 1 4 -1 2 4 -2 -1 -2 4 4",24,1,128
3394,1,"1 2 4 1 -2 4 -1 -1 -2 4 2 4",24,1,128
3395,1,"1 2 3 2 -3 4 4 -2 4 -2 -1 4",48,1,128
3396,1,"1 2 2 4 -1 4 2 4 -2 -2 4 -2",24,1,0
3397,1,"1 2 3 4 4 4 3 4 -2 -3 -1 -3",48,1,-128
3398,1,"1 2 3 2 4 -1 -2 -2 4 4 -3 4",48,1,0
3399,1,"1 2 4 4 3 3 4 -2 -3 -1 -3 4",48,1,128
3400,1,"1 2 2 3 4 -3 4 4 -2 -1 4 -2",48,1,128
3401,1,"1 2 3 2 4 4 -3 4 4 -2 -1 -2",48,1,0
3402,1,"1 2 1 4 2 4 4 -2 -1 -1 -2 4",24,1,256
3403,1,"1 2 -1 -1 -2 -2 4 1 2 4 4 4",24,1,-512
3404,1,"1 2 4 -1 4 4 -2 3 -4 -3 4 4",48,1,-128
3405,1,"1 2 4 4 4 2 4 4 -2 -1 -4 -2",24,1,-256
3406,1,"1 2 3 -2 4 3 -1 4 4 4 -3 -3",48,1,-256
3407,1,"1 2 3 -1 4 4 -3 -3 4 4 3 -2",48,1,0
3408,1,"1 1 4 -1 -4 1 4 -1 -1 4 4 4",6,1,-512
3409,1,"1 2 2 -1 4 3 4 4 -2 -3 4 -2",48,1,-128
3410,1,"1 2 3 -1 4 -2 4 3 4 4 -3 -3",48,1,-128
3411,1,"1 2 3 4 3 -1 4 4 4 -2 -3 -3",48,1,-256
3412,1,"1 2 -1 -2 4 4 3 2 4 -3 4 -2",48,1,-128
3413,1,"1 2 4 4 2 4 -2 -4 -2 4 -1 4",24,1,128
3414,1,"1 4 2 4 -2 4 -1 -4 -2 4 2 4",24,1,0
3415,1,"1 2 1 4 2 4 -1 4 -1 -2 -2 4",24,1,128
3416,1,"1 2 3 4 -3 4 -2 -4 -1 4 4 4",48,1,128
3417,1,"1 2 3 4 4 -1 -3 -2 -3 4 3 4",48,1,0
3418,1,"1 2 3 4 4 -3 -1 3 4 4 -3 -2",48,1,256
3419,1,"1 2 -1 4 4 3 4 -3 -2 3 4 -3",48,1,128
3420,1,"1 2 -1 2 4 4 3 -2 4 -3 4 -2",48,1,0
3421,1,"1 2 2 -1 4 -2 4 4 2 4 -2 -2",24,1,-256
3422,1,"1 4 2 4 2 4 -1 -4 -2 4 -2 4",24,1,0
3423,1,"1 2 4 4 3 -1 4 4 -3 4 -2 -4",48,1,-128
3424,1,"1 2 4 3 -1 -3 -3 4 -2 4 4 3",48,1,128
3425,1,"1 2 -1 4 3 4 4 4 4 -3 -2 -4",48,1,-256
3426,1,"1 2 2 4 4 -1 2 4 4 -2 -2 -2",24,1,512
3427,1,"1 2 3 -2 4 4 -1 -2 -3 4 4 2",48,1,-128
3428,1,"1 4 2 4 4 -2 -2 -4 2 -1 4 4",24,1,-256
3429,1,"1 2 1 4 -1 -1 -2 -2 4 2 4 4",24,1,256
3430,1,"1 2 3 4 3 4 4 -3 -1 -3 4 -2",48,1,0
3431,1,"1 2 3 -2 -1 4 -2 -3 2 4 4 4",48,1,0
3432,1,"1 2 3 4 -2 -3 4 -3 4 4 -1 3",48,1,128
3433,1,"1 2 4 -1 -4 -2 4 4 4 -2 4 2",24,1,0
3434,1,"1 2 4 -1 4 4 4 -2 3 -4 -3 4",48,1,-128
3435,1,"1 2 1 2 4 -2 -1 -2 4 -1 4 4",24,1,128
3436,1,"1 2 3 -1 -3 4 3 4 -3 -2 4 4",48,1,-128
3437,1,"1 2 4 -2 4 -1 -4 2 4 4 4 -2",24,1,256
3438,1,"1 2 4 4 4 -2 -1 -4 2 4 4 -2",24,1,256
3439,1,"1 2 2 4 -1 4 -2 -2 -2 4 4 2",24,1,512
3440,1,"1 2 4 4 4 -1 3 3 4 -2 -3 -3",48,1,0
3441,1,"1 2 3 4 4 4 -3 -3 -1 -2 4 3",48,1,0
3442,1,"1 4 4 2 -1 -4 -2 4 4 -2 4 2",24,1,0
3443,1,"1 2 -1 -1 4 2 4 -2 4 -2 4 1",24,1,0
3444,1,"1 4 4 2 4 -2 -2 4 2 4 -1 -4",24,1,-256
3445,1,"1 2 3 4 -1 2 -3 4 -2 -2 4 4",48,1,128
3446,1,"1 2 3 4 -1 -3 -3 -2 3 4 4 4",48,1,0
3447,1,"1 2 3 -1 -4 -2 4 4 4 4 -3 4",48,1,-256
3448,1,"1 2 -1 -2 1 4 4 4 2 -1 -2 4",24,1,0
3449,1,"1 2 1 2 -1 -2 4 -1 4 4 -2 4",24,1,-128
3450,1,"1 2 4 4 4 2 4 -2 4 -2 -1 -4",24,1,-256
3451,1,"1 2 4 3 4 -3 -3 -1 4 3 -2 4",48,1,0
3452,1,"1 2 3 -4 -2 4 -3 4 4 -1 4 4",48,1,-128
3453,1,"1 2 -4 -2 4 3 4 4 -1 4 -3 4",48,1,-128
3454,1,"1 2 -1 4 -2 -2 4 2 2 4 4 -2",24,1,-256
3455,1,"1 2 -1 4 3 3 4 -3 -3 4 -2 4",48,1,0
3456,1,"1 2 2 -1 -2 4 -2 4 4 2 4 -2",24,1,-256
3457,1,"1 2 4 3 -1 4 3 4 -3 -2 -3 4",48,1,64
3458,1,"1 2 3 -4 -2 4 4 -1 -3 4 4 4",48,1,-256
3459,1,"1 2 3 4 4 -3 -2 4 4 -2 -1 2",48,1,0
3460,1,"1 2 4 4 3 -2 4 4 -1 4 -3 -4",48,1,-128
3461,1,"1 2 3 4 3 4 -2 -1 -3 4 4 -3",48,1,-128
3462,1,"1 2 3 4 3 4 -2 -3 -1 4 4 -3",48,1,0
3463,1,"1 2 -1 4 2 -1 4 4 -2 4 -2 1",24,1,-256
3464,1,"1 2 -1 2 -4 -2 4 4 4 4 4 -2",24,1,0
3465,1,"1 4 2 4 -2 4 -1 4 2 4 -2 -4",24,1,0
3466,1,"1 2 -1 -1 2 1 -2 4 4 4 4 -2",24,1,512
3467,1,"1 2 3 4 4 -3 4 -2 4 -3 -1 3",48,1,0
3468,1,"1 2 3 4 4 4 -1 3 -2 -3 4 -3",48,1,-128
3469,1,"1 2 3 4 -3 -1 3 4 -2 -3 4 4",48,1,0
3470,1,"1 2 3 4 -3 4 -2 -1 -3 4 4 3",48,1,128
3471,1,"1 4 4 4 2 2 4 -2 -2 4 -1 -4",24,1,-512
3472,1,"1 2 2 4 -2 -1 -2 4 4 -2 4 2",24,1,256
3473,1,"1 2 -1 -2 4 1 2 -1 4 -2 4 4",24,1,-128
3474,1,"1 2 4 3 -2 4 -3 4 -1 3 4 -3",48,1,64
3475,1,"1 2 3 -2 4 4 2 -3 4 4 -1 -2",48,1,-128
3476,1,"1 2 2 -1 4 4 -2 -2 3 4 -3 4",48,1,0
3477,1,"1 2 3 -1 -3 4 -3 4 4 3 4 -2",48,1,-128
3478,1,"1 2 3 4 -1 -2 4 -2 4 2 -3 4",48,1,64
3479,1,"1 2 -1 4 4 -2 4 4 2 4 -2 -4",24,1,-256
3480,1,"1 4 2 4 4 4 2 -1 -4 -2 -2 4",24,1,-256
3481,1,"1 2 2 2 4 -2 4 4 -2 -1 4 -2",24,1,256
3482,1,"1 2 2 3 4 -1 4 -3 -2 -2 4 4",48,1,256
3483,1,"1 2 1 2 4 4 -2 -2 -1 -1 4 4",24,1,512
3484,1,"1 2 -1 -2 -2 -2 4 2 4 2 4 4",24,1,-256
3485,1,"1 2 4 3 -1 4 -3 -3 -2 3 4 4",48,1,-128
3486,1,"1 2 -1 4 2 4 4 1 -2 -2 -1 4",24,1,256
3487,1,"1 2 4 -2 3 2 4 -2 -3 4 -1 4",48,1,64
3488,1,"1 2 4 3 3 -1 -3 -2 4 -3 4 4",48,1,-128
3489,1,"1 2 3 -1 -2 4 4 3 4 4 -3 -3",48,1,-256
3490,1,"1 2 3 4 -3 4 2 4 4 -2 -1 -2",48,1,0
3491,1,"1 2 3 4 -3 -2 4 4 -1 -2 4 2",48,1,128
3492,1,"1 2 2 3 4 -1 -2 4 -3 -2 4 4",48,1,128
3493,1,"1 2 4 4 -1 4 3 3 -2 4 -3 -3",48,1,0
3494,1,"1 2 2 4 -1 4 -2 -2 -1 4 4 1",24,1,512
3495,1,"1 2 -1 -2 4 1 4 2 4 -1 -2 4",24,1,-128
3496,1,"1 2 4 3 3 -2 4 -3 4 -1 -3 4",48,1,0
3497,1,"1 2 4 -2 4 4 3 4 -1 4 -3 -4",48,1,0
3498,1,"1 2 3 4 -2 3 -1 -3 4 4 -3 4",48,1,0
3499,1,"1 2 3 4 -2 3 4 -1 -3 4 -3 4",48,1,64
3500,1,"1 2 -1 4 4 -1 -2 -2 1 2 4 4",24,1,-256
3501,1,"1 2 4 -2 4 3 4 -3 4 -3 -1 3",48,1,-64
3502,1,"1 2 2 1 4 -1 4 4 -1 -2 -2 4",24,1,256
3503,1,"1 2 3 4 2 -1 -2 4 -3 4 -2 4",48,1,-64
3504,1,"1 2 4 4 4 3 4 -2 -1 -4 -3 4",48,1,0
3505,1,"1 1 4 -1 4 1 -4 -1 -1 4 4 4",6,1,-512
3506,1,"1 2 2 -1 4 -2 4 1 4 -1 -2 4",24,1,-128
3507,1,"1 2 3 -1 3 4 4 -3 -2 4 4 -3",48,1,128
3508,1,"1 2 4 -1 4 4 -2 -2 -4 2 4 4",24,1,-256
3509,1,"1 2 4 3 4 -3 -2 4 -3 -1 3 4",48,1,-64
3510,1,"1 2 -1 4 2 -1 -2 4 4 1 -2 4",24,1,-128
3511,1,"1 2 -1 4 2 -1 -2 4 4 -2 1 4",24,1,-128
3512,1,"1 2 4 -2 -4 -1 4 4 2 4 4 -2",24,1,256
3513,1,"1 2 3 -1 4 4 -2 4 3 4 -3 -3",48,1,-128
3514,1,"1 2 3 4 3 -1 4 -3 -3 4 -2 4",48,1,0
3515,1,"1 2 3 -2 -3 4 4 3 4 4 -1 -3",48,1,-128
3516,1,"1 2 2 4 -1 -1 4 -2 1 4 -2 4",24,1,0
3517,1,"1 2 2 3 4 -2 -1 4 4 -3 -2 4",48,1,128
3518,1,"1 2 4 4 3 4 -3 4 -1 4 -2 -4",48,1,-128
3519,1,"1 2 3 4 -2 -3 4 -3 4 3 -1 4",48,1,-64
3520,1,"1 2 4 4 4 -1 2 -4 -2 -2 4 4",24,1,-512
3521,1,"1 2 3 2 4 -2 4 -1 -2 4 -3 4",48,1,0
3522,1,"1 2 -1 2 4 4 4 -2 4 4 -2 -4",24,1,-256
3523,1,"1 2 3 -1 3 4 -3 4 4 4 -2 -3",48,1,-128
3524,1,"1 2 3 3 -1 -3 4 -2 4 -3 4 4",48,1,-128
3525,1,"1 2 2 2 4 4 -2 4 -2 -2 -1 4",24,1,512
3526,1,"1 2 3 4 4 4 -3 4 -3 -1 3 -2",48,1,0
3527,1,"1 2 3 -2 4 -1 4 -3 -3 4 3 4",48,1,0
3528,1,"1 4 4 2 4 4 -2 -1 -4 -2 4 2",24,1,256
3529,1,"1 2 2 4 4 2 4 -2 -2 -1 4 -2",24,1,256
3530,1,"1 4 2 2 4 2 4 -2 -2 -2 -1 4",24,1,256
3531,1,"1 4 4 2 4 4 -2 4 4 -1 -4 -4",24,1,-512
3532,1,"1 2 3 2 4 -3 4 -2 -1 -2 4 4",48,1,128
3533,1,"1 2 3 4 2 4 -1 4 -2 -2 -3 4",48,1,0
3534,1,"1 2 -1 2 2 4 -2 -2 4 4 -2 4",24,1,256
3535,1,"1 2 4 -2 4 4 4 4 2 -1 -4 -2",24,1,-256
3536,1,"1 2 3 4 4 2 -1 4 -3 -2 -2 4",48,1,128
3537,1,"1 2 2 -1 4 4 1 -2 4 -1 -2 4",24,1,0
3538,1,"1 2 3 4 3 -2 4 -1 -3 4 4 -3",48,1,-128
3539,1,"1 2 4 3 3 4 4 -3 -2 -3 -1 4",48,1,128
3540,1,"1 2 2 4 -2 -4 -1 4 4 4 4 -2",24,1,512
3541,1,"1 2 -1 4 -1 4 2 4 -2 4 -2 1",24,1,-128
3542,1,"1 2 3 4 3 -2 4 -3 -1 4 4 -3",48,1,0
3543,1,"1 2 -1 -2 -2 4 2 4 3 4 -3 4",48,1,-128
3544,1,"1 2 3 -1 -3 4 3 4 -2 4 -3 4",48,1,-64
3545,1,"1 1 4 1 4 -1 -4 -1 -1 4 4 4",6,1,512
3546,1,"1 2 4 -2 4 2 -1 4 4 4 -2 -4",24,1,-256
3547,1,"1 2 -1 -1 -2 4 4 4 1 2 4 -2",24,1,-256
3548,1,"1 2 3 -1 4 3 4 4 -3 -3 4 -2",48,1,-128
3549,1,"1 2 3 4 -3 -2 4 -1 -3 4 4 3",48,1,128
3550,1,"1 4 2 4 4 2 4 -2 -1 4 -2 -4",24,1,128
3551,1,"1 2 3 4 -1 4 3 4 4 -3 -2 -3",48,1,0
3552,1,"1 2 -1 2 4 4 3 -2 -3 -2 4 4",24,1,128
3553,1,"1 2 3 4 4 -2 4 -1 -4 -3 4 4",48,1,-128
3554,1,"1 2 4 4 -2 -4 -1 4 3 4 -3 4",48,1,128
3555,1,"1 2 3 -2 -3 4 -3 4 3 -1 4 4",48,1,-128
3556,1,"1 2 3 4 -3 4 3 4 -3 4 -1 -2",48,1,-64
3557,1,"1 2 -1 4 2 4 -2 -2 -2 4 4 2",24,1,256
3558,1,"1 2 3 -1 3 4 -3 4 -3 -2 4 4",48,1,128
3559,1,"1 2 3 -2 -3 4 -3 -1 4 4 4 3",48,1,128
3560,1,"1 2 3 4 -2 -1 4 -2 -3 2 4 4",48,1,0
3561,1,"1 2 2 2 -1 -2 4 -2 4 -2 4 4",24,1,-256
3562,1,"1 2 3 4 4 4 4 -3 -2 -4 -1 4",48,1,256
3563,1,"1 2 -1 -2 4 -2 4 2 4 -1 4 1",24,1,-128
3564,1,"1 4 2 4 -1 4 -2 4 4 2 -4 -2",24,1,-128
3565,1,"1 2 2 4 -2 -2 4 -1 -1 4 4 1",24,1,512
3566,1,"1 2 3 -2 -3 4 -2 4 -1 2 4 4",48,1,-128
3567,1,"1 2 2 -4 -2 -2 4 4 4 -1 4 4",24,1,-512
3568,1,"1 2 3 -2 4 4 -3 -1 4 3 4 -3",48,1,0
3569,1,"1 2 -1 4 4 -2 4 3 4 4 -3 -4",48,1,0
3570,1,"1 2 2 4 4 2 -1 -2 4 -2 -2 4",24,1,-256
3571,1,"1 2 -1 -2 4 2 3 4 4 -2 -3 4",48,1,0
3572,1,"1 2 4 3 -2 4 -1 -4 -3 4 4 4",48,1,-128
3573,1,"1 2 3 4 3 4 4 -3 -2 4 -1 -3",48,1,0
3574,1,"1 4 4 2 2 -1 4 4 -2 -4 -2 4",24,1,256
3575,1,"1 2 -1 4 2 -1 -2 4 4 -2 4 1",24,1,-256
3576,1,"1 2 3 -2 3 4 -3 -3 -1 4 4 4",48,1,256
3577,1,"1 2 3 4 4 -3 4 4 -2 -2 -1 2",48,1,0
3578,1,"1 4 2 4 -2 4 -1 4 4 2 -4 -2",24,1,-128
3579,1,"1 2 3 -4 -1 4 -2 4 -3 4 4 4",48,1,-128
3580,1,"1 2 4 3 4 -2 -1 2 4 -2 -3 4",48,1,64
3581,1,"1 2 3 4 -2 -4 -1 -3 4 4 4 4",48,1,0
3582,1,"1 2 3 4 -1 -3 -3 4 3 -2 4 4",48,1,0
3583,1,"1 2 4 -2 -1 -2 4 4 -2 4 2 2",24,1,256
3584,1,"1 4 4 2 4 2 4 -2 4 -2 -1 -4",24,1,-128
3585,1,"1 2 3 2 -1 4 4 4 4 -3 -2 -2",48,1,-256
3586,1,"1 2 -1 4 4 2 3 4 -2 -3 4 -2",48,1,0
3587,1,"1 4 4 -1 -4 2 2 4 4 -2 -2 4",24,1,0
3588,1,"1 2 2 4 -2 -1 -2 4 4 2 4 -2",24,1,0
3589,1,"1 2 -1 4 4 3 4 -2 -4 -3 4 4",48,1,0
3590,1,"1 2 4 1 -2 4 -1 2 4 -2 -1 4",24,1,0
3591,1,"1 2 3 3 4 -2 -3 4 4 -1 -3 4",48,1,-128
3592,1,"1 2 2 -1 4 2 4 -2 4 -2 -2 4",24,1,0
3593,1,"1 2 3 4 4 -3 4 2 4 -2 -1 -2",48,1,0
3594,1,"1 2 4 -2 4 4 2 -4 -2 -1 4 4",24,1,-256
3595,1,"1 2 -1 -2 4 -2 4 4 -1 4 2 1",24,1,0
3596,1,"1 2 3 4 4 -3 2 4 -1 -2 -2 4",48,1,0
3597,1,"1 2 -1 -1 -2 -2 1 2 4 4 4 4",24,1,-512
3598,1,"1 2 2 3 4 -1 -2 4 -2 4 -3 4",48,1,0
3599,1,"1 2 -4 -2 -2 4 4 2 4 -1 4 4",24,1,-256
3600,1,"1 2 4 2 -4 -2 4 -1 -2 4 4 4",24,1,0
3601,1,"1 4 2 4 2 -4 -2 -2 -1 4 4 4",24,1,-256
3602,1,"1 2 3 4 4 -2 -1 -2 4 -3 4 2",48,1,128
3603,1,"1 2 2 3 -2 4 -2 -1 4 -3 4 4",48,1,0
3604,1,"1 2 3 -1 4 3 4 4 -2 -3 4 -3",48,1,-128
3605,1,"1 2 4 -2 -1 4 -2 -2 4 2 2 4",24,1,256
3606,1,"1 2 1 4 2 -1 -2 4 4 -2 -1 4",24,1,128
3607,1,"1 2 3 -2 -1 -4 -3 4 4 4 4 4",48,1,-512
3608,1,"1 2 4 -2 4 4 2 4 -2 -4 -1 4",24,1,128
3609,1,"1 2 4 -1 3 4 -3 -2 4 -3 4 3",48,1,0
3610,1,"1 2 1 2 4 4 -2 -2 4 -1 -1 4",24,1,256
3611,1,"1 2 4 3 -1 4 -3 -3 4 3 -2 4",48,1,128
3612,1,"1 2 2 -1 4 3 4 -3 -2 -2 4 4",48,1,0
3613,1,"1 2 4 -1 4 2 4 4 -2 -4 -2 4",24,1,128
3614,1,"1 2 4 4 3 4 4 -3 4 -1 -2 -4",48,1,-256
3615,1,"1 2 4 2 2 4 -2 -2 4 -1 4 -2",24,1,0
3616,1,"1 2 1 4 4 2 -1 -1 -2 -2 4 4",24,1,0
3617,1,"1 2 3 4 4 -3 4 -3 4 3 -1 -2",48,1,-128
3618,1,"1 2 4 3 -1 4 4 -3 -3 -2 3 4",48,1,-128
3619,1,"1 2 1 2 -1 4 4 4 -2 -1 4 -2",24,1,0
3620,1,"1 2 1 4 -2 4 -1 -1 -2 4 2 4",24,1,128
3621,1,"1 2 3 4 4 -3 2 4 -1 -2 4 -2",48,1,0
3622,1,"1 2 3 4 4 3 4 4 -2 -3 -1 -3",48,1,-128
3623,1,"1 2 -1 4 4 -1 -2 -2 4 2 1 4",24,1,0
3624,1,"1 2 4 -2 3 4 -3 4 -1 2 4 -2",48,1,64
3625,1,"1 2 2 -1 4 -2 -1 4 -2 1 4 4",24,1,0
3626,1,"1 2 3 -1 4 4 3 4 4 -3 -2 -3",48,1,-128
3627,1,"1 2 4 3 -2 -3 -3 -1 4 4 4 3",48,1,256
3628,1,"1 2 2 4 -2 4 2 -1 -2 4 4 -2",24,1,-256
3629,1,"1 2 3 -2 3 4 4 -3 4 4 -1 -3",48,1,-128
3630,1,"1 2 4 -1 4 -2 -4 3 4 -3 4 4",48,1,0
3631,1,"1 2 3 2 4 -3 4 4 4 -1 -2 -2",48,1,-256
3632,1,"1 2 3 4 -3 4 2 -1 4 -2 4 -2",48,1,-64
3633,1,"1 2 3 -1 4 -3 4 4 -3 -2 3 4",48,1,0
3634,1,"1 2 3 -1 4 -2 3 4 4 4 -3 -3",48,1,0
3635,1,"1 2 3 4 -2 3 -1 4 4 4 -3 -3",48,1,0
3636,1,"1 2 4 4 3 3 -2 -1 4 4 -3 -3",24,1,0
3637,1,"1 2 4 -2 4 3 4 -1 -4 -3 4 4",48,1,0
3638,1,"1 2 3 4 4 4 4 -3 -4 -2 -1 4",48,1,256
3639,1,"1 4 4 4 2 -1 -4 -2 4 -2 4 2",24,1,0
3640,1,"1 2 3 4 4 -2 -3 4 -1 -2 4 2",48,1,0
3641,1,"1 2 3 4 -1 4 3 4 -3 -3 4 -2",48,1,0
3642,1,"1 2 4 3 4 3 -1 -3 4 4 -2 -3",48,1,0
3643,1,"1 2 4 2 4 4 -2 -4 -2 4 -1 4",24,1,128
3644,1,"1 2 3 4 4 -1 4 3 4 -3 -2 -3",48,1,0
3645,1,"1 2 3 3 4 -3 -1 -2 4 -3 4 4",48,1,128
3646,1,"1 2 -1 -1 4 2 1 4 4 -2 4 -2",24,1,0
3647,1,"1 4 2 2 4 4 -1 -4 -2 4 -2 4",24,1,0
3648,1,"1 2 3 4 4 3 -2 4 -3 -3 -1 4",48,1,128
3649,1,"1 2 -1 4 4 3 2 -3 4 4 -2 -2",48,1,0
3650,1,"1 2 4 4 4 4 -2 -1 -4 2 4 -2",24,1,256
3651,1,"1 2 4 3 -1 3 4 -3 4 4 -2 -3",48,1,0
3652,1,"1 2 1 4 2 4 -2 4 -2 -1 -1 4",24,1,128
3653,1,"1 2 1 2 4 -2 -1 -2 -1 4 4 4",24,1,256
3654,1,"1 2 2 -1 4 -2 4 -2 4 -2 4 2",24,1,128
3655,1,"1 2 3 4 3 4 -3 -1 4 4 -2 -3",48,1,0
3656,1,"1 2 2 -1 4 -1 4 4 -2 -2 4 1",24,1,0
3657,1,"1 2 3 3 4 -3 -3 -1 4 4 4 -2",48,1,256
3658,1,"1 2 4 4 -1 3 4 4 -3 -3 -2 3",48,1,0
3659,1,"1 2 3 -2 4 -3 4 2 -1 -2 4 4",48,1,0
3660,1,"1 2 -1 -1 4 4 -2 4 1 2 4 -2",24,1,-256
3661,1,"1 2 4 2 -1 4 1 -2 4 -2 -1 4",12,1,128
3662,1,"1 2 3 4 -3 -3 -2 4 -1 4 3 4",48,1,128
3663,1,"1 4 2 -4 2 -1 4 4 4 -2 4 -2",24,1,0
3664,1,"1 2 1 -2 4 4 4 -1 2 4 -1 -2",24,1,256
3665,1,"1 4 4 2 4 -2 4 -2 4 -1 -4 2",24,1,-128
3666,1,"1 2 4 4 4 -2 4 -1 2 -4 -2 4",24,1,-256
3667,1,"1 2 3 4 -1 4 4 -2 4 4 -3 -4",48,1,-128
3668,1,"1 2 4 3 3 -2 -3 -3 4 4 -1 4",48,1,0
3669,1,"1 2 2 4 4 -2 -1 2 4 -2 -2 4",24,1,256
3670,1,"1 2 1 2 4 4 -1 4 -1 4 -2 -2",24,1,0
3671,1,"1 2 1 -2 4 4 -1 -1 4 2 4 -2",24,1,256
3672,1,"1 2 1 -2 4 4 -1 4 4 2 -1 -2",24,1,0
3673,1,"1 2 3 3 -2 -3 -1 4 4 4 4 -3",48,1,-256
3674,1,"1 2 4 3 -1 -3 4 3 -2 4 -3 4",48,1,64
3675,1,"1 2 -1 4 4 4 3 -4 -3 -2 4 4",48,1,0
3676,1,"1 2 4 -2 -2 -2 4 -1 4 4 2 2",24,1,512
3677,1,"1 2 4 4 -2 3 4 -3 -3 -1 4 3",48,1,-128
3678,1,"1 2 3 -4 -3 -2 4 4 4 4 -1 4",48,1,-256
3679,1,"1 2 3 4 3 4 -3 -3 4 -1 4 -2",48,1,0
3680,1,"1 2 -1 4 -2 -2 3 4 4 -3 4 2",48,1,128
3681,1,"1 4 2 4 2 4 -1 4 4 -2 -2 -4",24,1,0
3682,1,"1 2 4 3 4 4 -1 -4 -3 -2 4 4",48,1,-128
3683,1,"1 4 -1 4 1 4 -1 4 1 4 -1 -4",6,1,-128
3684,1,"1 2 4 -2 3 3 4 -3 4 -1 -3 4",48,1,128
3685,1,"1 2 4 -2 4 3 4 4 -3 -4 -1 4",48,1,0
3686,1,"1 2 2 4 4 -2 4 2 -1 4 -2 -2",24,1,-256
3687,1,"1 2 1 4 4 -2 4 -1 -1 2 4 -2",24,1,256
3688,1,"1 4 1 4 1 4 -1 4 -1 4 -1 -4",6,1,-128
3689,1,"1 2 1 4 4 -1 -1 2 4 -2 4 -2",24,1,256
3690,1,"1 2 3 -2 3 4 -3 -3 4 4 -1 4",48,1,128
3691,1,"1 2 3 -2 4 4 4 2 -3 -2 -1 4",48,1,256
3692,1,"1 2 1 4 -2 -2 4 -1 4 2 -1 4",24,1,128
3693,1,"1 2 3 -2 4 -3 4 -1 -3 4 3 4",48,1,-64
3694,1,"1 2 -4 -2 -1 4 4 4 4 -2 4 2",24,1,-256
3695,1,"1 2 3 4 -2 -4 -1 4 4 -3 4 4",48,1,128
3696,1,"1 4 -1 4 4 2 2 4 4 -2 -2 -4",24,1,0
3697,1,"1 2 -1 2 4 4 2 4 -2 -2 4 -2",24,1,0
3698,1,"1 2 -1 -1 4 4 1 -2 -2 4 2 4",24,1,256
3699,1,"1 2 4 3 4 -2 -3 4 -1 3 4 -3",48,1,64
3700,1,"1 2 -1 4 4 3 -2 4 -3 2 4 -2",48,1,0
3701,1,"1 2 4 4 3 -1 4 3 -2 -3 -3 4",48,1,128
3702,1,"1 2 2 1 4 -2 -1 -1 -2 4 4 4",24,1,512
3703,1,"1 2 -1 2 2 4 4 -2 -2 4 4 -2",24,1,0
3704,1,"1 2 3 4 -1 4 -3 -3 -2 3 4 4",48,1,128
3705,1,"1 2 3 -2 4 3 4 4 -3 -1 4 -3",48,1,0
3706,1,"1 2 3 2 -3 4 4 4 4 -1 -2 -2",48,1,-256
3707,1,"1 4 -1 -4 2 4 4 -2 4 2 4 -2",24,1,128
3708,1,"1 2 1 4 -1 -1 2 4 4 -2 -2 4",24,1,256
3709,1,"1 2 3 -1 -2 4 3 4 4 4 -3 -3",48,1,-256
3710,1,"1 2 3 4 -3 2 4 4 4 -2 -1 -2",48,1,0
3711,1,"1 2 1 2 4 -1 -2 4 4 -1 -2 4",24,1,-128
3712,1,"1 2 -1 -1 4 4 -2 -2 4 1 2 4",24,1,-256
3713,1,"1 2 3 4 4 -3 -2 4 3 -1 -3 4",48,1,0
3714,1,"1 2 2 -1 -1 4 4 -2 -2 4 1 4",24,1,0
3715,1,"1 2 -1 -2 4 1 4 2 -1 4 -2 4",24,1,-128
3716,1,"1 2 3 3 -1 -2 4 -3 -3 4 4 4",48,1,-256
3717,1,"1 2 3 4 -1 4 4 -3 -2 -2 4 2",48,1,256
3718,1,"1 2 4 -2 4 4 3 -1 4 4 -3 -4",48,1,-128
3719,1,"1 4 1 4 -1 -4 -1 4 1 4 -1 4",6,1,128
3720,1,"1 2 2 4 4 4 -1 4 -2 -4 -2 4",24,1,256
3721,1,"1 2 -1 4 3 3 4 4 4 -3 -2 -3",48,1,0
3722,1,"1 2 4 -2 -1 4 4 -2 4 4 2 -4",24,1,0
3723,1,"1 2 3 3 -1 4 -3 4 4 4 -3 -2",48,1,-256
3724,1,"1 2 3 -1 3 4 4 -3 -2 4 -3 4",48,1,128
3725,1,"1 2 -1 4 3 4 -3 4 -2 3 4 -3",48,1,64
3726,1,"1 2 -1 4 -2 3 4 4 4 4 -3 -4",48,1,256
3727,1,"1 2 1 2 -1 4 -2 -1 4 -2 4 4",24,1,128
3728,1,"1 2 4 -1 2 4 -2 4 -2 -1 4 1",24,1,128
3729,1,"1 2 3 3 4 -1 4 -3 -3 4 -2 4",48,1,128
3730,1,"1 2 4 4 -2 4 3 -1 -4 -3 4 4",48,1,-128
3731,1,"1 2 1 4 4 2 -1 -1 4 -2 -2 4",24,1,256
3732,1,"1 2 4 4 3 4 -3 -1 4 4 -2 -4",48,1,-128
3733,1,"1 2 4 3 -2 3 -1 4 -3 4 4 -3",48,1,0
3734,1,"1 2 -1 4 3 -2 4 4 -3 -3 4 3",48,1,128
3735,1,"1 2 1 4 4 4 2 -1 -2 4 -1 -2",24,1,-256
3736,1,"1 2 3 -1 -3 4 4 4 4 3 -2 -3",48,1,0
3737,1,"1 2 4 -1 4 4 3 4 4 -2 -3 -4",48,1,-128
3738,1,"1 2 4 4 -2 -1 -4 3 4 4 -3 4",48,1,0
3739,1,"1 4 2 2 4 -1 -4 -2 -2 4 4 4",24,1,0
3740,1,"1 2 3 -2 -3 -2 -1 4 4 2 4 4",48,1,0
3741,1,"1 2 4 3 -2 -3 -3 4 4 -1 4 3",48,1,128
3742,1,"1 2 4 3 4 -2 4 -3 -4 -1 4 4",48,1,0
3743,1,"1 2 3 -1 -2 4 4 3 4 -3 4 -3",48,1,-128
3744,1,"1 2 3 4 4 3 -1 -3 4 4 -3 -2",48,1,-256
3745,1,"1 2 -1 4 2 4 3 4 -3 4 -2 -2",48,1,-128
3746,1,"1 2 4 3 4 4 -1 -3 4 -3 -2 3",48,1,-128
3747,1,"1 2 1 4 -1 -2 -2 4 4 2 -1 4",24,1,0
3748,1,"1 2 3 2 -3 4 4 -2 4 -1 4 -2",48,1,0
3749,1,"1 2 4 2 2 4 4 -1 4 -2 -2 -2",24,1,0
3750,1,"1 2 4 3 -2 4 -1 4 -3 2 4 -2",48,1,0
3751,1,"1 2 4 3 -2 4 -1 2 4 -3 -2 4",12,1,64
3752,1,"1 1 1 4 4 -1 -4 -1 -1 4 4 4",6,1,1024
3753,1,"1 2 4 4 3 -1 -3 -3 -2 4 3 4",48,1,-128
3754,1,"1 2 3 -1 3 4 4 4 -3 -3 4 -2",48,1,0
3755,1,"1 2 3 -2 -1 2 4 4 -3 4 -2 4",48,1,0
3756,1,"1 2 3 4 4 2 -3 -2 4 4 -1 -2",48,1,-128
3757,1,"1 2 4 -2 4 -1 -4 -2 4 4 4 2",24,1,0
3758,1,"1 2 3 4 -1 3 4 4 4 -3 -2 -3",48,1,128
3759,1,"1 2 4 4 4 3 3 -1 4 -2 -3 -3",48,1,0
3760,1,"1 2 -1 -2 4 -2 4 2 -1 4 1 4",24,1,-128
3761,1,"1 2 2 -1 4 1 -2 4 -2 4 -1 4",24,1,128
3762,1,"1 4 2 4 -2 4 -2 4 4 2 -1 -4",24,1,-128
3763,1,"1 2 2 -1 4 -2 4 -2 4 2 4 -2",24,1,-128
3764,1,"1 2 2 4 1 -2 4 -1 -1 4 -2 4",24,1,256
3765,1,"1 2 -1 -2 4 4 2 3 -2 -3 4 4",48,1,128
3766,1,"1 2 3 4 4 -1 4 -2 3 4 -3 -3",48,1,128
3767,1,"1 2 3 4 4 4 -2 3 -1 4 -3 -3",48,1,0
3768,1,"1 2 4 -1 3 -2 4 3 4 -3 4 -3",48,1,0
3769,1,"1 2 -1 4 4 3 4 3 -2 -3 -3 4",48,1,0
3770,1,"1 2 4 3 4 3 -2 -3 -1 4 4 -3",48,1,0
3771,1,"1 2 -1 -4 -2 3 4 4 4 -3 4 4",48,1,-256
3772,1,"1 2 -1 2 4 -2 4 -2 -2 4 4 2",24,1,256
3773,1,"1 2 2 -1 4 -2 3 4 -2 4 -3 4",48,1,0
3774,1,"1 2 -1 4 2 2 4 -2 -2 4 4 -2",24,1,-256
3775,1,"1 2 3 2 -1 4 -2 -3 -2 4 4 4",48,1,0
3776,1,"1 1 4 1 4 4 4 -1 -1 4 -1 -4",6,1,-512
3777,1,"1 2 -4 -2 4 -1 4 3 4 -3 4 4",48,1,-128
3778,1,"1 2 -1 -2 4 4 2 1 -2 -1 4 4",12,1,256
3779,1,"1 4 2 4 2 -1 4 -2 -4 -2 4 4",24,1,128
3780,1,"1 2 3 4 4 -2 -2 -3 4 -1 4 2",48,1,0
3781,1,"1 4 2 2 -1 4 2 4 -2 -2 4 -2",24,1,0
3782,1,"1 2 -1 -1 4 4 2 1 4 4 -2 -2",24,1,0
3783,1,"1 2 4 -2 4 -2 4 -1 -4 2 4 4",24,1,128
3784,1,"1 2 -1 -2 -4 2 4 4 4 4 4 -2",24,1,512
3785,1,"1 2 2 4 1 -2 4 -2 4 -1 -1 4",24,1,256
3786,1,"1 2 4 4 4 -2 -2 4 4 -1 2 -4",24,1,0
3787,1,"1 2 -4 3 4 -1 4 -2 4 4 -3 4",48,1,0
3788,1,"1 2 -1 -2 4 4 4 3 -4 -3 4 4",48,1,256
3789,1,"1 2 -4 -2 4 2 4 4 -2 4 -1 4",24,1,-128
3790,1,"1 2 2 2 4 4 -2 -2 -2 4 -1 4",24,1,512
3791,1,"1 2 3 -4 -3 4 4 -2 4 4 -1 4",48,1,-128
3792,1,"1 2 3 -2 -2 -1 4 -3 4 4 4 2",48,1,0
3793,1,"1 2 -1 2 4 -2 4 3 -2 -3 4 4",48,1,0
3794,1,"1 2 1 4 2 4 -1 -2 -2 4 -1 4",24,1,128
3795,1,"1 2 2 4 2 4 -1 -2 -2 4 4 -2",24,1,-256
3796,1,"1 2 -1 4 3 4 4 -2 -4 -3 4 4",48,1,0
3797,1,"1 2 -1 4 -2 3 -2 -3 4 4 4 2",48,1,128
3798,1,"1 2 4 3 3 -1 -3 4 4 -2 -3 4",48,1,128
3799,1,"1 2 3 2 4 -1 4 -2 -3 4 -2 4",48,1,64
3800,1,"1 2 3 4 4 -3 4 -2 -1 2 4 -2",48,1,128
3801,1,"1 2 -1 4 3 2 4 -3 -2 4 4 -2",48,1,0
3802,1,"1 2 4 3 4 -1 -3 4 3 -2 -3 4",48,1,64
3803,1,"1 2 2 4 4 -2 -2 -2 4 -1 2 4",24,1,512
3804,1,"1 2 -1 -2 4 -2 4 -1 4 4 2 1",24,1,0
3805,1,"1 2 3 4 4 -3 2 4 -2 -1 -2 4",48,1,0
3806,1,"1 2 -1 4 -2 4 4 -2 4 4 2 -4",24,1,256
3807,1,"1 2 2 4 -1 4 -1 -2 -2 4 4 1",24,1,0
3808,1,"1 4 2 4 -2 -1 4 4 4 -2 -4 2",24,1,0
3809,1,"1 2 4 4 3 -1 -3 -2 3 4 -3 4",48,1,-128
3810,1,"1 2 4 4 2 -4 -2 -2 -1 4 4 4",24,1,-512
3811,1,"1 4 4 4 -1 -4 2 4 -2 -2 4 2",24,1,-256
3812,1,"1 2 3 2 4 -1 -2 -3 4 4 4 -2",48,1,-128
3813,1,"1 2 -4 -2 4 4 -1 4 4 -2 4 2",24,1,-256
3814,1,"1 2 4 3 4 4 4 -3 -1 3 -2 -3",48,1,-128
3815,1,"1 2 4 2 4 -2 -2 4 -1 -2 4 2",24,1,128
3816,1,"1 2 4 -2 -1 -2 4 2 4 -2 4 2",24,1,128
3817,1,"1 2 4 2 4 4 -2 -2 -4 -1 4 4",24,1,256
3818,1,"1 2 4 3 -1 4 -3 -2 4 -3 4 3",48,1,0
3819,1,"1 2 4 3 3 -1 -2 4 -3 4 4 -3",48,1,-128
3820,1,"1 2 4 4 4 3 -2 3 4 -1 -3 -3",48,1,0
3821,1,"1 2 2 -4 -2 4 -1 4 4 4 -2 4",24,1,-256
3822,1,"1 2 1 -2 4 4 4 2 -1 -1 4 -2",24,1,256
3823,1,"1 2 3 4 -1 4 -3 -3 4 3 -2 4",48,1,0
3824,1,"1 2 -1 -2 -4 -2 4 4 4 4 4 2",24,1,0
3825,1,"1 2 4 4 4 2 -4 -2 -1 4 4 -2",24,1,-256
3826,1,"1 1 1 4 -1 -1 4 4 4 4 -1 -4",6,1,-1024
3827,1,"1 2 3 -2 -3 -3 -1 4 3 4 4 4",48,1,0
3828,1,"1 2 2 4 -1 -1 4 -2 -2 4 1 4",24,1,256
3829,1,"1 2 3 2 4 4 -2 -1 4 -3 4 -2",48,1,128
3830,1,"1 2 -1 -2 4 4 -1 4 2 1 -2 4",24,1,128
3831,1,"1 2 -1 -1 2 4 4 1 -2 4 4 -2",24,1,256
3832,1,"1 2 4 4 -1 4 3 4 4 -3 -2 -4",48,1,-128
3833,1,"1 2 4 2 -1 4 -2 3 4 -3 4 -2",48,1,-64
3834,1,"1 2 3 4 -3 -1 -3 -2 4 3 4 4",48,1,128
3835,1,"1 2 3 -1 4 3 4 4 4 -3 -2 -3",48,1,-128
3836,1,"1 2 4 3 3 4 -3 4 -1 -3 -2 4",48,1,0
3837,1,"1 2 -1 -1 2 4 1 4 4 -2 -2 4",24,1,256
3838,1,"1 2 2 -1 4 -2 4 -2 -1 4 1 4",24,1,128
3839,1,"1 2 3 -2 4 4 -1 3 4 4 -3 -3",48,1,0
3840,1,"1 2 3 -2 -2 -3 2 4 4 -1 4 4",48,1,-256
3841,1,"1 2 2 3 4 -3 -2 4 -2 -1 4 4",48,1,256
3842,1,"1 2 3 3 4 4 4 -2 -1 -3 4 -3",48,1,-256
3843,1,"1 2 4 -2 3 4 4 -1 -4 -3 4 4",48,1,128
3844,1,"1 2 1 -2 4 -2 4 2 -1 4 -1 4",24,1,128
3845,1,"1 2 3 -1 4 4 -3 4 -3 -2 3 4",48,1,0
3846,1,"1 2 4 3 4 -3 -1 4 -3 4 -2 3",48,1,0
3847,1,"1 2 -1 4 -2 4 -1 4 2 4 -2 1",24,1,-128
3848,1,"1 2 -1 -2 4 4 4 4 3 4 -3 -4",48,1,0
3849,1,"1 2 3 -1 -2 4 4 -3 4 3 4 -3",48,1,-128
3850,1,"1 2 1 -2 -1 2 4 4 4 -2 -1 4",24,1,-256
3851,1,"1 4 2 3 4 -2 -3 4 2 -1 4 -2",24,1,0
3852,1,"1 2 2 -1 4 3 -2 4 -2 -3 4 4",48,1,0
3853,1,"1 2 4 3 4 -3 -1 -2 4 3 4 -3",24,1,64
3854,1,"1 2 3 4 -1 4 -2 -3 -2 4 4 2",48,1,128
3855,1,"1 2 -1 2 4 3 -2 4 -3 4 4 -2",48,1,0
3856,1,"1 2 2 3 4 -3 4 -2 -1 4 4 -2",48,1,128
3857,1,"1 2 3 4 3 4 -2 4 -3 -3 -1 4",48,1,128
3858,1,"1 2 -1 -2 4 4 -2 4 4 4 2 -4",24,1,256
3859,1,"1 2 1 4 -2 -2 4 4 -1 -1 2 4",24,1,256
3860,1,"1 2 4 3 4 3 4 -3 -2 4 -1 -3",48,1,64
3861,1,"1 2 -1 -2 4 -2 4 2 1 4 -1 4",24,1,0
3862,1,"1 2 2 4 -2 -2 -4 -1 4 4 4 4",24,1,512
3863,1,"1 2 3 -2 3 -1 4 4 4 -3 4 -3",48,1,-128
3864,1,"1 4 2 2 -1 4 -2 -2 -2 4 4 2",24,1,512
3865,1,"1 2 -1 4 4 2 3 -2 -2 -3 4 4",48,1,0
3866,1,"1 2 4 4 2 4 4 4 -2 -1 -2 -4",24,1,-256
3867,1,"1 2 3 -2 4 4 -3 2 -1 -2 4 4",24,1,128
3868,1,"1 2 -1 -2 4 2 4 -2 -2 4 4 2",24,1,0
3869,1,"1 2 -1 2 4 -2 3 -2 4 -3 4 4",48,1,128
3870,1,"1 4 4 2 4 -2 -2 4 4 -1 -4 2",24,1,-256
3871,1,"1 2 2 -1 4 3 4 -2 4 -2 -3 4",48,1,0
3872,1,"1 2 4 -1 3 4 4 -3 4 3 -2 -3",48,1,-128
3873,1,"1 2 3 2 -3 -2 4 -1 4 4 4 -2",48,1,0
3874,1,"1 2 3 -2 4 -3 4 4 -3 4 -1 3",48,1,128
3875,1,"1 2 -4 -1 4 -2 4 4 2 4 -2 4",24,1,-128
3876,1,"1 2 3 3 -2 -3 -1 4 4 4 -3 4",48,1,0
3877,1,"1 2 4 -2 4 3 4 4 4 -3 -1 -4",48,1,-128
3878,1,"1 2 4 3 -4 -3 4 -1 -2 4 4 4",48,1,0
3879,1,"1 2 2 4 -2 -2 -2 -1 4 4 4 2",24,1,512
3880,1,"1 2 1 2 -1 -2 4 4 4 -1 -2 4",24,1,-256
3881,1,"1 2 3 4 -3 4 4 -2 4 -2 -1 2",48,1,0
3882,1,"1 2 1 4 -2 -1 2 4 -2 -1 4 4",24,1,-128
3883,1,"1 2 3 -1 4 4 4 -3 -3 -2 4 3",48,1,0
3884,1,"1 2 -1 -4 -2 4 4 3 4 -3 4 4",48,1,-256
3885,1,"1 2 -4 -1 4 3 4 -2 4 4 -3 4",48,1,-128
3886,1,"1 2 4 3 -1 4 -2 3 4 -3 -3 4",48,1,0
3887,1,"1 2 4 3 4 -2 3 -1 4 -3 -3 4",48,1,128
3888,1,"1 2 3 -1 4 4 -2 3 4 -3 4 -3",48,1,0
3889,1,"1 2 -1 4 4 3 4 -3 -2 -3 4 3",48,1,0
3890,1,"1 2 2 -1 4 4 -2 -2 -2 4 2 4",24,1,0
3891,1,"1 2 2 -4 -2 4 -2 4 -1 4 4 4",24,1,-256
3892,1,"1 2 3 4 4 -3 4 -2 -3 -1 3 4",48,1,128
3893,1,"1 1 4 4 1 -4 -1 4 -1 4 -1 4",6,1,-256
3894,1,"1 2 4 4 -2 4 3 -4 -1 4 -3 4",48,1,0
3895,1,"1 2 3 4 -2 -3 -2 4 4 4 -1 2",48,1,128
3896,1,"1 4 2 -4 -2 -2 -1 4 4 4 2 4",24,1,-256
3897,1,"1 2 4 3 -1 -3 -2 3 4 4 4 -3",48,1,-128
3898,1,"1 2 2 4 4 -1 2 4 -2 4 -2 -2",24,1,256
3899,1,"1 2 3 4 3 4 -1 -2 4 4 -3 -3",48,1,0
3900,1,"1 2 3 4 4 4 4 -2 -3 -3 -1 3",48,1,256
3901,1,"1 2 -4 -1 4 4 2 4 -2 -2 4 4",24,1,-256
3902,1,"1 2 4 -2 -2 4 -1 -2 4 2 2 4",12,1,0
3903,1,"1 2 1 -2 4 -1 4 -1 -2 4 2 4",24,1,128
3904,1,"1 2 1 4 4 4 2 4 -2 -1 -1 -2",24,1,256
3905,1,"1 2 -1 -2 1 2 4 4 -1 -2 4 4",24,1,0
3906,1,"1 2 2 -1 -2 -2 -2 4 2 4 4 4",24,1,-512
3907,1,"1 4 2 2 4 4 -1 4 4 -2 -4 -2",24,1,256
3908,1,"1 2 2 3 4 -1 4 -3 4 -2 -2 4",48,1,128
3909,1,"1 2 4 3 -2 4 -3 2 4 -1 -2 4",24,1,0
3910,1,"1 2 3 -2 3 4 -1 -3 4 -3 4 4",48,1,0
3911,1,"1 1 4 1 4 4 -1 -1 -4 -1 4 4",6,1,512
3912,1,"1 2 4 3 3 4 -3 -1 4 -2 -3 4",48,1,0
3913,1,"1 2 3 -2 4 -1 2 -3 4 4 4 -2",48,1,-128
3914,1,"1 2 3 4 4 4 4 -2 4 -3 -1 -4",48,1,-256
3915,1,"1 2 3 4 4 4 4 4 -3 -1 -2 -4",48,1,-256
3916,1,"1 2 2 -1 4 -2 -2 -2 4 2 4 4",24,1,0
3917,1,"1 2 3 4 -2 -1 4 -3 2 4 -2 4",48,1,64
3918,1,"1 2 4 -2 4 3 -4 -3 4 -1 4 4",48,1,-128
3919,1,"1 2 -1 4 1 4 -2 -2 -1 4 2 4",24,1,128
3920,1,"1 2 2 4 4 4 4 -1 -4 -2 -2 4",24,1,-512
3921,1,"1 2 2 2 4 -2 -2 4 -2 -1 4 4",24,1,512
3922,1,"1 2 1 2 4 -1 -2 4 -1 4 -2 4",24,1,0
3923,1,"1 2 -1 -2 1 4 -1 4 -2 4 2 4",24,1,-128
3924,1,"1 2 3 3 4 -3 4 -1 -3 4 -2 4",48,1,0
3925,1,"1 2 4 -2 4 3 3 4 -1 -3 4 -3",48,1,0
3926,1,"1 2 4 2 4 -2 -1 -4 -2 4 4 4",24,1,0
3927,1,"1 2 2 2 4 -2 -2 -2 4 4 -1 4",24,1,512
3928,1,"1 2 3 4 3 -1 4 4 -3 -2 -3 4",48,1,0
3929,1,"1 1 4 4 -1 -4 -1 4 1 4 -1 4",6,1,256
3930,1,"1 2 -1 4 4 4 -2 -4 -2 4 4 2",24,1,256
3931,1,"1 2 -1 2 4 4 4 2 4 -2 -2 -2",24,1,0
3932,1,"1 2 -1 4 4 2 4 -2 -1 4 -2 1",24,1,0
3933,1,"1 2 3 -1 4 -3 4 3 4 4 -2 -3",48,1,-128
3934,1,"1 2 3 3 -2 4 4 -1 -3 -3 4 4",48,1,-256
3935,1,"1 2 -4 -2 4 -1 4 -2 4 2 4 4",24,1,-128
3936,1,"1 2 -1 2 2 4 4 4 -2 4 -2 -2",24,1,0
3937,1,"1 2 3 -1 -3 4 -3 -2 3 4 4 4",48,1,-128
3938,1,"1 2 -1 2 4 3 -2 -3 4 4 4 -2",48,1,0
3939,1,"1 2 2 3 -2 4 -3 4 -2 -1 4 4",48,1,0
3940,1,"1 2 4 -2 4 -2 -4 2 4 -1 4 4",24,1,-128
3941,1,"1 2 3 4 -3 4 -2 -1 3 4 -3 4",24,1,128
3942,1,"1 2 1 2 4 -2 4 -1 4 -1 4 -2",24,1,0
3943,1,"1 2 -1 -2 4 4 4 -2 -4 2 4 4",24,1,256
3944,1,"1 2 3 4 -3 -1 4 -2 3 4 -3 4",48,1,128
3945,1,"1 2 3 4 -2 -3 2 -1 4 4 4 -2",48,1,128
3946,1,"1 2 -1 -1 4 4 2 1 -2 4 4 -2",24,1,256
3947,1,"1 2 3 -2 4 3 4 -3 -3 4 -1 4",48,1,0
3948,1,"1 2 3 4 4 -1 4 -3 -2 -3 4 3",48,1,128
3949,1,"1 2 4 3 4 4 -3 -1 -4 -2 4 4",48,1,-128
3950,1,"1 2 3 -2 -3 -1 4 3 4 4 4 -3",48,1,-128
3951,1,"1 2 1 4 -1 4 2 -1 4 -2 -2 4",24,1,128
3952,1,"1 2 3 3 -1 -3 4 -2 4 4 4 -3",48,1,-256
3953,1,"1 2 3 -2 4 4 -1 -2 4 2 -3 4",48,1,128
3954,1,"1 2 2 -1 4 -2 -2 4 4 -1 4 1",24,1,0
3955,1,"1 2 3 2 -1 -2 -3 4 -2 4 4 4",48,1,-128
3956,1,"1 4 2 4 2 -4 -2 4 -1 4 4 -2",24,1,-128
3957,1,"1 2 -1 4 -2 3 4 -3 -3 4 3 4",48,1,0
3958,1,"1 2 4 -2 3 -1 4 -3 -3 4 3 4",48,1,128
3959,1,"1 2 2 -1 4 4 4 -2 -2 -2 4 2",24,1,512
3960,1,"1 2 4 4 2 2 4 -2 -2 -1 4 -2",24,1,256
3961,1,"1 1 4 -1 4 4 4 1 4 -1 -1 -4",6,1,-512
3962,1,"1 2 2 4 -2 -4 -2 4 4 4 -1 4",24,1,256
3963,1,"1 4 -1 4 4 2 2 2 4 -2 -2 -2",24,1,512
3964,1,"1 2 -1 4 -1 2 1 4 4 -2 -2 4",24,1,256
3965,1,"1 2 4 -2 -4 2 4 -1 4 4 -2 4",24,1,-128
3966,1,"1 2 3 -2 -2 4 2 -3 4 -1 4 4",48,1,128
3967,1,"1 2 3 4 -1 -3 -2 4 4 -3 4 3",48,1,0
3968,1,"1 2 3 3 -2 -1 -3 -3 4 4 4 4",48,1,-512
3969,1,"1 2 2 -1 4 3 4 4 -3 -2 -2 4",48,1,0
3970,1,"1 4 2 -4 -2 4 -1 4 4 2 4 -2",24,1,-128
3971,1,"1 2 2 4 3 -2 4 -3 4 -2 -1 4",48,1,128
3972,1,"1 2 3 -1 -3 -3 4 3 4 4 -2 4",48,1,-128
3973,1,"1 4 4 4 -1 -4 2 4 4 4 -2 -4",12,1,512
3974,1,"1 2 3 -1 4 -2 4 3 4 -3 4 -3",48,1,-64
3975,1,"1 2 1 -2 -1 -1 2 4 -2 4 4 4",24,1,-256
3976,1,"1 4 2 4 4 2 -1 -4 -2 -2 4 4",24,1,-256
3977,1,"1 2 3 4 -3 -3 -2 4 4 4 -1 3",48,1,0
3978,1,"1 2 -1 4 -2 3 4 -3 -2 4 2 4",48,1,0
3979,1,"1 2 4 -2 4 2 4 4 -1 4 -2 -4",24,1,-128
3980,1,"1 2 4 -1 3 4 4 4 -3 -4 -2 4",48,1,128
3981,1,"1 2 -1 4 3 -4 -2 4 -3 4 4 4",48,1,0
3982,1,"1 2 4 3 4 4 -2 4 -1 4 -3 -4",48,1,0
3983,1,"1 2 4 -1 -4 -2 4 3 4 -3 4 4",48,1,-128
3984,1,"1 2 3 4 4 3 -1 -3 4 -3 4 -2",48,1,-128
3985,1,"1 2 3 -2 -1 2 4 -3 -2 4 4 4",48,1,-128
3986,1,"1 2 2 4 -2 4 4 -2 4 4 -1 -4",24,1,-256
3987,1,"1 2 2 4 -2 -2 -2 4 4 2 -1 4",24,1,0
3988,1,"1 2 3 -2 -3 4 4 -1 -3 4 4 3",48,1,-128
3989,1,"1 2 3 4 4 3 4 -3 -3 -1 4 -2",48,1,128
3990,1,"1 2 3 2 -1 4 4 -3 4 -2 4 -2",48,1,-128
3991,1,"1 4 2 4 2 4 -2 -2 -4 -1 4 4",24,1,0
3992,1,"1 1 -4 -4 -1 4 4 4 -1 4 4 4",6,1,-1024
3993,1,"1 2 3 4 3 4 -1 4 -3 4 -2 -3",48,1,-64
3994,1,"1 2 3 -2 4 -3 4 4 -1 3 4 -3",48,1,0
3995,1,"1 2 3 4 4 -3 -3 4 -1 4 -2 3",48,1,128
3996,1,"1 2 1 4 4 2 4 -2 -2 -1 -1 4",24,1,256
3997,1,"1 2 3 4 4 2 -1 -2 4 -2 -3 4",48,1,-128
3998,1,"1 2 3 -2 -4 -1 4 4 4 -3 4 4",48,1,0
3999,1,"1 2 3 -2 -3 4 2 4 4 4 -1 -2",48,1,128
4000,1,"1 2 3 4 4 -2 -1 3 4 4 -3 -3",48,1,256
4001,1,"1 2 3 4 -3 -1 3 4 -3 4 4 -2",48,1,128
4002,1,"1 2 4 3 4 -3 4 -1 3 -2 4 -3",48,1,0
4003,1,"1 2 3 4 -1 -3 -2 4 3 4 -3 4",48,1,0
4004,1,"1 4 2 2 4 4 4 -2 -4 -2 -1 4",24,1,256
4005,1,"1 2 2 4 3 4 -3 -2 4 -2 -1 4",48,1,128
4006,1,"1 2 1 2 4 -2 4 4 4 -1 -1 -2",24,1,-256
4007,1,"1 2 3 -2 4 4 3 -1 -3 -3 4 4",48,1,-256
4008,1,"1 2 4 -2 -4 -2 4 -1 4 4 2 4",24,1,128
4009,1,"1 2 -4 -1 4 4 -2 -2 4 4 4 2",24,1,0
4010,1,"1 2 3 3 4 -3 4 -3 4 -1 -2 4",48,1,0
4011,1,"1 2 4 -2 -1 -4 -2 4 4 4 2 4",24,1,0
4012,1,"1 2 3 -2 -3 4 4 -1 4 3 4 -3",48,1,-128
4013,1,"1 2 4 -2 -2 4 4 -1 -4 2 4 4",24,1,256
4014,1,"1 4 2 -4 -2 -2 4 4 2 -1 4 4",24,1,-256
4015,1,"1 2 3 -1 4 4 -2 -3 4 3 4 -3",48,1,-128
4016,1,"1 2 3 4 2 -3 4 -1 4 -2 -2 4",48,1,128
4017,1,"1 2 2 4 4 2 4 -2 -1 4 -2 -2",24,1,256
4018,1,"1 2 2 4 4 2 4 -1 -2 4 -2 -2",24,1,-256
4019,1,"1 2 2 4 4 -2 -1 4 2 4 -2 -2",24,1,256
4020,1,"1 2 4 -2 -1 4 4 -2 -2 4 2 2",24,1,256
4021,1,"1 2 4 3 4 -1 -3 4 3 4 -2 -3",48,1,0
4022,1,"1 2 3 4 4 4 -3 -4 -2 4 -1 4",48,1,128
4023,1,"1 2 -4 -2 -1 4 4 4 4 2 4 -2",24,1,-256
4024,1,"1 2 1 2 4 4 -1 -2 -2 4 -1 4",24,1,0
4025,1,"1 2 -1 -1 2 4 1 -2 4 4 4 -2",24,1,256
4026,1,"1 2 3 -2 4 4 -3 -3 -1 4 4 3",48,1,256
4027,1,"1 4 2 2 -4 -2 -1 4 4 4 4 -2",24,1,-512
4028,1,"1 2 3 2 4 4 -2 -3 -2 4 -1 4",48,1,128
4029,1,"1 2 2 4 4 -1 -2 4 2 4 -2 -2",24,1,-256
4030,1,"1 2 3 2 4 -1 4 -2 -3 -2 4 4",48,1,128
4031,1,"1 2 4 4 -2 4 4 4 -1 2 -4 -2",24,1,-256
4032,1,"1 2 4 -2 -2 -4 2 -1 4 4 4 4",24,1,0
4033,1,"1 2 3 3 4 -3 4 -2 4 -1 4 -3",48,1,0
4034,1,"1 2 2 -1 4 -1 4 -2 -2 1 4 4",24,1,-256
4035,1,"1 2 -1 4 4 3 -2 -4 -3 4 4 4",48,1,0
4036,1,"1 2 1 2 4 -1 -2 4 -2 4 -1 4",24,1,0
4037,1,"1 2 4 3 3 -1 -3 -3 -2 4 4 4",48,1,-256
4038,1,"1 2 4 4 3 -1 4 -3 4 3 -2 -3",48,1,0
4039,1,"1 2 3 -2 -1 4 -3 2 4 4 4 -2",48,1,128
4040,1,"1 2 4 4 -1 4 -2 -4 2 4 -2 4",24,1,-128
4041,1,"1 2 4 3 4 -2 -4 -1 -3 4 4 4",48,1,128
4042,1,"1 2 1 2 -1 4 4 -1 -2 4 -2 4",24,1,-128
4043,1,"1 2 4 4 -1 4 3 4 -3 -4 -2 4",48,1,0
4044,1,"1 2 4 -2 4 2 -1 -4 -2 4 4 4",24,1,-256
4045,1,"1 2 1 2 4 -2 -1 -1 -2 4 4 4",24,1,256
4046,1,"1 2 3 -4 -3 -1 4 4 -2 4 4 4",48,1,-256
4047,1,"1 2 3 4 4 4 -3 -2 4 -2 -1 2",48,1,0
4048,1,"1 2 2 -1 4 3 4 -3 4 -2 -2 4",48,1,0
4049,1,"1 4 2 -4 -2 -2 4 2 4 4 -1 4",24,1,-256
4050,1,"1 2 4 3 2 4 -3 4 -1 4 -2 -2",48,1,0
4051,1,"1 2 -4 2 -1 4 4 4 4 -2 4 -2",24,1,-256
4052,1,"1 2 2 4 -2 -1 4 -1 4 1 -2 4",24,1,128
4053,1,"1 2 3 3 4 4 -2 -1 -3 -3 4 4",24,1,0
4054,1,"1 2 4 3 3 4 -3 -3 4 -2 -1 4",48,1,256
4055,1,"1 2 -1 -2 4 4 1 2 -1 -2 4 4",24,2,0
4056,1,"1 2 2 -1 4 -2 -1 4 4 1 -2 4",24,1,256
4057,1,"1 2 -1 4 3 -2 4 4 2 -3 -2 4",48,1,0
4058,1,"1 4 2 4 -2 -2 4 4 2 4 -1 -4",24,1,-256
4059,1,"1 2 3 -2 -1 2 -3 4 -2 4 4 4",48,1,-128
4060,1,"1 2 3 -2 4 2 -1 4 -3 -2 4 4",48,1,128
4061,1,"1 2 -1 4 -2 3 4 2 -3 4 -2 4",48,1,0
4062,1,"1 2 4 4 4 4 2 4 -2 -1 -4 -2",24,1,-256
4063,1,"1 2 2 -1 4 -2 -2 4 2 4 4 -2",24,1,-256
4064,1,"1 2 2 4 4 -1 4 4 4 -2 -4 -2",24,1,0
4065,1,"1 2 3 4 -2 4 -1 3 4 4 -3 -3",48,1,128
4066,1,"1 2 3 4 -2 3 4 4 -3 -1 4 -3",48,1,128
4067,1,"1 2 3 4 -2 3 4 4 -1 -3 4 -3",48,1,0
4068,1,"1 2 1 -2 -1 4 -1 2 4 4 -2 4",24,1,-128
4069,1,"1 2 3 4 -2 -3 4 4 -3 -1 4 3",48,1,128
4070,1,"1 2 1 4 -1 -2 4 2 4 -1 4 -2",24,1,0
4071,1,"1 2 1 4 4 2 -1 4 -1 -2 -2 4",24,1,0
4072,1,"1 2 -1 -2 1 4 -2 4 4 2 -1 4",24,1,-128
4073,1,"1 2 -1 -1 -2 1 2 4 4 -2 4 4",24,1,-256
4074,1,"1 2 3 -1 4 -2 4 -3 4 3 4 -3",48,1,-64
4075,1,"1 2 3 3 4 -3 -1 -2 4 4 4 -3",48,1,256
4076,1,"1 2 -4 3 4 -2 4 4 -3 4 -1 4",48,1,0
4077,1,"1 2 2 4 1 -2 4 -1 -2 4 -1 4",24,1,128
4078,1,"1 4 4 2 2 4 -1 -4 -2 4 -2 4",24,1,0
4079,1,"1 2 4 3 -1 4 -3 4 3 4 -2 -3",48,1,0
4080,1,"1 2 4 3 3 -2 4 -1 4 -3 -3 4",48,1,128
4081,1,"1 2 4 4 -1 4 4 2 4 -2 -2 -4",24,1,-256
4082,1,"1 2 1 4 4 -2 4 -1 4 2 -1 -2",24,1,-128
4083,1,"1 2 3 2 -1 4 4 4 -3 -2 -2 4",48,1,0
4084,1,"1 2 3 -1 -3 -3 4 4 3 -2 4 4",48,1,0
4085,1,"1 2 3 4 -3 4 -2 4 4 3 -1 -3",48,1,-128
4086,1,"1 2 3 4 4 -1 2 4 -3 -2 4 -2",48,1,0
4087,1,"1 2 2 4 1 -2 -2 4 -1 4 -1 4",24,1,256
4088,1,"1 2 3 2 -1 4 -2 4 4 4 -3 -2",48,1,-128
4089,1,"1 2 3 4 -3 -3 4 4 -2 4 -1 3",48,1,128
4090,1,"1 2 3 3 4 -2 -1 -3 -3 4 4 4",48,1,0
4091,1,"1 2 3 4 -1 4 4 3 4 -3 -3 -2",48,1,0
4092,1,"1 2 3 -2 -4 -3 4 4 4 -1 4 4",48,1,-256
4093,1,"1 2 4 4 -2 -2 -4 -1 2 4 4 4",24,1,0
4094,1,"1 2 3 4 -3 -2 3 -1 4 4 -3 4",48,1,128
4095,1,"1 2 2 4 -2 4 1 4 -1 -1 -2 4",24,1,0
4096,1,"1 2 -1 -2 4 4 2 -1 -2 1 4 4",24,1,0
4097,1,"1 2 3 -2 4 -3 4 -3 4 4 -1 3",48,1,128
4098,1,"1 2 -1 -2 4 4 3 2 -3 -2 4 4",24,1,128
4099,1,"1 2 3 4 4 -3 -3 -1 4 4 3 -2",48,1,0
4100,1,"1 2 -4 -2 4 -2 4 2 4 4 -1 4",24,1,-128
4101,1,"1 4 2 4 -2 -2 -1 4 -2 4 2 2",12,1,0
4102,1,"1 2 4 3 -2 4 -3 -3 -1 4 3 4",48,1,128
4103,1,"1 2 1 2 -1 -2 4 4 -1 4 -2 4",24,1,-128
4104,1,"1 2 4 -2 -1 -4 2 4 4 4 -2 4",24,1,0
4105,1,"1 2 4 4 3 3 -2 4 -1 -3 -3 4",48,1,0
4106,1,"1 2 1 -2 4 -1 4 -1 2 4 4 -2",24,1,128
4107,1,"1 2 2 4 1 4 -1 -2 -2 4 -1 4",12,1,0
4108,1,"1 2 -4 -1 4 4 4 2 4 -2 -2 4",24,1,-256
4109,1,"1 2 3 4 4 -3 4 -2 4 -2 -1 2",48,1,0
4110,1,"1 2 2 -4 -1 4 -2 4 -2 4 4 4",24,1,-256
4111,1,"1 2 2 4 4 -2 4 4 4 -1 -2 -4",24,1,-512
4112,1,"1 2 4 -2 4 -2 -4 -1 4 4 4 2",24,1,0
4113,1,"1 2 4 -2 -4 -1 4 2 4 -2 4 4",24,1,128
4114,1,"1 2 4 2 2 -1 4 4 -2 -2 -2 4",24,1,0
4115,1,"1 2 -1 4 4 2 1 4 -2 -2 -1 4",24,1,256
4116,1,"1 2 -4 -2 4 -2 4 4 2 -1 4 4",24,1,0
4117,1,"1 2 3 4 4 -3 -3 4 -2 -1 4 3",48,1,256
4118,1,"1 2 -1 -2 4 1 2 4 -1 -2 4 4",24,1,-128
4119,1,"1 2 3 -2 4 -3 4 4 -3 -1 3 4",48,1,128
4120,1,"1 2 -1 -2 4 4 -2 1 2 4 -1 4",24,1,-128
4121,1,"1 2 4 3 3 4 -2 4 -3 4 -1 -3",48,1,0
4122,1,"1 2 -1 4 -2 1 4 -1 -2 4 2 4",24,1,-128
4123,1,"1 2 -1 4 4 2 2 4 -2 -2 4 -2",24,1,-256
4124,1,"1 2 4 2 4 4 4 -2 -2 4 -1 -4",24,1,-256
4125,1,"1 2 3 4 -1 4 4 2 -3 -2 4 -2",48,1,0
4126,1,"1 2 3 -2 -2 4 -3 4 4 2 -1 4",48,1,0
4127,1,"1 2 -4 -2 4 4 -1 4 4 2 4 -2",24,1,0
4128,1,"1 2 3 -2 4 4 -3 -3 4 4 -1 3",48,1,256
4129,1,"1 2 3 -2 4 -1 4 2 -3 -2 4 4",48,1,128
4130,1,"1 2 3 4 4 -1 2 -3 4 4 -2 -2",48,1,0
4131,1,"1 4 2 2 -4 -2 4 4 -1 4 4 -2",24,1,-256
4132,1,"1 2 2 1 4 -2 -1 -1 4 4 -2 4",24,1,256
4133,1,"1 2 4 2 1 4 -1 -1 -2 4 -2 4",24,1,128
4134,1,"1 2 3 4 -1 -3 -2 -3 4 4 3 4",48,1,0
4135,1,"1 2 -4 2 4 -2 4 -2 4 4 -1 4",24,1,128
4136,1,"1 2 3 -2 4 4 4 -3 -1 3 4 -3",48,1,128
4137,1,"1 2 3 4 2 -3 4 -2 -2 -1 4 4",48,1,256
4138,1,"1 2 2 -4 -2 -1 4 4 -2 4 4 4",24,1,-512
4139,1,"1 2 -4 -2 4 2 -1 4 -2 4 4 4",24,1,0
4140,1,"1 2 -1 4 2 3 -2 4 -3 4 4 -2",48,1,0
4141,1,"1 2 4 -2 -2 -4 2 4 4 -1 4 4",24,1,-256
4142,1,"1 2 3 4 3 -1 4 4 -2 -3 -3 4",48,1,0
4143,1,"1 2 3 4 4 4 3 -2 -3 -1 -3 4",48,1,-128
4144,1,"1 2 4 3 3 -2 4 -3 4 -1 4 -3",48,1,0
4145,1,"1 4 4 2 4 4 4 4 -2 -4 -1 -4",24,1,0
4146,1,"1 2 3 2 -1 -2 -2 4 4 4 -3 4",48,1,-256
4147,1,"1 2 3 4 3 4 4 -1 4 -3 -3 -2",48,1,0
4148,1,"1 2 -4 2 4 -2 4 4 -2 -1 4 4",24,1,256
4149,1,"1 2 -1 -2 -2 3 4 4 -3 4 2 4",48,1,-128
4150,1,"1 1 4 1 -4 -1 4 4 -1 4 -1 4",6,1,-256
4151,1,"1 2 4 3 4 -2 -4 -1 4 4 -3 4",48,1,128
4152,1,"1 2 3 4 -1 -3 4 3 4 4 -2 -3",48,1,-128
4153,1,"1 2 1 2 4 -2 -1 -1 4 4 -2 4",24,1,256
4154,1,"1 2 3 -4 -3 4 4 -1 -2 4 4 4",48,1,0
4155,1,"1 2 3 4 -3 -2 4 4 4 3 -1 -3",48,1,-128
4156,1,"1 2 4 3 -1 4 -3 -2 -3 4 4 3",48,1,128
4157,1,"1 2 -1 -1 -2 -2 1 4 4 4 2 4",24,1,-512
4158,1,"1 2 3 4 -2 4 -1 4 -3 -3 4 3",48,1,128
4159,1,"1 2 3 4 3 4 4 -1 4 -2 -3 -3",48,1,-128
4160,1,"1 2 -4 2 4 4 -1 4 4 -2 4 -2",24,1,0
4161,1,"1 2 4 4 4 4 -2 4 2 -1 -4 -2",24,1,-256
4162,1,"1 2 3 -1 4 4 4 3 4 -3 -3 -2",48,1,-256
4163,1,"1 2 3 2 4 4 -3 4 -2 -1 4 -2",48,1,128
4164,1,"1 2 3 2 4 -2 4 -1 4 -2 -3 4",48,1,64
4165,1,"1 2 1 4 -1 2 4 -1 4 -2 -2 4",24,1,128
4166,1,"1 2 3 3 -1 -3 4 -2 4 4 -3 4",48,1,-128
4167,1,"1 2 -1 -2 4 3 4 -2 -3 4 2 4",48,1,-64
4168,1,"1 2 4 4 2 -4 -2 4 -1 4 4 -2",24,1,0
4169,1,"1 4 4 4 2 4 -2 -1 -4 -2 4 2",24,1,256
4170,1,"1 2 4 2 4 2 4 -2 -2 -1 4 -2",24,1,128
4171,1,"1 2 3 -1 4 -3 4 4 4 -3 -2 3",48,1,-128
4172,1,"1 2 3 4 4 -3 4 -1 4 3 -2 -3",48,1,-128
4173,1,"1 2 4 4 3 4 3 -1 -3 4 -2 -3",48,1,0
4174,1,"1 2 3 -2 4 -3 -1 -3 4 3 4 4",48,1,0
4175,1,"1 2 -1 4 2 3 4 -2 -3 -2 4 4",48,1,0
4176,1,"1 2 3 4 3 4 -3 4 -1 4 -3 -2",48,1,0
4177,1,"1 2 -1 2 2 4 -2 -2 4 4 4 -2",24,1,0
4178,1,"1 2 4 2 4 4 2 -1 4 -2 -2 -2",24,1,-256
4179,1,"1 2 3 -1 4 -3 4 3 -2 4 -3 4",48,1,0
4180,1,"1 2 4 -2 -2 4 4 2 4 4 -1 -4",24,1,-256
4181,1,"1 2 3 -1 -3 4 3 4 4 -2 -3 4",48,1,0
4182,1,"1 2 3 -2 4 -3 -2 -1 2 4 4 4",48,1,128
4183,1,"1 2 3 2 -3 -2 4 4 -1 4 -2 4",48,1,0
4184,1,"1 1 4 -1 -4 -1 -1 4 4 4 1 4",6,1,512
4185,1,"1 2 4 -2 4 2 4 -1 4 4 -2 -4",24,1,-128
4186,1,"1 2 -1 4 4 -2 -2 3 4 2 -3 4",48,1,0
4187,1,"1 2 4 3 4 4 -2 -1 4 4 -3 -4",48,1,0
4188,1,"1 2 3 4 -1 3 4 -2 4 4 -3 -3",48,1,128
4189,1,"1 2 3 4 -3 2 4 -2 4 4 -1 -2",48,1,0
4190,1,"1 4 4 2 -1 4 4 2 4 -2 -2 -4",24,1,-256
4191,1,"1 2 3 4 -2 -2 4 -3 4 4 -1 2",48,1,128
4192,1,"1 2 3 4 -3 -3 -2 4 3 -1 4 4",48,1,128
4193,1,"1 2 2 4 -2 4 4 2 -1 -2 4 -2",24,1,-256
4194,1,"1 2 1 2 -1 4 -2 -2 -1 4 4 4",24,1,256
4195,1,"1 2 3 -2 4 4 -3 4 -1 3 4 -3",48,1,0
4196,1,"1 2 -1 4 3 -2 4 2 -3 -2 4 4",48,1,0
4197,1,"1 2 3 3 4 -1 4 -2 4 4 -3 -3",48,1,0
4198,1,"1 2 4 -1 4 2 4 4 4 -2 -2 -4",24,1,-256
4199,1,"1 2 1 2 -1 -2 4 4 -2 4 -1 4",24,1,-128
4200,1,"1 2 3 2 -1 4 -2 -3 4 4 -2 4",48,1,0
4201,1,"1 2 4 3 4 4 4 -3 -1 -4 -2 4",48,1,-128
4202,1,"1 2 2 4 4 -2 -2 -1 -2 4 4 2",24,1,512
4203,1,"1 2 3 4 4 3 -2 4 -3 -1 4 -3",48,1,0
4204,1,"1 2 3 4 4 3 -2 4 -1 -3 4 -3",48,1,-128
4205,1,"1 1 1 4 -1 4 -1 -4 -1 4 4 4",6,1,512
4206,1,"1 2 4 4 -2 -2 -4 -1 4 4 2 4",24,1,256
4207,1,"1 2 -1 -2 1 4 -2 -1 4 4 2 4",24,1,-128
4208,1,"1 2 4 4 3 4 -3 -4 -1 -2 4 4",48,1,0
4209,1,"1 2 3 2 4 -2 -3 -2 4 4 -1 4",48,1,128
4210,1,"1 2 3 4 4 -3 -2 4 -3 -1 4 3",48,1,0
4211,1,"1 2 4 3 -2 4 3 -1 4 -3 4 -3",48,1,-64
4212,1,"1 4 4 2 -1 4 4 2 -4 -2 -2 4",24,1,-256
4213,1,"1 2 -1 4 2 1 4 -2 4 -1 -2 4",24,1,0
4214,1,"1 2 3 4 4 -3 -3 4 4 -1 3 -2",48,1,0
4215,1,"1 2 4 -2 -1 4 -2 4 -2 4 2 2",24,1,128
4216,1,"1 2 2 4 4 -2 4 -2 -4 -1 4 4",24,1,256
4217,1,"1 2 3 4 3 -1 -3 -2 4 4 -3 4",48,1,-128
4218,1,"1 2 -1 2 4 -2 4 3 4 -3 -2 4",48,1,64
4219,1,"1 2 3 4 -3 -3 4 -1 4 3 4 -2",48,1,0
4220,1,"1 2 -1 4 4 3 -4 -3 4 -2 4 4",48,1,0
4221,1,"1 1 4 4 1 4 -1 4 4 -1 -1 -4",6,1,-512
4222,1,"1 2 4 -2 1 4 -1 2 4 -2 -1 4",12,1,128
4223,1,"1 2 4 -1 3 3 4 -2 4 4 -3 -3",48,1,256
4224,1,"1 2 -1 4 -2 3 4 -3 -2 4 4 2",48,1,0
4225,1,"1 2 -4 -1 4 -2 -2 4 2 4 4 4",24,1,-256
4226,1,"1 2 1 4 -1 4 2 4 -2 -1 -2 4",24,1,128
4227,1,"1 2 2 4 4 4 -2 -4 -1 -2 4 4",24,1,512
4228,1,"1 4 -1 -4 2 2 4 4 4 4 -2 -2",24,1,512
4229,1,"1 2 1 -2 -1 4 2 -1 4 4 4 -2",24,1,256
4230,1,"1 2 3 2 -3 4 -1 -2 -2 4 4 4",48,1,0
4231,1,"1 2 2 2 -1 4 4 -2 -2 4 -2 4",24,1,0
4232,1,"1 2 -1 -1 4 -2 1 4 2 4 4 -2",24,1,-256
4233,1,"1 2 2 3 4 -1 -2 4 4 -2 -3 4",48,1,-128
4234,1,"1 2 3 3 4 -3 4 -2 4 -1 -3 4",48,1,0
4235,1,"1 2 4 2 3 4 -2 -2 -3 4 -1 4",48,1,0
4236,1,"1 2 3 -1 -2 3 4 -3 4 -3 4 4",48,1,0
4237,1,"1 2 4 3 -2 -3 -1 3 4 -3 4 4",48,1,128
4238,1,"1 2 2 4 4 -1 -2 4 -1 -2 4 1",24,1,-256
4239,1,"1 2 -1 4 4 4 2 4 -2 4 -2 -4",24,1,-256
4240,1,"1 2 2 4 -2 -2 4 -1 4 2 4 -2",24,1,0
4241,1,"1 2 -1 -2 4 4 -2 3 4 2 -3 4",48,1,0
4242,1,"1 2 3 4 -3 -3 -1 4 3 4 -2 4",48,1,128
4243,1,"1 2 -1 4 -2 4 2 3 4 -2 -3 4",48,1,0
4244,1,"1 2 3 4 4 -1 -3 4 3 -2 -3 4",48,1,0
4245,1,"1 2 -1 -4 -2 4 2 4 4 -2 4 4",24,1,-256
4246,1,"1 4 2 2 4 -2 -2 -2 4 2 -1 4",24,1,256
4247,1,"1 2 2 -4 -2 4 4 -1 -2 4 4 4",24,1,0
4248,1,"1 4 4 2 -1 4 4 -2 4 -2 -4 2",24,1,-256
4249,1,"1 2 3 -2 4 -3 4 4 4 2 -1 -2",48,1,0
4250,1,"1 2 4 -2 4 2 -4 -2 4 -1 4 4",24,1,-128
4251,1,"1 2 4 4 4 -2 3 4 -3 -3 -1 3",48,1,-256
4252,1,"1 2 3 3 4 4 -3 4 -1 -2 4 -3",48,1,0
4253,1,"1 2 -4 2 4 -2 -2 4 -1 4 4 4",24,1,256
4254,1,"1 2 -1 -1 4 -2 4 2 4 1 -2 4",24,1,128
4255,1,"1 2 3 4 4 -1 3 4 -3 -3 -2 4",48,1,256
4256,1,"1 4 2 4 -2 4 -1 4 2 -4 -2 4",24,1,-128
4257,1,"1 2 -1 -2 4 4 2 3 4 -3 4 -2",48,1,-128
4258,1,"1 2 -4 2 -1 4 4 4 4 -2 -2 4",24,1,0
4259,1,"1 2 4 3 4 -3 -2 4 4 4 -1 -4",48,1,-128
4260,1,"1 2 3 4 -2 4 -3 4 -2 4 -1 2",48,1,64
4261,1,"1 2 -1 -1 4 -2 4 2 1 4 4 -2",24,1,0
4262,1,"1 4 2 2 4 4 4 -2 -1 -4 -2 4",24,1,256
4263,1,"1 4 2 4 -1 4 -2 4 2 -4 -2 4",24,1,-128
4264,1,"1 2 3 4 3 4 -3 -3 4 -2 -1 4",48,1,128
4265,1,"1 2 4 -2 3 3 -1 4 -3 -3 4 4",48,1,256
4266,1,"1 2 4 4 4 3 3 -2 -3 4 -1 -3",48,1,-256
4267,1,"1 2 3 4 4 -1 4 -2 -3 2 4 -2",48,1,0
4268,1,"1 2 -1 -2 4 3 2 4 4 -3 -2 4",48,1,0
4269,1,"1 2 -1 4 3 4 4 4 -2 -4 -3 4",48,1,0
4270,1,"1 2 -1 -1 -2 1 4 4 2 4 -2 4",24,1,-256
4271,1,"1 2 1 4 4 -1 -2 -2 -1 4 2 4",24,1,256
4272,1,"1 2 3 4 4 3 -1 -3 4 -2 4 -3",48,1,-128
4273,1,"1 2 2 4 -2 4 2 -1 4 -2 4 -2",24,1,-128
4274,1,"1 4 2 2 -1 4 -2 -4 -2 4 4 4",24,1,256
4275,1,"1 2 3 4 -3 4 2 4 -1 -2 4 -2",48,1,-64
4276,1,"1 2 1 4 -1 -1 4 2 4 -2 -2 4",24,1,256
4277,1,"1 2 2 3 -2 4 -1 4 4 -3 4 -2",48,1,0
4278,1,"1 2 2 3 4 -3 -2 4 4 -1 -2 4",48,1,0
4279,1,"1 2 3 4 -1 4 4 4 4 -3 -4 -2",48,1,0
4280,1,"1 2 4 3 -1 -3 4 -3 -2 4 4 3",48,1,0
4281,1,"1 2 4 4 4 4 4 -2 -4 -4 -1 4",24,1,512
4282,1,"1 2 2 1 4 -2 -2 4 -1 -1 4 4",24,1,512
4283,1,"1 2 4 -2 3 -1 -3 4 -3 4 3 4",48,1,64
4284,1,"1 4 4 4 2 4 -2 -1 -4 2 4 -2",24,1,0
4285,1,"1 2 -1 4 3 4 -3 -2 -2 4 4 2",48,1,128
4286,1,"1 2 3 4 -2 -3 4 -3 4 -1 4 3",48,1,64
4287,1,"1 2 2 -1 -2 4 -2 3 4 4 -3 4",48,1,-128
4288,1,"1 2 -1 -2 -2 4 2 2 4 4 4 -2",24,1,-512
4289,1,"1 2 1 4 -1 -2 4 2 -1 4 4 -2",24,1,-128
4290,1,"1 2 2 -1 4 3 -2 4 4 -3 -2 4",48,1,0
4291,1,"1 2 3 -1 -3 4 4 4 3 4 -3 -2",48,1,-256
4292,1,"1 2 4 2 4 -2 -4 -2 4 -1 4 4",24,1,128
4293,1,"1 2 4 4 3 -2 -3 4 -3 4 -1 3",48,1,128
4294,1,"1 2 4 3 4 -3 4 -2 -2 -1 4 2",48,1,128
4295,1,"1 2 4 3 4 4 -1 4 -2 4 -3 -4",48,1,0
4296,1,"1 2 3 3 4 -3 -1 -2 4 4 -3 4",48,1,128
4297,1,"1 4 4 4 4 2 2 4 -2 -2 -1 -4",24,1,-512
4298,1,"1 2 3 -2 4 3 -1 -3 4 4 -3 4",48,1,-128
4299,1,"1 2 -1 4 4 3 4 -2 4 4 -3 -4",48,1,0
4300,1,"1 2 -1 -1 4 1 4 2 4 -2 4 -2",24,1,-128
4301,1,"1 4 2 4 -1 4 2 4 -2 -4 -2 4",24,1,128
4302,1,"1 2 3 3 4 -1 -3 4 -2 -3 4 4",48,1,0
4303,1,"1 2 -1 -2 4 1 4 -2 -1 2 4 4",24,1,128
4304,1,"1 2 2 1 4 4 -1 -2 -2 -1 4 4",12,1,512
4305,1,"1 2 3 3 4 4 -3 4 -3 -1 -2 4",48,1,128
4306,1,"1 2 3 -1 4 -3 -3 4 3 4 4 -2",48,1,-128
4307,1,"1 2 2 3 4 -3 -2 -2 -1 4 4 4",48,1,512
4308,1,"1 2 -1 4 2 -1 4 4 -2 -2 4 1",24,1,-256
4309,1,"1 4 4 2 4 4 -2 -2 4 -1 -4 2",24,1,-256
4310,1,"1 2 4 4 3 4 -3 -2 4 -3 -1 3",48,1,-128
4311,1,"1 2 2 4 3 -2 4 -3 4 -1 4 -2",48,1,0
4312,1,"1 2 2 -1 -2 4 4 2 4 4 -2 -2",24,1,-512
4313,1,"1 2 3 4 -2 4 -3 -3 -1 4 3 4",48,1,128
4314,1,"1 2 -4 -2 4 2 4 -1 4 4 -2 4",24,1,-128
4315,1,"1 2 4 -2 3 4 4 4 4 -1 -3 -4",48,1,0
4316,1,"1 2 3 -2 -3 4 4 2 -1 -2 4 4",48,1,128
4317,1,"1 2 1 2 -1 4 -2 -2 4 4 -1 4",24,1,0
4318,1,"1 2 4 -1 3 4 4 -3 -3 -2 4 3",48,1,0
4319,1,"1 2 3 4 4 -2 -2 -3 4 2 -1 4",48,1,0
4320,1,"1 2 -1 4 4 -2 3 -2 4 -3 2 4",48,1,0
4321,1,"1 2 4 4 -2 4 -2 -4 2 -1 4 4",24,1,0
4322,1,"1 4 2 2 -4 -1 4 -2 4 -2 4 4",24,1,0
4323,1,"1 2 3 4 -3 -1 4 -3 -2 4 4 3",48,1,128
4324,1,"1 2 -1 -4 3 4 -2 4 -3 4 4 4",48,1,0
4325,1,"1 2 4 -2 4 4 2 -4 -1 4 -2 4",24,1,-128
4326,1,"1 2 4 -2 4 4 4 4 -1 -2 -4 2",24,1,-256
4327,1,"1 2 -1 -2 4 2 4 3 4 -3 -2 4",48,1,-64
4328,1,"1 2 2 4 4 -2 -2 4 -2 -1 4 2",24,1,256
4329,1,"1 1 -4 -1 4 4 1 4 -1 4 -1 4",6,1,-256
4330,1,"1 2 4 4 -2 -2 -2 -1 4 2 4 2",24,1,256
4331,1,"1 2 -1 4 2 4 1 4 -2 -2 -1 4",24,1,128
4332,1,"1 2 3 4 4 -3 4 4 4 -1 -4 -2",48,1,-256
4333,1,"1 1 4 1 -4 -1 4 -1 4 -1 4 4",6,1,-256
4334,1,"1 2 -1 4 4 3 4 -3 -4 -2 4 4",48,1,0
4335,1,"1 2 3 4 -2 -3 4 4 -2 4 -1 2",48,1,0
4336,1,"1 2 3 -2 4 -3 4 4 3 4 -1 -3",48,1,-128
4337,1,"1 2 4 3 -1 3 -2 4 4 -3 4 -3",48,1,0
4338,1,"1 2 3 2 4 -2 -1 4 -3 4 -2 4",48,1,128
4339,1,"1 4 2 4 4 4 -2 -2 4 2 -1 -4",24,1,-256
4340,1,"1 2 -1 4 1 -2 4 -1 -2 4 2 4",24,1,0
4341,1,"1 2 -1 4 2 4 2 4 -2 -2 4 -2",24,1,-128
4342,1,"1 2 1 -2 4 -1 4 4 -2 -1 2 4",24,1,-128
4343,1,"1 2 3 -2 4 4 -3 4 -3 -1 3 4",48,1,128
4344,1,"1 2 3 4 -2 4 4 -2 -3 2 -1 4",48,1,0
4345,1,"1 2 4 -1 4 3 3 4 -3 -3 -2 4",48,1,128
4346,1,"1 4 2 4 4 -2 -4 -4 -1 4 4 4",24,1,0
4347,1,"1 2 2 3 4 -1 4 -2 -3 4 4 -2",48,1,0
4348,1,"1 2 -1 4 4 2 3 -2 4 -3 -2 4",48,1,0
4349,1,"1 2 -1 -2 4 2 4 1 4 -1 -2 4",24,1,-128
4350,1,"1 2 3 -2 3 4 -1 -3 4 4 4 -3",48,1,-128
4351,1,"1 2 -1 4 -1 4 -2 -2 1 2 4 4",24,1,-256
4352,1,"1 2 2 1 4 -2 -1 -1 4 -2 4 4",24,1,256
4353,1,"1 2 2 4 3 4 -3 -2 4 -1 4 -2",48,1,0
4354,1,"1 2 3 2 4 -3 4 -2 -2 -1 4 4",48,1,256
4355,1,"1 2 2 3 4 -3 4 -2 -2 4 -1 4",48,1,128
4356,1,"1 2 2 4 4 4 -2 -4 -1 4 4 -2",24,1,512
4357,1,"1 2 3 -2 -3 4 4 -1 -3 4 3 4",48,1,-128
4358,1,"1 2 -4 -4 -2 4 4 4 4 -1 4 4",24,1,-512
4359,1,"1 2 -1 4 -2 -2 1 4 2 4 -1 4",24,1,-128
4360,1,"1 2 2 2 4 -2 -2 4 4 -1 -2 4",24,1,0
4361,1,"1 2 -1 4 4 -2 -4 2 4 4 -2 4",24,1,0
4362,1,"1 2 2 -1 -1 4 4 -2 4 -2 1 4",24,1,-256
4363,1,"1 2 3 3 -1 4 4 -3 4 -2 4 -3",48,1,-128
4364,1,"1 2 4 2 4 4 4 4 -1 -2 -4 -2",24,1,-256
4365,1,"1 2 3 3 4 4 4 -3 -2 -1 4 -3",48,1,256
4366,1,"1 2 3 4 -2 -1 -3 4 4 3 4 -3",48,1,-128
4367,1,"1 2 3 4 -2 4 4 -3 4 -2 -1 2",48,1,0
4368,1,"1 2 3 4 -1 4 4 4 -3 4 -2 -4",48,1,-128
4369,1,"1 2 4 1 2 4 -1 -1 4 -2 -2 4",24,1,0
4370,1,"1 2 4 4 2 4 -2 4 -2 -4 -1 4",24,1,128
4371,1,"1 1 4 -1 -4 -1 4 1 4 -1 4 4",6,1,256
4372,1,"1 2 3 2 4 -2 -1 -2 4 -3 4 4",48,1,128
4373,1,"1 2 3 3 -2 4 4 -1 -3 4 4 -3",48,1,-256
4374,1,"1 2 4 -2 3 4 -1 3 4 -3 -3 4",48,1,0
4375,1,"1 2 4 4 4 -2 3 3 -1 -3 -3 4",48,1,256
4376,1,"1 2 -1 4 3 -2 -2 -3 2 4 4 4",48,1,0
4377,1,"1 2 -4 -2 4 -1 4 -2 4 4 4 2",24,1,-256
4378,1,"1 2 4 3 3 -1 4 4 -2 4 -3 -3",48,1,0
4379,1,"1 2 2 3 -2 4 -3 4 4 -1 -2 4",48,1,0
4380,1,"1 2 2 2 4 -2 4 -2 -1 4 -2 4",24,1,256
4381,1,"1 2 3 4 -3 4 -2 4 3 -1 -3 4",48,1,-64
4382,1,"1 2 3 4 -3 4 -1 -3 -2 4 3 4",48,1,0
4383,1,"1 2 3 -1 -3 -3 -2 4 4 4 3 4",48,1,-256
4384,1,"1 2 -1 4 4 -2 4 -2 -4 2 4 4",24,1,0
4385,1,"1 2 1 2 -1 4 -2 4 -1 -2 4 4",24,1,-128
4386,1,"1 2 3 4 3 -2 -3 -3 4 -1 4 4",48,1,-128
4387,1,"1 2 4 4 3 4 -3 -1 4 3 -2 -3",48,1,-128
4388,1,"1 2 3 4 -1 4 -3 -2 -3 4 4 3",48,1,128
4389,1,"1 2 3 4 -2 -3 2 4 4 -1 4 -2",48,1,0
4390,1,"1 2 -4 2 4 4 -1 4 4 -2 -2 4",24,1,256
4391,1,"1 2 -1 -2 -2 -2 4 4 4 2 2 4",24,1,-512
4392,1,"1 2 -1 -1 4 2 4 1 -2 4 -2 4",24,1,128
4393,1,"1 2 4 -2 3 3 4 -3 -3 4 -1 4",48,1,128
4394,1,"1 2 4 4 3 -1 4 -3 -2 -3 4 3",48,1,128
4395,1,"1 2 3 4 -2 -3 -1 4 4 3 4 -3",48,1,0
4396,1,"1 2 -1 4 -2 -2 1 4 4 -1 2 4",24,1,0
4397,1,"1 2 3 4 3 4 4 -3 -3 -1 -2 4",48,1,128
4398,1,"1 2 -1 4 -1 4 2 4 -2 -2 4 1",24,1,0
4399,1,"1 2 3 -2 -1 4 4 4 -3 -3 4 3",48,1,256
4400,1,"1 2 -1 -2 4 -2 3 4 4 -3 2 4",48,1,-128
4401,1,"1 2 4 4 3 4 -2 3 -1 -3 -3 4",48,1,128
4402,1,"1 2 -1 -1 4 1 -2 4 2 4 -2 4",24,1,128
4403,1,"1 2 3 4 -1 3 4 -3 -2 4 -3 4",48,1,128
4404,1,"1 4 2 4 4 -2 4 2 -4 -2 -1 4",24,1,-128
4405,1,"1 2 3 4 -2 -3 4 -1 4 -3 4 3",48,1,64
4406,1,"1 2 3 2 -1 -2 -3 4 4 4 -2 4",48,1,-128
4407,1,"1 2 3 4 4 4 -3 -2 -2 -1 2 4",48,1,256
4408,1,"1 2 4 -1 2 4 4 -2 -2 -2 4 2",24,1,256
4409,1,"1 2 4 3 4 3 -1 4 -3 -3 -2 4",48,1,0
4410,1,"1 2 4 4 -1 -4 2 4 -2 4 4 -2",24,1,256
4411,1,"1 2 4 4 3 -1 3 4 -3 -2 4 -3",48,1,128
4412,1,"1 2 -1 4 3 4 2 -3 4 -2 4 -2",48,1,-64
4413,1,"1 2 4 4 -1 4 3 -2 -3 -3 4 3",48,1,128
4414,1,"1 2 4 -1 -2 4 4 4 3 4 -3 -4",48,1,0
4415,1,"1 2 4 2 4 2 4 -1 4 -2 -2 -2",24,1,0
4416,1,"1 2 2 -1 -1 -2 -2 4 4 4 4 1",24,1,-1024
4417,1,"1 2 3 -2 4 4 4 -3 4 2 -1 -2",48,1,0
4418,1,"1 2 1 4 -2 -1 -1 2 4 4 4 -2",24,1,256
4419,1,"1 2 3 3 4 -2 4 -3 -1 -3 4 4",48,1,128
4420,1,"1 2 1 2 4 -2 -1 4 -1 -2 4 4",24,1,128
4421,1,"1 2 3 2 -3 -2 4 4 -1 -2 4 4",48,1,0
4422,1,"1 1 4 -1 -1 4 4 1 4 4 -1 -4",6,1,-512
4423,1,"1 2 4 -2 4 2 4 -2 -4 -1 4 4",24,1,128
4424,1,"1 2 -1 2 4 4 -2 3 -2 4 -3 4",48,1,128
4425,1,"1 4 4 4 2 2 -1 -4 -2 -2 4 4",24,1,-512
4426,1,"1 2 3 4 4 -3 4 -1 -2 -2 4 2",48,1,128
4427,1,"1 2 3 4 -3 4 4 4 4 -1 -4 -2",48,1,-256
4428,1,"1 2 4 -1 4 3 -2 4 3 4 -3 -3",48,1,0
4429,1,"1 4 2 -4 -2 4 4 2 4 -2 -1 4",24,1,-128
4430,1,"1 2 3 4 3 -1 -2 -3 4 -3 4 4",48,1,-128
4431,1,"1 2 4 -1 3 3 4 -3 4 -3 -2 4",48,1,128
4432,1,"1 2 2 3 4 4 -1 4 -2 -3 -2 4",48,1,128
4433,1,"1 2 3 4 3 4 4 -3 -2 -1 4 -3",48,1,128
4434,1,"1 2 2 -1 4 1 -2 4 4 -2 -1 4",24,1,256
4435,1,"1 2 4 -1 -2 4 -2 4 4 4 2 -4",24,1,256
4436,1,"1 2 -1 4 4 3 3 4 -3 -3 -2 4",48,1,0
4437,1,"1 2 4 4 3 3 -2 4 4 -3 -1 -3",48,1,0
4438,1,"1 2 3 4 4 -1 4 4 4 -2 -3 -4",48,1,-256
4439,1,"1 2 4 3 4 -2 4 4 -3 -4 -1 4",48,1,0
4440,1,"1 2 2 3 -2 -2 4 4 -3 4 -1 4",48,1,0
4441,1,"1 2 3 -2 -3 4 3 -1 4 -3 4 4",48,1,-128
4442,1,"1 2 3 3 4 -2 -3 4 4 -3 -1 4",48,1,128
4443,1,"1 2 2 -1 4 -2 3 4 4 -2 -3 4",48,1,0
4444,1,"1 2 3 -1 4 -3 -3 4 4 3 -2 4",48,1,0
4445,1,"1 4 2 4 4 2 4 -2 -4 -2 -1 4",24,1,128
4446,1,"1 2 3 2 -1 4 -2 -3 4 -2 4 4",48,1,0
4447,1,"1 2 4 2 -1 4 4 4 4 -2 -2 -4",24,1,-512
4448,1,"1 2 4 3 3 -1 4 -3 -3 4 -2 4",48,1,128
4449,1,"1 2 3 2 -3 -2 -2 4 -1 4 4 4",48,1,0
4450,1,"1 2 -4 -1 4 -2 4 -2 4 4 2 4",24,1,-128
4451,1,"1 2 3 4 3 4 -2 4 4 -1 -3 -3",48,1,-128
4452,1,"1 4 2 2 -1 4 2 4 -2 4 -2 -2",24,1,0
4453,1,"1 2 3 4 4 4 4 -3 -2 3 -1 -3",48,1,0
4454,1,"1 2 4 4 -2 -2 4 -1 -4 2 4 4",24,1,256
4455,1,"1 2 3 4 -1 4 -3 2 4 -2 -2 4",48,1,0
4456,1,"1 2 3 4 -2 -2 4 -3 2 -1 4 4",48,1,0
4457,1,"1 2 -4 2 4 4 -2 4 -2 4 -1 4",24,1,128
4458,1,"1 2 -1 4 1 4 2 4 -2 -2 -1 4",24,1,128
4459,1,"1 2 -1 4 2 1 4 -2 -1 4 -2 4",24,1,128
4460,1,"1 2 3 4 -3 -1 4 4 3 4 -3 -2",48,1,128
4461,1,"1 2 4 3 -1 4 -2 3 4 -3 4 -3",48,1,0
4462,1,"1 2 3 4 -1 3 4 4 -3 -2 4 -3",48,1,128
4463,1,"1 2 3 4 4 -1 3 -2 -3 4 -3 4",48,1,-128
4464,1,"1 2 2 4 2 4 -1 -2 4 -2 4 -2",24,1,-128
4465,1,"1 2 4 3 3 -1 -3 4 4 -2 4 -3",48,1,-128
4466,1,"1 2 4 4 4 4 -1 2 -4 -2 4 -2",24,1,-256
4467,1,"1 2 3 4 -1 -3 4 4 -3 -2 4 3",48,1,0
4468,1,"1 2 2 2 -1 4 4 -2 -2 -2 4 4",24,1,0
4469,1,"1 2 -1 4 -2 3 3 4 -3 -3 4 4",48,1,0
4470,1,"1 2 -1 -1 2 4 4 -2 -2 1 4 4",24,1,0
4471,1,"1 2 2 -1 4 -1 4 -2 4 1 -2 4",24,1,128
4472,1,"1 2 2 4 3 4 -2 -2 -3 4 -1 4",48,1,128
4473,1,"1 4 4 2 4 -2 -1 4 4 2 -4 -2",24,1,-256
4474,1,"1 2 1 4 2 4 -1 -1 -2 -2 4 4",24,1,256
4475,1,"1 2 4 4 2 -1 -4 -2 4 4 -2 4",24,1,-256
4476,1,"1 2 3 4 -3 4 4 -2 -1 2 4 -2",48,1,128
4477,1,"1 2 -1 -2 1 2 -1 -2 4 4 4 4",24,1,256
4478,1,"1 2 4 4 -2 -4 2 -1 4 4 -2 4",24,1,0
4479,1,"1 2 1 2 -1 4 4 4 -2 -1 -2 4",24,1,0
4480,1,"1 2 3 3 -2 -3 4 4 -3 4 -1 4",48,1,-128
4481,1,"1 2 -1 -2 4 3 -2 4 -3 2 4 4",48,1,0
4482,1,"1 2 -1 4 -1 4 -2 -2 4 2 1 4",24,1,128
4483,1,"1 2 4 1 -2 4 -2 4 -1 -1 2 4",24,1,128
4484,1,"1 2 4 2 -1 4 -2 3 4 -2 -3 4",48,1,0
4485,1,"1 2 1 4 -1 -1 -2 4 4 2 4 -2",24,1,0
4486,1,"1 2 4 -2 4 4 -1 4 2 4 -2 -4",24,1,-128
4487,1,"1 2 4 2 4 -2 -2 -2 4 2 -1 4",24,1,0
4488,1,"1 2 3 4 4 4 3 4 -3 -1 -3 -2",48,1,0
4489,1,"1 4 2 4 4 2 -4 -2 -1 4 4 -2",24,1,-256
4490,1,"1 2 4 3 4 4 4 3 -2 -3 -1 -3",48,1,-128
4491,1,"1 2 1 2 4 4 -1 -1 4 -2 4 -2",24,1,0
4492,1,"1 2 3 3 4 4 -3 4 -1 -2 -3 4",48,1,-128
4493,1,"1 2 2 4 -1 -1 4 -2 4 -2 1 4",24,1,0
4494,1,"1 2 3 3 4 4 -1 -3 4 -2 4 -3",48,1,-128
4495,1,"1 2 3 -2 4 4 -3 4 4 2 -1 -2",48,1,0
4496,1,"1 2 4 4 4 4 -1 -2 -4 -2 4 2",24,1,256
4497,1,"1 2 3 2 4 -3 4 4 -1 4 -2 -2",48,1,0
4498,1,"1 2 3 2 4 -1 4 4 4 -2 -3 -2",48,1,0
4499,1,"1 2 3 -2 -1 -3 4 4 4 -3 4 3",48,1,0
4500,1,"1 2 3 4 -2 4 -3 -2 4 4 -1 2",48,1,128
4501,1,"1 2 4 4 4 3 -2 -3 -3 4 -1 3",48,1,256
4502,1,"1 2 -1 4 3 4 -2 -3 4 -2 4 2",48,1,64
4503,1,"1 2 3 3 4 4 -2 -1 -3 4 4 -3",48,1,-256
4504,1,"1 2 3 -2 -2 4 -1 4 2 4 -3 4",48,1,0
4505,1,"1 2 -1 4 3 -2 -2 4 2 -3 4 4",48,1,0
4506,1,"1 2 2 4 -1 4 3 4 -2 -3 -2 4",48,1,128
4507,1,"1 2 -1 -1 -2 -2 4 2 4 1 4 4",24,1,-256
4508,1,"1 2 3 3 4 -3 4 -3 4 4 -1 -2",48,1,-128
4509,1,"1 2 4 -2 3 4 4 -3 -4 -1 4 4",48,1,-128
4510,1,"1 2 3 -2 3 -1 -3 4 -3 4 4 4",48,1,-128
4511,1,"1 2 3 -1 -3 -3 4 4 -2 4 3 4",48,1,-128
4512,1,"1 2 3 -2 -1 4 3 4 4 -3 -3 4",48,1,0
4513,1,"1 2 -1 4 3 -2 3 4 -3 4 4 -3",48,1,0
4514,1,"1 2 -1 4 -2 4 4 -1 2 4 -2 1",24,1,0
4515,1,"1 2 3 3 4 -3 4 4 -3 -1 4 -2",48,1,128
4516,1,"1 2 4 3 4 -3 -2 -3 4 4 -1 3",48,1,0
4517,1,"1 2 3 -2 -2 -1 4 2 4 -3 4 4",48,1,0
4518,1,"1 2 4 2 4 -1 4 2 4 -2 -2 -2",24,1,0
4519,1,"1 2 4 -1 3 -2 4 3 4 -3 -3 4",48,1,0
4520,1,"1 2 2 4 4 -2 -4 -2 4 -1 4 4",24,1,256
4521,1,"1 4 2 4 4 -1 -4 2 4 -2 -2 4",24,1,0
4522,1,"1 2 4 4 -2 4 4 2 -4 -1 4 -2",24,1,-256
4523,1,"1 2 -4 -1 4 2 4 -2 -2 4 4 4",24,1,-256
4524,1,"1 2 3 -1 4 4 -2 -3 -3 4 4 3",48,1,256
4525,1,"1 2 1 2 4 4 4 -1 -2 -1 4 -2",24,1,0
4526,1,"1 2 3 3 -1 4 -3 -3 4 4 -2 4",48,1,0
4527,1,"1 2 3 4 -1 -2 4 3 4 -3 -3 4",48,1,0
4528,1,"1 2 4 4 -2 -4 -2 4 -1 4 2 4",24,1,128
4529,1,"1 2 2 4 2 4 -2 4 -1 -2 4 -2",24,1,-128
4530,1,"1 2 1 4 -2 4 4 4 2 -1 -1 -2",24,1,-256
4531,1,"1 2 -1 4 -1 -2 4 -2 4 2 4 1",24,1,-128
4532,1,"1 2 4 2 -1 -2 4 -2 -2 4 4 2",24,1,0
4533,1,"1 2 3 -2 -3 -2 4 4 2 -1 4 4",48,1,0
4534,1,"1 2 1 4 -2 -1 -1 4 4 2 4 -2",24,1,256
4535,1,"1 2 -1 4 4 3 4 3 4 -2 -3 -3",48,1,-128
4536,1,"1 2 3 4 -2 4 2 -3 4 -1 4 -2",48,1,0
4537,1,"1 2 4 3 -1 3 4 -2 -3 -3 4 4",48,1,128
4538,1,"1 2 -1 -2 4 4 4 4 -2 -4 2 4",24,1,256
4539,1,"1 2 -1 -1 -2 4 -2 4 4 2 1 4",24,1,0
4540,1,"1 2 3 4 -3 -2 3 4 4 -1 -3 4",48,1,128
4541,1,"1 2 4 4 4 -2 4 4 -2 -1 2 -4",24,1,-256
4542,1,"1 2 4 4 3 3 4 4 -2 -3 -1 -3",48,1,0
4543,1,"1 2 3 2 -1 -2 4 4 -2 -3 4 4",48,1,-128
4544,1,"1 2 2 -1 -2 4 2 4 4 4 -2 -2",24,1,-512
4545,1,"1 2 2 4 -2 -2 -1 4 -2 4 2 4",24,1,256
4546,1,"1 4 2 -1 -4 -2 4 4 2 4 4 -2",24,1,-256
4547,1,"1 2 1 -2 4 -1 4 4 2 -1 4 -2",24,1,128
4548,1,"1 2 3 4 4 -3 -2 -1 4 -3 4 3",48,1,128
4549,1,"1 2 3 4 -2 -1 2 4 -2 -3 4 4",48,1,128
4550,1,"1 2 4 -2 4 4 -2 -4 2 -1 4 4",24,1,0
4551,1,"1 2 4 3 -1 4 -2 -3 4 3 4 -3",48,1,0
4552,1,"1 2 3 2 -3 4 4 4 -1 4 -2 -2",48,1,0
4553,1,"1 2 4 -2 4 4 -1 3 4 4 -3 -4",48,1,128
4554,1,"1 2 1 -2 4 4 -1 2 4 -1 4 -2",24,1,128
4555,1,"1 2 3 4 -2 -3 4 -2 4 4 -1 2",48,1,0
4556,1,"1 4 2 4 -2 4 4 -1 4 -2 -4 2",24,1,-128
4557,1,"1 2 2 4 -1 -2 4 4 4 4 -2 -4",24,1,-512
4558,1,"1 4 2 -4 -2 -2 -1 4 4 4 4 2",24,1,0
4559,1,"1 2 -1 -2 -2 4 2 4 -2 4 2 4",24,1,-128
4560,1,"1 2 1 2 -1 -2 -1 4 4 4 4 -2",24,1,-256
4561,1,"1 2 3 2 4 -2 -1 4 -3 -2 4 4",48,1,128
4562,1,"1 2 2 4 4 -1 -1 4 -2 -2 4 1",24,1,512
4563,1,"1 2 -1 4 -2 1 4 4 -2 -1 2 4",24,1,128
4564,1,"1 2 4 -2 -2 4 -1 -2 4 2 4 2",24,1,128
4565,1,"1 2 3 -2 4 4 -3 4 3 4 -1 -3",48,1,-128
4566,1,"1 2 4 -1 3 4 3 4 -3 -3 -2 4",48,1,128
4567,1,"1 2 3 4 2 4 -2 -2 -3 4 -1 4",48,1,0
4568,1,"1 2 4 3 4 4 -1 -3 4 4 -2 -4",48,1,-128
4569,1,"1 2 -1 -1 4 2 1 -2 4 4 -2 4",24,1,256
4570,1,"1 2 3 -2 3 4 -1 -3 4 4 -3 4",48,1,0
4571,1,"1 2 2 4 1 4 -1 -1 -2 -2 4 4",24,1,0
4572,1,"1 2 3 -2 -3 4 -1 -2 4 4 2 4",48,1,0
4573,1,"1 1 4 4 1 4 -1 -1 -4 -1 4 4",6,1,512
4574,1,"1 2 -1 -4 -2 4 -2 4 2 4 4 4",24,1,-256
4575,1,"1 2 -1 -2 4 -1 -2 1 2 4 4 4",24,1,0
4576,1,"1 2 4 3 3 4 -3 -1 4 -2 4 -3",48,1,128
4577,1,"1 2 4 -2 -2 -2 4 2 -1 4 2 4",24,1,0
4578,1,"1 4 4 -1 4 4 4 4 -1 -4 1 -4",6,1,-512
4579,1,"1 2 -1 -2 4 2 4 -2 -1 4 1 4",24,1,0
4580,1,"1 2 3 4 -2 3 4 -3 -3 -1 4 4",48,1,128
4581,1,"1 2 3 4 -2 4 4 -3 4 3 -1 -3",48,1,-128
4582,1,"1 2 3 4 4 -1 3 4 -2 -3 -3 4",48,1,0
4583,1,"1 2 3 3 -1 4 4 -3 4 -2 -3 4",48,1,0
4584,1,"1 2 4 -2 -1 4 4 2 -4 -2 4 4",24,1,-256
4585,1,"1 2 2 -1 4 -1 4 4 -2 -2 1 4",24,1,-256
4586,1,"1 2 3 4 3 4 -2 -3 4 -1 -3 4",48,1,-64
4587,1,"1 2 3 3 4 4 4 -3 -2 -1 -3 4",48,1,256
4588,1,"1 2 4 4 3 3 4 -1 -3 -2 -3 4",48,1,128
4589,1,"1 2 1 4 2 4 -1 -1 4 -2 -2 4",24,1,256
4590,1,"1 2 3 4 4 4 3 -1 4 -3 -3 -2",48,1,-256
4591,1,"1 2 1 -2 4 2 -1 4 -2 -1 4 4",24,1,128
4592,1,"1 2 -1 4 3 -2 -3 -3 4 4 3 4",48,1,0
4593,1,"1 2 4 3 -2 -3 4 3 -1 4 4 -3",48,1,-128
4594,1,"1 2 3 3 -2 4 4 -1 -3 4 -3 4",48,1,-128
4595,1,"1 2 4 -2 4 3 3 4 -3 4 -1 -3",48,1,0
4596,1,"1 2 4 -1 -2 4 4 2 -4 -2 4 4",24,1,0
4597,1,"1 2 -4 -2 4 -1 4 -2 4 4 2 4",24,1,-128
4598,1,"1 2 3 4 4 -2 -4 -1 4 -3 4 4",48,1,128
4599,1,"1 2 3 3 4 -3 -2 4 -3 4 -1 4",48,1,128
4600,1,"1 2 2 2 4 -2 4 -2 -1 -2 4 4",24,1,256
4601,1,"1 2 3 -4 -2 4 -3 4 -1 4 4 4",48,1,-128
4602,1,"1 2 -4 -2 4 3 4 -1 4 4 -3 4",48,1,-128
4603,1,"1 1 4 4 -1 4 4 4 4 -1 -4 -4",6,1,-1024
4604,1,"1 2 -1 4 -2 4 4 -2 -4 2 4 4",24,1,0
4605,1,"1 2 4 1 -2 4 2 -1 4 -2 -1 4",24,1,128
4606,1,"1 2 4 -2 4 4 3 -4 -3 -1 4 4",48,1,-128
4607,1,"1 2 3 4 -2 -3 2 4 -1 4 4 -2",48,1,0
4608,1,"1 4 4 1 4 4 4 4 -1 -4 -1 -4",6,1,-512
4609,1,"1 2 3 3 -2 -3 -3 4 -1 4 4 4",48,1,-256
4610,1,"1 2 4 4 3 -2 -3 -1 -3 4 3 4",48,1,0
4611,1,"1 2 4 3 4 -1 4 -3 -2 -3 4 3",48,1,64
4612,1,"1 2 -1 4 2 3 -2 4 -3 4 -2 4",48,1,0
4613,1,"1 2 3 3 4 -1 4 4 -3 4 -2 -3",48,1,-128
4614,1,"1 2 3 3 4 4 4 -3 -3 -1 -2 4",48,1,256
4615,1,"1 2 4 3 4 -2 -3 -3 4 -1 4 3",48,1,128
4616,1,"1 2 4 3 3 -2 4 4 -3 -3 -1 4",48,1,256
4617,1,"1 2 2 -1 -1 -2 -2 4 4 1 4 4",24,1,-512
4618,1,"1 2 1 4 4 -1 2 4 -2 -1 4 -2",24,1,128
4619,1,"1 2 4 2 4 4 -2 4 4 -1 -4 -2",24,1,-256
4620,1,"1 2 3 2 -1 -2 -3 4 4 -2 4 4",48,1,-128
4621,1,"1 2 3 -1 -2 -3 4 4 -3 4 3 4",48,1,-128
4622,1,"1 2 -1 4 3 3 -2 4 4 4 -3 -3",48,1,-256
4623,1,"1 2 4 3 3 4 -1 4 -3 -3 -2 4",48,1,128
4624,1,"1 2 4 3 4 -1 4 2 -3 4 -2 -2",48,1,0
4625,1,"1 2 -1 -2 4 4 4 4 -2 4 2 -4",24,1,256
4626,1,"1 4 2 4 2 4 -1 4 -2 -4 -2 4",24,1,128
4627,1,"1 2 1 4 -1 4 4 4 2 -1 -2 -2",24,1,-256
4628,1,"1 2 4 3 -1 4 4 3 4 -3 -2 -3",48,1,0
4629,1,"1 2 -1 -1 -2 4 1 2 4 -2 4 4",24,1,-256
4630,1,"1 2 4 3 -1 -2 4 -3 4 3 4 -3",48,1,-64
4631,1,"1 2 3 -1 4 -3 4 -3 -2 3 4 4",48,1,0
4632,1,"1 2 3 -2 4 -3 -2 4 2 -1 4 4",48,1,0
4633,1,"1 4 4 2 4 2 -1 -4 -2 -2 4 4",24,1,-256
4634,1,"1 2 3 -1 -3 -2 4 3 4 -3 4 4",48,1,-128
4635,1,"1 2 4 3 3 -2 4 -3 -1 4 -3 4",48,1,128
4636,1,"1 2 3 4 -2 4 2 4 -3 4 -1 -2",48,1,-64
4637,1,"1 2 1 2 -1 4 4 4 -1 -2 -2 4",24,1,-256
4638,1,"1 2 3 2 4 4 -3 -2 -1 4 4 -2",48,1,128
4639,1,"1 2 4 -2 -1 2 4 -2 -2 4 4 2",24,1,0
4640,1,"1 2 1 -2 -2 -1 4 -1 4 4 2 4",24,1,0
4641,1,"1 4 4 -1 -4 2 2 4 -2 4 4 -2",24,1,256
4642,1,"1 4 -1 -4 2 2 4 -2 4 -2 4 4",24,1,0
4643,1,"1 2 -1 4 3 4 3 4 -3 -3 -2 4",48,1,0
4644,1,"1 2 1 -2 4 -2 4 2 4 -1 -1 4",24,1,128
4645,1,"1 2 -1 4 3 4 -2 -3 -2 4 2 4",48,1,0
4646,1,"1 4 2 4 2 4 4 -2 -4 -2 -1 4",24,1,128
4647,1,"1 1 4 1 4 -1 -1 4 4 4 -1 -4",6,1,-512
4648,1,"1 2 -1 -2 1 4 -2 4 4 -1 2 4",24,1,-128
4649,1,"1 2 3 -2 -3 4 4 4 -1 3 4 -3",48,1,-128
4650,1,"1 2 4 -1 4 3 4 -3 4 -3 -2 3",48,1,-64
4651,1,"1 2 2 -1 -2 4 -2 -2 4 4 4 2",24,1,0
4652,1,"1 2 3 2 4 -2 4 4 -3 4 -1 -2",48,1,-128
4653,1,"1 2 -1 4 -2 3 4 -2 -3 2 4 4",48,1,0
4654,1,"1 2 4 2 -4 -2 -2 4 -1 4 4 4",24,1,-256
4655,1,"1 2 2 4 4 4 2 -1 -2 4 -2 -2",24,1,-512
4656,1,"1 2 3 2 4 -2 -1 4 -2 4 -3 4",48,1,128
4657,1,"1 2 -4 -1 4 4 2 4 -2 4 4 -2",24,1,-256
4658,1,"1 2 1 -2 4 2 4 -2 -1 4 -1 4",24,1,0
4659,1,"1 2 4 3 4 4 4 -1 -3 -3 -2 3",48,1,-256
4660,1,"1 2 4 3 4 -3 2 4 -2 -2 -1 4",48,1,128
4661,1,"1 2 4 3 4 -1 -3 -2 3 4 -3 4",48,1,-64
4662,1,"1 4 2 -1 4 2 2 4 -2 -2 -2 4",24,1,256
4663,1,"1 2 3 -1 4 -3 4 4 -2 3 4 -3",48,1,0
4664,1,"1 2 4 3 4 4 -3 4 -1 3 -2 -3",48,1,-128
4665,1,"1 2 -4 -2 4 4 4 2 -1 4 -2 4",24,1,0
4666,1,"1 2 3 4 4 -3 -3 4 -2 3 -1 4",48,1,128
4667,1,"1 1 1 -4 -1 -1 4 4 -1 4 4 4",6,1,-1024
4668,1,"1 2 -4 2 -1 4 -2 4 -2 4 4 4",24,1,0
4669,1,"1 2 4 4 4 3 -2 3 -1 4 -3 -3",48,1,0
4670,1,"1 2 1 -2 -1 4 -1 -2 4 2 4 4",24,1,128
4671,1,"1 2 1 -2 -1 4 2 4 4 -1 4 -2",24,1,128
4672,1,"1 2 -1 -2 4 2 4 -1 4 1 -2 4",24,1,0
4673,1,"1 2 3 4 -1 -3 4 -3 4 -2 4 3",48,1,64
4674,1,"1 2 -1 -2 4 2 4 -1 4 -2 1 4",24,1,-128
4675,1,"1 2 1 -2 4 4 2 4 -1 -1 4 -2",24,1,256
4676,1,"1 2 -1 -2 4 2 4 1 -2 4 -1 4",24,1,0
4677,1,"1 2 3 -2 -3 4 -1 4 -2 4 4 2",48,1,-128
4678,1,"1 2 3 -1 4 4 4 4 4 -3 -2 -4",48,1,-512
4679,1,"1 2 4 -2 4 2 2 4 -2 -2 -1 4",24,1,256
4680,1,"1 2 1 -2 4 4 -1 -1 2 4 -2 4",24,1,0
4681,1,"1 2 3 -1 -2 3 4 -3 4 4 4 -3",48,1,0
4682,1,"1 2 -1 4 3 3 4 -2 -3 4 -3 4",48,1,0
4683,1,"1 2 4 4 4 4 2 -4 -1 4 -2 -2",24,1,-512
4684,1,"1 2 3 4 -3 4 3 -1 -2 4 -3 4",48,1,-64
4685,1,"1 2 -1 -2 4 2 4 -2 1 4 -1 4",24,1,-128
4686,1,"1 1 4 2 2 4 -1 -1 4 -2 -2 4",6,1,512
4687,1,"1 2 4 4 -1 4 -2 -4 -2 4 4 2",24,1,256
4688,1,"1 2 4 3 -1 -3 -3 -2 4 4 3 4",48,1,-128
4689,1,"1 2 2 4 1 4 -1 -1 4 -2 -2 4",24,1,256
4690,1,"1 2 4 -2 3 4 -3 2 4 -2 -1 4",24,1,128
4691,1,"1 2 3 4 -2 -1 -3 4 4 -3 4 3",48,1,128
4692,1,"1 4 2 4 -1 4 4 4 4 -2 -4 -4",24,1,0
4693,1,"1 4 2 2 -4 -2 4 -1 4 -2 4 4",24,1,-256
4694,1,"1 2 3 4 4 4 -2 -3 4 4 -1 -4",48,1,0
4695,1,"1 4 2 4 -2 4 3 4 -3 -4 -1 4",48,1,0
4696,1,"1 2 4 -2 4 2 -4 -1 -2 4 4 4",24,1,-256
4697,1,"1 2 4 -1 4 -1 2 4 -2 -2 4 1",24,1,256
4698,1,"1 2 3 3 4 4 -1 -3 4 -2 -3 4",48,1,0
4699,1,"1 2 3 4 -3 -1 4 4 3 -2 -3 4",48,1,-128
4700,1,"1 2 -1 -2 4 4 4 3 2 -3 4 -2",48,1,0
4701,1,"1 2 -4 2 -1 4 4 4 4 4 -2 -2",24,1,-512
4702,1,"1 2 -1 -2 4 -2 3 2 4 -3 4 4",48,1,0
4703,1,"1 2 4 -1 -2 -4 2 4 4 -2 4 4",24,1,0
4704,1,"1 2 -1 -1 -2 4 4 -2 4 2 4 1",24,1,-256
4705,1,"1 2 3 3 4 4 -2 -1 -3 4 -3 4",48,1,0
4706,1,"1 2 -1 4 4 4 3 4 -2 -4 -3 4",48,1,0
4707,1,"1 2 1 4 4 -1 -1 2 4 4 -2 -2",24,1,512
4708,1,"1 2 4 -1 -2 -4 3 4 -3 4 4 4",48,1,0
4709,1,"1 2 4 2 -1 4 3 4 -2 -2 -3 4",48,1,0
4710,1,"1 2 2 -1 4 -2 4 4 -2 -1 4 1",24,1,256
4711,1,"1 2 4 4 -2 4 4 -2 4 2 -1 -4",24,1,0
4712,1,"1 2 2 1 4 -2 4 -1 4 -1 -2 4",24,1,128
4713,1,"1 2 3 -1 4 -3 -3 -2 4 4 4 3",48,1,0
4714,1,"1 2 3 -2 -1 3 4 4 4 -3 -3 4",48,1,256
4715,1,"1 2 -1 4 4 -2 -4 -2 4 4 2 4",24,1,0
4716,1,"1 2 4 -2 4 -1 4 2 2 4 -2 -2",24,1,0
4717,1,"1 2 3 3 -1 -3 4 -3 4 4 4 -2",48,1,-256
4718,1,"1 2 -1 4 -1 -2 4 2 4 4 -2 1",24,1,-256
4719,1,"1 2 4 2 4 4 -2 4 -1 -4 -2 4",24,1,-128
4720,1,"1 2 3 4 4 4 -2 -3 4 3 -1 -3",48,1,-128
4721,1,"1 2 -1 -2 4 2 3 4 4 -3 4 -2",48,1,-128
4722,1,"1 2 -1 4 4 -2 3 -4 -3 4 4 4",48,1,0
4723,1,"1 2 2 -1 4 -2 4 2 4 -2 4 -2",24,1,-128
4724,1,"1 2 3 -2 -3 -3 -1 4 4 4 4 3",48,1,256
4725,1,"1 2 3 4 -1 -2 4 2 4 -3 4 -2",48,1,-64
4726,1,"1 2 4 3 4 -3 -2 3 -1 4 4 -3",48,1,128
4727,1,"1 2 4 4 -2 4 4 -1 -4 -2 4 2",24,1,0
4728,1,"1 2 2 4 1 -2 4 -1 4 -2 -1 4",24,1,128
4729,1,"1 2 4 3 3 -2 4 -1 4 -3 4 -3",48,1,0
4730,1,"1 2 4 3 3 4 -1 4 4 -3 -2 -3",48,1,128
4731,1,"1 2 4 -1 4 3 -2 4 -3 -3 4 3",48,1,128
4732,1,"1 2 4 -2 3 4 -3 4 -3 4 -1 3",48,1,-64
4733,1,"1 2 3 -2 4 -2 -1 4 -3 4 4 2",48,1,0
4734,1,"1 2 3 -2 4 -3 4 4 -3 -1 4 3",48,1,128
4735,1,"1 2 2 4 -2 -1 4 4 -2 -1 4 1",24,1,256
4736,1,"1 2 3 3 4 -1 -3 4 -2 4 4 -3",48,1,-128
4737,1,"1 2 2 1 4 4 -1 -2 4 -1 -2 4",24,1,0
4738,1,"1 2 2 -1 -2 4 4 4 4 4 -2 -4",24,1,-512
4739,1,"1 2 3 4 3 -2 -3 4 -1 -3 4 4",48,1,-128
4740,1,"1 2 3 -1 -3 4 3 -2 -3 4 4 4",48,1,128
4741,1,"1 2 4 -2 4 3 -1 3 4 4 -3 -3",48,1,128
4742,1,"1 2 -1 4 4 3 3 4 4 -2 -3 -3",48,1,-256
4743,1,"1 4 -1 4 4 2 4 -2 -2 -4 2 4",24,1,-256
4744,1,"1 2 4 4 3 -2 -3 -1 4 3 4 -3",48,1,0
4745,1,"1 2 4 -1 4 3 4 -3 2 4 -2 -2",48,1,0
4746,1,"1 2 4 -1 -2 4 1 2 4 -1 -2 4",12,2,-128
4747,1,"1 2 4 4 3 -1 4 3 4 -2 -3 -3",48,1,0
4748,1,"1 2 2 -1 4 -1 4 1 -2 4 -2 4",24,1,128
4749,1,"1 2 3 4 -3 -2 3 4 -1 4 -3 4",48,1,64
4750,1,"1 4 2 -4 2 4 4 -2 -2 4 -1 4",24,1,256
4751,1,"1 2 1 4 -2 -1 4 2 4 4 -1 -2",24,1,128
4752,1,"1 2 1 -2 4 2 4 -1 4 -2 -1 4",24,1,0
4753,1,"1 2 3 4 -2 -3 -2 4 4 -1 4 2",48,1,128
4754,1,"1 2 3 4 -1 -3 -2 3 4 4 4 -3",48,1,128
4755,1,"1 2 2 -1 4 -1 -2 4 1 4 -2 4",24,1,-128
4756,1,"1 2 2 4 1 4 -1 -2 4 -2 -1 4",24,1,128
4757,1,"1 2 4 3 -1 4 4 4 3 -2 -3 -3",48,1,0
4758,1,"1 2 2 4 4 4 -2 -1 2 4 -2 -2",24,1,512
4759,1,"1 2 4 -1 4 -2 4 2 2 4 -2 -2",24,1,0
4760,1,"1 2 3 2 4 -1 4 -2 4 -2 -3 4",48,1,64
4761,1,"1 2 3 3 -1 -2 -3 4 4 -3 4 4",48,1,-256
4762,1,"1 4 2 -4 -4 -2 4 4 4 -1 4 4",24,1,-512
4763,1,"1 4 2 4 4 -2 4 4 2 -1 -4 -2",24,1,-256
4764,1,"1 2 3 -2 4 -1 2 -3 4 4 -2 4",48,1,0
4765,1,"1 2 4 3 -2 4 -1 2 4 -2 -3 4",48,1,64
4766,1,"1 2 2 -4 -2 -1 4 4 4 4 4 -2",24,1,-512
4767,1,"1 2 3 -2 4 4 -2 -3 2 -1 4 4",48,1,0
4768,1,"1 2 4 -2 4 4 -2 4 4 2 -1 -4",24,1,0
4769,1,"1 2 4 -2 -1 2 4 -2 4 -2 4 2",24,1,0
4770,1,"1 2 1 -2 4 4 -1 2 -1 4 4 -2",24,1,256
4771,1,"1 2 2 4 -2 -1 -2 -2 4 4 4 2",24,1,512
4772,1,"1 4 2 2 2 4 -2 -2 4 -2 -1 4",24,1,256
4773,1,"1 2 3 -4 -2 4 4 4 -1 -3 4 4",48,1,-256
4774,1,"1 2 -1 4 1 -2 4 4 -2 -1 2 4",24,1,128
4775,1,"1 2 -1 4 -2 3 4 3 4 -3 4 -3",48,1,64
4776,1,"1 2 2 -1 4 -2 4 3 4 -3 4 -2",48,1,-128
4777,1,"1 2 3 4 4 -3 -4 -1 -2 4 4 4",48,1,256
4778,1,"1 2 4 4 -2 -2 -1 -4 2 4 4 4",24,1,0
4779,1,"1 2 4 4 4 -1 -4 -2 4 2 4 -2",24,1,-256
4780,1,"1 2 -1 4 3 2 4 4 -3 4 -2 -2",48,1,-128
4781,1,"1 2 4 3 -2 4 -2 -3 4 -1 2 4",48,1,0
4782,1,"1 2 1 4 -2 -2 -1 2 4 4 -1 4",24,1,0
4783,1,"1 2 3 2 -3 4 4 -1 -2 4 4 -2",48,1,-128
4784,1,"1 2 3 -2 -3 4 4 4 -3 -1 3 4",48,1,128
4785,1,"1 2 -1 4 3 4 2 4 -3 -2 -2 4",48,1,0
4786,1,"1 2 1 2 4 -2 4 -1 4 -1 -2 4",24,1,0
4787,1,"1 2 3 3 4 -3 -3 -1 4 4 -2 4",48,1,256
4788,1,"1 2 2 3 4 -1 -2 -2 -3 4 4 4",48,1,-256
4789,1,"1 2 4 2 -1 -2 4 -2 4 2 4 -2",24,1,-128
4790,1,"1 2 3 4 4 -2 4 -3 4 3 -1 -3",48,1,-128
4791,1,"1 2 4 -2 3 -1 3 4 -3 4 -3 4",48,1,64
4792,1,"1 2 3 -1 -3 4 -2 -3 4 4 3 4",48,1,0
4793,1,"1 2 3 3 4 4 -3 4 -3 4 -1 -2",48,1,-128
4794,1,"1 4 2 -1 4 4 -2 4 -2 4 2 -4",24,1,128
4795,1,"1 2 3 4 4 3 4 -1 4 -3 -3 -2",48,1,0
4796,1,"1 2 3 4 -2 -3 2 -1 4 4 -2 4",48,1,0
4797,1,"1 2 -1 -2 -2 3 4 4 -3 4 4 2",48,1,0
4798,1,"1 2 4 3 -1 -3 -3 4 4 -2 3 4",48,1,-128
4799,1,"1 2 2 1 4 -1 4 -2 -1 4 -2 4",24,1,128
4800,1,"1 2 4 3 4 4 4 -2 -1 -4 -3 4",48,1,0
4801,1,"1 2 4 -1 2 4 4 2 4 -2 -2 -2",24,1,256
4802,1,"1 2 4 4 -1 -2 -4 2 4 -2 4 4",24,1,0
4803,1,"1 2 4 -1 -2 4 2 2 4 -2 4 -2",24,1,-128
4804,1,"1 2 1 -2 -1 -1 4 4 4 2 4 -2",24,1,256
4805,1,"1 2 4 4 3 3 -1 -2 4 4 -3 -3",24,1,-256
4806,1,"1 2 3 2 4 -3 4 -2 4 -1 -2 4",48,1,0
4807,1,"1 2 3 4 4 -2 -1 -2 4 -3 2 4",48,1,0
4808,1,"1 2 3 -2 3 4 -1 4 4 -3 -3 4",48,1,128
4809,1,"1 2 4 4 -2 4 3 4 4 -1 -3 -4",48,1,-128
4810,1,"1 2 2 4 -1 4 4 2 4 -2 -2 -2",24,1,0
4811,1,"1 2 2 4 4 4 4 -1 4 -2 -4 -2",24,1,0
4812,1,"1 2 4 -2 4 2 -4 -1 4 4 -2 4",24,1,-128
4813,1,"1 2 2 -1 -2 -2 -2 4 4 4 4 2",24,1,0
4814,1,"1 2 1 4 4 4 2 -1 -2 -2 -1 4",24,1,256
4815,1,"1 4 4 2 4 2 -1 4 4 -2 -4 -2",24,1,0
4816,1,"1 2 4 3 4 -2 4 4 3 -1 -3 -3",48,1,-128
4817,1,"1 2 -1 -1 2 4 4 -2 4 -2 1 4",24,1,0
4818,1,"1 2 -1 2 4 3 4 -2 4 -3 -2 4",48,1,64
4819,1,"1 2 -4 2 4 4 -1 4 4 4 -2 -2",24,1,0
4820,1,"1 2 2 3 4 -2 -2 -3 4 -1 4 4",48,1,0
4821,1,"1 2 4 -1 3 3 -2 4 4 -3 -3 4",48,1,0
4822,1,"1 2 -1 -1 -2 1 4 -2 4 4 2 4",24,1,-256
4823,1,"1 2 3 4 4 -2 -3 -3 4 -1 4 3",48,1,128
4824,1,"1 2 4 -2 4 3 4 -3 -1 -3 4 3",48,1,64
4825,1,"1 4 2 4 -2 4 2 4 -2 4 -1 -4",24,1,-128
4826,1,"1 2 -1 4 3 4 -2 4 -3 2 4 -2",48,1,-64
4827,1,"1 2 3 4 -3 4 4 4 -3 -1 3 -2",48,1,0
4828,1,"1 2 3 2 -1 4 4 -2 -2 -3 4 4",48,1,0
4829,1,"1 2 4 3 4 -3 4 3 -2 4 -1 -3",48,1,-64
4830,1,"1 2 2 4 4 2 4 -2 -2 -2 -1 4",24,1,512
4831,1,"1 2 3 -1 4 -3 -3 4 4 -2 4 3",48,1,128
4832,1,"1 2 4 3 4 -1 2 4 -3 4 -2 -2",48,1,128
4833,1,"1 2 4 2 2 4 -2 -2 -1 4 -2 4",24,1,256
4834,1,"1 2 4 -1 4 -2 -2 4 2 2 4 -2",24,1,0
4835,1,"1 2 3 -1 -2 4 -3 4 -3 4 3 4",48,1,-64
4836,1,"1 2 3 4 4 3 -1 -3 4 -3 -2 4",48,1,-128
4837,1,"1 2 3 3 4 -3 -1 -3 4 4 4 -2",48,1,0
4838,1,"1 2 3 2 4 4 -1 4 -3 -2 -2 4",48,1,128
4839,1,"1 2 3 4 3 4 -2 4 -1 -3 -3 4",48,1,0
4840,1,"1 2 1 -2 4 2 4 4 -2 -1 -1 4",24,1,0
4841,1,"1 2 3 4 -3 -3 -1 4 -2 4 3 4",48,1,128
4842,1,"1 2 3 3 4 -2 4 -3 -1 4 4 -3",48,1,128
4843,1,"1 2 3 4 -3 -2 4 -2 4 2 -1 4",48,1,0
4844,1,"1 2 -1 -2 4 -2 4 2 2 4 4 -2",24,1,-256
4845,1,"1 2 -1 -2 1 4 4 2 4 -2 -1 4",24,1,-128
4846,1,"1 2 3 -2 -1 4 4 3 4 -3 4 -3",48,1,-128
4847,1,"1 2 3 -2 -3 -3 4 4 -1 4 4 3",48,1,0
4848,1,"1 2 3 4 -3 -1 3 4 -3 4 -2 4",48,1,64
4849,1,"1 2 4 -1 4 4 3 3 -2 -3 -3 4",48,1,0
4850,1,"1 2 4 -1 4 4 -2 3 3 4 -3 -3",48,1,256
4851,1,"1 2 4 4 3 -1 4 4 -2 -4 -3 4",48,1,128
4852,1,"1 2 3 -2 4 -1 4 -3 4 2 4 -2",48,1,0
4853,1,"1 2 4 -1 4 3 -4 -3 -2 4 4 4",48,1,-128
4854,1,"1 2 3 4 -1 4 3 -2 4 4 -3 -3",48,1,-128
4855,1,"1 2 3 -2 -3 4 -2 -1 2 4 4 4",48,1,-128
4856,1,"1 4 2 4 2 -4 -2 4 4 -2 -1 4",24,1,-128
4857,1,"1 2 2 -1 4 -2 4 -1 -2 4 1 4",24,1,-128
4858,1,"1 2 3 -1 3 4 -3 -3 4 -2 4 4",48,1,128
4859,1,"1 2 2 -1 4 1 4 4 -1 -2 -2 4",24,1,-256
4860,1,"1 2 -4 -1 4 4 4 2 4 4 -2 -2",24,1,-512
4861,1,"1 2 3 3 4 -2 -3 4 4 4 -1 -3",48,1,-256
4862,1,"1 2 3 4 4 -3 4 3 4 -1 -3 -2",48,1,-128
4863,1,"1 2 3 3 -2 -1 4 -3 4 -3 4 4",48,1,0
4864,1,"1 2 -1 -2 1 4 -2 4 -1 4 2 4",24,1,-128
4865,1,"1 2 4 4 4 -2 -1 -4 3 4 -3 4",48,1,0
4866,1,"1 2 3 4 -1 4 4 -3 -3 4 -2 3",48,1,128
4867,1,"1 2 4 4 -1 3 4 -3 4 -3 -2 3",48,1,0
4868,1,"1 2 4 2 4 -1 -1 -2 4 -2 4 1",12,1,0
4869,1,"1 2 -1 4 4 -2 -2 -1 2 4 4 1",12,1,512
4870,1,"1 2 4 2 4 -2 -2 -2 4 -1 4 2",24,1,256
4871,1,"1 2 3 4 -3 -2 -2 4 -1 4 2 4",48,1,128
4872,1,"1 2 4 3 4 -3 4 -1 2 4 -2 -2",48,1,128
4873,1,"1 2 3 4 -2 -3 4 -1 4 2 4 -2",48,1,0
4874,1,"1 1 4 4 1 4 4 -1 4 -1 -1 -4",6,1,-512
4875,1,"1 2 1 4 -1 2 4 -2 4 -1 4 -2",24,1,128
4876,1,"1 2 4 -1 3 4 3 -2 4 4 -3 -3",48,1,0
4877,1,"1 2 -1 4 -2 3 4 -3 4 3 4 -3",48,1,64
4878,1,"1 2 4 -2 3 -1 4 -3 4 3 4 -3",48,1,64
4879,1,"1 2 3 -2 -1 4 -3 2 4 4 -2 4",48,1,0
4880,1,"1 2 3 -1 3 4 4 4 -3 -2 4 -3",48,1,128
4881,1,"1 2 3 3 4 -2 -3 4 -3 -1 4 4",48,1,128
4882,1,"1 2 4 -2 -2 -4 -1 4 4 4 4 2",24,1,0
4883,1,"1 2 1 -2 -1 4 2 4 -1 4 4 -2",24,1,128
4884,1,"1 2 2 2 -1 4 4 -2 4 -2 -2 4",24,1,0
4885,1,"1 2 4 3 -2 4 4 4 3 -1 -3 -3",48,1,-256
4886,1,"1 2 2 -4 -2 4 4 -1 4 4 4 -2",24,1,0
4887,1,"1 2 3 -2 -3 4 -1 -2 4 4 4 2",48,1,-128
4888,1,"1 2 2 3 4 -2 -1 4 -3 4 4 -2",48,1,128
4889,1,"1 4 2 4 -2 4 3 3 -1 4 -3 -3",48,1,0
4890,1,"1 2 4 3 4 4 3 -1 -3 -2 -3 4",48,1,0
4891,1,"1 2 3 -1 -2 3 4 -3 4 4 -3 4",48,1,0
4892,1,"1 2 3 3 4 -1 -2 4 -3 -3 4 4",48,1,0
4893,1,"1 2 -1 -2 4 3 4 -3 -3 4 4 3",48,1,-128
4894,1,"1 2 4 3 4 4 -3 -2 -3 -1 3 4",48,1,0
4895,1,"1 4 4 2 2 -1 -4 -2 4 4 -2 4",24,1,-256
4896,1,"1 2 3 4 4 -3 -4 -1 4 4 -2 4",48,1,128
4897,1,"1 2 2 4 -2 4 -1 2 4 4 -2 -2",24,1,256
4898,1,"1 2 -1 -1 2 1 4 -2 -2 4 4 4",24,1,512
4899,1,"1 2 -1 -1 -2 4 4 2 4 4 -2 1",24,1,-512
4900,1,"1 2 3 4 3 -1 4 -3 4 -2 -3 4",48,1,0
4901,1,"1 2 1 4 -2 -2 4 2 -1 4 -1 4",24,1,128
4902,1,"1 2 1 4 -2 -2 -1 4 2 -1 4 4",24,1,256
4903,1,"1 2 4 2 -4 -2 -1 4 4 4 -2 4",24,1,-256
4904,1,"1 2 4 -1 4 3 -2 4 4 4 -3 -4",48,1,-128
4905,1,"1 2 -1 -1 2 4 4 -2 4 1 4 -2",24,1,0
4906,1,"1 2 -1 4 -2 4 4 4 3 -4 -3 4",48,1,0
4907,1,"1 2 4 3 4 -3 -1 -3 -2 3 4 4",48,1,0
4908,1,"1 4 2 4 2 4 -2 4 4 -1 -4 -2",24,1,-128
4909,1,"1 2 3 4 -3 -2 -1 4 4 -3 4 3",48,1,128
4910,1,"1 1 4 -1 -1 4 4 4 1 -4 -1 4",6,1,-512
4911,1,"1 2 -1 -1 -2 -2 4 2 4 4 4 1",24,1,-512
4912,1,"1 2 3 -2 -3 4 4 4 4 2 -1 -2",48,1,256
4913,1,"1 2 -1 4 4 3 4 4 -2 -4 -3 4",48,1,0
4914,1,"1 2 3 3 4 -3 -3 -2 4 -1 4 4",48,1,256
4915,1,"1 2 4 4 3 4 -3 -1 3 -2 -3 4",48,1,-128
4916,1,"1 2 -4 -2 4 4 2 -1 4 -2 4 4",24,1,0
4917,1,"1 2 1 4 -1 -2 4 2 4 -1 -2 4",24,1,0
4918,1,"1 2 4 3 4 4 -3 -1 4 -3 -2 3",48,1,0
4919,1,"1 2 -1 2 4 -2 3 4 -2 -3 4 4",48,1,128
4920,1,"1 2 3 4 -3 4 4 3 -1 4 -3 -2",48,1,-128
4921,1,"1 4 2 -4 -2 4 -1 4 4 -2 4 2",24,1,-128
4922,1,"1 2 4 3 3 -1 -3 4 -2 4 -3 4",48,1,0
4923,1,"1 2 -4 -2 4 4 -2 4 4 2 -1 4",24,1,0
4924,1,"1 2 4 2 4 -2 -2 -1 2 4 -2 4",24,1,128
4925,1,"1 2 4 2 -1 4 4 -2 -4 -2 4 4",24,1,0
4926,1,"1 2 3 -1 3 -2 4 4 4 4 -3 -3",48,1,-256
4927,1,"1 2 4 3 4 4 -3 4 -2 4 -1 -4",48,1,-128
4928,1,"1 2 -1 -1 4 1 -2 -2 4 4 2 4",24,1,256
4929,1,"1 2 1 4 -2 4 -1 4 -1 2 4 -2",24,1,128
4930,1,"1 2 3 -1 4 4 4 4 3 -2 -3 -3",48,1,-256
4931,1,"1 2 4 -1 4 -2 3 3 4 -3 -3 4",48,1,128
4932,1,"1 2 4 4 -2 3 -1 3 4 -3 -3 4",48,1,128
4933,1,"1 4 2 2 4 -2 -4 -2 4 -1 4 4",24,1,256
4934,1,"1 2 4 3 4 4 4 -1 -2 4 -3 -4",48,1,0
4935,1,"1 2 3 -1 3 -2 4 4 -3 -3 4 4",48,1,0
4936,1,"1 2 4 -1 3 4 -2 -3 -3 4 4 3",48,1,0
4937,1,"1 2 2 4 4 4 -1 -4 -2 4 -2 4",24,1,-256
4938,1,"1 2 -1 4 2 3 4 -3 4 4 -2 -2",48,1,-128
4939,1,"1 2 4 -1 3 4 -2 4 -3 -3 4 3",48,1,0
4940,1,"1 2 2 3 4 -2 -2 -1 4 4 -3 4",48,1,256
4941,1,"1 2 1 4 2 -1 -1 -2 4 4 -2 4",24,1,0
4942,1,"1 2 1 4 4 -1 -2 4 2 4 -1 -2",24,1,-128
4943,1,"1 2 2 2 4 -1 4 4 4 -2 -2 -2",24,1,0
4944,1,"1 2 3 -1 3 -2 4 4 4 -3 -3 4",48,1,0
4945,1,"1 2 3 -2 4 -3 4 -3 4 -1 4 3",48,1,64
4946,1,"1 2 3 3 4 -1 -3 4 -2 4 -3 4",48,1,0
4947,1,"1 2 -1 4 3 -2 4 -2 -3 4 4 2",48,1,0
4948,1,"1 2 4 3 -1 3 4 -3 4 -3 -2 4",48,1,64
4949,1,"1 2 -1 4 2 4 -2 -2 3 4 -3 4",48,1,0
4950,1,"1 2 3 4 4 4 -2 -3 -1 3 4 -3",48,1,128
4951,1,"1 2 1 -2 4 -1 4 -1 2 4 -2 4",24,1,0
4952,1,"1 2 3 3 4 -3 4 -1 -2 -3 4 4",48,1,-128
4953,1,"1 2 3 4 -3 4 4 -2 3 -1 -3 4",48,1,0
4954,1,"1 2 1 -2 -2 4 -1 4 2 -1 4 4",24,1,256
4955,1,"1 4 2 4 4 4 4 2 -1 -4 -2 -2",24,1,-512
4956,1,"1 2 4 -1 4 -2 3 3 4 4 -3 -3",48,1,256
4957,1,"1 2 4 4 -2 3 -1 3 4 4 -3 -3",48,1,256
4958,1,"1 1 4 1 4 -1 4 4 -1 -4 -1 4",6,1,256
4959,1,"1 2 4 4 3 -1 3 4 4 -2 -3 -3",48,1,0
4960,1,"1 2 2 -1 4 -1 4 1 -2 -2 4 4",24,1,256
4961,1,"1 2 4 4 -1 4 4 -2 -2 -4 2 4",24,1,-256
4962,1,"1 2 -1 -2 4 4 3 4 -2 -3 2 4",48,1,0
4963,1,"1 2 4 -1 4 3 -4 -3 4 4 -2 4",48,1,-128
4964,1,"1 2 3 2 -1 -2 4 4 4 -3 -2 4",48,1,-128
4965,1,"1 2 4 4 -1 3 3 -2 -3 4 4 -3",48,1,-256
4966,1,"1 2 -1 -2 1 4 -1 4 2 4 -2 4",24,1,-128
4967,1,"1 2 4 -2 -2 -2 4 -1 4 2 2 4",24,1,256
4968,1,"1 2 3 -1 -3 4 4 4 -2 -3 4 3",48,1,128
4969,1,"1 2 3 4 -2 -2 -1 4 -3 4 4 2",48,1,128
4970,1,"1 2 3 4 3 -1 -3 4 4 -2 -3 4",48,1,0
4971,1,"1 2 -1 4 3 2 4 -2 -3 4 4 -2",48,1,-128
4972,1,"1 2 2 -1 4 -1 -2 4 1 -2 4 4",24,1,0
4973,1,"1 2 3 -2 -2 -3 2 4 -1 4 4 4",48,1,-256
4974,1,"1 2 4 3 -4 -3 4 -2 4 4 -1 4",48,1,-128
4975,1,"1 2 4 -1 4 4 4 -2 3 4 -3 -4",48,1,128
4976,1,"1 2 4 4 -1 -2 4 4 -2 4 2 -4",24,1,256
4977,1,"1 4 4 -1 -4 2 4 4 -2 -2 4 2",24,1,-256
4978,1,"1 2 4 3 -2 -3 4 -3 4 -1 3 4",48,1,64
4979,1,"1 2 3 -2 -3 4 -2 4 -1 4 4 2",48,1,-128
4980,1,"1 2 3 -1 -3 -3 4 4 4 -2 4 3",48,1,0
4981,1,"1 2 -1 -2 4 4 4 4 3 -4 -3 4",48,1,256
4982,1,"1 2 4 -1 -4 -2 3 4 -3 4 4 4",48,1,-128
4983,1,"1 2 3 4 -2 -1 -2 4 4 -3 2 4",48,1,0
4984,1,"1 2 4 -1 4 4 -2 -2 4 4 2 -4",24,1,256
4985,1,"1 2 1 2 -1 4 4 -2 4 4 -1 -2",24,1,-256
4986,1,"1 2 4 -1 3 4 3 -2 -3 4 -3 4",48,1,-64
4987,1,"1 2 4 -2 4 -2 -1 -4 2 4 4 4",24,1,0
4988,1,"1 2 3 4 4 -1 -3 4 3 -2 4 -3",48,1,-128
4989,1,"1 2 2 4 -2 -2 -1 4 3 4 -3 4",48,1,256
4990,1,"1 2 4 -2 4 -1 3 4 -3 -3 4 3",48,1,0
4991,1,"1 2 3 -2 4 -1 4 4 -2 -3 2 4",48,1,-128
4992,1,"1 2 -1 4 4 3 4 4 -3 4 -2 -4",48,1,-256
4993,1,"1 2 3 4 -3 4 4 -1 4 -3 -2 3",48,1,0
4994,1,"1 2 -1 4 3 4 4 -3 -3 -2 3 4",48,1,0
4995,1,"1 2 4 3 4 4 4 -3 -1 4 -2 -4",48,1,-128
4996,1,"1 2 -1 4 -2 -4 2 4 4 4 4 -2",24,1,256
4997,1,"1 2 2 3 4 -3 4 -2 4 -2 -1 4",48,1,128
4998,1,"1 2 1 -2 -2 4 -1 2 4 4 -1 4",24,1,0
4999,1,"1 2 3 -2 -3 4 4 4 3 4 -1 -3",48,1,-128
5000,1,"1 2 -1 4 3 2 4 4 -3 -2 -2 4",48,1,0
5001,1,"1 2 3 -2 4 -1 -3 4 3 4 4 -3",48,1,-128
5002,1,"1 2 3 2 -3 4 4 4 4 -2 -1 -2",48,1,0
5003,1,"1 2 3 4 4 4 -2 -2 -3 4 -1 2",48,1,0
5004,1,"1 4 2 2 -1 -4 -2 4 -2 4 4 4",24,1,-256
5005,1,"1 2 2 4 -1 -1 -2 -2 4 4 4 1",24,1,0
5006,1,"1 2 4 3 4 -1 3 4 -2 -3 4 -3",48,1,0
5007,1,"1 2 4 3 4 -3 4 4 -2 4 -1 -4",48,1,-128
5008,1,"1 2 4 -2 4 -1 3 4 4 4 -3 -4",48,1,128
5009,1,"1 2 4 -2 4 3 -1 3 4 -3 -3 4",48,1,128
5010,1,"1 2 3 2 -3 -2 -1 4 4 4 4 -2",48,1,0
5011,1,"1 2 1 4 4 -2 -1 -1 -2 4 2 4",24,1,256
5012,1,"1 2 3 4 4 -3 -1 4 3 -2 4 -3",48,1,0
5013,1,"1 2 4 -2 3 4 4 4 4 -3 -1 -4",48,1,0
5014,1,"1 2 1 4 4 2 -1 -1 4 4 -2 -2",24,1,0
5015,1,"1 2 3 4 4 3 4 -1 -3 -2 4 -3",48,1,0
5016,1,"1 2 3 3 -1 4 -3 4 -3 4 4 -2",48,1,-128
5017,1,"1 2 -1 4 -2 3 4 -3 2 4 -2 4",48,1,0
5018,1,"1 2 3 4 4 3 4 -3 -1 -2 4 -3",48,1,128
5019,1,"1 2 4 2 -4 -2 4 4 -1 4 -2 4",24,1,-128
5020,1,"1 2 3 4 4 -3 4 -1 -3 -2 4 3",48,1,0
5021,1,"1 2 3 4 -1 -2 -2 -3 4 2 4 4",48,1,-128
5022,1,"1 2 4 -2 -2 -1 2 4 -2 4 2 4",24,1,128
5023,1,"1 2 3 4 4 -3 4 -1 3 4 -2 -3",48,1,0
5024,1,"1 2 -1 4 4 3 -2 -3 4 3 4 -3",48,1,-128
5025,1,"1 2 2 3 4 -2 -1 -2 4 -3 4 4",48,1,128
5026,1,"1 2 -1 4 4 4 3 -4 -2 -3 4 4",48,1,0
5027,1,"1 1 1 -4 -1 4 4 4 -1 -1 4 4",6,1,-1024
5028,1,"1 2 -1 -2 -2 -2 4 4 4 2 4 2",24,1,0
5029,1,"1 2 2 1 4 -2 -2 4 4 -1 -1 4",24,1,512
5030,1,"1 2 3 4 -3 4 -1 3 -2 4 4 -3",48,1,0
5031,1,"1 2 4 3 3 4 4 -3 -3 -1 -2 4",48,1,0
5032,1,"1 2 4 4 4 3 -2 3 -1 -3 -3 4",48,1,0
5033,1,"1 2 3 -1 3 4 -3 4 -3 4 -2 4",48,1,64
5034,1,"1 2 4 -2 4 3 -1 -4 -3 4 4 4",48,1,-128
5035,1,"1 2 -1 2 4 4 -2 4 3 -2 -3 4",48,1,0
5036,1,"1 2 -1 4 3 4 -2 3 4 4 -3 -3",48,1,128
5037,1,"1 2 4 4 3 3 -1 4 -3 -3 -2 4",48,1,0
5038,1,"1 2 4 3 3 4 -3 -1 -2 4 -3 4",48,1,0
5039,1,"1 2 2 4 2 4 -2 -2 -1 4 -2 4",24,1,256
5040,1,"1 2 4 -1 -2 4 -2 4 2 2 4 -2",24,1,-128
5041,1,"1 2 1 -2 4 -2 4 2 -1 -1 4 4",24,1,256
5042,1,"1 1 1 1 4 4 -1 -1 -1 -1 4 4",3,1,2048
5043,1,"1 2 3 3 4 -2 4 -3 -1 4 -3 4",48,1,128
5044,1,"1 2 3 -2 4 -3 4 -1 4 -3 4 3",48,1,64
5045,1,"1 2 2 4 3 -2 4 -1 4 -3 4 -2",48,1,0
5046,1,"1 2 4 -2 4 -2 4 4 2 4 -1 -4",24,1,-128
5047,1,"1 2 1 2 -1 4 4 4 4 -1 -2 -2",24,1,-512
5048,1,"1 2 3 3 4 4 -3 -3 4 -1 -2 4",48,1,0
5049,1,"1 2 -1 -1 -2 -2 4 4 4 1 2 4",24,1,-512
5050,1,"1 2 4 4 3 3 4 -1 4 -2 -3 -3",48,1,0
5051,1,"1 2 4 -1 -4 -2 -2 4 2 4 4 4",24,1,-256
5052,1,"1 2 -1 -2 4 -2 -1 2 4 4 1 4",24,1,128
5053,1,"1 2 3 -4 -1 -2 4 4 4 4 -3 4",48,1,-256
5054,1,"1 2 3 -4 -1 4 4 4 4 -3 -2 4",48,1,-256
5055,1,"1 2 4 -2 3 3 4 4 -3 4 -1 -3",48,1,128
5056,1,"1 2 3 4 -2 -1 2 4 -3 4 4 -2",48,1,128
5057,1,"1 2 -1 4 2 3 -2 -3 4 4 -2 4",48,1,0
5058,1,"1 2 3 4 4 4 3 -1 -3 -3 4 -2",48,1,-256
5059,1,"1 2 4 4 2 -4 -2 4 4 -2 -1 4",24,1,-256
5060,1,"1 2 3 4 4 -3 4 4 -1 3 -2 -3",48,1,-128
5061,1,"1 2 2 -1 4 -1 -2 4 -2 4 1 4",24,1,-128
5062,1,"1 2 3 4 4 4 4 3 -1 -3 -2 -3",48,1,-256
5063,1,"1 2 -1 4 3 -2 4 4 -2 -3 2 4",48,1,0
5064,1,"1 2 3 -2 -3 4 3 4 -1 -3 4 4",48,1,-128
5065,1,"1 4 -1 -4 2 -4 -2 4 4 4 4 4",24,1,0
5066,1,"1 4 4 4 4 2 -1 -4 2 4 -2 -2",24,1,512
5067,1,"1 2 4 -1 3 4 -3 -2 -3 4 3 4",48,1,64
5068,1,"1 2 3 4 -2 -3 -2 4 2 4 -1 4",48,1,64
5069,1,"1 4 4 4 -1 -4 1 4 4 4 -1 -4",6,2,512
5070,1,"1 2 -1 -1 4 2 1 4 4 4 -2 -2",24,1,0
5071,1,"1 2 3 3 4 -3 4 -2 4 -3 -1 4",48,1,128
5072,1,"1 1 4 1 4 -1 4 4 -1 4 -1 -4",6,1,-256
5073,1,"1 2 1 -2 -1 4 2 -1 4 4 -2 4",24,1,128
5074,1,"1 2 -1 -1 2 4 4 1 4 4 -2 -2",24,1,0
5075,1,"1 2 4 3 3 4 4 4 -2 -3 -1 -3",48,1,0
5076,1,"1 4 2 2 2 -1 4 4 -2 -2 4 -2",24,1,0
5077,1,"1 2 3 2 4 -2 4 -3 -2 4 -1 4",48,1,64
5078,1,"1 2 4 -1 4 -2 4 -2 -2 4 2 2",24,1,256
5079,1,"1 2 -4 -1 4 2 4 4 -2 4 -2 4",24,1,-128
5080,1,"1 2 4 4 4 3 -1 -4 -2 4 -3 4",48,1,-128
5081,1,"1 2 4 4 -1 3 3 4 -3 -2 4 -3",48,1,256
5082,1,"1 2 4 4 4 3 4 -1 -3 -3 -2 3",48,1,-256
5083,1,"1 2 3 4 -2 -3 -1 3 4 -3 4 4",48,1,128
5084,1,"1 2 4 -2 3 -1 -3 4 3 4 -3 4",48,1,64
5085,1,"1 2 4 -1 4 3 4 -3 -3 -2 3 4",48,1,0
5086,1,"1 2 3 -2 -2 -1 4 -3 4 2 4 4",48,1,0
5087,1,"1 2 4 4 4 -2 3 -1 -3 -3 4 3",48,1,256
5088,1,"1 2 1 4 -1 2 4 -2 -1 4 4 -2",24,1,128
5089,1,"1 2 4 -1 4 2 3 4 -3 -2 4 -2",48,1,0
5090,1,"1 2 3 4 -3 4 -2 -3 4 -1 3 4",48,1,64
5091,1,"1 2 4 3 4 -3 -2 3 -1 4 -3 4",48,1,64
5092,1,"1 2 4 4 2 4 -2 -4 -1 4 4 -2",24,1,256
5093,1,"1 2 2 -1 4 2 4 4 -2 -2 -2 4",24,1,0
5094,1,"1 2 3 2 4 -3 4 4 -1 -2 -2 4",48,1,0
5095,1,"1 2 2 -1 -2 -2 4 -2 4 4 2 4",24,1,-256
5096,1,"1 2 3 4 -3 -3 -2 4 4 -1 4 3",48,1,128
5097,1,"1 2 4 3 4 4 3 -1 4 -3 -2 -3",48,1,0
5098,1,"1 2 -1 4 -1 -2 -2 4 4 2 1 4",24,1,0
5099,1,"1 2 4 -2 4 -1 4 4 -2 -4 2 4",24,1,-128
5100,1,"1 4 4 2 -1 4 4 4 2 -4 -2 -2",24,1,0
5101,1,"1 2 3 4 4 4 -3 -2 -3 -1 3 4",48,1,128
5102,1,"1 2 4 4 4 2 -1 4 4 -2 -2 -4",24,1,-512
5103,1,"1 2 1 2 4 -2 4 -1 -2 4 -1 4",24,1,0
5104,1,"1 2 3 4 -2 -1 -3 4 3 4 -3 4",48,1,0
5105,1,"1 2 4 -2 -4 2 4 4 -2 4 -1 4",24,1,-128
5106,1,"1 4 2 4 2 -1 -4 -2 4 4 -2 4",24,1,-128
5107,1,"1 2 4 4 -1 3 -4 -2 4 -3 4 4",48,1,-128
5108,1,"1 4 2 -1 4 -2 -4 2 4 4 -2 4",24,1,-128
5109,1,"1 2 3 4 -3 -2 -4 -1 4 4 4 4",48,1,256
5110,1,"1 2 2 1 4 -1 4 -2 -2 4 -1 4",24,1,256
5111,1,"1 2 3 4 -2 4 -3 4 -2 -1 4 2",48,1,64
5112,1,"1 2 4 3 4 4 -3 4 -2 -4 -1 4",48,1,128
5113,1,"1 2 -1 -2 4 3 4 4 -3 -3 4 3",48,1,-128
5114,1,"1 2 4 3 3 -1 -2 4 -3 -3 4 4",48,1,0
5115,1,"1 2 3 4 3 -1 -2 4 -3 4 -3 4",48,1,-64
5116,1,"1 2 4 4 4 4 -2 -2 -4 2 -1 4",24,1,0
5117,1,"1 2 4 -1 -4 3 4 -3 4 4 -2 4",48,1,0
5118,1,"1 2 4 -2 4 4 4 -1 2 4 -2 -4",24,1,0
5119,1,"1 4 2 4 2 -4 -1 4 4 4 -2 -2",24,1,-256
5120,1,"1 2 4 3 -1 3 4 4 -3 -2 4 -3",48,1,128
5121,1,"1 2 4 4 -1 2 -4 -2 4 -2 4 4",24,1,-256
5122,1,"1 2 4 3 2 4 -2 -2 -1 4 -3 4",48,1,128
5123,1,"1 2 4 -1 2 4 -2 -2 4 -2 4 2",24,1,128
5124,1,"1 2 3 4 -2 -3 4 4 -1 3 4 -3",48,1,0
5125,1,"1 2 1 2 -1 4 -1 4 -2 4 4 -2",24,1,-128
5126,1,"1 2 1 4 -1 -2 4 4 2 4 -1 -2",24,1,-128
5127,1,"1 4 2 -1 -4 2 4 -2 4 4 -2 4",24,1,128
5128,1,"1 2 -1 -1 4 -2 4 4 2 1 4 -2",24,1,0
5129,1,"1 2 -1 -1 -2 -2 4 2 4 4 1 4",24,1,-256
5130,1,"1 2 3 -2 3 4 -3 4 4 -1 4 -3",48,1,0
5131,1,"1 2 4 3 3 -2 -3 4 -3 -1 4 4",48,1,128
5132,1,"1 2 1 4 -1 -2 4 2 -1 4 -2 4",24,1,0
5133,1,"1 2 3 4 -2 -2 -3 4 -1 2 4 4",48,1,0
5134,1,"1 2 4 3 4 -1 2 4 -2 -2 -3 4",48,1,128
5135,1,"1 4 2 4 -1 -4 -2 4 2 4 4 -2",24,1,-128
5136,1,"1 2 -1 4 -2 4 3 4 -2 -3 4 2",48,1,64
5137,1,"1 2 3 4 -3 4 3 4 -1 4 -3 -2",48,1,0
5138,1,"1 2 4 4 3 -2 -3 4 -3 -1 4 3",48,1,128
5139,1,"1 2 3 -2 4 -3 4 2 4 -1 4 -2",48,1,0
5140,1,"1 2 -1 -1 4 -2 4 1 4 2 4 -2",24,1,-128
5141,1,"1 2 2 -4 -1 4 4 4 -2 4 -2 4",24,1,-256
5142,1,"1 2 3 -1 3 4 -2 4 4 -3 4 -3",48,1,0
5143,1,"1 2 4 -2 -4 -2 4 4 2 4 -1 4",24,1,128
5144,1,"1 2 4 -2 -2 4 2 -1 -2 4 2 4",24,1,-128
5145,1,"1 2 4 2 4 4 -2 -2 -1 2 4 -2",24,1,256
5146,1,"1 2 3 4 -3 -3 -1 4 4 4 -2 3",48,1,256
5147,1,"1 2 3 -2 4 4 4 -1 -4 -3 4 4",48,1,-256
5148,1,"1 2 1 -2 4 -2 -1 2 4 4 -1 4",24,1,-128
5149,1,"1 2 -1 4 2 4 1 -2 -2 4 -1 4",24,1,128
5150,1,"1 2 2 -1 -1 -2 4 4 -2 4 4 1",24,1,-512
5151,1,"1 2 4 3 4 -2 4 -3 4 4 -1 -4",48,1,-128
5152,1,"1 2 -4 -2 -1 4 -2 4 4 2 4 4",24,1,-256
5153,1,"1 2 2 2 4 -1 4 4 -2 4 -2 -2",24,1,0
5154,1,"1 2 -1 -1 -2 4 4 1 -2 4 2 4",24,1,0
5155,1,"1 2 4 4 -1 -2 -4 -2 4 2 4 4",24,1,0
5156,1,"1 2 -1 4 -1 -2 4 2 1 4 -2 4",24,1,0
5157,1,"1 2 4 -1 -2 4 4 4 -2 4 2 -4",24,1,256
5158,1,"1 2 3 4 -3 4 -2 -2 -1 4 2 4",48,1,128
5159,1,"1 2 1 -2 -1 4 4 -1 4 2 4 -2",24,1,128
5160,1,"1 2 3 4 3 4 -2 -3 4 4 -1 -3",48,1,-128
5161,1,"1 2 4 3 4 -3 4 -2 -3 4 -1 3",48,1,64
5162,1,"1 2 4 -2 3 3 -1 4 4 -3 4 -3",48,1,128
5163,1,"1 4 2 4 -1 4 2 -4 -2 4 4 -2",24,1,-128
5164,1,"1 4 -1 4 4 4 1 4 4 -1 -4 -4",6,1,-512
5165,1,"1 2 4 3 -2 4 -3 4 4 3 -1 -3",48,1,-128
5166,1,"1 2 4 -2 4 3 3 -1 4 -3 -3 4",48,1,128
5167,1,"1 2 -1 4 -2 1 4 -1 2 4 -2 4",24,1,0
5168,1,"1 2 3 4 -1 4 4 4 -3 -3 -2 3",48,1,0
5169,1,"1 2 -1 4 4 4 3 3 4 -2 -3 -3",48,1,-256
5170,1,"1 2 3 4 4 3 4 -3 4 -1 -3 -2",48,1,-128
5171,1,"1 2 -1 -1 4 -2 -2 4 4 1 2 4",24,1,-256
5172,1,"1 2 4 -1 4 -2 3 4 -3 -2 4 2",48,1,0
5173,1,"1 2 -1 -1 4 4 -2 4 -2 4 2 1",24,1,256
5174,1,"1 4 2 4 4 4 -1 -4 -4 -2 4 4",24,1,0
5175,1,"1 2 3 -4 -1 4 4 -2 4 4 -3 4",48,1,-128
5176,1,"1 2 3 3 -2 -3 -1 4 -3 4 4 4",48,1,0
5177,1,"1 2 3 4 -2 -3 4 4 -2 -1 4 2",48,1,0
5178,1,"1 2 3 4 -3 -3 4 4 4 -1 3 -2",48,1,0
5179,1,"1 2 3 -1 -3 -2 3 4 4 4 4 -3",48,1,0
5180,1,"1 2 3 4 -3 -2 4 4 4 -2 -1 2",48,1,0
5181,1,"1 2 3 -4 -2 4 -1 4 4 4 -3 4",48,1,-128
5182,1,"1 2 3 -2 -1 4 3 4 -3 4 -3 4",48,1,0
5183,1,"1 2 3 -2 4 -1 4 4 2 -3 4 -2",48,1,0
5184,1,"1 2 3 4 -2 4 -2 4 -3 2 -1 4",48,1,0
5185,1,"1 2 1 2 -1 -2 -2 4 -1 4 4 4",24,1,-256
5186,1,"1 2 1 4 -1 2 4 -1 4 -2 4 -2",24,1,128
5187,1,"1 2 3 -1 4 3 -2 4 4 -3 4 -3",48,1,-128
5188,1,"1 2 -1 -2 -4 3 4 -3 4 4 4 4",48,1,0
5189,1,"1 2 3 3 -1 -2 -3 4 4 4 4 -3",48,1,-512
5190,1,"1 2 3 4 -2 4 -1 -2 -3 4 2 4",24,1,-64
5191,1,"1 2 4 4 -1 3 4 4 4 -2 -3 -4",48,1,0
5192,1,"1 2 4 3 -1 -3 -2 -3 4 4 4 3",48,1,128
5193,1,"1 2 -1 -2 -2 4 2 4 -2 4 4 2",24,1,0
5194,1,"1 2 -1 4 -2 -2 -2 4 2 2 4 4",24,1,0
5195,1,"1 2 4 3 -1 -3 4 4 -2 3 4 -3",48,1,-128
5196,1,"1 2 3 -2 4 -3 -2 4 -1 4 4 2",48,1,128
5197,1,"1 2 2 4 2 -1 4 4 -2 4 -2 -2",24,1,-256
5198,1,"1 2 3 -2 4 4 -1 2 4 -3 4 -2",48,1,0
5199,1,"1 2 2 4 -1 -1 -2 -2 4 4 1 4",24,1,0
5200,1,"1 2 3 4 -2 4 -1 -3 -3 4 4 3",48,1,128
5201,1,"1 2 4 -2 -4 2 -1 4 4 -2 4 4",24,1,0
5202,1,"1 2 -1 4 -2 4 -1 -2 4 1 2 4",24,1,-128
5203,1,"1 4 2 2 4 -2 4 4 4 -1 -4 -2",24,1,-256
5204,1,"1 4 4 2 4 -1 -4 -2 4 2 4 -2",24,1,-128
5205,1,"1 2 -1 -2 1 2 -1 4 4 -2 4 4",24,1,0
5206,1,"1 2 -1 4 -2 4 3 4 -3 -3 4 3",48,1,0
5207,1,"1 4 2 -4 -2 -1 4 4 2 4 4 -2",24,1,-256
5208,1,"1 2 3 4 4 4 -3 -3 -1 3 4 -2",48,1,256
5209,1,"1 2 -1 4 3 4 4 2 -3 4 -2 -2",48,1,-128
5210,1,"1 2 4 3 3 -2 -3 4 4 4 -1 -3",48,1,-256
5211,1,"1 1 4 -1 -1 -4 1 4 4 4 -1 4",6,1,-512
5212,1,"1 2 3 4 2 -3 -2 -2 4 -1 4 4",48,1,128
5213,1,"1 2 4 -2 -2 -2 4 2 -1 4 4 2",24,1,256
5214,1,"1 2 3 -2 4 -1 4 4 3 4 -3 -3",48,1,-128
5215,1,"1 2 3 -2 4 3 -1 4 -3 4 4 -3",48,1,-128
5216,1,"1 4 2 -1 4 -2 -2 -2 4 2 4 2",24,1,256
5217,1,"1 2 3 -2 -1 4 2 -3 4 -2 4 4",48,1,0
5218,1,"1 2 4 3 -2 3 4 -3 -3 -1 4 4",48,1,128
5219,1,"1 2 3 4 -3 -3 4 4 -2 -1 4 3",48,1,256
5220,1,"1 2 4 -1 4 4 4 3 4 -2 -3 -4",48,1,-128
5221,1,"1 2 3 -1 3 4 4 -3 -3 -2 4 4",48,1,256
5222,1,"1 2 -1 -2 4 4 2 4 4 4 -2 -4",24,1,-256
5223,1,"1 2 4 2 -1 -4 -2 4 -2 4 4 4",24,1,-256
5224,1,"1 2 -4 3 4 4 -3 4 -2 4 -1 4",48,1,0
5225,1,"1 2 4 4 3 4 -3 -1 3 4 -2 -3",48,1,0
5226,1,"1 2 -1 4 -2 4 2 -4 -2 4 4 4",24,1,0
5227,1,"1 2 4 3 -2 -3 -3 4 -1 4 3 4",48,1,0
5228,1,"1 2 3 2 -3 4 -2 -1 -2 4 4 4",48,1,128
5229,1,"1 4 4 2 2 -4 -1 4 4 -2 4 -2",24,1,-256
5230,1,"1 2 3 4 -2 -3 2 4 4 -1 -2 4",48,1,0
5231,1,"1 2 3 -2 4 2 -1 4 -2 -3 4 4",48,1,-128
5232,1,"1 2 3 -2 4 4 -2 4 -3 4 -1 2",48,1,0
5233,1,"1 2 3 4 4 2 -1 4 4 -3 -2 -2",48,1,0
5234,1,"1 2 -1 -2 4 3 4 2 -3 -2 4 4",48,1,0
5235,1,"1 2 4 -1 4 4 2 2 4 -2 -2 -2",24,1,0
5236,1,"1 2 3 4 4 -3 -1 3 4 -2 4 -3",48,1,128
5237,1,"1 2 4 -2 -2 4 2 4 -1 -1 4 1",24,1,256
5238,1,"1 2 3 4 3 -2 4 -3 4 4 -1 -3",48,1,-128
5239,1,"1 2 4 -1 -4 3 4 4 -3 -2 4 4",48,1,128
5240,1,"1 2 4 -1 2 4 -2 1 4 -1 -2 4",24,1,0
5241,1,"1 2 4 4 -2 4 -2 4 -1 -4 2 4",24,1,128
5242,1,"1 2 2 -1 2 4 4 4 4 -2 -2 -2",24,1,0
5243,1,"1 2 4 -2 -4 -2 -1 4 4 2 4 4",24,1,256
5244,1,"1 2 -1 -2 1 4 2 -1 -2 4 4 4",24,1,0
5245,1,"1 2 3 2 -3 -2 4 4 -2 -1 4 4",48,1,0
5246,1,"1 1 4 -1 4 -1 -1 -4 1 4 4 4",6,1,-512
5247,1,"1 2 3 -1 -3 4 4 -2 4 3 4 -3",48,1,-128
5248,1,"1 2 3 -1 4 4 -3 -2 3 4 4 -3",48,1,128
5249,1,"1 2 1 -2 4 -1 -1 2 4 4 4 -2",24,1,256
5250,1,"1 2 4 3 4 -3 4 4 -1 -3 -2 3",48,1,-128
5251,1,"1 2 2 2 4 4 -2 4 -2 -1 -2 4",24,1,256
5252,1,"1 2 4 3 -2 -3 4 3 4 -3 -1 4",48,1,64
5253,1,"1 2 4 3 3 4 -3 -2 -3 -1 4 4",48,1,128
5254,1,"1 2 3 -2 4 -3 -3 4 -1 4 4 3",48,1,128
5255,1,"1 2 3 4 3 -1 -3 4 4 4 -2 -3",48,1,-128
5256,1,"1 1 1 4 -1 4 4 4 -1 -4 -1 4",6,1,512
5257,1,"1 2 2 4 -1 -2 -2 4 4 -2 4 2",24,1,256
5258,1,"1 2 3 4 4 -1 2 4 -2 -3 4 -2",48,1,128
5259,1,"1 2 -1 4 2 4 -2 -4 -2 4 4 4",24,1,0
5260,1,"1 2 4 4 2 2 4 -2 -2 -2 -1 4",24,1,512
5261,1,"1 2 1 2 4 -2 4 4 -1 -1 4 -2",24,1,0
5262,1,"1 2 4 4 4 -2 4 -1 3 -4 -3 4",48,1,-128
5263,1,"1 2 -1 -1 -2 4 2 4 4 1 -2 4",24,1,0
5264,1,"1 2 3 4 -3 -3 4 -2 -1 3 4 4",48,1,256
5265,1,"1 2 2 -1 4 3 4 -2 -3 4 -2 4",48,1,0
5266,1,"1 4 2 4 4 2 -1 4 -2 -4 -2 4",24,1,128
5267,1,"1 2 -1 -2 4 -2 4 4 2 2 4 -2",24,1,-256
5268,1,"1 2 3 4 -3 -3 4 4 -1 4 -2 3",48,1,128
5269,1,"1 2 3 4 4 4 -2 3 4 -3 -1 -3",48,1,128
5270,1,"1 2 -1 -1 -2 4 2 4 1 4 4 -2",24,1,-256
5271,1,"1 2 4 3 3 -2 4 -3 -1 4 4 -3",48,1,128
5272,1,"1 2 4 -2 3 -1 -3 -3 4 4 3 4",48,1,128
5273,1,"1 2 1 2 4 -2 -2 -1 4 4 -1 4",24,1,256
5274,1,"1 2 1 4 -1 4 2 -1 -2 -2 4 4",24,1,0
5275,1,"1 2 -4 2 4 4 -2 -1 4 -2 4 4",24,1,256
5276,1,"1 2 1 2 -1 -1 -2 4 -2 4 4 4",24,1,-256
5277,1,"1 2 3 4 4 -3 -2 4 -1 3 4 -3",48,1,128
5278,1,"1 2 4 3 -4 -2 4 -1 -3 4 4 4",48,1,-128
5279,1,"1 2 4 -2 4 3 -4 -1 4 -3 4 4",48,1,0
5280,1,"1 2 4 4 3 3 -1 4 -2 -3 -3 4",48,1,256
5281,1,"1 2 4 3 -1 -4 -2 -3 4 4 4 4",48,1,-256
5282,1,"1 2 3 4 3 -1 4 -3 -2 -3 4 4",48,1,0
5283,1,"1 2 3 4 3 4 -2 4 -1 4 -3 -3",48,1,0
5284,1,"1 2 3 4 -2 -1 -4 -3 4 4 4 4",48,1,-256
5285,1,"1 2 1 4 2 4 -1 -2 4 -1 4 -2",24,1,0
5286,1,"1 2 3 4 4 4 -3 4 -2 3 -1 -3",48,1,-128
5287,1,"1 2 -1 4 2 2 4 -2 4 4 -2 -2",24,1,-256
5288,1,"1 2 1 2 4 -1 4 -2 -1 -2 4 4",24,1,128
5289,1,"1 2 3 -1 4 4 3 -2 -3 4 -3 4",48,1,0
5290,1,"1 2 3 2 4 4 -1 4 -3 4 -2 -2",48,1,0
5291,1,"1 2 3 -2 -3 4 -2 4 2 -1 4 4",48,1,0
5292,1,"1 2 3 -2 4 -3 -1 4 4 3 4 -3",48,1,0
5293,1,"1 2 4 -2 3 3 4 4 -1 -3 4 -3",48,1,128
5294,1,"1 2 -1 -4 3 4 4 4 -2 -3 4 4",48,1,-256
5295,1,"1 2 -1 4 -2 -2 4 -2 4 4 2 2",24,1,256
5296,1,"1 2 2 4 4 -2 -2 4 -1 -1 4 1",24,1,512
5297,1,"1 2 3 2 -1 4 -3 4 -2 4 -2 4",48,1,0
5298,1,"1 2 2 -1 2 4 4 -2 -2 -2 4 4",24,1,512
5299,1,"1 2 1 4 2 -1 -2 4 4 4 -1 -2",24,1,-256
5300,1,"1 2 3 4 -1 -4 -2 4 4 4 -3 4",48,1,-128
5301,1,"1 2 3 3 -2 -1 4 -3 4 4 4 -3",48,1,-256
5302,1,"1 1 4 1 4 -1 4 -1 4 4 -1 -4",6,1,-256
5303,1,"1 2 4 4 -2 4 -1 4 3 4 -3 -4",48,1,0
5304,1,"1 2 3 -1 4 4 -3 -3 4 -2 4 3",48,1,128
5305,1,"1 4 4 2 -1 -4 2 4 4 4 -2 -2",24,1,512
5306,1,"1 4 2 2 2 -1 4 4 -2 -2 -2 4",24,1,512
5307,1,"1 2 4 -1 4 -2 -2 4 -2 4 2 2",24,1,256
5308,1,"1 2 3 2 4 -2 -1 4 4 -2 -3 4",48,1,128
5309,1,"1 2 1 4 -2 -2 -1 4 -1 4 2 4",24,1,128
5310,1,"1 2 3 4 3 -1 -3 -3 -2 4 4 4",48,1,-256
5311,1,"1 2 4 4 3 4 4 -1 -3 -3 -2 3",48,1,-256
5312,1,"1 2 4 3 4 -2 -4 -3 4 -1 4 4",48,1,0
5313,1,"1 2 2 4 4 -1 4 -2 -2 -1 4 1",24,1,512
5314,1,"1 2 3 -1 4 3 4 4 -3 -2 -3 4",48,1,0
5315,1,"1 2 3 4 4 -1 3 4 -3 -2 4 -3",48,1,128
5316,1,"1 2 2 -1 4 4 4 -2 4 4 -2 -4",24,1,-512
5317,1,"1 2 3 4 -3 4 -2 -3 -1 4 3 4",48,1,64
5318,1,"1 2 4 4 4 -1 3 -2 3 4 -3 -3",48,1,256
5319,1,"1 2 3 -2 4 2 4 -3 -2 -1 4 4",48,1,128
5320,1,"1 2 3 3 4 4 -3 4 -1 -3 -2 4",48,1,0
5321,1,"1 2 4 4 -2 4 3 3 -1 -3 4 -3",48,1,-128
5322,1,"1 2 2 -4 -1 4 4 4 4 -2 4 -2",24,1,-512
5323,1,"1 2 3 4 3 4 -3 4 -1 -2 4 -3",48,1,0
5324,1,"1 2 4 4 2 4 4 -2 -1 -4 -2 4",24,1,0
5325,1,"1 2 -1 -2 4 2 4 4 -1 -2 1 4",24,1,-128
5326,1,"1 2 2 -1 2 4 4 4 -2 -2 -2 4",24,1,512
5327,1,"1 2 3 -2 -1 4 2 4 4 -3 4 -2",48,1,0
5328,1,"1 2 -1 -2 4 -1 -2 4 2 1 4 4",24,1,-128
5329,1,"1 2 3 4 4 -1 -3 4 -3 -2 4 3",48,1,0
5330,1,"1 2 3 4 -3 -3 -1 3 4 4 4 -2",48,1,256
5331,1,"1 2 4 3 4 3 4 -1 4 -3 -2 -3",48,1,64
5332,1,"1 2 3 -1 4 -2 -3 4 3 4 -3 4",48,1,0
5333,1,"1 2 3 4 3 4 -1 4 -3 -2 4 -3",48,1,64
5334,1,"1 2 3 4 4 4 -1 -3 -3 -2 4 3",48,1,0
5335,1,"1 2 3 4 4 4 -1 -3 -4 -2 4 4",48,1,0
5336,1,"1 2 3 3 4 -1 -2 4 -3 4 4 -3",48,1,0
5337,1,"1 2 4 4 -1 4 4 3 4 -3 -2 -4",48,1,-128
5338,1,"1 2 3 4 4 -2 4 -3 -3 -1 4 3",48,1,128
5339,1,"1 2 4 -2 -4 2 4 4 -1 -2 4 4",24,1,0
5340,1,"1 2 3 4 -3 4 -1 4 -3 -2 4 3",48,1,64
5341,1,"1 2 -1 4 3 3 4 -3 4 -2 -3 4",48,1,0
5342,1,"1 2 3 4 -2 4 -3 -2 4 -1 4 2",48,1,128
5343,1,"1 2 4 4 -2 -1 4 2 -4 -2 4 4",24,1,-256
5344,1,"1 2 3 4 4 4 -3 -3 4 3 -1 -2",48,1,-256
5345,1,"1 2 4 4 3 3 -2 4 4 -1 -3 -3",48,1,-256
5346,1,"1 4 2 -1 4 4 4 4 -2 -2 -4 2",24,1,-512
5347,1,"1 2 4 3 3 4 -3 -2 4 4 -1 -3",48,1,128
5348,1,"1 2 3 4 -2 -2 4 -3 4 -1 4 2",48,1,128
5349,1,"1 2 -1 -2 4 2 4 4 -2 -1 4 1",24,1,0
5350,1,"1 2 3 4 -2 -1 4 -3 4 -3 4 3",48,1,128
5351,1,"1 2 3 4 4 -2 -3 4 4 -2 -1 2",48,1,0
5352,1,"1 2 -4 2 4 4 4 4 -2 -2 -1 4",24,1,512
5353,1,"1 2 2 4 -2 -2 -1 2 4 4 4 -2",24,1,512
5354,1,"1 2 3 4 -3 -1 4 -3 4 3 4 -2",48,1,64
5355,1,"1 2 3 4 4 4 4 -3 -1 -4 -2 4",48,1,0
5356,1,"1 2 3 -1 3 4 4 -3 -3 4 4 -2",48,1,0
5357,1,"1 2 3 -2 4 -1 -2 -3 4 4 4 2",48,1,-128
5358,1,"1 2 3 -2 4 -1 -3 4 4 -3 4 3",48,1,0
5359,1,"1 2 3 -2 3 4 -3 4 4 -1 -3 4",48,1,0
5360,1,"1 2 2 3 4 -3 4 -2 4 -1 4 -2",48,1,0
5361,1,"1 2 4 4 4 -2 4 -1 4 2 -4 -2",24,1,0
5362,1,"1 2 4 3 4 -2 -3 4 2 -1 -2 4",48,1,-64
5363,1,"1 2 4 4 -1 -4 -2 4 2 4 4 -2",24,1,-256
5364,1,"1 2 -1 2 4 -2 3 4 4 -3 -2 4",48,1,0
5365,1,"1 2 -1 4 -2 4 3 -2 4 -3 4 2",48,1,64
5366,1,"1 2 4 4 3 -4 -3 4 -1 4 -2 4",48,1,-128
5367,1,"1 2 3 -2 4 -3 4 2 -1 4 4 -2",48,1,0
5368,1,"1 2 4 4 2 4 4 4 -2 -1 -4 -2",24,1,-256
5369,1,"1 2 4 4 4 -1 4 -2 4 2 -4 -2",24,1,0
5370,1,"1 2 3 -2 3 4 -1 4 4 4 -3 -3",48,1,0
5371,1,"1 2 3 -2 -3 4 -1 4 4 -3 4 3",48,1,0
5372,1,"1 4 2 2 -4 -1 4 4 4 -2 4 -2",24,1,-256
5373,1,"1 2 -1 2 -4 -2 4 4 -2 4 4 4",24,1,-256
5374,1,"1 2 -1 -4 3 4 4 4 -3 4 -2 4",48,1,0
5375,1,"1 2 3 4 -1 -3 -3 4 -2 3 4 4",48,1,0
5376,1,"1 2 2 -1 4 3 4 -2 4 -3 4 -2",48,1,-128
5377,1,"1 2 4 4 4 3 4 -3 -2 3 -1 -3",48,1,128
5378,1,"1 2 3 -2 4 4 -3 2 4 -1 4 -2",48,1,0
5379,1,"1 2 4 -2 -4 -2 4 4 -1 2 4 4",24,1,256
5380,1,"1 2 2 4 4 4 -2 -2 -1 2 4 -2",24,1,512
5381,1,"1 2 3 4 4 -3 -3 -2 4 -1 3 4",48,1,128
5382,1,"1 2 4 4 4 -1 4 -2 4 -2 -4 2",24,1,-256
5383,1,"1 2 2 4 -1 -2 -2 4 4 2 4 -2",24,1,-256
5384,1,"1 2 1 4 4 -2 -1 -1 4 2 4 -2",24,1,256
5385,1,"1 2 1 4 -2 4 4 2 4 -1 -1 -2",24,1,0
5386,1,"1 2 4 3 2 4 -1 -2 4 -2 -3 4",48,1,64
5387,1,"1 2 3 4 -3 4 4 4 4 -1 -2 -4",48,1,-256
5388,1,"1 2 2 2 4 -1 4 4 -2 -2 4 -2",24,1,0
5389,1,"1 2 4 4 -2 4 -1 -4 -2 4 2 4",24,1,-128
5390,1,"1 2 1 2 4 4 -1 4 -1 -2 -2 4",24,1,0
5391,1,"1 2 1 -2 4 -1 -1 4 4 2 4 -2",24,1,256
5392,1,"1 2 3 -2 -2 -3 4 4 2 4 -1 4",48,1,-128
5393,1,"1 2 3 4 -2 4 2 -3 4 -1 -2 4",48,1,0
5394,1,"1 2 -1 4 2 4 3 -2 4 -3 4 -2",48,1,-64
5395,1,"1 2 4 -1 4 2 -4 -2 4 4 4 -2",24,1,0
5396,1,"1 2 3 4 -3 -3 -1 4 3 -2 4 4",48,1,0
5397,1,"1 2 4 4 2 4 -1 -4 -2 4 -2 4",24,1,-128
5398,1,"1 2 3 4 4 3 -2 -3 -3 4 -1 4",48,1,-128
5399,1,"1 2 2 2 4 -2 4 -1 -2 4 -2 4",24,1,0
5400,1,"1 2 3 -1 4 -2 3 4 4 -3 -3 4",48,1,0
5401,1,"1 2 3 4 -2 3 -1 4 4 -3 -3 4",48,1,128
5402,1,"1 4 2 -1 4 -2 4 4 2 4 -2 -4",24,1,-128
5403,1,"1 2 4 3 -1 -4 -3 -2 4 4 4 4",48,1,-256
5404,1,"1 2 3 -2 4 4 4 2 -3 4 -1 -2",48,1,-128
5405,1,"1 2 2 4 -2 -2 3 4 -3 4 -1 4",48,1,128
5406,1,"1 2 -1 4 1 -2 4 -1 2 4 -2 4",24,1,128
5407,1,"1 2 3 -2 4 2 -3 4 -2 -1 4 4",48,1,128
5408,1,"1 2 -1 -4 -2 4 4 -2 4 4 2 4",24,1,-256
5409,1,"1 2 1 -2 4 -1 4 4 2 -1 -2 4",24,1,128
5410,1,"1 2 1 -2 4 -2 -1 -1 2 4 4 4",24,1,-256
5411,1,"1 2 3 3 4 -3 4 -1 -2 4 4 -3",48,1,0
5412,1,"1 2 4 3 -1 4 -3 -3 4 -2 3 4",48,1,0
5413,1,"1 2 4 3 4 -2 -3 4 4 3 -1 -3",48,1,-128
5414,1,"1 2 4 4 4 -1 4 2 4 -2 -4 -2",24,1,0
5415,1,"1 2 -1 4 3 -2 -3 4 4 3 4 -3",48,1,-128
5416,1,"1 2 3 -2 -3 2 4 -1 -2 4 4 4",48,1,0
5417,1,"1 2 2 -1 4 -1 4 1 4 -2 -2 4",24,1,0
5418,1,"1 2 3 2 -3 4 4 4 -2 -2 -1 4",48,1,256
5419,1,"1 2 4 -1 -2 4 4 4 -2 -4 2 4",24,1,0
5420,1,"1 2 -4 -2 4 4 4 -2 4 -1 4 2",24,1,-256
5421,1,"1 2 4 3 -1 -4 -2 4 4 -3 4 4",48,1,-128
5422,1,"1 2 -1 -2 4 3 3 4 -3 4 -3 4",48,1,-128
5423,1,"1 2 1 -2 4 2 4 4 -1 -2 -1 4",24,1,128
5424,1,"1 2 1 -2 4 4 -1 2 4 -1 -2 4",24,1,128
5425,1,"1 2 3 -2 -2 -1 4 4 4 -3 2 4",48,1,0
5426,1,"1 2 3 4 -2 -3 4 -2 4 -1 4 2",48,1,0
5427,1,"1 4 2 4 -2 -2 -2 -1 4 4 2 2",24,1,0
5428,1,"1 2 1 2 -1 -2 -1 4 4 4 -2 4",24,1,0
5429,1,"1 2 -1 4 4 -1 -2 -2 4 1 2 4",24,1,-256
5430,1,"1 2 3 4 -1 4 3 4 -3 -2 -3 4",48,1,64
5431,1,"1 1 4 2 2 4 -2 -2 4 -1 -1 4",12,1,512
5432,1,"1 2 4 4 -2 -4 -1 4 2 4 -2 4",24,1,128
5433,1,"1 2 -1 4 -1 -2 4 4 2 1 -2 4",24,1,128
5434,1,"1 4 4 4 2 -1 -4 2 4 4 -2 -2",24,1,512
5435,1,"1 2 3 3 -1 -2 -3 4 4 4 -3 4",48,1,-256
5436,1,"1 4 2 4 -2 -1 4 4 2 4 -2 -4",24,1,128
5437,1,"1 2 3 3 -1 4 4 -3 4 -3 -2 4",48,1,0
5438,1,"1 2 3 4 -3 -2 4 -2 4 -1 2 4",48,1,128
5439,1,"1 2 2 2 4 -1 4 4 -2 -2 -2 4",24,1,512
5440,1,"1 2 3 3 4 4 4 -3 -2 -3 -1 4",48,1,256
5441,1,"1 2 3 4 2 4 -1 -2 -2 4 -3 4",48,1,0
5442,1,"1 2 -1 4 4 4 4 4 3 -2 -3 -4",48,1,-512
5443,1,"1 2 3 4 -3 -1 4 -3 4 -2 3 4",48,1,128
5444,1,"1 2 -1 4 3 4 2 -3 -2 4 -2 4",48,1,0
5445,1,"1 2 -1 4 4 -2 4 2 4 4 -2 -4",24,1,-256
5446,1,"1 2 -1 -2 4 2 4 4 1 -2 -1 4",24,1,128
5447,1,"1 2 1 2 -1 4 -2 -1 4 4 4 -2",24,1,0
5448,1,"1 2 3 4 3 -1 -3 -3 4 4 -2 4",48,1,-128
5449,1,"1 4 2 4 4 -1 -4 -2 4 2 4 -2",24,1,-128
5450,1,"1 2 -1 -1 -2 4 1 -2 4 2 4 4",24,1,0
5451,1,"1 2 2 2 4 -2 4 -2 4 -1 4 -2",24,1,0
5452,1,"1 2 -1 4 3 4 2 4 -3 4 -2 -2",48,1,-128
5453,1,"1 2 -1 4 3 4 4 -2 4 4 -3 -4",48,1,0
5454,1,"1 2 3 4 2 -1 4 -3 4 4 -2 -2",48,1,-128
5455,1,"1 2 4 -1 -4 -2 4 4 2 4 -2 4",24,1,-128
5456,1,"1 2 2 4 -2 -2 1 4 4 -1 -1 4",24,1,0
5457,1,"1 4 4 4 -1 -4 -1 4 4 4 1 -4",3,1,512
5458,1,"1 2 3 3 4 -1 -3 -2 4 -3 4 4",48,1,0
5459,1,"1 2 3 2 -3 4 4 -1 4 -2 4 -2",48,1,0
5460,1,"1 2 3 -2 4 4 -1 -3 4 3 4 -3",48,1,-128
5461,1,"1 2 4 3 4 -3 -2 -3 -1 4 3 4",48,1,64
5462,1,"1 2 4 4 -2 4 3 3 4 -3 -1 -3",48,1,128
5463,1,"1 2 3 4 4 4 4 -3 -2 4 -1 -4",48,1,-256
5464,1,"1 2 4 -1 4 -2 -2 -2 4 2 4 2",24,1,256
5465,1,"1 2 -1 -2 4 3 4 3 4 -3 4 -3",48,1,-64
5466,1,"1 2 -1 4 3 2 4 4 -2 -2 -3 4",48,1,0
5467,1,"1 4 -1 4 4 4 -1 -4 -4 1 4 4",6,1,-512
5468,1,"1 2 3 4 -2 -1 4 4 3 4 -3 -3",48,1,0
5469,1,"1 2 3 4 -3 -3 4 3 -1 4 4 -2",48,1,-128
5470,1,"1 4 -1 -4 2 4 -2 -2 4 4 4 2",24,1,-256
5471,1,"1 2 4 4 3 4 -3 -1 -4 -2 4 4",48,1,-128
5472,1,"1 2 3 -2 -2 4 4 4 -1 2 -3 4",48,1,0
5473,1,"1 4 2 4 -1 -4 2 4 -2 4 -2 4",24,1,0
5474,1,"1 2 2 4 1 4 -1 4 -1 -2 -2 4",24,1,0
5475,1,"1 2 3 4 3 4 -3 -1 -3 4 4 -2",48,1,0
5476,1,"1 2 3 -2 -3 -1 4 4 3 4 4 -3",48,1,-128
5477,1,"1 2 3 4 -2 -3 2 4 -1 4 -2 4",48,1,-64
5478,1,"1 2 3 4 -2 3 -1 4 -3 4 -3 4",48,1,64
5479,1,"1 2 4 -1 4 2 4 2 4 -2 -2 -2",24,1,0
5480,1,"1 4 2 4 -2 4 -2 4 2 -4 -1 4",24,1,0
5481,1,"1 2 4 2 4 -2 -2 1 4 -1 -1 4",24,1,0
5482,1,"1 4 2 4 -1 -4 -2 4 -2 4 2 4",24,1,0
5483,1,"1 2 2 4 -2 -2 4 2 -1 4 4 -2",24,1,-256
5484,1,"1 2 3 2 4 4 -3 4 -2 -1 -2 4",48,1,128
5485,1,"1 2 2 -1 -1 4 4 -2 4 -2 4 1",24,1,0
5486,1,"1 2 3 -2 4 3 -1 4 4 -3 -3 4",48,1,-128
5487,1,"1 2 4 4 -2 -2 4 4 -1 -4 2 4",24,1,256
5488,1,"1 2 -1 -1 4 2 4 -2 4 1 -2 4",24,1,128
5489,1,"1 1 4 -1 -1 -4 -1 4 4 4 1 4",6,1,512
5490,1,"1 2 4 2 4 4 -2 4 -1 4 -2 -4",24,1,-128
5491,1,"1 2 3 4 4 -2 4 4 4 -1 -3 -4",48,1,-256
5492,1,"1 2 3 2 4 -1 4 4 -2 -3 4 -2",48,1,0
5493,1,"1 2 4 3 4 3 -2 -3 4 4 -1 -3",48,1,-128
5494,1,"1 2 3 -4 -3 4 4 4 -1 -2 4 4",48,1,0
5495,1,"1 2 4 -1 4 3 4 4 -3 -4 -2 4",48,1,0
5496,1,"1 2 3 3 4 -3 4 -3 -1 -2 4 4",48,1,128
5497,1,"1 4 2 -4 -2 4 2 -1 4 4 -2 4",24,1,-128
5498,1,"1 2 1 2 -1 4 4 -1 4 -2 -2 4",24,1,0
5499,1,"1 2 -1 -1 2 1 4 4 -2 4 -2 4",24,1,256
5500,1,"1 2 3 3 -1 -3 4 -2 -3 4 4 4",48,1,0
5501,1,"1 2 3 -2 -1 4 -3 -2 4 2 4 4",48,1,0
5502,1,"1 2 2 2 4 4 -2 -2 4 -2 -1 4",24,1,512
5503,1,"1 4 2 4 -2 -4 2 4 -2 -1 4 4",24,1,-128
5504,1,"1 4 2 4 4 4 -2 -1 -4 -2 4 2",24,1,256
5505,1,"1 2 2 4 -2 -2 4 4 -2 -1 4 2",24,1,256
5506,1,"1 2 -1 2 4 4 -2 -4 -2 4 4 4",24,1,256
5507,1,"1 2 4 2 4 2 4 -2 -2 -2 -1 4",24,1,256
5508,1,"1 2 2 -1 4 3 4 -2 -3 -2 4 4",48,1,0
5509,1,"1 2 -1 -2 -2 4 4 4 2 2 4 -2",24,1,-512
5510,1,"1 2 -1 4 3 4 4 -3 4 3 -2 -3",48,1,-128
5511,1,"1 2 3 4 3 4 -3 -1 -2 -3 4 4",48,1,0
5512,1,"1 2 3 4 4 3 -2 4 -1 -3 -3 4",48,1,-128
5513,1,"1 4 2 4 2 -4 -2 4 -2 -1 4 4",24,1,-128
5514,1,"1 2 3 -2 4 4 4 -3 -3 -1 3 4",48,1,256
5515,1,"1 2 3 4 -2 4 -2 -1 4 -3 4 2",48,1,64
5516,1,"1 2 3 -1 -3 4 3 -2 4 4 -3 4",48,1,0
5517,1,"1 2 4 4 3 -4 -3 4 -2 -1 4 4",48,1,-256
5518,1,"1 2 3 -2 -2 4 4 -3 2 4 -1 4",48,1,-128
5519,1,"1 2 3 4 -3 4 4 -2 -2 -1 4 2",48,1,128
5520,1,"1 2 -1 -1 -2 -2 4 4 4 4 2 1",24,1,0
5521,1,"1 2 4 3 4 -1 -2 4 4 4 -3 -4",48,1,0
5522,1,"1 2 3 3 -2 -3 4 4 -1 -3 4 4",48,1,-256
5523,1,"1 2 2 -1 4 3 4 4 -3 4 -2 -2",48,1,-256
5524,1,"1 2 4 3 4 4 -3 -4 -2 4 -1 4",48,1,0
5525,1,"1 2 1 4 2 4 -1 -2 -1 4 4 -2",24,1,128
5526,1,"1 2 2 -1 4 -2 4 -1 4 -2 1 4",24,1,-128
5527,1,"1 2 4 3 -1 -4 -3 4 4 -2 4 4",48,1,-128
5528,1,"1 2 4 4 -2 4 3 4 4 -3 -1 -4",48,1,-128
5529,1,"1 2 2 -1 -1 4 -2 4 -2 1 4 4",24,1,-256
5530,1,"1 2 -1 -2 4 2 3 -2 4 -3 4 4",48,1,0
5531,1,"1 2 3 4 3 -2 -1 4 4 4 -3 -3",48,1,-256
5532,1,"1 2 2 4 4 -2 -2 -1 4 -1 4 1",24,1,512
5533,1,"1 2 3 4 -2 -3 4 -1 4 -2 4 2",48,1,0
5534,1,"1 2 1 -2 4 -2 -1 -1 4 4 2 4",24,1,0
5535,1,"1 2 4 2 1 4 -1 4 -2 -2 -1 4",24,1,128
5536,1,"1 2 -1 -1 4 4 1 2 4 4 -2 -2",24,1,-512
5537,1,"1 2 3 3 4 -3 4 -2 4 4 -1 -3",48,1,-128
5538,1,"1 4 2 4 -2 -4 -2 4 2 -1 4 4",24,1,128
5539,1,"1 2 3 3 -2 -1 4 -3 4 4 -3 4",48,1,0
5540,1,"1 2 3 3 4 -3 4 4 -1 -3 4 -2",48,1,-128
5541,1,"1 2 1 -2 -1 4 2 4 4 -1 -2 4",24,1,128
5542,1,"1 2 4 -2 4 -2 4 4 4 -1 2 -4",24,1,0
5543,1,"1 2 3 4 4 4 -1 4 3 -2 -3 -3",48,1,-256
5544,1,"1 2 3 4 4 4 -3 4 4 -1 -2 -4",48,1,-256
5545,1,"1 2 -1 -2 4 4 -2 4 2 -1 4 1",24,1,-256
5546,1,"1 2 4 3 -1 4 4 -3 -3 4 -2 3",48,1,0
5547,1,"1 2 3 -1 -3 4 4 3 -2 -3 4 4",48,1,128
5548,1,"1 2 4 -1 -4 3 -2 4 4 4 -3 4",48,1,-128
5549,1,"1 2 3 -2 -2 4 4 -1 4 -3 2 4",48,1,-128
5550,1,"1 2 4 3 2 4 -3 -2 4 -2 -1 4",48,1,0
5551,1,"1 2 3 4 -2 -3 4 4 -1 2 4 -2",48,1,0
5552,1,"1 2 3 4 4 -2 -4 -3 4 -1 4 4",48,1,-128
5553,1,"1 2 3 -1 3 4 4 4 -3 -2 -3 4",48,1,128
5554,1,"1 2 3 4 -1 2 4 -2 4 -3 4 -2",48,1,64
5555,1,"1 2 4 2 4 4 -2 -4 -1 4 -2 4",24,1,128
5556,1,"1 4 -1 -4 2 2 4 4 4 -2 -2 4",24,1,0
5557,1,"1 2 4 3 4 -1 -3 -3 -2 4 4 3",48,1,0
5558,1,"1 2 3 3 4 4 -1 -3 4 -3 -2 4",48,1,0
5559,1,"1 2 4 3 -2 3 4 4 -3 -1 -3 4",48,1,128
5560,1,"1 2 2 3 4 -1 -2 -2 4 4 -3 4",48,1,0
5561,1,"1 2 3 3 4 -3 4 -2 -3 -1 4 4",48,1,128
5562,1,"1 2 4 4 3 4 3 -1 -3 -2 -3 4",48,1,0
5563,1,"1 2 -1 -4 3 4 -3 -2 4 4 4 4",48,1,256
5564,1,"1 2 3 3 4 -1 -2 4 -3 4 -3 4",48,1,0
5565,1,"1 2 4 4 3 4 -2 4 -1 -4 -3 4",48,1,0
5566,1,"1 2 3 4 -1 -3 4 3 4 -2 -3 4",48,1,0
5567,1,"1 2 2 -4 -1 -2 4 4 4 -2 4 4",24,1,-512
5568,1,"1 2 4 -2 4 2 4 4 -2 -4 -1 4",24,1,128
5569,1,"1 2 3 -4 -1 4 -3 4 4 -2 4 4",48,1,-128
5570,1,"1 2 -1 -2 4 3 4 -3 4 3 4 -3",48,1,-64
5571,1,"1 2 3 4 -3 4 -1 -3 4 -2 4 3",48,1,64
5572,1,"1 2 3 4 4 -2 4 4 -3 -4 -1 4",48,1,128
5573,1,"1 2 -1 4 -2 4 -2 -2 4 2 4 2",24,1,128
5574,1,"1 2 3 4 -2 -3 2 4 -2 4 -1 4",48,1,-64
5575,1,"1 2 3 4 -2 -3 -3 -1 4 3 4 4",48,1,128
5576,1,"1 2 1 -2 -1 2 4 4 4 4 -1 -2",24,1,256
5577,1,"1 2 -4 -2 4 2 4 4 -1 4 4 -2",24,1,0
5578,1,"1 2 4 4 4 4 4 -1 2 -4 -2 -2",24,1,-512
5579,1,"1 2 2 4 4 4 -1 2 4 -2 -2 -2",24,1,512
5580,1,"1 2 1 -2 -1 -1 -2 4 4 2 4 4",24,1,256
5581,1,"1 2 -1 -2 4 2 1 4 -2 -1 4 4",24,1,128
5582,1,"1 2 3 -1 -3 4 -2 4 3 4 -3 4",48,1,-64
5583,1,"1 2 -4 2 -1 4 4 4 -2 -2 4 4",24,1,0
5584,1,"1 2 -4 -2 4 -2 4 4 -1 4 4 2",24,1,-256
5585,1,"1 2 4 -2 4 -1 4 4 3 -4 -3 4",48,1,-128
5586,1,"1 2 1 -2 4 4 2 -1 4 -1 4 -2",24,1,128
5587,1,"1 2 -1 4 -1 -2 4 2 4 -2 4 1",24,1,-128
5588,1,"1 2 1 4 -2 4 4 -2 -1 -1 2 4",24,1,0
5589,1,"1 2 3 -1 4 4 3 -2 -3 4 4 -3",48,1,-128
5590,1,"1 2 3 4 4 4 -1 4 4 -3 -2 -4",48,1,-256
5591,1,"1 2 2 4 4 -2 -1 -2 -2 4 4 2",12,1,512
5592,1,"1 2 4 -2 -1 4 3 4 2 -3 4 -2",48,1,64
5593,1,"1 2 4 3 -2 4 -3 4 2 -1 -2 4",48,1,-64
5594,1,"1 2 4 4 -2 4 3 -4 -3 4 -1 4",48,1,-128
5595,1,"1 2 3 2 4 -1 4 4 -2 -2 -3 4",48,1,128
5596,1,"1 2 3 -2 4 -1 2 4 -2 4 -3 4",48,1,0
5597,1,"1 2 3 4 -1 -2 4 2 4 -3 -2 4",48,1,64
5598,1,"1 2 2 4 -1 4 -2 -4 -2 4 4 4",24,1,256
5599,1,"1 2 3 -2 -2 -1 2 4 4 4 -3 4",48,1,0
5600,1,"1 2 1 4 -2 4 2 -1 -1 4 -2 4",24,1,128
5601,1,"1 2 4 3 3 -1 -3 4 -2 4 4 -3",48,1,-128
5602,1,"1 2 4 3 4 2 -1 4 -3 -2 4 -2",48,1,-64
5603,1,"1 2 3 -2 4 4 -3 2 -1 4 4 -2",48,1,128
5604,1,"1 2 3 4 -3 -4 -2 4 -1 4 4 4",48,1,128
5605,1,"1 2 4 2 4 -2 -1 -2 4 -2 4 2",12,1,128
5606,1,"1 2 4 4 2 -4 -2 -1 -2 4 4 4",24,1,-256
5607,1,"1 2 4 -2 3 4 -3 4 -3 -1 4 3",48,1,-64
5608,1,"1 2 -4 -2 -1 4 -2 4 4 4 4 2",24,1,-256
5609,1,"1 2 4 -2 -1 -2 4 2 2 4 4 -2",24,1,0
5610,1,"1 2 4 3 4 4 -3 -3 -2 3 -1 4",48,1,128
5611,1,"1 2 -1 4 2 -4 -2 -2 4 4 4 4",24,1,0
5612,1,"1 2 -4 2 4 -2 4 4 -1 4 4 -2",24,1,0
5613,1,"1 2 3 4 -3 4 -2 4 -1 -3 4 3",48,1,64
5614,1,"1 2 4 4 3 3 -1 4 4 -3 -2 -3",48,1,0
5615,1,"1 2 -1 -2 4 3 4 4 -3 2 4 -2",48,1,-128
5616,1,"1 2 3 4 4 -3 4 4 4 -1 -2 -4",48,1,-256
5617,1,"1 2 -1 2 4 -2 -2 4 4 -2 4 2",24,1,256
5618,1,"1 2 -1 -1 4 1 2 4 -2 4 -2 4",24,1,-128
5619,1,"1 2 3 3 4 -3 -1 -2 -3 4 4 4",48,1,0
5620,1,"1 2 4 3 4 -2 -3 -1 4 3 4 -3",48,1,64
5621,1,"1 2 -1 4 -2 -2 3 4 2 4 -3 4",48,1,0
5622,1,"1 2 4 2 4 4 -1 -4 -2 4 -2 4",24,1,-128
5623,1,"1 2 2 2 4 -2 4 -1 -2 -2 4 4",24,1,0
5624,1,"1 2 4 -1 -1 -2 4 -2 4 2 1 4",24,1,128
5625,1,"1 2 2 2 4 -1 -2 4 -2 4 -2 4",24,1,0
5626,1,"1 2 -1 4 -2 4 -1 -2 4 2 4 1",24,1,-128
5627,1,"1 2 4 -2 4 2 -1 -2 4 2 4 -2",12,1,-128
5628,1,"1 2 2 4 4 -2 -1 4 -2 -1 4 1",24,1,256
5629,1,"1 2 1 2 4 -1 -2 -2 -1 4 4 4",24,1,256
5630,1,"1 2 4 -1 -1 -2 4 -2 1 4 2 4",24,1,-128
5631,1,"1 2 3 3 4 -3 4 -1 -2 4 -3 4",48,1,0
5632,1,"1 2 3 4 -1 4 -3 -3 4 -2 3 4",48,1,128
5633,1,"1 2 2 4 -1 2 4 -2 -2 4 4 -2",24,1,256
5634,1,"1 2 4 3 4 -3 -3 -1 3 -2 4 4",48,1,-128
5635,1,"1 2 4 4 -2 -4 -2 -1 2 4 4 4",24,1,256
5636,1,"1 2 1 -2 4 4 -1 4 2 4 -1 -2",24,1,128
5637,1,"1 2 2 4 4 4 -2 4 4 -2 -1 -4",24,1,-512
5638,1,"1 2 2 4 -1 4 -2 4 -2 -1 4 1",24,1,256
5639,1,"1 4 2 -4 -4 -1 4 4 -2 4 4 4",24,1,0
5640,1,"1 4 4 2 2 4 -2 4 -1 -4 -2 4",24,1,0
5641,1,"1 2 3 3 4 -3 -2 4 -1 -3 4 4",48,1,128
5642,1,"1 2 4 -1 2 -4 -2 4 4 4 -2 4",24,1,-256
5643,1,"1 2 4 3 -1 -3 4 3 -2 -3 4 4",48,1,128
5644,1,"1 2 1 -2 4 4 -1 2 -1 4 -2 4",24,1,128
5645,1,"1 2 4 2 4 -2 -2 4 4 4 -1 -4",24,1,-256
5646,1,"1 2 4 -2 -2 -2 4 -1 4 2 4 2",24,1,256
5647,1,"1 2 3 -2 -3 4 -1 2 4 -2 4 4",48,1,-128
5648,1,"1 2 3 4 3 4 -3 4 -3 -1 4 -2",48,1,64
5649,1,"1 2 -1 4 3 4 4 -2 -2 -3 4 2",48,1,128
5650,1,"1 2 -1 4 -2 -2 3 4 4 -3 2 4",48,1,0
5651,1,"1 4 2 4 2 -1 4 4 4 -2 -2 -4",24,1,-256
5652,1,"1 2 4 3 4 3 -1 4 -3 -2 4 -3",48,1,0
5653,1,"1 4 2 4 2 4 -2 4 -2 4 -1 -4",24,1,-128
5654,1,"1 2 3 -1 4 -3 4 4 4 3 -2 -3",48,1,-128
5655,1,"1 2 4 -1 3 4 3 4 -3 4 -2 -3",48,1,0
5656,1,"1 2 3 4 4 4 4 -3 -4 -1 4 -2",48,1,256
5657,1,"1 2 3 4 -3 -2 4 -2 -1 4 2 4",48,1,128
5658,1,"1 2 3 3 4 4 -3 -1 4 -3 4 -2",48,1,128
5659,1,"1 4 2 4 3 4 -1 4 -3 -4 -2 4",48,1,0
5660,1,"1 2 3 3 4 -1 4 4 -2 -3 4 -3",48,1,-128
5661,1,"1 2 3 2 4 4 -1 -2 -2 4 -3 4",48,1,0
5662,1,"1 2 3 -2 -3 4 4 -2 -1 4 4 2",48,1,-128
5663,1,"1 2 3 -2 -2 -1 4 2 -3 4 4 4",48,1,0
5664,1,"1 2 2 4 -2 4 -1 4 4 4 -2 -4",24,1,-256
5665,1,"1 2 3 -1 -2 -3 -3 4 4 4 4 3",48,1,0
5666,1,"1 2 1 4 -1 -2 -2 4 -1 4 2 4",24,1,128
5667,1,"1 2 3 -2 4 -3 -1 4 -3 4 3 4",48,1,64
5668,1,"1 2 3 4 -3 -3 4 4 3 -2 -1 4",48,1,0
5669,1,"1 2 4 -1 -4 3 4 4 -2 4 -3 4",48,1,0
5670,1,"1 2 -1 -2 4 4 -1 2 1 4 -2 4",24,1,128
5671,1,"1 2 3 4 -3 4 -3 4 -1 -2 4 3",48,1,0
5672,1,"1 2 4 3 4 -1 4 3 -2 -3 -3 4",48,1,0
5673,1,"1 2 3 -2 -1 3 4 4 4 4 -3 -3",48,1,0
5674,1,"1 2 4 3 4 -1 -3 -3 4 4 -2 3",48,1,0
5675,1,"1 2 4 -1 4 3 4 4 -2 4 -3 -4",48,1,0
5676,1,"1 2 1 -2 -2 4 2 4 -1 4 -1 4",24,1,128
5677,1,"1 4 2 4 -2 4 4 2 4 -1 -4 -2",24,1,-128
5678,1,"1 2 4 3 4 -1 4 3 -2 -3 4 -3",48,1,-64
5679,1,"1 2 3 2 -3 4 -2 -1 4 4 -2 4",48,1,128
5680,1,"1 2 2 -4 -1 4 4 -2 4 -2 4 4",24,1,-256
5681,1,"1 2 3 4 4 -3 -2 -2 4 -1 4 2",48,1,256
5682,1,"1 2 3 4 -3 -2 -3 -1 3 4 4 4",48,1,128
5683,1,"1 2 2 4 -2 -2 -1 -2 4 4 4 2",24,1,512
5684,1,"1 2 3 4 -2 -3 -2 4 -1 4 2 4",48,1,64
5685,1,"1 2 4 3 4 -2 -1 4 -3 -2 4 2",48,1,64
5686,1,"1 2 3 4 -3 -2 4 4 -1 -3 4 3",48,1,128
5687,1,"1 2 4 3 -1 -3 -2 4 -3 4 4 3",48,1,0
5688,1,"1 2 3 4 4 4 -1 2 4 -3 -2 -2",48,1,0
5689,1,"1 2 2 -1 -2 4 4 -2 3 4 -3 4",48,1,-128
5690,1,"1 2 -4 -1 4 -2 4 4 -2 4 4 2",24,1,0
5691,1,"1 2 4 4 -1 -4 -2 4 -2 4 2 4",24,1,-128
5692,1,"1 1 4 -1 4 4 -1 4 1 -4 -1 4",6,1,-256
5693,1,"1 2 -1 -2 4 3 -4 -3 4 4 4 4",48,1,256
5694,1,"1 2 -1 4 2 3 -2 -2 -3 4 4 4",48,1,0
5695,1,"1 2 -4 -2 4 4 2 -1 4 4 4 -2",24,1,256
5696,1,"1 2 2 -1 4 4 2 4 4 -2 -2 -2",24,1,-512
5697,1,"1 2 4 -2 -2 -1 2 4 -2 4 4 2",24,1,0
5698,1,"1 2 -1 -2 1 4 2 4 -2 -1 4 4",24,1,-128
5699,1,"1 2 2 1 4 4 -1 -1 4 -2 -2 4",24,1,512
5700,1,"1 2 3 2 -3 -2 4 4 4 -1 -2 4",48,1,0
5701,1,"1 2 4 4 4 -2 4 -1 4 -2 -4 2",24,1,-256
5702,1,"1 2 4 2 4 4 -2 -1 4 4 -2 -4",24,1,0
5703,1,"1 2 -4 2 4 4 -1 4 -2 -2 4 4",24,1,256
5704,1,"1 2 2 -1 4 4 -2 -2 1 4 -1 4",24,1,-256
5705,1,"1 2 3 4 3 4 -2 -1 4 -3 -3 4",48,1,128
5706,1,"1 2 1 -2 4 2 4 -2 4 -1 -1 4",24,1,128
5707,1,"1 2 -1 4 1 -2 -2 -1 4 2 4 4",24,1,256
5708,1,"1 2 -1 -2 4 -2 -4 2 4 4 4 4",24,1,256
5709,1,"1 2 4 4 -1 3 4 3 -2 -3 4 -3",48,1,-128
5710,1,"1 2 3 4 -3 4 4 4 -2 -3 -1 3",48,1,128
5711,1,"1 2 3 -2 -2 4 2 -1 4 4 -3 4",48,1,0
5712,1,"1 2 3 4 3 4 -1 -3 4 4 -3 -2",48,1,-128
5713,1,"1 2 4 3 3 4 -3 -1 -2 4 4 -3",48,1,128
5714,1,"1 2 4 3 4 -2 -3 -3 -1 3 4 4",48,1,128
5715,1,"1 2 4 -2 4 3 -1 3 4 -3 4 -3",48,1,64
5716,1,"1 2 3 4 -2 4 2 -3 -2 4 -1 4",48,1,64
5717,1,"1 4 2 4 -1 4 2 4 4 -2 -2 -4",24,1,0
5718,1,"1 2 4 4 2 -4 -2 4 -2 -1 4 4",24,1,-256
5719,1,"1 2 2 -1 -2 -2 4 4 -2 4 4 2",24,1,0
5720,1,"1 2 4 -1 -1 4 -2 -2 1 4 2 4",24,1,0
5721,1,"1 2 3 4 3 -1 -2 4 -3 4 4 -3",48,1,-128
5722,1,"1 2 2 -1 4 -2 -2 1 4 -1 4 4",24,1,-256
5723,1,"1 2 4 3 3 4 -1 -3 4 -2 -3 4",48,1,128
5724,1,"1 2 3 2 -3 -2 4 -2 -1 4 4 4",48,1,0
5725,1,"1 1 4 -1 4 4 1 4 -1 -4 -1 4",6,1,256
5726,1,"1 4 -1 -4 2 4 -2 4 2 4 -2 4",24,1,0
5727,1,"1 2 -1 -2 4 3 3 4 4 -3 4 -3",48,1,-128
5728,1,"1 2 -4 -1 -4 -2 4 4 4 4 4 4",24,1,-512
5729,1,"1 2 4 4 4 2 4 -1 4 -2 -4 -2",24,1,0
5730,1,"1 2 2 -1 4 1 -2 4 -2 -1 4 4",24,1,256
5731,1,"1 2 4 4 3 3 4 4 -1 -3 -2 -3",48,1,0
5732,1,"1 2 -4 2 4 4 -2 -1 4 4 4 -2",24,1,256
5733,1,"1 2 3 4 -3 -1 -2 4 -3 4 4 3",48,1,0
5734,1,"1 2 4 4 3 4 3 -1 4 -2 -3 -3",48,1,0
5735,1,"1 2 4 -1 4 3 -2 -3 -3 4 3 4",48,1,0
5736,1,"1 2 2 -4 -2 4 -1 -2 4 4 4 4",24,1,0
5737,1,"1 2 2 -1 4 1 -2 -2 4 4 -1 4",24,1,256
5738,1,"1 2 4 4 2 4 4 -2 -4 -1 4 -2",24,1,256
5739,1,"1 2 3 -2 4 3 4 -3 -1 -3 4 4",48,1,0
5740,1,"1 2 2 -1 4 -1 -2 4 4 -2 1 4",24,1,-256
5741,1,"1 2 4 1 2 4 -2 -2 4 -1 -1 4",24,1,0
5742,1,"1 2 2 -1 4 -2 3 -2 4 4 -3 4",48,1,0
5743,1,"1 2 1 2 4 -1 -2 -2 4 4 -1 4",24,1,0
5744,1,"1 2 4 4 4 4 4 4 -1 -2 -4 -4",24,1,-1024
5745,1,"1 2 1 4 -1 2 4 -2 4 -1 -2 4",24,1,128
5746,1,"1 2 3 3 -2 -3 -3 -1 4 4 4 4",48,1,0
5747,1,"1 2 4 3 4 -3 -2 4 2 -1 4 -2",48,1,-64
5748,1,"1 2 4 4 -2 -4 -2 4 2 -1 4 4",24,1,0
5749,1,"1 2 -1 4 4 -2 -4 3 4 4 -3 4",48,1,0
5750,1,"1 2 -1 -2 -2 4 3 4 4 2 -3 4",48,1,-128
5751,1,"1 2 2 4 3 4 -1 -2 -2 4 -3 4",24,1,0
5752,1,"1 4 2 2 4 4 -2 4 4 -2 -1 -4",24,1,-256
5753,1,"1 2 1 -2 -1 4 2 4 -1 4 -2 4",24,1,0
5754,1,"1 2 1 4 -1 -2 4 -2 -1 2 4 4",24,1,128
5755,1,"1 4 2 2 2 -1 4 4 -2 4 -2 -2",24,1,0
5756,1,"1 2 -1 -2 -4 2 4 4 4 4 -2 4",24,1,256
5757,1,"1 2 2 4 1 4 4 -1 -1 -2 -2 4",24,1,0
5758,1,"1 2 3 2 4 -2 4 -3 4 -2 -1 4",48,1,128
5759,1,"1 2 -1 -2 4 4 -2 4 3 2 -3 4",48,1,0
5760,1,"1 2 4 -1 -4 2 4 4 -2 -2 4 4",24,1,256
5761,1,"1 2 4 -1 4 4 4 -2 -2 4 2 -4",24,1,256
5762,1,"1 2 1 2 -1 4 4 4 4 -2 -1 -2",24,1,-256
5763,1,"1 2 4 4 -2 4 -2 4 -1 4 2 -4",24,1,128
5764,1,"1 2 3 4 -2 4 -3 4 -1 2 4 -2",48,1,64
5765,1,"1 2 -1 -1 -2 4 4 2 4 -2 4 1",24,1,-256
5766,1,"1 2 4 4 -1 3 3 -2 4 4 -3 -3",48,1,0
5767,1,"1 4 -1 4 4 4 2 4 -2 -2 -4 2",24,1,-256
5768,1,"1 2 3 3 4 4 -3 4 -1 4 -2 -3",48,1,-128
5769,1,"1 2 3 4 4 -1 -3 -3 -2 4 4 3",48,1,0
5770,1,"1 4 2 4 -1 -4 2 4 4 -2 4 -2",24,1,128
5771,1,"1 2 3 4 -2 4 2 -1 -2 4 -3 4",48,1,-64
5772,1,"1 2 3 -2 -2 4 -3 2 4 -1 4 4",48,1,-128
5773,1,"1 2 -1 4 -1 -2 4 -2 1 2 4 4",24,1,-128
5774,1,"1 2 4 4 -2 4 4 2 4 -2 -1 -4",24,1,-256
5775,1,"1 2 3 3 4 -2 4 4 4 -3 -1 -3",48,1,0
5776,1,"1 2 4 4 3 4 -1 -3 -3 -2 4 3",48,1,0
5777,1,"1 2 2 4 -1 -1 4 -2 -2 4 4 1",24,1,512
5778,1,"1 2 3 -2 4 2 -1 4 -3 4 4 -2",48,1,0
5779,1,"1 2 3 4 4 -3 -1 -3 4 4 -2 3",48,1,128
5780,1,"1 2 4 3 4 -1 3 -2 4 4 -3 -3",48,1,0
5781,1,"1 2 4 4 3 -2 4 -3 -3 -1 4 3",48,1,128
5782,1,"1 2 4 4 4 2 4 -1 4 -2 -2 -4",24,1,-256
5783,1,"1 2 -1 4 2 4 1 4 -1 -2 -2 4",24,1,-128
5784,1,"1 2 -4 3 4 -2 4 4 -1 4 -3 4",48,1,0
5785,1,"1 2 3 4 -3 4 -1 -2 4 2 4 -2",48,1,-64
5786,1,"1 2 -1 4 -2 4 3 2 4 -2 -3 4",48,1,0
5787,1,"1 2 4 3 -1 -3 4 -2 4 -3 4 3",48,1,64
5788,1,"1 2 2 1 4 -1 4 -2 4 -2 -1 4",24,1,128
5789,1,"1 2 -1 4 4 3 3 -2 -3 4 -3 4",48,1,0
5790,1,"1 2 4 4 3 4 -2 3 4 -1 -3 -3",48,1,128
5791,1,"1 4 4 2 -4 -2 -2 4 2 -1 4 4",24,1,-256
5792,1,"1 2 4 3 4 -1 4 -3 -2 3 4 -3",48,1,64
5793,1,"1 2 3 2 4 4 -3 -2 4 -2 -1 4",48,1,128
5794,1,"1 2 -1 2 4 -2 4 4 4 4 -2 -4",24,1,-256
5795,1,"1 2 3 4 -2 -3 4 3 4 -3 -1 4",48,1,64
5796,1,"1 2 -1 4 1 2 4 -2 -2 -1 4 4",24,1,0
5797,1,"1 2 -1 -2 -4 -2 4 4 4 4 2 4",24,1,-256
5798,1,"1 2 -1 4 4 2 4 -2 -2 -2 4 2",24,1,256
5799,1,"1 2 4 -1 -2 4 2 4 4 4 -2 -4",24,1,-256
5800,1,"1 2 -1 -1 4 -2 4 4 2 4 -2 1",24,1,-256
5801,1,"1 2 4 2 -4 -1 4 4 4 -2 -2 4",24,1,-256
5802,1,"1 2 4 -2 3 4 -2 -3 4 -1 4 2",48,1,128
5803,1,"1 2 4 2 4 4 -1 4 -2 4 -2 -4",24,1,-128
5804,1,"1 2 -4 -2 4 -2 4 4 -1 4 2 4",24,1,-128
5805,1,"1 2 4 -2 -2 3 4 -1 4 -3 4 2",48,1,128
5806,1,"1 2 4 -2 -2 4 -2 4 2 -1 4 2",24,1,128
5807,1,"1 2 1 -2 4 4 2 4 4 -1 -1 -2",24,1,256
5808,1,"1 2 -1 4 4 3 -2 4 2 -3 4 -2",48,1,-128
5809,1,"1 2 4 2 4 -2 -1 2 4 4 -2 -2",24,1,256
5810,1,"1 2 3 -2 4 -1 4 -3 -2 4 4 2",48,1,128
5811,1,"1 2 3 -2 4 4 -3 -2 -1 4 4 2",48,1,128
5812,1,"1 2 2 4 -2 -2 4 -2 -1 4 4 2",24,1,256
5813,1,"1 2 1 -2 -1 -1 4 2 4 4 -2 4",24,1,0
5814,1,"1 2 2 4 -2 -1 4 -2 3 4 -3 4",48,1,128
5815,1,"1 2 4 -1 4 -2 3 2 4 -2 -3 4",48,1,64
5816,1,"1 2 3 4 4 3 -1 -2 -3 4 4 -3",24,1,-256
5817,1,"1 2 3 4 -2 -1 4 2 4 -2 -3 4",48,1,64
5818,1,"1 2 -1 4 2 3 -2 -2 4 4 -3 4",48,1,0
5819,1,"1 2 4 3 -1 4 -3 -2 3 4 4 -3",48,1,0
5820,1,"1 2 4 4 -1 3 4 -3 -2 3 4 -3",48,1,128
5821,1,"1 2 4 -2 -2 4 2 -1 -2 4 4 2",24,1,0
5822,1,"1 2 3 4 4 -3 -1 -2 -3 4 4 3",24,1,0
5823,1,"1 2 4 -2 -1 4 2 2 4 4 -2 -2",24,1,256
5824,1,"1 2 -1 4 -2 4 -1 2 4 4 -2 1",24,1,0
5825,1,"1 2 2 3 4 -3 -2 -2 4 -1 4 4",48,1,256
5826,1,"1 4 2 -4 -2 4 -2 -1 4 4 2 4",24,1,-128
5827,1,"1 2 1 2 4 -1 -1 -2 4 4 -2 4",24,1,0
5828,1,"1 2 -1 4 -2 -1 4 4 2 4 -2 1",24,1,0
5829,1,"1 2 -4 -2 -1 4 -2 4 4 4 2 4",24,1,-256
5830,1,"1 2 3 4 4 4 -3 -3 -2 3 -1 4",48,1,256
5831,1,"1 2 3 -2 -3 4 4 2 4 -1 4 -2",48,1,0
5832,1,"1 2 2 -1 4 3 -2 -2 4 -3 4 4",48,1,0
5833,1,"1 2 -4 2 4 -2 4 4 -1 4 -2 4",24,1,128
5834,1,"1 2 3 4 -3 -1 4 -2 4 -3 4 3",48,1,64
5835,1,"1 2 2 -1 4 -2 3 4 -3 4 -2 4",48,1,0
5836,1,"1 2 -1 4 3 4 -3 4 3 -2 4 -3",48,1,-64
5837,1,"1 2 -1 -2 1 2 4 -1 4 4 -2 4",24,1,-128
5838,1,"1 2 3 4 -1 -2 4 -3 -2 4 4 2",48,1,128
5839,1,"1 2 1 -2 -1 4 4 4 -1 2 4 -2",24,1,0
5840,1,"1 2 2 4 1 4 -2 -2 -1 4 -1 4",24,1,256
5841,1,"1 2 2 2 4 -1 -2 4 -2 -2 4 4",24,1,0
5842,1,"1 2 4 3 4 -2 -3 -3 4 3 -1 4",48,1,0
5843,1,"1 2 -1 -1 2 4 -2 -2 4 4 4 1",24,1,512
5844,1,"1 4 2 2 -1 4 4 4 -2 -4 -2 4",24,1,256
5845,1,"1 4 2 -4 -2 4 4 -2 -1 4 4 2",24,1,0
5846,1,"1 2 3 4 -2 -4 -3 4 4 4 -1 4",48,1,-128
5847,1,"1 2 -1 4 1 -2 4 4 2 -1 -2 4",24,1,-128
5848,1,"1 2 3 -2 3 -1 4 4 -3 4 4 -3",48,1,-128
5849,1,"1 2 4 4 2 4 -2 -2 4 4 -1 -4",24,1,-256
5850,1,"1 2 4 1 4 -2 -2 -1 4 -1 2 4",24,1,128
5851,1,"1 2 4 -2 4 4 2 4 -2 4 -1 -4",24,1,-128
5852,1,"1 4 2 -4 2 4 -2 -1 4 4 -2 4",24,1,128
5853,1,"1 2 4 -1 3 4 -3 4 4 3 -2 -3",48,1,-128
5854,1,"1 2 4 4 -1 4 3 -2 4 4 -3 -4",48,1,-128
5855,1,"1 2 2 4 -2 4 4 -2 -2 -1 4 2",24,1,256
5856,1,"1 2 3 -2 4 -1 4 2 -3 4 4 -2",48,1,0
5857,1,"1 2 -1 -1 -2 4 -2 4 1 2 4 4",24,1,-256
5858,1,"1 2 3 -2 -3 2 4 4 -2 -1 4 4",48,1,-256
5859,1,"1 2 3 4 -3 2 4 4 -2 -2 -1 4",48,1,0
5860,1,"1 4 4 2 4 4 -1 4 4 -2 -4 -4",24,1,0
5861,1,"1 2 4 -1 4 4 -2 4 -2 -4 2 4",24,1,-128
5862,1,"1 2 3 4 -3 -2 -2 4 4 4 -1 2",48,1,256
5863,1,"1 2 3 2 4 -3 4 -1 -2 4 -2 4",48,1,0
5864,1,"1 2 1 -2 -1 4 2 4 -2 4 -1 4",24,1,0
5865,1,"1 2 2 4 -2 -2 -2 -1 4 4 2 4",24,1,512
5866,1,"1 2 3 4 -3 4 4 3 4 -3 -1 -2",48,1,0
5867,1,"1 2 4 3 -2 4 -1 4 2 -3 4 -2",48,1,0
5868,1,"1 2 2 4 -1 -2 4 -1 4 1 -2 4",24,1,128
5869,1,"1 2 -1 4 -2 3 4 -3 4 -3 4 3",48,1,-64
5870,1,"1 2 4 -1 4 3 4 4 3 -2 -3 -3",48,1,-128
5871,1,"1 2 1 4 -1 2 4 4 -1 -2 4 -2",24,1,128
5872,1,"1 2 -1 4 2 3 4 4 -3 -2 -2 4",48,1,0
5873,1,"1 4 2 4 -2 4 4 2 -1 4 -2 -4",24,1,-128
5874,1,"1 2 3 -1 3 4 -2 -3 -3 4 4 4",48,1,0
5875,1,"1 2 3 -2 -1 2 4 -2 4 4 -3 4",48,1,0
5876,1,"1 2 2 3 4 4 -2 -1 -2 4 -3 4",48,1,128
5877,1,"1 2 3 3 -1 4 4 -3 4 4 -2 -3",48,1,-256
5878,1,"1 4 2 2 2 -1 4 4 4 -2 -2 -2",24,1,0
5879,1,"1 2 -4 -1 4 -2 4 4 4 2 4 -2",24,1,-256
5880,1,"1 2 3 3 4 4 4 -3 -2 4 -1 -3",48,1,0
5881,1,"1 2 3 4 4 -1 4 3 -2 4 -3 -3",48,1,-128
5882,1,"1 2 3 4 -1 -3 4 4 4 3 -2 -3",48,1,-128
5883,1,"1 4 2 -4 -2 -2 -1 4 4 2 4 4",24,1,-256
5884,1,"1 2 3 -2 4 -3 4 -2 -1 4 4 2",48,1,0
5885,1,"1 2 2 3 -2 -2 4 -3 4 -1 4 4",48,1,0
5886,1,"1 2 4 -2 4 4 3 4 -3 -3 -1 3",48,1,-128
5887,1,"1 2 4 3 -2 4 -1 -3 -3 4 4 3",48,1,128
5888,1,"1 2 1 2 -1 4 -2 4 4 -1 4 -2",24,1,-128
5889,1,"1 2 3 -1 4 4 3 4 -3 -3 -2 4",48,1,0
5890,1,"1 2 4 4 4 2 4 -2 4 -1 -2 -4",24,1,-256
5891,1,"1 1 1 4 4 4 -1 -1 -4 -1 4 4",6,1,1024
5892,1,"1 2 3 3 4 -1 -3 -2 4 4 4 -3",48,1,0
5893,1,"1 2 4 -1 3 3 -2 4 -3 4 4 -3",48,1,0
5894,1,"1 2 3 2 -1 4 4 4 -2 -3 -2 4",48,1,0
5895,1,"1 2 4 -1 -2 4 2 2 4 4 -2 -2",24,1,-256
5896,1,"1 2 3 4 4 -1 -3 -3 4 4 -2 3",48,1,0
5897,1,"1 2 4 4 3 -2 3 4 4 -3 -1 -3",48,1,128
5898,1,"1 2 -1 -2 4 3 2 -3 4 4 -2 4",48,1,0
5899,1,"1 2 -1 -2 4 2 -1 -2 4 4 1 4",24,1,-128
5900,1,"1 2 3 4 2 -3 4 -2 4 -1 4 -2",48,1,0
5901,1,"1 4 1 -4 -4 -1 4 4 -1 4 4 4",6,1,-512
5902,1,"1 2 2 -1 -4 -2 4 4 4 4 4 -2",24,1,-512
5903,1,"1 4 2 4 -2 4 2 4 4 -1 -4 -2",24,1,-128
5904,1,"1 2 3 4 -3 -4 -1 -2 4 4 4 4",48,1,256
5905,1,"1 2 3 -1 -3 4 -3 4 -2 4 3 4",48,1,-64
5906,1,"1 2 3 2 -3 4 -2 -1 4 -2 4 4",48,1,128
5907,1,"1 4 2 2 -4 -1 4 4 -2 4 -2 4",24,1,0
5908,1,"1 2 3 -1 -2 4 -3 -3 4 4 3 4",48,1,-128
5909,1,"1 2 4 3 4 -3 4 3 -1 4 -2 -3",48,1,0
5910,1,"1 2 3 4 -3 4 3 -2 -3 -1 4 4",48,1,0
5911,1,"1 2 3 4 4 3 -2 -3 4 -3 -1 4",48,1,0
5912,1,"1 2 3 -2 4 4 4 -2 -3 4 -1 2",48,1,-128
5913,1,"1 2 2 4 -2 1 4 -1 -1 -2 4 4",24,1,-256
5914,1,"1 2 3 3 -2 -1 4 4 4 4 -3 -3",48,1,-512
5915,1,"1 2 -1 4 4 3 3 4 -3 -2 -3 4",48,1,0
5916,1,"1 4 2 2 -4 -2 4 -2 4 4 -1 4",24,1,-256
5917,1,"1 2 2 3 -2 4 -3 -2 4 -1 4 4",48,1,128
5918,1,"1 2 3 -4 -3 -2 4 -1 4 4 4 4",48,1,-256
5919,1,"1 2 3 -4 -3 4 -1 4 4 4 -2 4",48,1,-128
5920,1,"1 2 4 3 4 -3 -1 4 3 -2 -3 4",48,1,-64
5921,1,"1 2 1 2 4 -2 -1 4 4 -1 4 -2",24,1,128
5922,1,"1 2 3 4 4 -3 -2 -3 4 -1 4 3",48,1,128
5923,1,"1 2 3 4 4 2 -3 4 -2 -1 -2 4",48,1,128
5924,1,"1 2 3 -2 -1 -3 -3 4 4 3 4 4",48,1,-256
5925,1,"1 2 -1 -1 2 4 -2 -2 4 1 4 4",24,1,256
5926,1,"1 2 4 4 4 -2 -2 4 -1 -4 2 4",24,1,256
5927,1,"1 2 4 3 -2 3 4 4 -3 4 -1 -3",48,1,0
5928,1,"1 2 2 -1 4 2 4 4 4 -2 -2 -2",24,1,-512
5929,1,"1 2 3 -2 -3 -2 4 4 4 2 -1 4",48,1,0
5930,1,"1 2 -1 -2 4 -2 3 4 4 2 -3 4",48,1,0
5931,1,"1 2 4 -2 -1 2 4 4 -2 -2 4 2",24,1,0
5932,1,"1 2 3 4 -1 4 -2 -2 -3 4 2 4",48,1,0
5933,1,"1 2 3 4 -3 2 4 -1 4 4 -2 -2",48,1,0
5934,1,"1 2 -1 -2 4 4 2 1 4 -2 -1 4",24,1,128
5935,1,"1 2 3 3 4 -2 4 4 -3 -3 -1 4",48,1,256
5936,1,"1 2 2 -1 4 -2 3 4 4 -3 4 -2",48,1,-128
5937,1,"1 2 4 -2 3 4 -3 -1 4 -3 4 3",48,1,-64
5938,1,"1 4 2 2 -4 -2 -1 4 -2 4 4 4",24,1,-256
5939,1,"1 2 4 3 4 4 -2 4 -3 -3 -1 3",48,1,-128
5940,1,"1 2 3 4 -1 -2 4 4 4 4 -3 -4",48,1,0
5941,1,"1 2 3 2 -1 -2 -3 -2 4 4 4 4",48,1,-256
5942,1,"1 2 3 2 4 -1 -2 4 -2 -3 4 4",48,1,0
5943,1,"1 2 1 2 -1 4 4 4 -1 4 -2 -2",24,1,-256
5944,1,"1 2 3 3 4 4 -1 4 -3 -3 -2 4",48,1,256
5945,1,"1 2 3 4 4 -2 -3 -3 -1 3 4 4",48,1,256
5946,1,"1 2 3 2 -3 4 -1 4 -2 4 4 -2",48,1,0
5947,1,"1 2 4 3 -2 4 3 -1 -3 4 -3 4",48,1,-64
5948,1,"1 2 -1 4 -2 -2 4 4 2 2 4 -2",24,1,-256
5949,1,"1 2 -1 4 -1 4 2 4 4 -2 -2 1",24,1,-256
5950,1,"1 2 2 2 4 4 4 -2 -1 -2 -2 4",24,1,512
5951,1,"1 2 3 4 -2 -1 2 4 -3 4 -2 4",48,1,64
5952,1,"1 2 -1 4 -1 -2 4 -2 4 4 2 1",24,1,0
5953,1,"1 2 3 3 -1 4 4 4 -3 -3 4 -2",48,1,-256
5954,1,"1 2 1 4 2 4 -2 -2 -1 4 -1 4",24,1,128
5955,1,"1 2 -1 4 3 3 -2 4 -3 -3 4 4",48,1,0
5956,1,"1 2 4 -2 3 4 4 -3 -3 -1 3 4",48,1,-128
5957,1,"1 2 3 4 -2 -1 -2 -3 4 2 4 4",48,1,0
5958,1,"1 2 4 2 -1 4 -1 4 -2 -2 4 1",24,1,0
5959,1,"1 1 4 -1 4 1 4 4 -1 -4 -1 4",6,1,256
5960,1,"1 2 4 4 4 2 -1 -4 -2 -2 4 4",24,1,-512
5961,1,"1 2 -1 -2 4 -1 -2 4 4 2 1 4",24,1,-128
5962,1,"1 2 4 -1 4 3 4 -3 4 4 -2 -4",48,1,-128
5963,1,"1 2 4 -2 4 4 4 -1 2 -4 -2 4",24,1,-256
5964,1,"1 2 -4 2 4 4 -2 -1 4 4 -2 4",24,1,256
5965,1,"1 2 -1 4 -2 -1 2 4 4 1 -2 4",24,1,128
5966,1,"1 2 3 4 -3 -1 -2 -3 4 4 4 3",48,1,0
5967,1,"1 2 3 4 4 2 4 -3 4 -1 -2 -2",48,1,-128
5968,1,"1 2 2 3 4 4 -1 -2 -2 -3 4 4",24,1,-256
5969,1,"1 2 -1 4 -2 -1 2 4 4 -2 1 4",24,1,128
5970,1,"1 2 4 -1 -1 4 2 4 -2 -2 1 4",24,1,0
5971,1,"1 2 2 1 4 4 -2 4 -2 -1 -1 4",24,1,256
5972,1,"1 2 3 3 -2 -3 4 4 -1 4 4 -3",48,1,-256
5973,1,"1 2 -1 4 3 -2 4 2 -3 4 4 -2",48,1,-128
5974,1,"1 2 4 3 -2 -4 -3 4 -1 4 4 4",48,1,-128
5975,1,"1 2 4 3 -1 -3 4 -3 4 3 -2 4",48,1,64
5976,1,"1 2 3 4 2 4 -1 -2 4 -3 4 -2",48,1,-64
5977,1,"1 2 4 -1 3 4 4 3 -2 -3 -3 4",48,1,-128
5978,1,"1 2 2 -1 -1 4 -2 4 4 1 -2 4",24,1,256
5979,1,"1 2 -1 4 -2 4 -2 -2 4 4 2 2",24,1,256
5980,1,"1 2 4 -1 4 3 3 4 4 -3 -2 -3",48,1,128
5981,1,"1 4 4 2 2 4 -2 -2 4 4 -1 -4",24,1,-512
5982,1,"1 2 -1 4 -2 -2 -1 4 1 2 4 4",24,1,0
5983,1,"1 2 1 4 -1 2 4 -2 -1 4 -2 4",24,1,0
5984,1,"1 2 4 -2 -4 -1 3 4 4 -3 4 4",48,1,128
5985,1,"1 2 3 4 -1 4 4 3 -2 -3 -3 4",48,1,-128
5986,1,"1 2 4 3 -1 4 4 -3 -4 -2 4 4",48,1,-128
5987,1,"1 2 3 -2 -3 4 -1 4 4 3 4 -3",48,1,-128
5988,1,"1 2 2 1 4 4 4 -1 -1 -2 -2 4",24,1,512
5989,1,"1 2 -1 -2 4 -2 -1 4 2 4 4 1",24,1,0
5990,1,"1 2 3 2 4 -3 4 -1 4 -2 -2 4",48,1,128
5991,1,"1 2 2 4 2 4 4 -2 -1 4 -2 -2",24,1,256
5992,1,"1 2 2 4 2 4 4 -1 -2 4 -2 -2",24,1,-256
5993,1,"1 2 4 -2 -4 -1 4 4 4 2 4 -2",24,1,256
5994,1,"1 2 1 -2 4 2 -1 -2 4 4 -1 4",24,1,128
5995,1,"1 2 3 -1 -3 4 4 3 4 -3 -2 4",48,1,-128
5996,1,"1 2 3 4 2 -1 -2 -2 4 -3 4 4",48,1,-128
5997,1,"1 2 -1 4 2 4 -1 -2 -2 4 1 4",24,1,-128
5998,1,"1 2 3 -2 4 -2 -3 2 4 4 -1 4",48,1,-128
5999,1,"1 2 -1 4 2 -4 -2 4 4 4 4 -2",24,1,256
6000,1,"1 2 -1 4 -1 2 4 1 -2 4 -2 4",24,1,128
6001,1,"1 2 -4 -2 -1 4 4 4 2 4 4 -2",24,1,-256
6002,1,"1 2 4 -1 -4 -2 -2 4 4 4 4 2",24,1,0
6003,1,"1 2 4 -2 -1 -2 4 4 4 4 2 -4",24,1,256
6004,1,"1 2 3 3 4 4 -1 4 4 -2 -3 -3",48,1,-256
6005,1,"1 2 3 4 -1 4 -3 4 4 4 -2 -4",48,1,-128
6006,1,"1 2 1 4 2 4 -2 4 4 -1 -1 -2",24,1,0
6007,1,"1 2 4 4 -2 4 -2 -1 4 4 2 -4",24,1,0
6008,1,"1 4 2 2 4 4 4 -2 4 -1 -4 -2",24,1,-256
6009,1,"1 2 3 -2 4 4 4 -1 3 4 -3 -3",48,1,0
6010,1,"1 2 -1 4 -1 2 4 -2 1 4 -2 4",24,1,0
6011,1,"1 2 3 4 4 4 -3 -2 3 4 -1 -3",48,1,128
6012,1,"1 2 3 2 4 -1 4 -3 -2 -2 4 4",48,1,128
6013,1,"1 2 4 4 4 2 4 -2 -1 -4 -2 4",24,1,0
6014,1,"1 2 3 3 4 4 -1 -3 4 4 -2 -3",48,1,-256
6015,1,"1 2 3 4 -3 -2 -2 -1 2 4 4 4",48,1,256
6016,1,"1 2 -1 4 2 4 4 -2 4 4 -2 -4",24,1,-256
6017,1,"1 2 3 -2 4 -3 2 -1 4 -2 4 4",48,1,0
6018,1,"1 2 4 3 4 4 -1 -3 -3 -2 4 3",48,1,0
6019,1,"1 4 2 4 4 -2 -1 -4 -2 4 2 4",24,1,128
6020,1,"1 2 2 3 4 -1 4 -3 4 4 -2 -2",48,1,0
6021,1,"1 2 3 -1 -3 -3 4 -2 4 3 4 4",48,1,-128
6022,1,"1 2 4 3 4 -2 4 -3 -3 -1 4 3",48,1,0
6023,1,"1 2 4 4 3 -1 -3 4 4 3 -2 -3",48,1,128
6024,1,"1 2 4 3 3 -1 4 4 -3 4 -2 -3",48,1,0
6025,1,"1 2 4 3 -1 4 3 -2 4 -3 -3 4",48,1,128
6026,1,"1 2 4 4 3 4 -2 4 -3 4 -1 -4",48,1,-128
6027,1,"1 2 3 4 4 -3 4 3 -1 -2 4 -3",48,1,-128
6028,1,"1 2 1 2 -1 4 -1 4 -2 4 -2 4",24,1,0
6029,1,"1 2 -4 -1 4 4 -2 4 -2 4 2 4",24,1,-128
6030,1,"1 2 3 2 4 -2 -2 4 -1 4 -3 4",48,1,128
6031,1,"1 2 -1 4 4 3 -2 -3 4 -3 4 3",48,1,128
6032,1,"1 2 3 -2 4 -3 4 2 4 -1 -2 4",48,1,0
6033,1,"1 2 3 4 -3 -4 -1 4 4 -2 4 4",48,1,128
6034,1,"1 2 -4 2 -1 4 4 4 -2 4 4 -2",24,1,-256
6035,1,"1 4 4 2 -1 -4 -2 -2 4 4 2 4",24,1,-256
6036,1,"1 2 3 4 -3 -1 -3 4 4 3 4 -2",48,1,0
6037,1,"1 2 3 4 -2 -1 4 4 -3 2 4 -2",48,1,128
6038,1,"1 2 3 -2 4 -1 4 -3 4 -3 4 3",48,1,64
6039,1,"1 2 -1 4 2 1 4 -2 -2 4 -1 4",24,1,128
6040,1,"1 4 2 4 -2 -2 4 2 4 4 -1 -4",24,1,-256
6041,1,"1 2 2 -1 -2 4 4 -2 -2 4 2 4",24,1,-256
6042,1,"1 2 3 -1 4 3 4 -3 4 -2 4 -3",48,1,-64
6043,1,"1 2 3 4 4 4 4 4 -1 -3 -2 -4",48,1,-512
6044,1,"1 2 1 4 -1 4 -2 4 4 2 -1 -2",24,1,-128
6045,1,"1 2 -1 -2 4 2 -4 -2 4 4 4 4",24,1,256
6046,1,"1 2 -1 -2 4 2 4 4 2 4 -2 -2",24,1,-256
6047,1,"1 2 2 -1 2 4 4 -2 -2 4 -2 4",24,1,256
6048,1,"1 2 1 -2 4 -1 -2 4 4 2 -1 4",24,1,128
6049,1,"1 2 3 4 3 4 -2 -1 4 -3 4 -3",48,1,0
6050,1,"1 1 1 4 4 4 -1 4 -1 -4 -1 4",6,1,512
6051,1,"1 2 3 4 3 4 -2 -3 4 -1 4 -3",48,1,-64
6052,1,"1 2 1 4 -2 -1 2 4 4 -2 -1 4",24,1,-128
6053,1,"1 2 -1 -2 4 4 3 4 2 -3 -2 4",48,1,0
6054,1,"1 2 3 4 -1 -3 -3 4 3 4 -2 4",48,1,0
6055,1,"1 2 4 3 4 -3 -1 4 -2 -3 4 3",48,1,0
6056,1,"1 2 4 3 4 -3 4 -2 -3 -1 4 3",48,1,64
6057,1,"1 2 -1 -2 1 4 -2 4 2 4 -1 4",24,1,-128
6058,1,"1 4 4 4 2 2 4 -2 4 -2 -1 -4",24,1,-256
6059,1,"1 2 -1 -2 4 1 2 -1 4 4 -2 4",24,1,-128
6060,1,"1 2 2 3 -2 4 -2 4 -1 4 -3 4",48,1,0
6061,1,"1 2 3 -2 -3 4 4 2 -1 4 4 -2",48,1,128
6062,1,"1 2 2 -1 4 -2 3 4 -3 -2 4 4",48,1,0
6063,1,"1 4 2 -1 4 2 -4 -2 4 4 4 -2",24,1,0
6064,1,"1 4 4 2 2 -4 -2 -2 4 -1 4 4",24,1,-512
6065,1,"1 2 4 3 4 3 -2 -3 -3 4 -1 4",48,1,0
6066,1,"1 2 2 2 4 -2 4 -1 4 -2 -2 4",24,1,256
6067,1,"1 2 1 4 4 -2 4 -1 2 4 -1 -2",24,1,128
6068,1,"1 2 -1 4 -2 -2 -1 2 4 1 4 4",24,1,256
6069,1,"1 2 3 4 4 -2 -3 -3 4 3 -1 4",48,1,-128
6070,1,"1 2 4 4 3 -1 -3 4 -2 -3 4 3",48,1,128
6071,1,"1 2 3 4 -2 4 4 4 -3 4 -1 -4",48,1,-128
6072,1,"1 2 1 4 4 -2 -1 4 4 2 -1 -2",24,1,0
6073,1,"1 2 3 4 -1 -3 4 4 4 4 -2 -4",48,1,-256
6074,1,"1 2 1 -2 4 -2 4 4 2 -1 -1 4",24,1,256
6075,1,"1 2 3 4 3 4 -3 -2 -3 4 -1 4",48,1,64
6076,1,"1 2 4 3 4 4 4 -2 -4 -1 -3 4",48,1,128
6077,1,"1 2 3 -2 3 -1 4 4 -3 4 -3 4",48,1,0
6078,1,"1 2 -1 -4 -2 4 4 -2 4 4 4 2",24,1,-256
6079,1,"1 2 3 -2 4 -1 4 4 2 -3 -2 4",48,1,128
6080,1,"1 2 -1 4 3 3 4 4 4 -2 -3 -3",48,1,-256
6081,1,"1 2 -1 2 4 -2 -4 -2 4 4 4 4",24,1,256
6082,1,"1 2 3 4 -1 2 -3 4 4 4 -2 -2",48,1,0
6083,1,"1 2 4 3 -1 4 4 4 4 -3 -2 -4",48,1,-256
6084,1,"1 2 -1 4 3 -2 4 -3 -3 4 3 4",48,1,0
6085,1,"1 2 -1 4 -2 -2 4 4 4 4 2 -4",24,1,512
6086,1,"1 2 1 4 2 4 4 -1 -1 -2 -2 4",24,1,256
6087,1,"1 2 3 3 4 -3 -2 4 -1 4 4 -3",48,1,128
6088,1,"1 2 4 3 4 -3 2 4 -2 -1 4 -2",48,1,64
6089,1,"1 2 4 -1 4 -2 4 4 -2 -4 2 4",24,1,-128
6090,1,"1 2 4 3 -2 4 -2 -3 2 4 -1 4",48,1,-64
6091,1,"1 2 3 -2 -2 -1 4 4 4 -3 4 2",48,1,0
6092,1,"1 2 1 -2 -2 -1 2 4 4 -1 4 4",24,1,-256
6093,1,"1 2 4 4 4 3 3 -1 -3 -2 -3 4",48,1,0
6094,1,"1 2 3 -2 4 4 -1 2 4 -3 -2 4",48,1,0
6095,1,"1 2 -1 -2 4 4 3 4 -3 -2 4 2",48,1,0
6096,1,"1 2 4 3 -2 4 -1 2 4 -3 4 -2",48,1,64
6097,1,"1 2 3 4 -2 -1 4 -3 -3 4 4 3",48,1,256
6098,1,"1 2 4 4 -2 4 -1 4 -2 4 2 -4",24,1,128
6099,1,"1 2 4 3 -2 -3 4 4 3 4 -1 -3",48,1,-128
6100,1,"1 2 -1 -2 4 -2 4 3 2 -3 4 4",48,1,0
6101,1,"1 2 4 -1 -2 4 -2 4 2 -1 4 1",24,1,-128
6102,1,"1 2 4 -2 3 4 4 3 -1 -3 -3 4",48,1,128
6103,1,"1 2 2 4 2 -1 4 4 -2 -2 -2 4",24,1,0
6104,1,"1 2 3 4 4 -1 3 4 -2 4 -3 -3",48,1,128
6105,1,"1 2 -1 -2 -2 3 4 2 4 -3 4 4",48,1,-128
6106,1,"1 2 2 4 -2 4 4 4 -1 4 -2 -4",24,1,-256
6107,1,"1 2 -1 4 4 3 3 -2 4 -3 4 -3",48,1,-128
6108,1,"1 2 3 -1 3 4 -3 4 -2 -3 4 4",48,1,0
6109,1,"1 2 4 4 4 -2 4 2 -1 -4 -2 4",24,1,-256
6110,1,"1 2 4 -1 4 3 3 -2 -3 -3 4 4",48,1,0
6111,1,"1 2 3 -2 -1 4 4 -2 -3 4 2 4",48,1,0
6112,1,"1 2 1 2 -1 4 -2 4 -1 4 4 -2",24,1,-128
6113,1,"1 2 3 4 -2 -1 4 4 -3 -2 4 2",48,1,128
6114,1,"1 2 -4 -2 4 4 -1 4 2 4 4 -2",24,1,0
6115,1,"1 2 -1 -2 4 -2 4 1 2 -1 4 4",24,1,-128
6116,1,"1 2 3 -4 -2 -3 4 4 4 4 -1 4",48,1,-256
6117,1,"1 2 4 -1 3 -4 -3 -2 4 4 4 4",48,1,-256
6118,1,"1 2 4 3 -2 3 -1 -3 4 4 -3 4",48,1,0
6119,1,"1 2 -1 -1 2 4 1 4 -2 -2 4 4",24,1,256
6120,1,"1 2 3 3 4 -1 -3 -2 4 4 -3 4",48,1,0
6121,1,"1 2 3 4 3 -2 4 -1 4 -3 4 -3",48,1,-64
6122,1,"1 2 4 3 -2 4 3 4 -3 -3 -1 4",48,1,128
6123,1,"1 2 -4 -1 4 4 4 4 4 4 -2 -4",24,1,-512
6124,1,"1 2 3 -2 -1 4 4 3 4 4 -3 -3",48,1,-256
6125,1,"1 2 4 3 4 4 -1 -3 4 3 -2 -3",48,1,0
6126,1,"1 2 3 4 3 -2 4 -3 4 -1 4 -3",48,1,-64
6127,1,"1 2 3 4 -3 -2 -2 4 2 -1 4 4",48,1,0
6128,1,"1 2 3 -1 -3 4 3 4 -2 4 4 -3",48,1,-128
6129,1,"1 2 3 4 2 -3 4 -2 -1 4 4 -2",48,1,128
6130,1,"1 2 2 4 4 -2 4 4 -2 -4 -1 4",24,1,256
6131,1,"1 4 4 1 4 4 -1 4 4 -1 -4 -4",6,1,-512
6132,1,"1 2 3 3 4 -1 4 4 -2 -3 -3 4",48,1,0
6133,1,"1 2 3 2 4 -2 4 -3 4 -1 4 -2",48,1,0
6134,1,"1 2 3 -2 4 4 3 -1 -3 4 -3 4",48,1,-128
6135,1,"1 2 3 -1 -2 4 4 4 4 4 -3 -4",48,1,-256
6136,1,"1 2 3 4 2 4 -3 -2 4 -1 4 -2",48,1,0
6137,1,"1 2 -1 -2 4 4 -2 4 -1 2 4 1",24,1,0
6138,1,"1 2 3 3 -1 -2 4 4 4 -3 4 -3",48,1,-256
6139,1,"1 2 4 3 -2 -3 4 -1 -3 4 4 3",48,1,0
6140,1,"1 2 2 4 3 4 -2 -3 4 -1 -2 4",48,1,0
6141,1,"1 2 3 3 4 4 4 -1 4 -3 -3 -2",48,1,0
6142,1,"1 2 4 3 3 4 4 -1 -3 4 -2 -3",48,1,0
6143,1,"1 2 -1 -2 4 3 4 4 -2 -3 2 4",48,1,0
6144,1,"1 2 -1 -2 -2 3 4 4 -3 2 4 4",48,1,-256
6145,1,"1 4 4 4 4 2 4 -2 -2 -1 -4 2",24,1,-512
6146,1,"1 2 4 -1 4 -2 4 3 -4 -3 4 4",48,1,-128
6147,1,"1 2 -1 4 4 3 2 4 -2 -3 4 -2",48,1,-128
6148,1,"1 2 4 2 4 2 -1 -2 4 4 -2 -2",24,1,-256
6149,1,"1 2 -1 -1 -2 4 4 -2 4 4 2 1",24,1,0
6150,1,"1 2 -1 4 -2 4 -2 -1 4 2 1 4",24,1,128
6151,1,"1 2 4 3 -2 4 -3 4 -1 2 4 -2",48,1,64
6152,1,"1 2 -1 4 -2 -2 -2 4 4 2 4 2",24,1,256
6153,1,"1 2 1 2 4 -2 -1 4 -1 4 4 -2",24,1,128
6154,1,"1 2 -1 -1 4 4 4 -2 1 2 4 -2",24,1,-256
6155,1,"1 2 4 3 -4 -3 4 -2 4 -1 4 4",48,1,-128
6156,1,"1 4 2 2 -1 4 -2 4 2 4 -2 -2",24,1,0
6157,1,"1 2 3 4 2 4 -3 4 -2 -1 -2 4",48,1,64
6158,1,"1 2 3 -2 -3 4 4 4 -1 -3 4 3",48,1,-128
6159,1,"1 2 4 -2 4 -2 -1 -2 4 4 2 2",24,1,256
6160,1,"1 2 -1 4 -2 -1 4 -2 4 2 1 4",24,1,128
6161,1,"1 2 4 4 -2 4 -2 -4 -1 4 2 4",24,1,128
6162,1,"1 2 1 4 4 2 -1 -2 -2 -1 4 4",24,1,256
6163,1,"1 2 3 -1 -2 -3 4 4 4 3 4 -3",48,1,-256
6164,1,"1 2 -1 -2 4 4 3 2 -3 4 4 -2",48,1,0
6165,1,"1 2 3 4 4 -2 4 -1 3 4 -3 -3",48,1,128
6166,1,"1 2 4 3 -1 4 3 -2 -3 4 4 -3",48,1,0
6167,1,"1 2 -4 2 4 4 -1 4 -2 4 4 -2",24,1,0
6168,1,"1 2 4 3 -2 -3 4 -3 -1 4 3 4",48,1,64
6169,1,"1 2 3 4 2 4 4 -2 -3 4 -1 -2",48,1,0
6170,1,"1 4 2 4 3 -2 4 3 -1 4 -3 -3",48,1,0
6171,1,"1 2 4 -2 -2 -2 4 4 -1 4 2 2",24,1,512
6172,1,"1 2 -1 4 4 3 -2 -2 -3 4 4 2",48,1,0
6173,1,"1 1 1 -4 -1 4 -1 4 4 4 -1 4",6,1,-512
6174,1,"1 2 3 2 4 4 -3 -2 4 -1 4 -2",48,1,0
6175,1,"1 2 2 4 -2 -1 4 -2 -2 4 2 4",24,1,256
6176,1,"1 2 4 2 3 -2 4 -2 -1 4 -3 4",48,1,0
6177,1,"1 2 4 3 -2 -4 -1 -3 4 4 4 4",48,1,0
6178,1,"1 2 3 4 -3 -1 -4 -2 4 4 4 4",48,1,0
6179,1,"1 2 -1 4 3 4 4 4 -3 4 -2 -4",48,1,-256
6180,1,"1 2 2 4 2 -1 4 -2 -2 4 -2 4",24,1,0
6181,1,"1 2 3 3 -2 4 -3 -3 4 -1 4 4",48,1,0
6182,1,"1 2 -1 4 3 4 3 4 -3 -2 4 -3",48,1,64
6183,1,"1 2 -1 -2 4 -2 1 2 4 4 -1 4",24,1,-128
6184,1,"1 2 3 4 4 -1 4 -2 -2 -3 2 4",48,1,-128
6185,1,"1 2 4 -1 4 4 -2 4 3 -4 -3 4",48,1,-128
6186,1,"1 2 4 2 2 4 -2 -2 -2 -1 4 4",24,1,512
6187,1,"1 2 1 4 2 4 -1 -2 4 -1 -2 4",24,1,0
6188,1,"1 2 -1 4 -1 2 4 4 4 -2 -2 1",24,1,0
6189,1,"1 2 4 -1 4 4 -2 -4 2 4 4 -2",24,1,0
6190,1,"1 2 4 3 2 4 -2 -3 -2 4 -1 4",48,1,64
6191,1,"1 2 3 4 -2 -4 -1 4 4 4 -3 4",48,1,128
6192,1,"1 2 4 4 4 3 -1 -4 -3 4 -2 4",48,1,-128
6193,1,"1 2 3 3 -1 4 -2 -3 4 -3 4 4",48,1,0
6194,1,"1 2 1 2 4 4 -1 -2 4 -2 -1 4",24,1,128
6195,1,"1 2 2 4 -2 3 -2 4 -1 4 -3 4",48,1,128
6196,1,"1 4 2 2 4 -2 -2 -2 -1 4 2 4",24,1,256
6197,1,"1 2 2 -1 4 1 -2 4 4 -1 -2 4",24,1,0
6198,1,"1 2 3 3 -2 -3 4 4 -1 4 -3 4",48,1,-128
6199,1,"1 2 3 4 3 -2 -3 -1 -3 4 4 4",48,1,-128
6200,1,"1 2 4 3 -4 -3 4 -1 4 4 -2 4",48,1,-128
6201,1,"1 4 2 4 4 4 4 4 -1 -4 -2 -4",24,1,-512
6202,1,"1 4 2 -1 4 4 2 4 -2 4 -2 -4",24,1,-128
6203,1,"1 2 1 -2 4 -1 -2 -1 4 4 2 4",24,1,128
6204,1,"1 2 4 3 -1 -3 4 -2 3 4 -3 4",48,1,-64
6205,1,"1 4 2 2 -1 4 4 4 4 -2 -4 -2",24,1,0
6206,1,"1 2 2 -1 4 1 4 -2 -1 4 -2 4",24,1,128
6207,1,"1 2 2 4 -1 4 -2 4 -2 -2 4 2",24,1,256
6208,1,"1 2 3 4 4 -2 4 4 4 -3 -1 -4",48,1,-256
6209,1,"1 2 3 -2 -3 -2 4 -1 4 4 2 4",48,1,0
6210,1,"1 2 4 -1 4 -2 3 4 -3 2 4 -2",48,1,0
6211,1,"1 2 3 3 4 -3 4 4 -1 4 -3 -2",48,1,0
6212,1,"1 2 3 4 4 3 4 -1 -2 4 -3 -3",48,1,0
6213,1,"1 2 3 -2 -1 4 2 4 4 -3 -2 4",48,1,0
6214,1,"1 2 -1 -1 -2 4 4 2 4 -2 1 4",24,1,-256
6215,1,"1 4 2 4 -1 4 4 2 -4 -2 -2 4",24,1,-256
6216,1,"1 2 4 3 -2 4 -1 -3 4 -3 4 3",48,1,64
6217,1,"1 2 4 -1 4 4 4 4 4 -2 -4 -4",24,1,-512
6218,1,"1 2 3 -2 -2 4 4 -1 4 -3 4 2",48,1,0
6219,1,"1 2 1 -2 -2 4 2 -1 4 -1 4 4",24,1,256
6220,1,"1 2 1 4 4 2 -1 -1 4 -2 4 -2",24,1,0
6221,1,"1 2 1 -2 -2 -1 4 2 -1 4 4 4",24,1,256
6222,1,"1 2 -1 4 4 3 -2 4 2 -3 -2 4",48,1,0
6223,1,"1 2 4 4 -1 -2 -4 3 4 -3 4 4",48,1,0
6224,1,"1 2 4 4 4 3 3 4 -2 -3 -1 -3",48,1,0
6225,1,"1 2 -1 -1 4 -2 1 4 2 4 -2 4",24,1,-128
6226,1,"1 2 4 4 3 3 -2 4 -1 4 -3 -3",48,1,0
6227,1,"1 4 -1 -4 2 2 4 4 4 -2 4 -2",24,1,256
6228,1,"1 2 3 4 2 -3 4 -1 4 -2 4 -2",48,1,0
6229,1,"1 2 1 4 -2 4 -2 -1 4 2 -1 4",24,1,128
6230,1,"1 2 3 4 -2 4 4 -1 3 4 -3 -3",48,1,128
6231,1,"1 2 3 -2 -3 -2 -1 4 4 4 4 2",48,1,0
6232,1,"1 2 4 3 -2 -3 -3 4 4 4 -1 3",48,1,256
6233,1,"1 2 3 4 4 -1 4 2 -3 -2 -2 4",48,1,128
6234,1,"1 2 -4 -1 4 -2 4 3 4 -3 4 4",48,1,-128
6235,1,"1 2 3 4 -3 -1 4 -3 4 3 -2 4",48,1,0
6236,1,"1 2 4 3 -4 -1 4 -3 -2 4 4 4",48,1,-128
6237,1,"1 2 1 -2 -1 -2 4 4 4 2 -1 4",24,1,256
6238,1,"1 2 -1 -2 4 4 -2 3 2 4 -3 4",48,1,0
6239,1,"1 2 4 4 -2 4 4 2 -4 -2 -1 4",24,1,-256
6240,1,"1 2 3 4 -3 4 3 -1 -3 -2 4 4",48,1,-128
6241,1,"1 2 3 -2 3 4 -3 4 4 -3 -1 4",48,1,128
6242,1,"1 2 1 4 -2 -1 4 -2 4 2 -1 4",24,1,128
6243,1,"1 2 4 3 -1 3 4 -2 4 -3 -3 4",48,1,128
6244,1,"1 2 3 4 3 -2 4 -1 -3 4 -3 4",48,1,-64
6245,1,"1 2 4 3 2 4 -2 -3 4 -1 4 -2",48,1,0
6246,1,"1 2 -1 4 -2 4 -2 3 4 -3 4 2",48,1,64
6247,1,"1 4 2 -1 -4 -2 4 2 4 4 -2 4",24,1,-128
6248,1,"1 2 3 -4 -2 4 4 -3 4 4 -1 4",48,1,-128
6249,1,"1 2 4 -1 3 -4 -3 4 4 -2 4 4",48,1,-128
6250,1,"1 2 3 -2 4 -3 4 4 2 4 -1 -2",48,1,0
6251,1,"1 2 4 3 4 3 -1 -3 4 -2 -3 4",48,1,64
6252,1,"1 2 4 3 4 -3 -1 4 -3 -2 3 4",48,1,64
6253,1,"1 2 3 4 -2 -3 -2 4 2 -1 4 4",48,1,0
6254,1,"1 2 4 -2 3 -2 4 2 -1 4 -3 4",48,1,0
6255,1,"1 1 1 4 4 4 -1 4 -1 4 -1 -4",6,1,-512
6256,1,"1 2 4 3 4 -1 4 4 -3 -4 -2 4",48,1,0
6257,1,"1 2 3 -2 4 -3 4 2 -1 4 -2 4",48,1,0
6258,1,"1 2 -1 -1 4 -2 4 2 1 4 -2 4",24,1,128
6259,1,"1 1 4 1 1 4 -1 -1 4 -1 -1 4",3,1,512
6260,1,"1 2 4 3 4 -3 -2 4 3 4 -1 -3",48,1,64
6261,1,"1 2 -1 -2 4 2 4 3 4 -3 4 -2",48,1,-128
6262,1,"1 2 2 4 4 4 -1 -2 4 4 -2 -4",24,1,-512
6263,1,"1 2 -4 2 -1 4 4 4 -2 4 -2 4",24,1,0
6264,1,"1 2 3 4 4 4 4 -2 3 -1 -3 -3",48,1,-256
6265,1,"1 2 3 -2 4 4 -3 2 4 -1 -2 4",48,1,0
6266,1,"1 2 1 -2 4 4 -1 -2 -1 2 4 4",12,1,0
6267,1,"1 2 3 3 4 -2 4 4 -3 -1 4 -3",48,1,128
6268,1,"1 2 4 4 -2 4 4 4 2 -1 -2 -4",24,1,-256
6269,1,"1 4 4 2 4 -2 -2 -1 -4 2 4 4",24,1,-256
6270,1,"1 2 1 4 -2 4 -1 -1 4 2 4 -2",24,1,128
6271,1,"1 2 3 -2 4 4 2 -1 4 -3 4 -2",48,1,0
6272,1,"1 2 3 4 3 -2 -3 4 -3 4 -1 4",48,1,-64
6273,1,"1 2 3 4 4 4 4 -1 -4 -3 4 -2",48,1,-256
6274,1,"1 2 4 2 -1 -2 4 4 -2 -2 4 2",24,1,0
6275,1,"1 2 3 4 4 4 4 -1 4 -3 -2 -4",48,1,-256
6276,1,"1 2 1 4 2 -1 -1 4 4 4 -2 -2",24,1,0
6277,1,"1 1 4 -1 4 1 4 4 4 -1 -1 -4",6,1,-512
6278,1,"1 2 2 4 4 -2 -1 -2 4 -2 4 2",24,1,256
6279,1,"1 2 3 4 2 -1 4 4 -2 -2 -3 4",48,1,-128
6280,1,"1 2 4 -2 4 4 -1 4 4 2 -4 -2",24,1,0
6281,1,"1 2 2 4 -2 -2 4 4 4 4 -1 -4",24,1,-512
6282,1,"1 2 4 2 -1 4 -2 -4 -2 4 4 4",24,1,0
6283,1,"1 2 4 2 -1 2 4 4 -2 -2 4 -2",24,1,0
6284,1,"1 2 3 -2 -3 -1 4 4 -3 4 4 3",48,1,128
6285,1,"1 2 2 4 -1 4 -2 1 4 -2 -1 4",24,1,128
6286,1,"1 2 4 2 -1 4 -2 -2 -2 4 2 4",24,1,0
6287,1,"1 2 -1 4 -2 4 4 2 -1 4 -2 1",24,1,-256
6288,1,"1 2 -1 4 2 4 -1 4 4 -2 -2 1",24,1,-256
6289,1,"1 2 3 4 -1 -2 4 3 4 4 -3 -3",48,1,0
6290,1,"1 2 -1 -2 4 4 -1 -2 1 2 4 4",12,1,0
6291,1,"1 2 3 2 -3 4 4 -1 -2 -2 4 4",48,1,0
6292,1,"1 2 -1 -1 -2 1 4 4 4 2 4 -2",24,1,-256
6293,1,"1 2 3 -4 -3 4 4 4 -2 4 -1 4",48,1,-128
6294,1,"1 2 4 3 4 -1 -4 -3 -2 4 4 4",48,1,-128
6295,1,"1 2 4 3 -2 -4 -1 4 4 -3 4 4",48,1,128
6296,1,"1 2 -4 3 4 -2 4 -1 4 -3 4 4",48,1,0
6297,1,"1 2 1 -2 -2 4 -1 -1 2 4 4 4",24,1,0
6298,1,"1 2 4 3 -2 4 -1 3 4 -3 -3 4",48,1,128
6299,1,"1 2 4 3 4 -1 4 4 -2 4 -3 -4",48,1,0
6300,1,"1 2 -1 -2 1 2 4 4 4 -1 -2 4",24,1,0
6301,1,"1 2 3 4 4 4 -3 4 -2 -4 -1 4",48,1,128
6302,1,"1 2 4 2 -1 -2 4 2 4 -2 4 -2",24,1,-128
6303,1,"1 2 1 4 2 4 -1 4 -1 -2 4 -2",24,1,0
6304,1,"1 2 2 4 -1 -2 4 4 2 4 -2 -2",24,1,-256
6305,1,"1 2 4 -1 -1 -2 4 -2 4 2 4 1",24,1,0
6306,1,"1 2 2 2 4 -1 -2 4 4 -2 -2 4",24,1,0
6307,1,"1 2 3 -1 4 4 -2 4 -3 -3 4 3",48,1,128
6308,1,"1 1 4 -1 4 -1 -4 1 4 -1 4 4",6,1,-256
6309,1,"1 2 4 4 4 3 -2 -3 -1 -3 4 3",48,1,128
6310,1,"1 2 -4 -2 4 4 4 -1 4 -2 4 2",24,1,-256
6311,1,"1 2 3 2 4 4 -2 4 -1 4 -3 -2",48,1,0
6312,1,"1 2 4 4 -2 -2 -4 2 -1 4 4 4",24,1,0
6313,1,"1 2 1 4 -1 -1 -2 -2 4 4 2 4",24,1,256
6314,1,"1 2 -1 4 -1 4 -2 -2 4 1 2 4",24,1,-128
6315,1,"1 2 4 -2 3 3 -1 4 4 4 -3 -3",48,1,256
6316,1,"1 2 2 4 -1 2 4 -2 4 -2 4 -2",24,1,128
6317,1,"1 2 3 -1 4 -3 -2 4 4 3 4 -3",48,1,0
6318,1,"1 2 3 -2 -1 4 4 4 -3 -2 4 2",48,1,128
6319,1,"1 1 4 -1 -4 1 4 -1 4 4 -1 4",6,1,-256
6320,1,"1 2 4 -1 3 -2 4 3 4 4 -3 -3",48,1,0
6321,1,"1 2 3 4 -1 4 -3 -3 4 3 4 -2",48,1,0
6322,1,"1 2 4 3 4 4 -3 -2 -3 4 -1 3",48,1,0
6323,1,"1 2 3 3 4 -3 -2 4 -1 4 -3 4",48,1,128
6324,1,"1 2 2 4 4 4 4 -1 -2 -4 -2 4",24,1,0
6325,1,"1 2 2 2 4 -2 -1 4 -2 4 4 -2",24,1,256
6326,1,"1 2 4 3 -2 4 -3 4 -1 -3 4 3",48,1,64
6327,1,"1 2 3 -2 -3 -3 4 3 4 4 -1 4",48,1,-128
6328,1,"1 2 3 4 4 -3 2 4 -2 4 -1 -2",48,1,0
6329,1,"1 2 2 4 -1 4 -1 -2 -2 4 1 4",12,1,0
6330,1,"1 2 2 4 -2 -1 4 4 2 4 -2 -2",24,1,256
6331,1,"1 2 4 -1 4 4 4 3 3 -2 -3 -3",48,1,-256
6332,1,"1 2 -1 4 3 -2 -2 4 -3 2 4 4",48,1,0
6333,1,"1 2 1 2 -1 4 -2 -1 4 4 -2 4",24,1,128
6334,1,"1 2 2 -1 4 -1 -2 -2 1 4 4 4",24,1,-512
6335,1,"1 2 -1 4 4 3 2 4 -3 -2 -2 4",48,1,0
6336,1,"1 2 3 4 -3 -3 -1 4 4 -2 4 3",48,1,128
6337,1,"1 2 3 4 2 4 -2 -1 -2 4 -3 4",48,1,64
6338,1,"1 4 4 2 2 -4 -2 -1 4 4 4 -2",24,1,-512
6339,1,"1 2 4 3 -2 -3 4 3 4 4 -1 -3",48,1,-128
6340,1,"1 2 4 -1 4 4 -2 4 4 2 -4 -2",24,1,0
6341,1,"1 2 4 4 -2 -2 -2 -1 4 2 2 4",24,1,512
6342,1,"1 2 3 4 4 -2 -1 -2 -3 4 4 2",24,1,0
6343,1,"1 2 3 3 4 4 -3 -1 4 4 -3 -2",48,1,256
6344,1,"1 4 2 4 -2 -4 -1 4 2 4 4 -2",24,1,128
6345,1,"1 2 3 4 -1 -3 4 -2 3 4 -3 4",48,1,0
6346,1,"1 2 2 4 -2 4 4 -1 4 4 -2 -4",24,1,-256
6347,1,"1 2 3 4 4 4 3 -2 -3 4 -1 -3",48,1,-128
6348,1,"1 2 4 3 4 -3 -1 -3 4 -2 3 4",48,1,64
6349,1,"1 2 -1 4 1 -2 -1 4 -2 4 2 4",24,1,128
6350,1,"1 2 3 -2 -1 -3 4 3 4 4 4 -3",48,1,-256
6351,1,"1 2 3 4 -3 4 4 -3 -1 -2 4 3",48,1,0
6352,1,"1 2 4 3 3 4 -1 -2 4 -3 -3 4",24,1,0
6353,1,"1 4 2 4 -1 4 -2 4 2 4 -2 -4",24,1,0
6354,1,"1 2 4 3 4 4 -2 -3 -4 -1 4 4",48,1,128
6355,1,"1 2 3 -1 -3 4 4 -3 4 3 4 -2",48,1,-128
6356,1,"1 2 3 4 4 3 -1 4 -3 4 -3 -2",48,1,-128
6357,1,"1 2 -1 4 -2 -4 -2 4 4 4 2 4",24,1,0
6358,1,"1 2 4 4 -2 4 4 3 4 -1 -3 -4",48,1,-128
6359,1,"1 2 3 -2 -3 4 -1 4 -3 4 3 4",48,1,-64
6360,1,"1 2 3 -2 -1 4 3 4 4 4 -3 -3",48,1,-256
6361,1,"1 2 3 4 4 4 -3 -2 -2 4 -1 2",48,1,256
6362,1,"1 2 4 -2 3 4 -3 -1 3 4 -3 4",48,1,-64
6363,1,"1 4 4 2 4 2 4 -1 -4 -2 -2 4",24,1,0
6364,1,"1 2 4 3 4 -3 -3 -1 4 4 -2 3",48,1,0
6365,1,"1 2 4 -2 4 4 -2 -4 -1 2 4 4",24,1,0
6366,1,"1 2 4 3 4 -3 4 -2 4 3 -1 -3",48,1,-64
6367,1,"1 2 3 4 2 4 -3 -2 -1 4 4 -2",48,1,128
6368,1,"1 2 4 4 -2 -1 -4 -2 4 4 4 2",24,1,256
6369,1,"1 2 -1 -2 4 4 -2 -1 4 2 4 1",24,1,0
6370,1,"1 2 3 3 -1 -2 4 4 4 -3 -3 4",48,1,-256
6371,1,"1 2 3 -2 4 -1 3 4 4 -3 4 -3",48,1,0
6372,1,"1 2 3 -1 4 -3 -3 4 -2 4 3 4",48,1,0
6373,1,"1 2 4 -1 -4 -2 4 4 4 2 4 -2",24,1,-256
6374,1,"1 2 4 3 4 3 -2 -1 4 -3 4 -3",24,1,0
6375,1,"1 2 4 3 4 3 -2 -3 4 -1 4 -3",48,1,-64
6376,1,"1 2 4 3 -2 -3 -3 -1 3 4 4 4",48,1,256
6377,1,"1 2 -1 4 4 3 -2 -3 -3 4 4 3",48,1,256
6378,1,"1 2 4 4 4 4 -2 -2 -1 4 2 -4",24,1,0
6379,1,"1 2 2 3 4 -2 4 -2 -1 4 -3 4",48,1,128
6380,1,"1 2 2 2 4 4 4 -2 -2 -1 4 -2",24,1,512
6381,1,"1 4 -1 4 4 2 -4 -2 4 -2 4 2",24,1,-128
6382,1,"1 2 2 4 4 -2 -1 -2 4 2 4 -2",24,1,0
6383,1,"1 2 4 2 4 -2 4 -2 -1 -2 4 2",24,1,128
6384,1,"1 2 3 4 -1 4 -2 4 3 4 -3 -3",48,1,0
6385,1,"1 2 4 4 4 4 -2 -1 4 -2 -4 2",24,1,-256
6386,1,"1 2 4 4 2 -4 -1 4 -2 -2 4 4",24,1,-256
6387,1,"1 2 -4 2 4 4 -1 4 -2 4 -2 4",24,1,128
6388,1,"1 2 4 3 4 -2 -2 -3 4 -1 4 2",48,1,128
6389,1,"1 2 3 4 2 -1 -2 4 4 -2 -3 4",48,1,-128
6390,1,"1 2 1 -2 -1 -2 4 -1 4 4 2 4",24,1,128
6391,1,"1 2 3 4 4 3 -2 -1 4 -3 -3 4",48,1,0
6392,1,"1 2 3 4 -2 -2 -1 4 2 4 -3 4",48,1,128
6393,1,"1 2 -1 4 4 -2 4 4 4 2 -4 -2",24,1,256
6394,1,"1 2 -1 4 3 -2 -3 4 -2 4 4 2",48,1,0
6395,1,"1 4 2 4 -2 4 4 -2 -1 -4 2 4",24,1,-128
6396,1,"1 2 4 3 4 4 -2 3 -1 -3 -3 4",48,1,128
6397,1,"1 2 -1 -4 2 4 4 -2 -2 4 4 4",24,1,512
6398,1,"1 2 4 4 4 3 -2 4 -3 -3 -1 3",48,1,0
6399,1,"1 2 3 2 4 -1 -2 4 4 -3 -2 4",48,1,0
6400,1,"1 2 4 -2 -4 -1 4 -2 4 4 4 2",24,1,0
6401,1,"1 2 4 4 -1 4 4 -2 -4 2 4 -2",24,1,0
6402,1,"1 2 3 2 -1 -2 4 4 -3 4 4 -2",48,1,-256
6403,1,"1 2 3 4 4 3 -1 4 -3 -3 -2 4",48,1,0
6404,1,"1 2 -1 4 3 2 4 -3 4 -2 4 -2",48,1,-64
6405,1,"1 2 2 4 2 4 -2 -2 -2 -1 4 4",24,1,512
6406,1,"1 2 -1 -2 4 -1 2 1 4 -2 4 4",24,1,128
6407,1,"1 2 3 -2 4 4 4 -3 2 4 -1 -2",48,1,128
6408,1,"1 2 1 4 2 4 -1 -2 -1 4 -2 4",12,1,128
6409,1,"1 2 2 4 -2 -2 -1 4 -1 4 1 4",24,1,256
6410,1,"1 2 2 -1 -2 -2 4 4 4 -2 4 2",24,1,0
6411,1,"1 2 2 4 -1 -1 -2 4 1 4 -2 4",24,1,0
6412,1,"1 2 -1 -1 4 1 -2 4 4 2 4 -2",24,1,0
6413,1,"1 2 2 4 -1 4 -1 -2 4 -2 4 1",24,1,0
6414,1,"1 2 3 4 -1 -3 -3 4 4 4 3 -2",48,1,0
6415,1,"1 2 4 3 3 4 -1 -3 4 -2 4 -3",48,1,0
6416,1,"1 4 -1 4 4 2 -4 2 4 -2 4 -2",24,1,128
6417,1,"1 4 -1 -4 2 4 -2 4 2 4 4 -2",24,1,128
6418,1,"1 2 4 2 4 -2 -2 -2 -1 4 2 4",24,1,256
6419,1,"1 2 3 4 -3 -3 -2 3 -1 4 4 4",48,1,256
6420,1,"1 2 4 4 4 4 2 -1 4 -2 -4 -2",24,1,-256
6421,1,"1 2 4 3 4 -1 -4 -3 4 4 -2 4",48,1,0
6422,1,"1 2 4 -1 3 4 -2 4 3 4 -3 -3",48,1,128
6423,1,"1 2 3 4 -1 -2 4 -3 -3 4 3 4",48,1,0
6424,1,"1 2 2 3 4 4 -1 -2 4 -3 -2 4",48,1,128
6425,1,"1 2 2 4 4 4 4 4 -2 -2 -1 -4",24,1,-1024
6426,1,"1 2 1 2 4 4 4 -1 -1 -2 4 -2",24,1,-256
6427,1,"1 2 3 -2 -1 4 -2 4 -3 2 4 4",48,1,0
6428,1,"1 2 3 4 4 -3 -4 -2 4 -1 4 4",48,1,128
6429,1,"1 2 4 2 4 -2 4 4 -2 4 -1 -4",24,1,-128
6430,1,"1 2 4 -1 3 -2 -3 4 -3 4 3 4",48,1,-64
6431,1,"1 2 -1 4 4 4 2 -4 -2 4 4 -2",24,1,256
6432,1,"1 2 -1 4 2 4 -1 -2 1 4 -2 4",12,1,-128
6433,1,"1 2 1 4 4 -2 -1 -1 2 4 -2 4",24,1,0
6434,1,"1 2 3 -1 3 4 4 4 -3 4 -2 -3",48,1,-128
6435,1,"1 2 3 3 4 -2 -3 4 -3 4 -1 4",48,1,0
6436,1,"1 2 4 4 -2 -2 -4 2 4 4 -1 4",24,1,-256
6437,1,"1 2 1 4 -1 -1 4 -2 -2 4 2 4",24,1,256
6438,1,"1 2 4 3 4 -2 -3 -1 -3 4 4 3",48,1,128
6439,1,"1 2 4 4 -2 -4 3 4 -1 4 -3 4",48,1,0
6440,1,"1 2 3 4 -1 2 4 -2 4 -3 -2 4",48,1,64
6441,1,"1 2 3 -1 3 4 4 4 -2 -3 -3 4",48,1,0
6442,1,"1 2 2 4 3 4 -1 -2 4 -2 -3 4",48,1,0
6443,1,"1 2 -1 -2 4 4 1 2 4 -1 -2 4",24,1,-128
6444,1,"1 2 2 3 4 -3 4 -1 -2 4 4 -2",48,1,-128
6445,1,"1 2 3 -2 -3 -3 4 4 3 -1 4 4",48,1,-256
6446,1,"1 2 3 -2 4 4 4 3 -1 -3 4 -3",48,1,-128
6447,1,"1 2 3 -1 4 4 -3 -3 -2 3 4 4",48,1,0
6448,1,"1 2 3 4 3 4 -3 -2 -1 4 -3 4",48,1,128
6449,1,"1 2 -1 4 4 3 4 -2 3 4 -3 -3",48,1,128
6450,1,"1 2 3 -2 4 -2 -1 4 -3 2 4 4",48,1,0
6451,1,"1 2 3 4 -3 -3 4 4 -1 -2 4 3",48,1,0
6452,1,"1 4 2 -1 4 4 -2 -2 -4 2 4 4",24,1,-256
6453,1,"1 2 -1 -2 4 -2 4 -1 2 1 4 4",24,1,128
6454,1,"1 2 3 4 4 -1 -2 -2 4 -3 4 2",48,1,128
6455,1,"1 2 3 -1 4 -3 4 -3 -2 4 3 4",48,1,0
6456,1,"1 2 1 2 4 -2 4 -2 -1 -1 4 4",24,1,256
6457,1,"1 2 -1 -1 -2 -2 1 4 2 4 4 4",24,1,-512
6458,1,"1 2 4 3 4 3 -2 -3 -1 4 -3 4",48,1,64
6459,1,"1 2 4 4 -2 3 -1 -3 -3 4 3 4",48,1,128
6460,1,"1 2 -1 4 4 2 1 4 -1 -2 -2 4",24,1,0
6461,1,"1 2 4 -1 -2 4 2 3 4 -3 4 -2",48,1,-64
6462,1,"1 2 3 -1 4 3 4 -2 -3 4 -3 4",48,1,0
6463,1,"1 2 1 -2 4 4 2 -1 4 -1 -2 4",24,1,128
6464,1,"1 2 4 -2 4 4 -1 2 4 4 -2 -4",24,1,0
6465,1,"1 2 4 4 4 3 -1 4 3 -2 -3 -3",48,1,0
6466,1,"1 2 3 -2 4 4 4 -3 4 4 -1 -4",48,1,0
6467,1,"1 2 3 4 4 4 2 -3 -2 4 -1 -2",48,1,-128
6468,1,"1 2 1 4 -2 4 -2 4 -1 -1 2 4",24,1,128
6469,1,"1 2 4 -2 4 -1 4 4 2 4 -2 -4",24,1,-128
6470,1,"1 2 3 -2 4 4 -3 4 2 4 -1 -2",48,1,0
6471,1,"1 1 1 4 4 4 -1 -1 4 4 -1 -4",6,1,-1024
6472,1,"1 2 4 4 -2 4 4 4 2 -1 -4 -2",24,1,-256
6473,1,"1 2 3 -1 -2 4 3 4 -3 -3 4 4",48,1,-128
6474,1,"1 2 4 -2 4 -1 -4 3 4 4 -3 4",48,1,0
6475,1,"1 2 4 -2 4 4 -2 -4 -1 4 4 2",24,1,0
6476,1,"1 2 4 3 4 -3 -2 3 4 4 -1 -3",48,1,128
6477,1,"1 2 3 -1 4 -3 -2 3 4 4 -3 4",48,1,0
6478,1,"1 2 4 2 4 4 4 -1 -2 4 -2 -4",24,1,-256
6479,1,"1 2 3 -2 4 4 -3 2 -1 4 -2 4",48,1,0
6480,1,"1 2 3 3 4 -2 4 4 -3 -1 -3 4",48,1,128
6481,1,"1 2 3 4 4 -3 -2 -3 4 3 -1 4",48,1,0
6482,1,"1 2 -1 4 3 -2 4 -3 4 -2 4 2",48,1,64
6483,1,"1 2 2 4 -1 4 3 -2 4 -3 -2 4",48,1,128
6484,1,"1 2 -1 -1 -2 -2 4 2 1 4 4 4",24,1,0
6485,1,"1 2 4 3 4 -3 -3 -2 4 -1 4 3",48,1,0
6486,1,"1 2 2 3 4 4 -1 4 -3 -2 4 -2",48,1,0
6487,1,"1 2 3 4 -3 -3 4 -1 -2 3 4 4",48,1,128
6488,1,"1 2 4 3 -2 -3 -3 4 3 -1 4 4",48,1,-128
6489,1,"1 2 4 3 -2 -3 -1 4 3 4 4 -3",48,1,0
6490,1,"1 4 2 -4 -1 4 4 2 4 4 -2 -2",24,1,-256
6491,1,"1 2 -1 -2 4 4 4 2 2 4 -2 -2",24,1,-512
6492,1,"1 2 4 -2 4 -1 -4 2 4 4 -2 4",24,1,128
6493,1,"1 2 3 -2 -3 -1 4 -3 4 4 4 3",48,1,128
6494,1,"1 2 -1 4 3 -2 3 4 -3 4 -3 4",48,1,0
6495,1,"1 4 4 4 2 -4 -2 4 4 4 -1 -4",12,1,512
6496,1,"1 2 2 4 -1 4 -2 -2 -2 4 2 4",24,1,256
6497,1,"1 2 4 2 4 2 -1 4 -2 -2 -2 4",24,1,0
6498,1,"1 4 2 -4 -2 4 -2 -1 4 4 4 2",24,1,0
6499,1,"1 2 3 4 -1 -2 3 4 4 4 -3 -3",48,1,256
6500,1,"1 2 1 -2 4 2 4 -1 4 4 -1 -2",24,1,128
6501,1,"1 2 -1 -2 4 1 2 4 4 -1 -2 4",24,1,-128
6502,1,"1 2 -4 -2 -2 -1 4 4 4 2 4 4",24,1,-512
6503,1,"1 2 4 -2 -2 -2 -1 4 2 4 2 4",24,1,256
6504,1,"1 2 3 4 4 -1 -4 -3 -2 4 4 4",48,1,-256
6505,1,"1 2 2 4 1 -2 4 -1 -1 -2 4 4",24,1,256
6506,1,"1 2 2 -1 -2 -2 4 4 4 2 4 -2",24,1,-512
6507,1,"1 2 -1 -2 1 2 4 4 -1 4 -2 4",24,1,-128
6508,1,"1 2 4 4 4 2 -4 -2 -2 4 -1 4",24,1,-256
6509,1,"1 2 1 2 4 4 -1 4 -2 -1 4 -2",24,1,128
6510,1,"1 2 -1 4 3 -2 3 4 4 -3 -3 4",48,1,0
6511,1,"1 2 2 -1 4 4 -1 -2 -2 1 4 4",12,1,-512
6512,1,"1 2 -1 -1 2 4 -2 4 4 1 -2 4",24,1,256
6513,1,"1 2 1 4 -2 4 -1 4 -2 -1 2 4",24,1,0
6514,1,"1 2 4 -2 3 4 -3 -3 4 -1 4 3",48,1,0
6515,1,"1 2 4 -1 4 4 4 2 -4 -2 -2 4",24,1,-256
6516,1,"1 2 3 4 3 4 -3 -2 4 -3 -1 4",48,1,64
6517,1,"1 2 3 4 3 4 -3 4 -3 -1 -2 4",48,1,64
6518,1,"1 2 4 -1 3 4 -3 -2 4 3 4 -3",48,1,128
6519,1,"1 2 3 3 4 -2 -1 4 4 -3 4 -3",48,1,0
6520,1,"1 2 -1 4 3 4 4 3 4 -2 -3 -3",48,1,-128
6521,1,"1 4 2 -4 2 4 -2 -1 4 4 4 -2",24,1,256
6522,1,"1 2 3 4 -1 4 -3 2 4 4 -2 -2",48,1,0
6523,1,"1 2 3 4 4 -2 -2 -3 2 -1 4 4",48,1,0
6524,1,"1 2 4 -1 3 -2 3 4 4 4 -3 -3",48,1,256
6525,1,"1 2 3 4 -1 3 4 -2 -3 -3 4 4",48,1,0
6526,1,"1 4 2 2 4 4 4 4 -2 -2 -1 -4",24,1,-512
6527,1,"1 2 3 -1 4 -3 4 4 3 4 -2 -3",48,1,-128
6528,1,"1 2 3 4 4 4 -3 -2 -3 4 -1 3",48,1,128
6529,1,"1 2 3 2 -1 -2 4 -2 4 -3 4 4",48,1,-128
6530,1,"1 2 4 -2 -2 4 2 2 4 -1 4 -2",24,1,0
6531,1,"1 2 4 3 4 -2 -3 4 -1 -3 4 3",48,1,64
6532,1,"1 4 2 4 3 3 -1 4 -2 4 -3 -3",24,1,0
6533,1,"1 2 4 -1 4 4 3 4 3 -2 -3 -3",48,1,-128
6534,1,"1 2 3 4 -3 -2 -1 4 3 4 4 -3",48,1,128
6535,1,"1 2 -1 -1 4 2 4 4 1 -2 4 -2",24,1,0
6536,1,"1 2 2 -1 4 4 -2 -2 -1 4 4 1",24,1,512
6537,1,"1 2 3 2 -3 4 -2 -2 -1 4 4 4",48,1,256
6538,1,"1 2 2 3 4 4 -2 -1 4 -2 -3 4",48,1,128
6539,1,"1 2 -1 4 -1 2 4 4 -2 4 -2 1",24,1,0
6540,1,"1 2 2 1 4 -2 4 4 -1 -1 -2 4",24,1,256
6541,1,"1 2 2 4 -2 4 2 4 -2 -1 4 -2",24,1,128
6542,1,"1 2 2 4 -2 4 -2 -1 2 4 4 -2",24,1,256
6543,1,"1 2 -1 -2 4 3 4 -3 4 -3 4 3",48,1,-64
6544,1,"1 2 4 -2 4 -1 4 3 4 4 -3 -4",48,1,0
6545,1,"1 2 3 -2 4 -3 -3 -1 4 4 3 4",48,1,128
6546,1,"1 2 3 4 -1 4 -3 -2 3 4 -3 4",48,1,64
6547,1,"1 2 3 -1 3 4 -3 4 -2 4 4 -3",48,1,0
6548,1,"1 2 3 -2 3 4 4 4 -1 -3 -3 4",48,1,0
6549,1,"1 2 3 -1 4 4 -3 -3 4 3 -2 4",48,1,0
6550,1,"1 4 2 -1 -4 -2 4 -2 4 2 4 4",24,1,-128
6551,1,"1 2 2 3 4 -2 -2 -3 4 4 -1 4",48,1,0
6552,1,"1 2 4 3 4 -1 4 -3 4 4 -2 -4",48,1,-128
6553,1,"1 2 3 4 -3 4 -1 -2 4 3 4 -3",48,1,0
6554,1,"1 2 -4 -2 4 -1 4 4 2 4 -2 4",24,1,-128
6555,1,"1 2 4 3 3 -2 -3 4 4 -3 -1 4",48,1,128
6556,1,"1 2 4 -2 -2 4 -1 4 2 2 4 -2",24,1,0
6557,1,"1 2 2 4 4 -2 4 4 -1 -4 -2 4",24,1,-256
6558,1,"1 2 4 -2 -2 -2 4 2 -1 2 4 4",24,1,256
6559,1,"1 2 4 4 -2 3 3 4 -3 -3 -1 4",48,1,0
6560,1,"1 2 3 -1 -3 4 3 4 4 4 -2 -3",48,1,-128
6561,1,"1 2 3 4 -1 4 2 -3 4 -2 -2 4",48,1,128
6562,1,"1 4 4 2 2 4 4 -1 -4 -2 -2 4",24,1,0
6563,1,"1 2 4 3 4 -1 -3 4 4 -3 -2 3",48,1,-128
6564,1,"1 2 4 4 4 3 -1 -3 -3 -2 3 4",48,1,-256
6565,1,"1 4 4 2 -1 -4 -2 4 -2 4 4 2",24,1,0
6566,1,"1 2 4 4 -1 4 3 4 -3 4 -2 -4",48,1,-128
6567,1,"1 2 3 -1 -3 4 -3 4 4 -2 3 4",48,1,-128
6568,1,"1 2 2 2 4 -2 4 4 -2 -2 -1 4",24,1,512
6569,1,"1 2 3 4 4 4 -2 -4 -3 4 -1 4",48,1,-128
6570,1,"1 2 -1 4 4 2 2 4 -2 4 -2 -2",24,1,-256
6571,1,"1 2 3 -2 -2 -1 4 4 -3 4 2 4",48,1,0
6572,1,"1 2 3 -2 -1 3 4 -3 -3 4 4 4",48,1,256
6573,1,"1 2 -1 -1 4 4 2 4 -2 4 -2 1",24,1,-256
6574,1,"1 2 3 4 -1 -2 -3 4 3 4 4 -3",48,1,-128
6575,1,"1 2 1 2 4 4 4 -2 -1 4 -1 -2",24,1,0
6576,1,"1 2 -1 -1 2 4 -2 -2 4 4 1 4",24,1,256
6577,1,"1 4 4 2 4 -2 4 2 4 -1 -4 -2",24,1,-128
6578,1,"1 4 2 4 4 4 -2 -1 -4 2 4 -2",24,1,0
6579,1,"1 2 -1 -2 -2 4 2 2 4 -2 4 4",24,1,-256
6580,1,"1 2 4 4 3 -1 -3 -2 4 -3 4 3",48,1,0
6581,1,"1 2 -4 -2 -2 4 4 2 -1 4 4 4",24,1,0
6582,1,"1 2 1 2 -1 -1 4 -2 4 4 4 -2",24,1,-256
6583,1,"1 2 4 -2 4 -1 4 3 3 4 -3 -3",48,1,128
6584,1,"1 2 2 -1 4 4 -2 3 4 -3 -2 4",48,1,0
6585,1,"1 2 -1 4 2 4 -2 -2 -2 4 2 4",24,1,0
6586,1,"1 2 3 4 -3 4 2 -1 4 4 -2 -2",48,1,-128
6587,1,"1 2 -1 2 4 4 4 -2 3 -2 -3 4",48,1,128
6588,1,"1 2 3 -2 -3 4 3 4 -3 4 -1 4",48,1,-64
6589,1,"1 2 4 3 4 -1 -4 -2 -3 4 4 4",48,1,-128
6590,1,"1 2 3 4 3 -2 4 4 -3 -3 -1 4",48,1,128
6591,1,"1 4 1 4 -1 4 -1 4 1 -4 -1 4",6,1,-128
6592,1,"1 2 3 -1 -4 -2 -3 4 4 4 4 4",48,1,-512
6593,1,"1 2 4 -1 3 4 3 -2 -3 -3 4 4",48,1,-128
6594,1,"1 2 3 2 4 -2 -3 4 -1 4 -2 4",48,1,64
6595,1,"1 2 3 -4 -1 4 4 4 4 -3 4 -2",48,1,-256
6596,1,"1 2 3 3 4 -2 4 -1 4 4 -3 -3",48,1,0
6597,1,"1 2 -1 4 4 3 4 4 2 -3 -2 -2",48,1,0
6598,1,"1 2 4 2 -1 4 1 4 -2 -2 -1 4",24,1,128
6599,1,"1 2 4 4 3 4 -2 4 -3 -3 -1 3",48,1,-128
6600,1,"1 2 3 4 2 -1 4 -2 -3 4 4 -2",48,1,-128
6601,1,"1 2 3 4 -3 -2 -3 -1 4 4 4 3",48,1,128
6602,1,"1 2 3 4 -1 4 -3 -2 4 3 4 -3",48,1,64
6603,1,"1 4 1 4 -1 4 1 4 -1 4 -1 -4",6,1,-128
6604,1,"1 2 4 2 4 -2 -1 2 4 -2 4 -2",24,1,128
6605,1,"1 2 3 4 3 4 -1 4 -3 -3 -2 4",48,1,128
6606,1,"1 2 3 2 -3 4 -1 4 4 -2 4 -2",48,1,0
6607,1,"1 2 -1 -1 2 4 4 -2 -2 4 4 1",24,1,512
6608,1,"1 2 -1 -2 1 2 4 4 -2 4 -1 4",24,1,-128
6609,1,"1 4 2 2 4 4 -1 4 -2 -4 -2 4",24,1,256
6610,1,"1 4 -1 4 4 4 2 2 4 -2 -2 -4",24,1,0
6611,1,"1 2 3 3 -1 4 4 4 -3 4 -3 -2",48,1,-256
6612,1,"1 2 3 3 -1 4 -2 -3 4 4 4 -3",48,1,-256
6613,1,"1 2 4 4 2 4 4 -2 -2 4 -1 -4",24,1,-256
6614,1,"1 2 2 4 -1 -1 -2 4 -2 1 4 4",24,1,-256
6615,1,"1 2 3 -1 -3 4 -2 4 4 -3 4 3",48,1,0
6616,1,"1 2 -4 -2 4 4 4 -1 4 2 4 -2",24,1,0
6617,1,"1 2 4 3 3 -2 4 -3 -1 -3 4 4",48,1,128
6618,1,"1 2 -1 -2 4 4 4 -2 3 2 -3 4",48,1,128
6619,1,"1 2 2 -1 -2 4 3 4 -3 4 4 -2",48,1,-256
6620,1,"1 4 2 -1 4 -2 -2 -4 2 4 4 4",24,1,-256
6621,1,"1 2 3 4 4 -1 -4 -3 4 4 -2 4",48,1,-128
6622,1,"1 2 4 2 4 4 -2 -2 -2 -1 4 2",24,1,256
6623,1,"1 2 -1 4 -1 2 4 -2 -2 1 4 4",24,1,0
6624,1,"1 2 4 -1 2 4 -2 4 4 4 -2 -4",24,1,0
6625,1,"1 2 3 4 4 4 2 -3 4 -1 -2 -2",48,1,-256
6626,1,"1 2 4 -2 4 3 4 4 -3 4 -1 -4",48,1,-128
6627,1,"1 2 1 -2 -2 -1 4 -1 4 2 4 4",24,1,0
6628,1,"1 2 3 2 -3 4 4 4 -2 -1 -2 4",48,1,128
6629,1,"1 4 4 -1 -4 2 2 4 -2 4 -2 4",24,1,0
6630,1,"1 2 -1 2 4 3 4 4 -2 -3 -2 4",48,1,128
6631,1,"1 2 4 4 4 -1 -2 -4 2 4 -2 4",24,1,0
6632,1,"1 2 4 4 3 -2 -4 -1 -3 4 4 4",48,1,0
6633,1,"1 2 4 -2 -2 -4 2 4 4 4 -1 4",24,1,-256
6634,1,"1 4 2 4 4 -2 -2 4 4 2 -1 -4",24,1,-256
6635,1,"1 2 1 -2 4 -1 -2 4 4 -1 2 4",24,1,128
6636,1,"1 2 3 -2 4 -2 4 2 -1 4 -3 4",48,1,0
6637,1,"1 2 4 -1 4 3 4 3 -2 -3 -3 4",48,1,0
6638,1,"1 2 -4 -2 -2 4 2 4 4 -1 4 4",24,1,-256
6639,1,"1 4 1 4 -1 4 1 4 -1 -4 -1 4",6,1,128
6640,1,"1 2 4 -2 -2 -2 4 2 2 4 -1 4",24,1,256
6641,1,"1 2 3 4 4 -2 -3 -1 -3 4 4 3",48,1,128
6642,1,"1 2 3 -2 -1 2 4 4 4 -2 -3 4",48,1,128
6643,1,"1 2 3 -2 4 -1 4 -3 -2 4 2 4",48,1,64
6644,1,"1 2 2 3 -2 -2 4 -1 4 -3 4 4",48,1,0
6645,1,"1 2 3 4 -1 4 -3 -4 -2 4 4 4",48,1,128
6646,1,"1 2 4 3 -1 4 -3 4 4 -3 -2 3",48,1,-128
6647,1,"1 2 1 2 4 -2 -1 -1 4 4 4 -2",24,1,256
6648,1,"1 2 -1 -2 4 4 1 2 -1 4 -2 4",24,1,-128
6649,1,"1 2 -1 -2 4 -2 4 -1 2 4 4 1",24,1,0
6650,1,"1 2 2 4 4 2 4 -2 -2 -1 -2 4",24,1,256
6651,1,"1 2 3 2 4 -2 -1 -2 4 4 -3 4",48,1,128
6652,1,"1 2 -1 2 4 3 -2 4 -2 4 -3 4",48,1,64
6653,1,"1 2 3 4 4 4 4 -1 -3 -3 -2 3",48,1,-256
6654,1,"1 2 3 -2 4 2 -1 4 -3 4 -2 4",48,1,0
6655,1,"1 2 3 -2 3 4 4 -3 -1 4 4 -3",48,1,128
6656,1,"1 2 -4 2 4 4 4 -1 4 -2 4 -2",24,1,0
6657,1,"1 2 3 4 4 4 4 -2 -3 4 -1 -4",48,1,0
6658,1,"1 2 4 4 -2 -4 -1 4 -2 4 2 4",24,1,128
6659,1,"1 2 -1 4 3 4 -3 -2 3 4 -3 4",48,1,0
6660,1,"1 2 3 2 -3 4 -2 -2 4 4 -1 4",48,1,128
6661,1,"1 2 4 4 3 -1 4 -2 3 4 -3 -3",48,1,0
6662,1,"1 2 4 4 3 4 -2 3 -1 4 -3 -3",48,1,128
6663,1,"1 2 -1 -2 4 2 -1 4 4 1 -2 4",24,1,-128
6664,1,"1 2 3 4 2 -1 4 -3 -2 -2 4 4",48,1,128
6665,1,"1 2 1 2 4 4 -2 4 -2 -1 -1 4",24,1,256
6666,1,"1 2 -1 -2 4 2 -1 4 4 -2 1 4",24,1,-128
6667,1,"1 2 3 -2 4 -3 2 4 -1 -2 4 4",48,1,0
6668,1,"1 2 4 3 -2 4 2 -1 -2 4 -3 4",48,1,-64
6669,1,"1 4 4 2 4 -2 -1 -4 -2 4 2 4",24,1,128
6670,1,"1 2 3 -2 4 -3 -3 4 4 -1 3 4",48,1,128
6671,1,"1 2 3 3 4 -1 -3 -3 4 4 4 -2",48,1,-256
6672,1,"1 2 2 -1 4 4 3 -2 -2 4 -3 4",48,1,0
6673,1,"1 2 3 4 -2 -3 4 -1 -2 4 2 4",48,1,0
6674,1,"1 2 3 -1 -3 4 -3 4 4 -2 4 3",48,1,0
6675,1,"1 2 -1 4 4 -2 4 -2 4 4 2 -4",24,1,256
6676,1,"1 4 -1 4 4 4 2 -4 2 4 -2 -2",24,1,256
6677,1,"1 2 3 -2 3 4 -3 4 4 4 -1 -3",48,1,-128
6678,1,"1 2 3 3 -2 -3 4 -1 4 -3 4 4",48,1,-128
6679,1,"1 2 4 -2 3 -4 -3 4 -1 4 4 4",48,1,-128
6680,1,"1 2 4 -2 -1 4 2 3 4 -3 4 -2",48,1,64
6681,1,"1 2 3 3 -2 4 4 -1 4 4 -3 -3",48,1,-256
6682,1,"1 2 -1 4 -2 3 -2 -3 4 2 4 4",48,1,0
6683,1,"1 2 4 3 4 -1 -3 -2 4 -3 4 3",48,1,0
6684,1,"1 4 -1 4 4 4 4 2 2 -4 -2 -2",24,1,-512
6685,1,"1 2 3 -2 -3 4 2 -1 4 -2 4 4",48,1,0
6686,1,"1 2 4 3 3 4 -3 -2 4 -3 -1 4",48,1,0
6687,1,"1 2 4 -1 -4 2 4 4 4 -2 4 -2",24,1,256
6688,1,"1 2 2 4 -2 -4 -1 -2 4 4 4 4",24,1,512
6689,1,"1 2 1 2 4 4 4 -1 4 -2 -1 -2",24,1,0
6690,1,"1 2 4 -2 3 3 4 4 -3 -3 -1 4",48,1,0
6691,1,"1 2 4 -1 -1 2 4 1 -2 4 -2 4",24,1,128
6692,1,"1 2 3 4 -1 4 4 -3 -2 -3 4 3",48,1,128
6693,1,"1 2 4 4 -2 3 4 3 -1 -3 -3 4",48,1,128
6694,1,"1 2 -1 4 4 4 3 -2 -3 -3 4 3",48,1,256
6695,1,"1 2 4 3 4 -3 4 -1 -4 -2 4 4",48,1,-128
6696,1,"1 2 4 3 4 -2 -1 4 -3 2 4 -2",48,1,64
6697,1,"1 2 3 2 4 4 -2 4 -3 -2 -1 4",48,1,128
6698,1,"1 2 2 4 4 4 4 -2 -1 4 -2 -4",24,1,0
6699,1,"1 2 3 -1 -3 -2 4 4 4 -3 4 3",48,1,-128
6700,1,"1 2 -1 4 -2 4 -1 2 4 -2 4 1",24,1,128
6701,1,"1 2 3 3 4 4 4 4 -1 -3 -2 -3",48,1,-256
6702,1,"1 2 3 -2 4 4 2 4 -3 -2 -1 4",48,1,128
6703,1,"1 2 -1 -2 4 4 2 -1 -2 4 1 4",24,1,-128
6704,1,"1 2 3 -2 -2 4 -3 4 4 -1 2 4",48,1,0
6705,1,"1 2 -1 -2 4 4 3 2 -3 4 -2 4",48,1,0
6706,1,"1 2 -1 4 3 4 -3 2 4 -2 -2 4",48,1,0
6707,1,"1 2 3 -2 3 4 -3 4 -3 -1 4 4",48,1,128
6708,1,"1 2 4 3 4 -1 3 -2 -3 -3 4 4",48,1,-128
6709,1,"1 2 3 4 3 -1 4 4 -2 -3 4 -3",48,1,-128
6710,1,"1 2 3 4 3 4 -1 -3 -3 -2 4 4",48,1,0
6711,1,"1 2 4 4 -1 4 4 3 -2 -4 -3 4",48,1,-128
6712,1,"1 2 3 -2 -3 4 4 2 4 -1 -2 4",48,1,0
6713,1,"1 2 2 4 -1 4 3 4 -2 -2 -3 4",48,1,128
6714,1,"1 2 3 3 4 4 4 -2 4 -1 -3 -3",48,1,-256
6715,1,"1 2 3 4 3 -2 4 -3 -3 -1 4 4",48,1,128
6716,1,"1 4 2 3 4 -2 -2 -3 4 2 -1 4",48,1,0
6717,1,"1 2 -1 -2 4 4 2 4 2 4 -2 -2",24,1,-256
6718,1,"1 2 3 4 4 4 -3 -2 3 -1 -3 4",48,1,128
6719,1,"1 2 2 -1 2 4 4 -2 4 -2 -2 4",24,1,256
6720,1,"1 2 4 -2 4 2 4 -1 -4 -2 4 4",24,1,-128
6721,1,"1 2 4 4 -2 -2 -4 -1 4 4 4 2",24,1,0
6722,1,"1 2 -1 4 4 -2 4 4 4 -2 -4 2",24,1,-256
6723,1,"1 4 2 -1 4 4 2 -4 -2 -2 4 4",24,1,-256
6724,1,"1 2 4 2 2 4 -1 4 -2 -2 -2 4",24,1,256
6725,1,"1 2 1 4 -2 4 -1 4 2 -1 4 -2",24,1,0
6726,1,"1 2 3 -1 4 4 4 -2 4 4 -3 -4",48,1,-256
6727,1,"1 2 4 3 4 -3 4 -1 -3 -2 3 4",48,1,-64
6728,1,"1 2 -1 4 -2 4 2 2 4 -2 -2 4",24,1,0
6729,1,"1 2 3 4 -3 2 4 -1 -2 -2 4 4",48,1,0
6730,1,"1 2 -1 -2 4 1 2 4 -1 4 -2 4",24,1,-128
6731,1,"1 2 -1 4 4 -2 -1 4 2 4 -2 1",24,1,0
6732,1,"1 2 2 2 4 -1 4 -2 -2 4 4 -2",24,1,0
6733,1,"1 2 -1 4 3 -2 4 -3 -2 4 2 4",48,1,0
6734,1,"1 2 4 3 4 -1 -4 -2 4 4 -3 4",48,1,-128
6735,1,"1 2 3 -2 -3 -3 -1 4 4 4 3 4",48,1,0
6736,1,"1 2 3 -1 -4 -2 4 4 -3 4 4 4",48,1,-256
6737,1,"1 2 3 -4 -1 4 -3 4 -2 4 4 4",48,1,-128
6738,1,"1 2 4 2 4 4 4 -2 4 -2 -1 -4",24,1,-256
6739,1,"1 2 -1 -2 4 3 2 4 -2 4 -3 4",48,1,-64
6740,1,"1 2 4 2 -1 4 4 -2 -2 -1 4 1",24,1,256
6741,1,"1 2 3 -1 4 3 4 -3 4 -3 4 -2",48,1,-64
6742,1,"1 2 4 -1 3 4 -3 4 3 4 -2 -3",48,1,0
6743,1,"1 2 3 -2 4 -1 4 2 -3 4 -2 4",48,1,64
6744,1,"1 2 -1 4 -1 4 -2 4 2 4 -2 1",24,1,-128
6745,1,"1 2 3 2 4 4 -2 -1 -2 -3 4 4",48,1,128
6746,1,"1 2 3 -1 -4 -3 4 -2 4 4 4 4",48,1,-256
6747,1,"1 2 4 3 4 -3 4 -3 -1 4 -2 3",48,1,0
6748,1,"1 2 3 -2 -3 4 -2 4 4 4 -1 2",48,1,-128
6749,1,"1 2 3 3 4 4 -1 4 -3 4 -3 -2",48,1,0
6750,1,"1 2 -1 -1 2 4 4 4 1 -2 -2 4",24,1,512
6751,1,"1 2 1 4 -2 -2 4 -1 2 4 -1 4",24,1,128
6752,1,"1 2 -1 -2 4 -1 4 2 4 1 -2 4",24,1,0
6753,1,"1 2 3 4 -3 -2 4 2 -1 -2 4 4",48,1,-128
6754,1,"1 2 -1 4 4 2 4 4 4 -2 -4 -2",24,1,-256
6755,1,"1 2 -1 -2 4 -1 4 2 4 -2 1 4",24,1,-128
6756,1,"1 2 3 4 4 -3 -1 -3 -2 4 3 4",48,1,128
6757,1,"1 4 4 2 2 4 4 -2 -2 4 -1 -4",24,1,-512
6758,1,"1 2 4 -2 3 4 -1 3 4 4 -3 -3",48,1,128
6759,1,"1 2 -1 4 3 4 3 4 4 -2 -3 -3",48,1,-128
6760,1,"1 2 4 -2 4 4 3 -1 -3 -3 4 3",48,1,128
6761,1,"1 2 3 4 4 4 -1 3 -2 -3 -3 4",48,1,-256
6762,1,"1 2 4 4 4 -2 -4 2 -1 4 4 -2",24,1,256
6763,1,"1 2 2 4 -1 -2 4 -1 -2 4 4 1",24,1,-256
6764,1,"1 2 4 4 3 -2 -4 -1 4 4 -3 4",48,1,128
6765,1,"1 2 4 3 4 -3 4 2 -1 -2 4 -2",48,1,-128
6766,1,"1 2 2 2 4 -2 -1 4 4 4 -2 -2",24,1,512
6767,1,"1 2 -4 -1 4 4 4 4 -2 -2 4 2",24,1,0
6768,1,"1 2 3 4 -1 -3 4 4 3 4 -2 -3",48,1,-128
6769,1,"1 2 1 -2 4 2 -1 4 4 -2 -1 4",24,1,128
6770,1,"1 2 3 4 -3 -2 -1 3 4 4 4 -3",48,1,256
6771,1,"1 2 4 3 -2 -1 4 -3 -3 4 4 3",48,1,256
6772,1,"1 2 1 2 -1 4 -2 4 4 -1 -2 4",24,1,-128
6773,1,"1 2 3 4 4 -2 -3 4 -3 -1 3 4",48,1,128
6774,1,"1 2 4 -2 -4 -1 -2 4 4 2 4 4",24,1,256
6775,1,"1 2 3 2 4 -2 -3 -2 4 -1 4 4",48,1,128
6776,1,"1 2 3 3 -1 -2 -3 4 -3 4 4 4",48,1,-256
6777,1,"1 2 4 -2 3 3 4 -3 4 -3 -1 4",48,1,0
6778,1,"1 2 4 -2 4 3 4 3 -1 -3 -3 4",48,1,0
6779,1,"1 2 1 4 4 2 -1 4 4 -1 -2 -2",24,1,-256
6780,1,"1 2 3 4 -3 -2 4 -1 -3 4 3 4",48,1,64
6781,1,"1 2 -1 4 3 3 4 4 -3 4 -2 -3",48,1,-128
6782,1,"1 2 3 4 2 -3 4 -2 4 -1 -2 4",48,1,0
6783,1,"1 2 3 -1 3 4 -3 4 -2 4 -3 4",48,1,64
6784,1,"1 2 3 4 4 -3 4 -1 3 4 -3 -2",48,1,128
6785,1,"1 2 4 1 -2 4 -1 -2 4 2 -1 4",24,1,0
6786,1,"1 2 2 -1 -2 4 2 4 -2 4 4 -2",24,1,-256
6787,1,"1 2 1 4 4 -1 4 2 -1 -2 -2 4",24,1,0
6788,1,"1 2 -1 4 4 4 3 4 -2 4 -3 -4",48,1,0
6789,1,"1 4 4 2 4 -2 -1 -4 2 4 -2 4",24,1,-128
6790,1,"1 2 1 4 -1 -2 -2 -1 2 4 4 4",24,1,256
6791,1,"1 2 4 3 -2 3 -1 -3 4 4 4 -3",48,1,-128
6792,1,"1 2 1 -2 4 4 2 -1 -2 4 -1 4",24,1,128
6793,1,"1 2 4 -2 4 4 4 4 -2 -1 -4 2",24,1,-256
6794,1,"1 2 1 2 4 -2 -1 4 4 -1 -2 4",24,1,128
6795,1,"1 2 3 -1 -3 4 3 4 4 -2 4 -3",48,1,-128
6796,1,"1 2 -1 -2 4 2 4 3 -2 4 -3 4",48,1,-64
6797,1,"1 2 1 4 2 -1 -1 4 -2 4 4 -2",24,1,0
6798,1,"1 2 3 4 -1 2 4 -3 4 -2 -2 4",48,1,128
6799,1,"1 2 3 -1 -3 4 -2 -3 4 3 4 4",48,1,0
6800,1,"1 2 4 3 4 2 -3 4 -2 -2 -1 4",48,1,128
6801,1,"1 2 4 -2 4 -2 4 4 2 -4 -1 4",24,1,-128
6802,1,"1 2 3 -1 4 -3 4 4 3 -2 4 -3",48,1,-128
6803,1,"1 2 3 3 4 -3 -2 -1 4 -3 4 4",48,1,256
6804,1,"1 2 2 -4 -2 4 4 -2 4 4 -1 4",24,1,-256
6805,1,"1 2 -1 4 -1 2 1 4 -2 4 -2 4",24,1,128
6806,1,"1 2 3 4 4 -3 -2 -2 -1 2 4 4",48,1,256
6807,1,"1 2 4 -2 4 -2 -2 -1 2 4 4 2",24,1,0
6808,1,"1 2 2 4 -2 -4 -1 4 4 -2 4 4",24,1,256
6809,1,"1 2 1 2 4 4 -2 -1 4 -1 4 -2",24,1,128
6810,1,"1 2 -1 4 2 4 2 4 4 -2 -2 -2",24,1,-256
6811,1,"1 2 -1 4 3 -2 4 2 -3 4 -2 4",48,1,0
6812,1,"1 2 4 -2 -2 4 4 4 -1 -4 2 4",24,1,256
6813,1,"1 2 2 -1 -2 -2 -2 4 4 4 2 4",24,1,-512
6814,1,"1 2 -4 -4 -1 4 4 4 4 -2 4 4",24,1,-512
6815,1,"1 4 4 2 2 4 -1 4 4 -2 -4 -2",24,1,256
6816,1,"1 2 4 -2 4 -1 -4 -2 4 4 2 4",24,1,-128
6817,1,"1 2 1 4 -2 4 -2 -1 4 -1 2 4",24,1,0
6818,1,"1 2 4 4 -2 3 3 -1 -3 4 -3 4",48,1,128
6819,1,"1 2 3 -2 4 2 -3 -2 4 4 -1 4",48,1,128
6820,1,"1 1 1 4 4 -1 -1 -4 -1 4 4 4",6,1,1024
6821,1,"1 4 2 2 4 4 4 -2 -1 4 -2 -4",24,1,256
6822,1,"1 2 3 3 4 -1 4 -2 4 -3 4 -3",48,1,0
6823,1,"1 2 1 2 4 -1 4 -2 4 -1 4 -2",24,1,0
6824,1,"1 2 4 -2 4 -1 3 4 3 4 -3 -3",48,1,128
6825,1,"1 2 2 -1 4 -2 -2 -2 4 4 4 2",24,1,512
6826,1,"1 2 1 -2 -1 -2 4 4 4 -1 2 4",24,1,0
6827,1,"1 2 3 4 4 -2 -3 -1 3 4 4 -3",48,1,128
6828,1,"1 2 4 2 -1 4 2 4 -2 -2 -2 4",24,1,0
6829,1,"1 2 3 4 4 -2 4 -3 4 2 -1 -2",48,1,-128
6830,1,"1 2 3 4 4 4 4 -3 -1 3 -2 -3",48,1,0
6831,1,"1 2 4 3 3 4 -3 -3 -2 -1 4 4",48,1,256
6832,1,"1 2 1 4 -2 -1 4 -2 4 -1 2 4",24,1,0
6833,1,"1 2 3 4 3 4 -1 -3 -3 4 4 -2",48,1,-128
6834,1,"1 2 3 2 4 -2 -3 4 -1 -2 4 4",48,1,0
6835,1,"1 2 2 4 4 4 -2 -2 -4 -1 4 4",24,1,512
6836,1,"1 4 2 4 4 4 -2 -2 -1 -4 2 4",24,1,-256
6837,1,"1 2 3 3 -1 4 -2 4 4 4 -3 -3",48,1,-256
6838,1,"1 2 -1 2 2 4 4 -2 -2 4 -2 4",24,1,256
6839,1,"1 2 1 -2 4 -1 4 2 4 -2 -1 4",24,1,0
6840,1,"1 2 -1 -2 4 1 2 4 -2 4 -1 4",24,1,-128
6841,1,"1 2 2 -4 -2 -2 4 -1 4 4 4 4",24,1,-512
6842,1,"1 2 4 3 3 -2 -3 -1 4 4 -3 4",48,1,128
6843,1,"1 2 2 4 2 -1 4 -2 4 -2 -2 4",24,1,0
6844,1,"1 2 -1 4 3 4 -3 -3 4 -2 4 3",48,1,0
6845,1,"1 2 3 2 -1 -2 4 -3 -2 4 4 4",48,1,-128
6846,1,"1 4 2 2 2 4 -2 -2 -2 -1 4 4",24,1,512
6847,1,"1 2 3 4 -3 4 -1 2 4 -2 -2 4",48,1,128
6848,1,"1 2 3 3 4 4 -2 4 -1 -3 -3 4",48,1,0
6849,1,"1 2 3 4 2 4 -1 -2 4 -3 -2 4",48,1,64
6850,1,"1 2 4 3 4 -3 4 -2 -1 -2 4 2",48,1,128
6851,1,"1 2 4 -1 3 4 4 4 -2 4 -3 -4",48,1,128
6852,1,"1 2 3 3 -1 4 -2 -3 4 4 -3 4",48,1,0
6853,1,"1 2 1 4 -2 -2 -1 -1 4 2 4 4",24,1,256
6854,1,"1 2 2 4 -2 -1 4 1 -2 4 -1 4",24,1,128
6855,1,"1 2 3 4 -3 -2 3 -1 4 -3 4 4",48,1,128
6856,1,"1 2 2 4 4 4 -2 -2 -2 -1 4 2",24,1,512
6857,1,"1 2 3 -2 -3 -3 4 4 -1 4 3 4",48,1,-128
6858,1,"1 2 3 -2 4 -1 4 -3 2 4 4 -2",48,1,0
6859,1,"1 2 -1 4 4 4 2 4 4 -2 -2 -4",24,1,-512
6860,1,"1 2 4 3 4 -1 4 4 -2 -4 -3 4",48,1,0
6861,1,"1 2 -1 4 -1 2 4 4 -2 -2 1 4",24,1,0
6862,1,"1 2 -1 -2 4 3 -2 -3 4 4 4 2",48,1,0
6863,1,"1 2 1 4 -2 4 2 4 -2 -1 -1 4",24,1,128
6864,1,"1 2 4 3 -2 4 2 -3 4 -1 -2 4",48,1,0
6865,1,"1 2 4 -1 -4 -2 4 3 4 4 -3 4",48,1,-128
6866,1,"1 2 1 -2 4 -1 -2 4 -1 4 2 4",24,1,128
6867,1,"1 2 4 4 3 3 -2 -3 -1 -3 4 4",48,1,0
6868,1,"1 2 3 -2 4 -3 4 -2 -1 2 4 4",48,1,0
6869,1,"1 2 2 4 4 -2 4 -2 4 4 -1 -4",24,1,-256
6870,1,"1 2 2 -1 4 4 3 4 -2 -3 4 -2",48,1,-128
6871,1,"1 2 3 4 -3 -2 3 4 -1 4 4 -3",48,1,128
6872,1,"1 2 4 3 -1 -3 -2 4 4 3 4 -3",48,1,-128
6873,1,"1 2 -1 -1 4 2 1 -2 -2 4 4 4",24,1,512
6874,1,"1 2 -1 4 2 -1 4 -2 -2 4 1 4",24,1,-128
6875,1,"1 2 4 2 -1 4 3 4 -3 4 -2 -2",48,1,-128
6876,1,"1 4 2 4 2 4 -2 4 -2 -4 -1 4",24,1,0
6877,1,"1 2 2 -1 4 4 -1 -2 -2 4 4 1",24,1,-512
6878,1,"1 2 -4 -2 4 -1 4 2 4 -2 4 4",24,1,-128
6879,1,"1 1 4 4 4 -1 4 1 4 -1 -1 -4",6,1,-512
6880,1,"1 2 1 2 -1 4 4 -2 -2 4 -1 4",24,1,0
6881,1,"1 2 3 4 -3 -3 4 4 3 -1 -2 4",48,1,-128
6882,1,"1 2 4 4 3 4 -3 -3 -2 4 -1 3",48,1,-128
6883,1,"1 2 3 3 -2 -1 4 -3 -3 4 4 4",48,1,0
6884,1,"1 2 3 -1 4 4 3 4 -2 -3 -3 4",48,1,0
6885,1,"1 2 3 4 4 4 3 -1 -2 4 -3 -3",48,1,-256
6886,1,"1 2 3 4 4 4 -3 -2 3 -1 4 -3",48,1,128
6887,1,"1 2 -1 -2 4 4 4 2 -4 -2 4 4",24,1,256
6888,1,"1 2 -1 4 3 3 -2 4 4 -3 4 -3",48,1,-128
6889,1,"1 2 3 4 -2 -3 4 -1 2 4 4 -2",48,1,0
6890,1,"1 2 -1 4 4 3 -4 -2 -3 4 4 4",48,1,0
6891,1,"1 2 -1 -2 4 -1 -2 4 1 4 2 4",24,1,-128
6892,1,"1 2 3 -2 3 -1 -3 -3 4 4 4 4",48,1,-256
6893,1,"1 2 3 -2 3 4 4 -3 -1 4 -3 4",48,1,128
6894,1,"1 2 -4 2 4 4 4 -1 4 -2 -2 4",24,1,256
6895,1,"1 2 4 4 3 -1 -3 4 3 4 -2 -3",48,1,0
6896,1,"1 2 4 4 3 4 -3 -2 3 -1 4 -3",48,1,128
6897,1,"1 2 1 4 4 -1 4 -1 2 4 -2 -2",24,1,256
6898,1,"1 2 3 2 4 -2 4 -1 4 -3 4 -2",48,1,0
6899,1,"1 2 3 2 4 4 4 -3 -2 -2 -1 4",48,1,256
6900,1,"1 2 2 4 2 4 -2 -1 -2 4 4 -2",24,1,0
6901,1,"1 2 3 -2 4 4 4 -2 -3 2 -1 4",48,1,0
6902,1,"1 2 4 -1 4 3 4 2 -3 4 -2 -2",48,1,0
6903,1,"1 2 -1 -1 2 4 1 4 -2 4 4 -2",24,1,0
6904,1,"1 2 3 4 -2 -3 4 4 4 3 -1 -3",48,1,-128
6905,1,"1 2 3 4 -3 4 3 4 -2 4 -1 -3",48,1,-64
6906,1,"1 2 4 4 4 -1 3 -4 -3 4 -2 4",48,1,-128
6907,1,"1 2 3 4 4 4 -1 -3 -2 3 4 -3",48,1,128
6908,1,"1 2 2 4 3 4 -2 -1 4 -3 -2 4",48,1,128
6909,1,"1 2 4 -1 4 4 3 4 4 -3 -2 -4",48,1,-128
6910,1,"1 2 3 4 2 -3 4 4 -1 -2 4 -2",48,1,-128
6911,1,"1 2 1 4 -1 2 -1 4 -2 4 -2 4",24,1,128
6912,1,"1 2 3 4 -3 -1 -3 -2 3 4 4 4",48,1,128
6913,1,"1 2 4 3 3 4 -1 -3 -2 4 -3 4",48,1,0
6914,1,"1 2 3 4 3 4 -1 4 4 -3 -3 -2",48,1,0
6915,1,"1 2 3 4 4 -3 -3 -2 -1 4 4 3",48,1,256
6916,1,"1 2 3 4 4 4 3 -1 -3 -2 -3 4",48,1,-128
6917,1,"1 2 3 -1 -3 4 3 4 4 -3 4 -2",48,1,-128
6918,1,"1 2 4 3 4 4 -1 4 4 -2 -3 -4",48,1,-128
6919,1,"1 2 3 4 4 -2 -3 4 4 2 -1 -2",48,1,0
6920,1,"1 2 2 4 -2 -1 2 4 -2 4 4 -2",24,1,256
6921,1,"1 2 4 4 3 4 -2 4 -3 -4 -1 4",48,1,0
6922,1,"1 2 -1 4 -2 3 2 4 -3 -2 4 4",48,1,0
6923,1,"1 2 4 -2 4 4 4 2 -1 4 -2 -4",24,1,-256
6924,1,"1 2 1 4 -1 -2 -2 4 2 -1 4 4",24,1,0
6925,1,"1 2 4 4 4 4 -1 3 3 -2 -3 -3",48,1,-512
6926,1,"1 2 2 -1 -1 -2 -2 1 4 4 4 4",24,1,-1024
6927,1,"1 2 4 4 2 2 4 -2 -1 4 -2 -2",24,1,256
6928,1,"1 2 4 2 2 -1 -2 4 4 -2 -2 4",24,1,-256
6929,1,"1 2 4 4 4 4 2 -1 -4 -2 4 -2",24,1,-256
6930,1,"1 1 1 4 4 4 4 -1 -1 4 -1 -4",6,1,-1024
6931,1,"1 2 4 -1 -2 4 -2 -1 4 2 4 1",24,1,128
6932,1,"1 2 3 4 -1 -2 3 4 -3 4 4 -3",48,1,128
6933,1,"1 2 4 4 -2 -2 4 -2 -1 4 2 2",24,1,256
6934,1,"1 4 4 -1 -4 2 4 4 4 4 -2 -4",24,1,512
6935,1,"1 2 -1 -1 2 4 4 -2 1 4 4 -2",24,1,-256
6936,1,"1 2 4 3 4 3 -1 4 4 -2 -3 -3",48,1,0
6937,1,"1 4 4 2 4 2 4 -2 4 -1 -4 -2",24,1,-128
6938,1,"1 2 4 -2 4 2 2 -1 -2 4 4 -2",24,1,-256
6939,1,"1 2 4 -1 4 4 -2 -4 3 4 -3 4",48,1,0
6940,1,"1 2 4 -2 4 3 4 -1 3 4 -3 -3",48,1,128
6941,1,"1 2 3 -2 -3 4 4 4 2 4 -1 -2",48,1,128
6942,1,"1 2 3 4 -1 -2 -3 4 -3 4 4 3",48,1,0
6943,1,"1 4 4 4 2 2 4 -2 -1 -4 -2 4",24,1,256
6944,1,"1 2 3 4 -2 4 4 3 4 -3 -1 -3",48,1,0
6945,1,"1 2 4 3 4 4 -3 -1 3 -2 -3 4",48,1,-128
6946,1,"1 2 4 3 -1 -3 -2 3 4 4 -3 4",48,1,-128
6947,1,"1 2 3 4 -2 4 3 4 -1 -3 -3 4",48,1,0
6948,1,"1 2 3 3 4 4 -1 -3 -3 -2 4 4",48,1,0
6949,1,"1 2 3 -2 -3 4 4 2 -1 4 -2 4",48,1,0
6950,1,"1 2 4 3 3 4 -3 4 -3 -1 -2 4",48,1,0
6951,1,"1 2 3 3 4 -2 4 -3 -3 -1 4 4",48,1,256
6952,1,"1 2 3 4 3 4 -3 -1 4 4 -3 -2",48,1,128
6953,1,"1 2 3 4 4 -3 -2 -2 4 2 -1 4",48,1,0
6954,1,"1 2 4 -2 4 -2 -2 4 2 -1 4 2",24,1,128
6955,1,"1 2 4 3 4 -2 -2 -3 4 2 -1 4",48,1,0
6956,1,"1 2 3 -1 4 -3 4 3 -2 -3 4 4",48,1,0
6957,1,"1 2 4 3 3 -1 -3 4 -2 -3 4 4",48,1,128
6958,1,"1 2 -4 -2 4 4 -2 4 2 4 -1 4",24,1,-128
6959,1,"1 2 4 4 -1 3 3 4 -2 -3 4 -3",48,1,0
6960,1,"1 2 2 4 -1 4 4 -2 -4 -2 4 4",24,1,256
6961,1,"1 4 2 2 -1 4 -2 -2 -2 4 2 4",24,1,256
6962,1,"1 4 2 -1 4 -2 4 4 4 2 -4 -2",24,1,0
6963,1,"1 2 4 3 4 -3 -4 -1 4 -2 4 4",48,1,0
6964,1,"1 2 -1 4 4 2 -1 4 4 -2 -2 1",24,1,-512
6965,1,"1 4 1 4 -1 4 1 -4 -1 4 -1 4",6,1,-128
6966,1,"1 2 4 4 -2 -1 4 4 4 -2 -4 2",24,1,-256
6967,1,"1 2 4 4 -2 3 3 4 -3 -1 -3 4",48,1,128
6968,1,"1 2 3 -2 -2 4 -3 2 -1 4 4 4",48,1,0
6969,1,"1 2 -4 -2 -2 -1 4 4 4 4 4 2",24,1,-512
6970,1,"1 2 3 4 -1 4 -3 -2 4 -3 4 3",48,1,64
6971,1,"1 4 2 -4 -2 -2 4 4 4 2 -1 4",24,1,-256
6972,1,"1 2 -4 3 4 -2 4 -1 4 4 -3 4",48,1,0
6973,1,"1 2 2 3 4 -1 -2 4 4 -3 4 -2",48,1,-128
6974,1,"1 2 -1 4 -2 3 4 2 4 -2 -3 4",48,1,0
6975,1,"1 2 3 4 -2 4 -3 -1 3 4 4 -3",48,1,128
6976,1,"1 4 -1 4 4 2 4 2 -4 -2 -2 4",24,1,-256
6977,1,"1 2 2 4 -2 4 -2 -2 -1 4 4 2",24,1,256
6978,1,"1 2 2 -1 4 4 -1 -2 4 1 -2 4",24,1,0
6979,1,"1 2 4 3 4 4 -3 4 -1 -4 -2 4",48,1,-128
6980,1,"1 2 -1 4 3 4 4 -3 -3 4 -2 3",48,1,-128
6981,1,"1 2 1 4 4 4 -2 -1 4 2 -1 -2",24,1,0
6982,1,"1 2 3 -2 4 -3 -2 4 4 4 -1 2",48,1,128
6983,1,"1 4 1 4 1 4 -1 4 -1 -4 -1 4",6,1,128
6984,1,"1 2 1 -2 -1 4 4 -1 -2 4 2 4",24,1,128
6985,1,"1 2 -1 4 3 4 -2 4 2 -3 4 -2",48,1,-64
6986,1,"1 2 4 4 2 -1 4 4 4 -2 -4 -2",24,1,-256
6987,1,"1 2 2 1 4 -1 -2 4 -2 -1 4 4",24,1,256
6988,1,"1 2 4 4 2 4 4 -2 -2 -4 -1 4",24,1,256
6989,1,"1 2 4 3 -2 -3 4 4 3 -1 4 -3",48,1,-128
6990,1,"1 2 1 4 4 -1 4 -2 4 2 -1 -2",24,1,-128
6991,1,"1 2 3 4 4 4 -2 -3 -3 -1 3 4",48,1,256
6992,1,"1 4 1 4 1 4 -1 -4 -1 4 -1 4",6,1,128
6993,1,"1 2 2 2 4 -2 -1 4 4 -2 4 -2",24,1,256
6994,1,"1 2 3 4 3 4 4 -2 4 -3 -1 -3",48,1,0
6995,1,"1 2 3 -2 -1 4 2 -3 4 4 4 -2",48,1,-128
6996,1,"1 2 1 4 4 -2 -1 2 4 -1 4 -2",24,1,128
6997,1,"1 2 2 4 -1 4 -1 -2 4 -2 1 4",24,1,-128
6998,1,"1 4 2 2 4 -2 4 -2 4 4 -1 -4",24,1,-256
6999,1,"1 2 4 3 -2 4 3 -1 -3 -3 4 4",48,1,-128
7000,1,"1 2 4 4 3 -2 -3 -3 -1 4 4 3",48,1,256
7001,1,"1 2 3 4 -2 -2 -1 4 -3 4 2 4",48,1,128
7002,1,"1 2 1 2 -1 4 -2 4 -1 4 -2 4",24,1,0
7003,1,"1 2 -1 4 3 4 -3 4 -2 -2 4 2",48,1,128
7004,1,"1 2 2 4 -1 -4 -2 4 4 -2 4 4",24,1,-256
7005,1,"1 2 3 4 -3 -1 3 -2 4 4 -3 4",48,1,0
7006,1,"1 2 -1 4 3 -2 -2 4 2 4 -3 4",48,1,0
7007,1,"1 4 2 -1 4 4 4 -2 -2 -4 2 4",24,1,-256
7008,1,"1 2 3 4 -3 4 2 4 -2 4 -1 -2",48,1,-64
7009,1,"1 2 4 -2 -4 -1 4 2 4 4 -2 4",24,1,128
7010,1,"1 2 3 -2 -3 -2 4 4 -1 4 4 2",48,1,0
7011,1,"1 2 -1 -2 4 2 1 -2 4 4 -1 4",24,1,128
7012,1,"1 2 3 -1 -3 -3 4 4 4 -2 3 4",48,1,-256
7013,1,"1 2 -1 4 3 3 4 4 -2 -3 4 -3",48,1,-128
7014,1,"1 2 3 4 2 -3 4 -2 -1 4 -2 4",48,1,128
7015,1,"1 2 3 -2 4 4 4 3 4 -3 -1 -3",48,1,-128
7016,1,"1 2 3 -2 4 4 3 4 -1 -3 -3 4",48,1,-128
7017,1,"1 2 3 4 2 4 -3 -2 4 -1 -2 4",48,1,0
7018,1,"1 2 -1 4 4 3 -4 -2 4 4 -3 4",48,1,0
7019,1,"1 2 4 3 3 4 -1 -2 4 -3 4 -3",48,1,0
7020,1,"1 2 1 4 -1 -1 4 2 4 4 -2 -2",24,1,256
7021,1,"1 2 3 4 -3 -1 3 -2 4 4 4 -3",48,1,128
7022,1,"1 2 4 4 -2 -2 4 4 4 2 -1 -4",24,1,0
7023,1,"1 2 1 4 2 4 4 -1 -2 4 -1 -2",24,1,-128
7024,1,"1 2 1 2 4 -2 -1 4 -1 4 -2 4",24,1,128
7025,1,"1 4 4 4 2 2 4 -1 -4 -2 -2 4",24,1,0
7026,1,"1 2 4 4 4 -1 3 4 -3 -3 -2 3",48,1,0
7027,1,"1 2 4 3 2 4 -3 4 -2 -2 -1 4",48,1,128
7028,1,"1 2 -4 -2 4 4 2 4 -2 -1 4 4",24,1,-256
7029,1,"1 2 3 3 4 -3 4 -3 -1 4 -2 4",48,1,128
7030,1,"1 4 2 4 -2 -1 -4 -2 4 4 4 2",24,1,256
7031,1,"1 2 3 -1 4 -3 4 3 4 -2 4 -3",48,1,-64
7032,1,"1 2 4 4 3 4 -2 -4 -3 4 -1 4",48,1,0
7033,1,"1 2 3 4 4 -2 4 3 -1 -3 -3 4",48,1,-128
7034,1,"1 2 3 4 4 3 -1 -3 -2 4 4 -3",48,1,-128
7035,1,"1 2 -1 -2 -2 3 4 4 4 -3 2 4",48,1,-256
7036,1,"1 2 -1 4 3 4 -2 -2 -3 4 4 2",48,1,128
7037,1,"1 2 4 3 4 3 4 -2 -3 -1 -3 4",48,1,64
7038,1,"1 2 1 4 2 4 -1 -1 4 4 -2 -2",24,1,256
7039,1,"1 4 4 4 -1 -4 2 4 2 4 -2 -2",24,1,256
7040,1,"1 4 2 2 4 -2 -1 4 -2 -2 4 2",12,1,0
7041,1,"1 2 4 3 4 -3 -1 3 -2 4 -3 4",48,1,-64
7042,1,"1 2 -1 4 2 2 4 4 4 -2 -2 -2",24,1,-512
7043,1,"1 2 -1 -1 -2 4 4 -2 4 2 1 4",24,1,0
7044,1,"1 2 -1 -2 -2 3 4 4 2 4 -3 4",48,1,-128
7045,1,"1 4 2 2 4 2 -1 4 -2 -2 4 -2",12,1,0
7046,1,"1 2 3 4 4 -3 -2 4 4 3 -1 -3",48,1,-128
7047,1,"1 2 4 3 4 -3 -3 -2 4 3 -1 4",48,1,128
7048,1,"1 2 4 2 4 -2 4 -1 -4 -2 4 4",24,1,-128
7049,1,"1 2 4 -2 4 2 2 4 -2 -1 4 -2",24,1,128
7050,1,"1 2 4 2 4 -1 -2 4 4 4 -2 -4",24,1,-256
7051,1,"1 2 3 4 3 -2 -3 -1 4 -3 4 4",48,1,0
7052,1,"1 2 4 3 -2 -3 -1 4 -3 4 3 4",48,1,64
7053,1,"1 2 1 2 4 -1 4 -2 -1 4 4 -2",24,1,128
7054,1,"1 2 1 -2 -1 -2 4 4 -1 4 2 4",24,1,128
7055,1,"1 2 3 4 3 4 4 -3 -3 -2 -1 4",48,1,256
7056,1,"1 1 -4 -1 4 1 4 -1 4 4 -1 4",6,1,-256
7057,1,"1 2 2 4 -2 -2 -2 4 2 4 -1 4",24,1,256
7058,1,"1 2 2 -1 4 -2 4 -2 1 4 -1 4",24,1,-128
7059,1,"1 2 3 -2 4 3 -1 -3 4 -3 4 4",48,1,-128
7060,1,"1 2 3 4 3 4 -3 -3 -2 -1 4 4",48,1,256
7061,1,"1 2 3 2 4 4 4 -3 -2 -1 4 -2",48,1,128
7062,1,"1 2 1 4 -2 -1 4 -2 -1 4 2 4",24,1,0
7063,1,"1 2 2 -1 4 4 3 4 -3 4 -2 -2",48,1,-256
7064,1,"1 2 3 3 4 4 -1 -3 -3 4 4 -2",48,1,-256
7065,1,"1 4 2 4 4 -2 4 -2 -1 -4 2 4",24,1,-128
7066,1,"1 2 3 4 -2 4 -1 4 4 4 -3 -4",48,1,-128
7067,1,"1 2 -1 4 -2 1 4 2 4 -2 -1 4",24,1,0
7068,1,"1 2 -1 4 -2 -2 1 4 -1 2 4 4",24,1,0
7069,1,"1 2 -1 4 -2 4 3 4 -3 2 4 -2",48,1,-64
7070,1,"1 2 -1 4 -1 -2 -2 4 1 4 2 4",24,1,-128
7071,1,"1 2 4 4 -2 4 4 3 4 -3 -1 -4",48,1,-128
7072,1,"1 2 -1 4 4 4 -2 -2 -2 4 2 2",24,1,512
7073,1,"1 2 3 4 4 -1 -2 4 -3 -3 4 3",48,1,0
7074,1,"1 2 3 -2 -3 -1 3 4 -3 4 4 4",48,1,128
7075,1,"1 2 4 3 -2 -3 -1 -3 4 4 3 4",48,1,0
7076,1,"1 2 -1 4 -2 4 -1 -2 4 4 2 1",24,1,0
7077,1,"1 2 3 3 4 -3 -3 4 4 -1 -2 4",48,1,0
7078,1,"1 2 4 -1 4 3 4 -3 -3 4 -2 3",48,1,0
7079,1,"1 2 4 -2 -1 -4 -2 4 4 2 4 4",24,1,0
7080,1,"1 4 2 -1 4 4 4 2 -4 -2 4 -2",24,1,0
7081,1,"1 4 2 -4 -2 -2 4 2 4 -1 4 4",24,1,-256
7082,1,"1 2 -1 4 -2 -1 4 1 -2 4 2 4",24,1,128
7083,1,"1 2 -1 2 4 3 4 4 4 -3 -2 -2",48,1,0
7084,1,"1 2 4 4 4 -2 -2 -4 2 4 -1 4",24,1,-256
7085,1,"1 2 -1 -2 4 -2 4 -1 4 2 1 4",24,1,0
7086,1,"1 2 4 4 3 -2 3 -1 4 -3 4 -3",48,1,0
7087,1,"1 2 4 1 -2 4 -1 -1 2 4 -2 4",24,1,128
7088,1,"1 2 3 -1 4 4 -3 4 -3 4 -2 3",48,1,0
7089,1,"1 2 4 -2 4 -2 4 2 4 4 -1 -4",24,1,-128
7090,1,"1 2 3 -1 -3 -3 4 4 4 3 4 -2",48,1,-256
7091,1,"1 2 -1 4 -2 -1 4 -2 1 4 2 4",24,1,0
7092,1,"1 2 4 3 -1 -2 4 -3 -3 4 3 4",48,1,0
7093,1,"1 2 -1 -1 -2 -2 4 4 1 4 2 4",24,1,-256
7094,1,"1 2 3 -1 -2 4 3 4 -3 4 -3 4",48,1,-64
7095,1,"1 2 3 -2 4 4 -3 -3 -1 4 3 4",48,1,128
7096,1,"1 4 4 -1 -4 2 -4 -2 4 4 4 4",24,1,0
7097,1,"1 2 2 4 -2 4 4 -1 2 4 -2 -2",24,1,256
7098,1,"1 2 -1 4 -2 3 2 4 -3 4 -2 4",48,1,0
7099,1,"1 2 4 3 -2 4 4 4 4 -1 -3 -4",48,1,-256
7100,1,"1 2 2 -1 4 -1 -2 -2 4 4 1 4",24,1,-256
7101,1,"1 2 1 4 2 4 -1 -1 4 -2 4 -2",24,1,128
7102,1,"1 2 3 -2 4 4 -3 -2 -1 2 4 4",24,1,128
7103,1,"1 2 2 -4 -2 -1 4 4 4 -2 4 4",24,1,-512
7104,1,"1 2 -1 -1 2 4 1 4 4 4 -2 -2",24,1,0
7105,1,"1 2 3 -2 4 -3 -1 -3 4 4 4 3",48,1,128
7106,1,"1 2 3 3 4 -3 4 -2 -3 4 -1 4",48,1,0
7107,1,"1 2 1 2 -1 4 -2 4 -2 4 -1 4",24,1,0
7108,1,"1 4 2 -1 4 4 4 -2 -4 -2 4 2",24,1,256
7109,1,"1 2 -1 2 2 4 -2 4 4 -2 4 -2",24,1,0
7110,1,"1 4 2 4 3 3 -1 4 -3 -2 4 -3",48,1,0
7111,1,"1 2 3 -1 4 3 4 4 -2 -3 -3 4",48,1,0
7112,1,"1 2 3 4 -1 -3 4 4 3 -2 -3 4",48,1,0
7113,1,"1 2 2 3 4 -3 4 -1 4 -2 4 -2",48,1,0
7114,1,"1 2 -1 -1 -2 1 2 4 -2 4 4 4",24,1,-256
7115,1,"1 2 3 4 -3 -2 -3 4 -1 3 4 4",48,1,128
7116,1,"1 2 4 -1 -2 4 4 -2 -2 4 2 2",24,1,256
7117,1,"1 2 3 2 -3 4 4 -2 -1 4 -2 4",48,1,128
7118,1,"1 2 3 4 -3 -1 4 3 4 4 -2 -3",48,1,0
7119,1,"1 2 4 4 3 -2 -3 -3 4 4 -1 3",48,1,256
7120,1,"1 2 3 4 4 -1 4 4 2 -3 -2 -2",48,1,0
7121,1,"1 2 4 -2 -2 4 -1 4 4 4 2 -4",24,1,256
7122,1,"1 2 3 2 -3 4 4 -2 -2 -1 4 4",48,1,256
7123,1,"1 2 3 4 4 -3 -2 3 -1 4 -3 4",48,1,128
7124,1,"1 2 -1 4 4 4 3 -2 3 4 -3 -3",48,1,0
7125,1,"1 4 2 4 -2 4 4 -2 -1 4 2 -4",24,1,-128
7126,1,"1 2 -1 4 4 2 4 3 4 -3 -2 -2",48,1,-128
7127,1,"1 2 4 -1 4 3 2 4 -3 4 -2 -2",48,1,0
7128,1,"1 2 2 4 4 -2 -2 -1 4 2 4 -2",24,1,256
7129,1,"1 2 3 4 -3 -3 -2 4 4 -1 3 4",48,1,128
7130,1,"1 2 4 4 4 -2 -4 -2 -1 4 4 2",24,1,256
7131,1,"1 2 4 -1 3 4 4 -3 4 4 -2 -4",48,1,-128
7132,1,"1 2 3 4 2 4 -3 4 -1 -2 4 -2",48,1,-64
7133,1,"1 2 3 4 -2 -3 4 4 -2 -1 2 4",48,1,0
7134,1,"1 2 3 -1 -3 4 4 4 -3 -2 4 3",48,1,-128
7135,1,"1 2 4 3 3 -1 4 -2 4 4 -3 -3",48,1,0
7136,1,"1 2 1 2 4 -2 -1 4 -2 4 -1 4",24,1,128
7137,1,"1 2 3 3 -2 -3 4 -1 4 4 4 -3",48,1,-256
7138,1,"1 2 4 3 4 -3 -2 4 3 -1 4 -3",48,1,64
7139,1,"1 2 3 4 -1 -4 -3 4 4 4 4 -2",48,1,-256
7140,1,"1 2 -1 4 -2 3 2 4 -2 -3 4 4",48,1,0
7141,1,"1 4 2 -4 -2 4 2 4 -2 4 -1 4",24,1,-128
7142,1,"1 2 3 -2 4 4 2 -1 4 -3 -2 4",48,1,128
7143,1,"1 4 2 4 -2 -1 -4 2 4 4 4 -2",24,1,0
7144,1,"1 2 3 -1 -3 -3 -2 3 4 4 4 4",48,1,-256
7145,1,"1 2 3 -1 4 4 -3 -2 -3 4 4 3",48,1,128
7146,1,"1 2 4 4 -1 3 -2 -3 -3 4 4 3",48,1,0
7147,1,"1 2 4 4 -2 3 3 -1 4 -3 4 -3",48,1,128
7148,1,"1 2 -1 4 2 4 -2 3 4 -3 -2 4",48,1,0
7149,1,"1 2 1 -2 -2 -1 4 4 -1 4 2 4",24,1,0
7150,1,"1 2 3 -1 4 3 4 -3 4 4 -2 -3",48,1,-128
7151,1,"1 2 1 -2 -1 -2 4 2 4 -1 4 4",24,1,128
7152,1,"1 2 -1 -1 4 -2 4 4 2 1 -2 4",24,1,256
7153,1,"1 4 2 -1 4 2 2 4 -2 4 -2 -2",24,1,0
7154,1,"1 2 -1 4 -2 -2 1 2 4 -1 4 4",24,1,-256
7155,1,"1 2 1 2 4 -1 4 -1 4 -2 4 -2",24,1,0
7156,1,"1 2 3 -2 4 -2 -3 4 -1 4 4 2",48,1,-128
7157,1,"1 2 3 4 -2 3 4 4 -1 -3 -3 4",48,1,128
7158,1,"1 2 4 -1 4 4 4 2 4 -2 -2 -4",24,1,-256
7159,1,"1 2 4 4 -2 3 4 -1 3 4 -3 -3",48,1,128
7160,1,"1 2 3 2 -3 4 -1 4 -2 -2 4 4",48,1,128
7161,1,"1 2 -1 -2 -2 4 4 3 4 -3 2 4",48,1,-128
7162,1,"1 2 2 4 3 4 -1 4 -2 -3 4 -2",48,1,0
7163,1,"1 2 -1 4 4 4 4 -2 4 2 -4 -2",24,1,256
7164,1,"1 2 3 4 -1 4 2 4 -3 -2 4 -2",48,1,0
7165,1,"1 2 4 -1 3 4 4 4 -2 -4 -3 4",48,1,-128
7166,1,"1 2 -1 4 2 4 -2 1 4 -1 -2 4",24,1,-128
7167,1,"1 2 1 -2 4 -2 4 -1 4 2 -1 4",24,1,128
7168,1,"1 2 3 -2 4 -1 2 4 -3 -2 4 4",48,1,0
7169,1,"1 2 3 2 -1 -2 4 4 4 4 -3 -2",48,1,-256
7170,1,"1 2 3 -1 3 4 -2 4 -3 4 4 -3",48,1,0
7171,1,"1 2 -1 4 4 4 4 -2 4 -2 -4 2",24,1,-256
7172,1,"1 2 -1 -2 -2 4 4 3 2 4 -3 4",48,1,-128
7173,1,"1 2 2 4 -1 4 -2 3 -2 4 -3 4",48,1,128
7174,1,"1 2 4 2 -4 -2 -2 4 4 -1 4 4",24,1,-256
7175,1,"1 2 3 4 -1 4 4 4 -2 -4 -3 4",48,1,-128
7176,1,"1 2 4 4 2 2 -1 4 -2 -2 -2 4",24,1,0
7177,1,"1 2 3 3 4 -3 4 -3 4 -2 -1 4",48,1,128
7178,1,"1 2 -1 4 2 2 4 -2 -2 -2 4 4",24,1,0
7179,1,"1 2 1 -2 4 2 4 4 -1 4 -1 -2",24,1,128
7180,1,"1 2 4 4 -2 4 2 4 -1 4 -2 -4",24,1,-128
7181,1,"1 2 3 2 -3 4 -2 4 4 4 -1 -2",48,1,-128
7182,1,"1 2 -4 -2 -1 4 -2 4 2 4 4 4",24,1,-256
7183,1,"1 2 3 4 4 -3 -3 -1 4 3 4 -2",48,1,128
7184,1,"1 2 2 3 4 -2 -3 4 -1 4 4 -2",48,1,0
7185,1,"1 2 -4 -2 -2 -1 4 4 4 4 2 4",24,1,-512
7186,1,"1 2 2 2 4 -1 4 -2 4 4 -2 -2",24,1,0
7187,1,"1 1 4 4 -1 4 1 4 4 -1 -1 -4",6,1,-512
7188,1,"1 2 4 -2 -2 -2 -1 4 2 4 4 2",24,1,256
7189,1,"1 2 3 4 4 -1 -4 -2 4 -3 4 4",48,1,-128
7190,1,"1 2 4 -2 -1 -4 2 4 4 -2 4 4",24,1,0
7191,1,"1 2 1 -2 -1 4 4 -1 2 4 4 -2",24,1,0
7192,1,"1 2 4 4 3 4 -3 4 -2 -3 -1 3",48,1,0
7193,1,"1 2 4 4 4 3 4 -2 3 -1 -3 -3",48,1,0
7194,1,"1 4 2 4 4 2 -4 -2 -2 4 -1 4",24,1,-256
7195,1,"1 2 1 -2 -1 4 -1 4 4 2 4 -2",24,1,128
7196,1,"1 2 -1 4 2 4 1 -2 4 -1 -2 4",24,1,0
7197,1,"1 2 2 2 4 -1 -2 -2 -2 4 4 4",24,1,0
7198,1,"1 2 4 -2 3 3 -1 4 4 -3 -3 4",48,1,256
7199,1,"1 2 3 -2 -3 4 4 4 -2 4 -1 2",48,1,-128
7200,1,"1 2 4 4 -1 4 2 -4 -2 4 4 -2",24,1,0
7201,1,"1 2 3 4 4 4 -3 -3 4 -1 3 -2",48,1,0
7202,1,"1 2 3 4 -2 4 -1 4 -2 -3 2 4",48,1,-64
7203,1,"1 2 -1 4 4 4 4 2 4 -2 -4 -2",24,1,-256
7204,1,"1 2 4 3 3 4 -2 -3 4 4 -1 -3",48,1,-128
7205,1,"1 2 2 -1 4 4 -1 4 -2 -2 1 4",24,1,-256
7206,1,"1 2 4 -1 -4 3 4 -2 4 -3 4 4",48,1,0
7207,1,"1 2 3 4 3 4 4 -3 4 -1 -3 -2",48,1,-128
7208,1,"1 2 -1 -1 4 2 4 -2 -2 4 1 4",24,1,0
7209,1,"1 2 4 3 -2 -3 4 3 4 -1 4 -3",48,1,-64
7210,1,"1 2 -1 -1 4 -2 -2 4 1 4 2 4",24,1,0
7211,1,"1 2 3 -2 -1 4 4 2 -3 -2 4 4",48,1,0
7212,1,"1 2 4 4 4 4 -1 -4 -4 -2 4 4",24,1,-512
7213,1,"1 2 3 4 -1 -3 -2 -3 4 3 4 4",48,1,0
7214,1,"1 1 4 4 -1 -4 -1 4 -1 4 1 4",6,1,256
7215,1,"1 2 -4 2 4 -2 -2 4 4 4 -1 4",24,1,256
7216,1,"1 2 3 4 4 4 3 -2 -3 -1 4 -3",48,1,-128
7217,1,"1 2 -1 -2 -2 4 2 4 4 2 4 -2",24,1,-256
7218,1,"1 2 1 4 4 -2 -1 2 -1 4 4 -2",12,1,256
7219,1,"1 2 3 4 -3 4 4 -1 4 3 -2 -3",48,1,-128
7220,1,"1 2 1 4 -1 2 -1 4 4 -2 4 -2",24,1,128
7221,1,"1 2 -1 -2 4 3 4 4 2 -3 -2 4",48,1,0
7222,1,"1 2 2 4 -2 4 -2 -4 -1 4 4 4",24,1,256
7223,1,"1 2 2 -4 -2 4 4 -1 4 -2 4 4",24,1,-256
7224,1,"1 2 -1 4 2 4 -2 -2 -1 4 4 1",24,1,256
7225,1,"1 2 2 4 1 -2 4 4 -1 -1 -2 4",24,1,256
7226,1,"1 2 3 4 4 3 -2 -3 -1 -3 4 4",48,1,-128
7227,1,"1 2 1 4 4 4 -1 2 4 -1 -2 -2",24,1,256
7228,1,"1 2 -1 4 4 2 -4 -2 4 4 -2 4",24,1,0
7229,1,"1 2 3 4 -3 -2 4 4 -3 -1 3 4",48,1,0
7230,1,"1 2 3 4 -1 2 4 4 -2 -3 -2 4",48,1,128
7231,1,"1 2 3 4 4 -2 -3 -2 4 -1 2 4",48,1,128
7232,1,"1 2 3 -2 4 3 4 4 -1 -3 -3 4",48,1,-128
7233,1,"1 2 3 4 -1 4 -2 4 -3 -2 4 2",48,1,128
7234,1,"1 2 3 4 2 4 -3 -2 -1 4 -2 4",24,1,128
7235,1,"1 2 4 3 -1 4 -3 -2 -3 4 3 4",48,1,64
7236,1,"1 2 4 3 3 4 -3 -3 -1 4 -2 4",48,1,128
7237,1,"1 2 1 4 -1 -1 2 4 4 4 -2 -2",24,1,512
7238,1,"1 2 -4 2 4 -1 4 -2 4 -2 4 4",24,1,128
7239,1,"1 2 2 -1 4 1 4 -1 -2 4 -2 4",24,1,-128
7240,1,"1 2 4 4 3 -2 -3 4 3 4 -1 -3",48,1,-128
7241,1,"1 2 3 4 -2 -1 3 4 -3 -3 4 4",48,1,256
7242,1,"1 2 -1 2 4 4 4 -2 -4 -2 4 4",24,1,256
7243,1,"1 2 3 4 4 -2 -2 -3 4 4 -1 2",48,1,0
7244,1,"1 2 2 4 3 4 -3 4 -2 -1 -2 4",48,1,128
7245,1,"1 2 4 -1 3 -2 -3 4 3 4 -3 4",48,1,-64
7246,1,"1 2 1 4 -1 4 2 -1 -2 4 4 -2",24,1,-128
7247,1,"1 2 3 3 4 -3 -2 -1 4 4 4 -3",48,1,256
7248,1,"1 2 4 3 4 4 -2 -4 -3 4 -1 4",48,1,0
7249,1,"1 2 4 4 -2 -2 -1 4 -2 4 2 2",24,1,256
7250,1,"1 2 1 -2 4 -1 2 -1 -2 4 4 4",24,1,256
7251,1,"1 2 3 -2 4 -2 4 4 -3 4 -1 2",48,1,0
7252,1,"1 2 3 4 2 4 -1 4 4 -3 -2 -2",48,1,0
7253,1,"1 2 3 -2 -2 -1 4 4 -3 4 4 2",48,1,0
7254,1,"1 2 3 -1 -3 -3 4 3 -2 4 4 4",48,1,0
7255,1,"1 2 2 3 -2 4 4 -3 4 -1 -2 4",48,1,0
7256,1,"1 2 3 2 4 4 -1 -2 -3 4 -2 4",48,1,0
7257,1,"1 2 4 4 3 4 -3 -2 4 3 -1 -3",48,1,0
7258,1,"1 2 4 -2 4 4 -2 4 -1 -4 2 4",24,1,128
7259,1,"1 2 -1 -2 4 4 1 -2 -1 2 4 4",12,1,256
7260,1,"1 2 3 2 -3 -2 4 -2 4 -1 4 4",48,1,0
7261,1,"1 2 3 3 4 4 4 -3 -3 -2 -1 4",48,1,512
7262,1,"1 2 2 4 -2 -2 -2 4 -1 2 4 4",24,1,512
7263,1,"1 2 3 -1 3 4 -3 -2 4 -3 4 4",48,1,128
7264,1,"1 2 4 3 -4 -1 -2 4 4 4 -3 4",48,1,0
7265,1,"1 2 2 2 4 4 -2 -2 4 -1 -2 4",24,1,0
7266,1,"1 4 2 4 4 4 -2 -4 -4 -1 4 4",24,1,0
7267,1,"1 2 -1 4 4 2 4 4 -2 4 -2 -4",24,1,-256
7268,1,"1 4 4 4 2 4 -2 -2 4 -1 -4 2",24,1,-256
7269,1,"1 2 3 -2 -3 2 4 -2 4 4 -1 4",48,1,-128
7270,1,"1 2 -1 4 1 -2 4 2 4 -2 -1 4",24,1,128
7271,1,"1 2 4 4 -2 -1 -4 2 4 -2 4 4",24,1,0
7272,1,"1 4 2 2 -4 -2 -2 -1 4 4 4 4",24,1,-512
7273,1,"1 2 3 2 -1 -2 4 -3 4 4 -2 4",48,1,-128
7274,1,"1 2 3 4 -2 4 3 -1 -3 4 4 -3",48,1,-128
7275,1,"1 2 4 -2 3 4 4 4 -1 -4 -3 4",48,1,128
7276,1,"1 2 -1 -1 -2 4 2 4 1 4 -2 4",24,1,-128
7277,1,"1 2 4 3 -2 -1 4 3 4 4 -3 -3",48,1,0
7278,1,"1 2 4 2 3 4 -2 -2 -1 4 -3 4",48,1,128
7279,1,"1 1 4 -1 4 -1 -4 -1 4 4 1 4",6,1,256
7280,1,"1 2 4 -1 4 -2 4 4 3 4 -3 -4",48,1,0
7281,1,"1 2 4 3 -2 -1 4 -3 4 3 4 -3",48,1,0
7282,1,"1 2 4 4 4 -1 4 2 -4 -2 -2 4",24,1,-256
7283,1,"1 2 3 -2 4 3 4 -1 -3 4 -3 4",48,1,-64
7284,1,"1 2 1 4 -2 4 -1 -1 2 4 -2 4",24,1,128
7285,1,"1 2 4 3 4 2 -1 4 -2 -2 -3 4",48,1,0
7286,1,"1 4 2 -1 4 2 2 4 4 -2 -2 -2",24,1,0
7287,1,"1 1 4 1 -4 -1 4 -1 4 4 -1 4",6,1,-256
7288,1,"1 2 3 4 4 -3 -1 4 -3 4 -2 3",48,1,128
7289,1,"1 2 4 4 4 -1 -2 -4 -2 4 4 2",24,1,256
7290,1,"1 2 3 4 -3 -3 4 -1 3 4 4 -2",48,1,128
7291,1,"1 2 4 4 -1 3 -2 4 3 4 -3 -3",48,1,0
7292,1,"1 2 -1 4 2 3 4 4 -2 -3 -2 4",48,1,0
7293,1,"1 2 -1 4 3 4 2 4 -2 -3 4 -2",48,1,-64
7294,1,"1 2 -1 -2 4 3 4 -3 -2 4 4 2",48,1,0
7295,1,"1 2 3 2 -1 4 -2 -2 -3 4 4 4",48,1,0
7296,1,"1 2 4 -1 4 -2 -2 4 4 4 2 -4",24,1,256
7297,1,"1 2 4 3 -2 -3 4 -1 4 3 4 -3",48,1,-64
7298,1,"1 2 3 2 4 -3 -2 4 -1 4 4 -2",48,1,0
7299,1,"1 4 2 -1 4 2 4 4 4 -2 -4 -2",24,1,0
7300,1,"1 2 3 -2 4 -3 4 -3 4 3 -1 4",48,1,-64
7301,1,"1 2 3 -2 4 -1 -2 4 4 -3 2 4",48,1,-128
7302,1,"1 4 2 4 4 -2 4 4 4 -1 -4 -4",24,1,-512
7303,1,"1 2 3 4 -3 -1 4 4 4 -3 -2 3",48,1,128
7304,1,"1 2 4 3 4 -1 -2 4 3 4 -3 -3",48,1,0
7305,1,"1 2 -1 -4 2 4 4 4 -2 4 -2 4",24,1,256
7306,1,"1 2 3 2 -1 4 -3 -2 4 4 -2 4",48,1,0
7307,1,"1 2 -1 -2 4 3 2 4 4 -3 4 -2",48,1,-128
7308,1,"1 2 2 4 -2 -2 4 -1 2 4 4 -2",24,1,256
7309,1,"1 2 -1 -2 4 4 3 -2 -3 2 4 4",24,1,128
7310,1,"1 2 4 4 3 4 -3 -4 -2 -1 4 4",48,1,0
7311,1,"1 2 -1 4 -2 3 4 4 -2 -3 2 4",48,1,0
7312,1,"1 2 2 -1 -2 4 4 4 -2 -2 4 2",24,1,0
7313,1,"1 2 3 4 -1 4 -3 4 3 -2 -3 4",48,1,-64
7314,1,"1 2 4 -1 -2 4 -2 4 -2 4 2 2",24,1,128
7315,1,"1 2 3 2 -3 4 4 -2 -1 -2 4 4",48,1,128
7316,1,"1 1 4 -1 4 4 1 -4 -1 -1 4 4",6,1,-512
7317,1,"1 1 4 -1 -4 -1 4 1 4 4 -1 4",6,1,256
7318,1,"1 2 3 4 -2 -3 4 4 2 -1 4 -2",48,1,0
7319,1,"1 2 -1 2 4 3 -2 4 4 -2 -3 4",48,1,0
7320,1,"1 2 4 -2 4 2 -4 -1 4 4 4 -2",24,1,-256
7321,1,"1 2 4 3 -4 -2 -3 4 4 4 -1 4",48,1,-128
7322,1,"1 2 2 2 -1 -2 -2 4 4 4 4 -2",24,1,-1024
7323,1,"1 2 -4 -2 4 -1 4 4 -2 4 4 2",24,1,-256
7324,1,"1 2 -4 2 4 4 4 -1 4 4 -2 -2",24,1,0
7325,1,"1 2 1 4 -1 2 4 -1 4 4 -2 -2",24,1,256
7326,1,"1 2 3 4 -3 -2 -1 3 4 -3 4 4",48,1,128
7327,1,"1 2 4 4 -2 4 -1 4 2 -4 -2 4",24,1,-128
7328,1,"1 2 3 4 4 2 4 -3 -2 -2 -1 4",48,1,256
7329,1,"1 2 4 4 -2 -1 -2 4 4 4 2 -4",24,1,256
7330,1,"1 2 3 4 4 -1 3 -2 -3 4 4 -3",48,1,-128
7331,1,"1 2 3 -2 4 4 -3 4 -2 4 -1 2",48,1,0
7332,1,"1 2 4 -1 4 -2 3 4 -2 -3 4 2",48,1,128
7333,1,"1 2 4 2 4 4 4 -2 -1 -4 -2 4",24,1,0
7334,1,"1 2 4 4 -1 4 -2 4 2 -4 -2 4",24,1,-128
7335,1,"1 2 3 -2 4 -1 -3 -3 4 4 4 3",48,1,0
7336,1,"1 2 2 3 -2 4 4 -2 -3 4 -1 4",48,1,-128
7337,1,"1 2 3 4 -1 4 4 -2 -3 2 4 -2",48,1,0
7338,1,"1 2 1 2 4 -1 4 -1 4 4 -2 -2",24,1,0
7339,1,"1 2 2 -1 4 4 3 -2 4 -2 -3 4",48,1,0
7340,1,"1 2 3 -1 4 -3 -3 4 4 4 -2 3",48,1,0
7341,1,"1 2 3 -2 4 -1 4 -2 -3 2 4 4",48,1,-128
7342,1,"1 2 2 1 4 -2 -2 -1 4 4 -1 4",24,1,256
7343,1,"1 2 3 -1 -3 4 4 -3 4 -2 4 3",48,1,0
7344,1,"1 2 3 -4 -1 -2 4 -3 4 4 4 4",48,1,-256
7345,1,"1 2 3 3 -2 -3 4 -1 4 4 -3 4",48,1,-128
7346,1,"1 2 4 3 4 -3 -2 3 4 -1 4 -3",48,1,64
7347,1,"1 2 3 4 -2 4 -3 4 -2 -1 2 4",48,1,64
7348,1,"1 2 4 3 -4 -3 4 -1 4 -2 4 4",48,1,-128
7349,1,"1 2 3 2 4 -3 4 4 -2 4 -1 -2",48,1,-128
7350,1,"1 2 3 -2 -3 4 2 4 -1 -2 4 4",48,1,0
7351,1,"1 2 3 4 -1 2 4 -2 -2 4 -3 4",48,1,128
7352,1,"1 2 3 4 -2 -2 4 -3 4 -1 2 4",48,1,128
7353,1,"1 2 3 4 -3 -2 4 4 4 2 -1 -2",48,1,-256
7354,1,"1 2 2 4 4 -2 -1 2 4 -2 4 -2",24,1,256
7355,1,"1 2 3 -2 -3 -3 4 4 4 -1 4 3",48,1,0
7356,1,"1 2 2 -1 -2 -2 4 3 4 4 -3 4",48,1,-256
7357,1,"1 2 3 4 -3 4 -2 4 4 -3 -1 3",48,1,0
7358,1,"1 2 4 3 -1 4 4 -3 -2 -3 4 3",48,1,128
7359,1,"1 2 4 3 -1 -3 4 4 3 -2 4 -3",48,1,0
7360,1,"1 2 2 4 4 2 4 -2 -1 -2 4 -2",24,1,0
7361,1,"1 2 3 -2 3 -1 4 4 -3 -3 4 4",48,1,0
7362,1,"1 2 4 3 4 4 -1 3 4 -2 -3 -3",48,1,0
7363,1,"1 2 1 -2 -1 -2 4 2 -1 4 4 4",24,1,256
7364,1,"1 2 3 4 -1 3 4 -3 4 4 -2 -3",48,1,0
7365,1,"1 2 -1 4 3 -2 -3 4 -3 4 4 3",48,1,128
7366,1,"1 2 -1 4 3 4 3 4 4 -3 -2 -3",48,1,0
7367,1,"1 2 -1 4 -2 3 3 4 -3 4 4 -3",48,1,128
7368,1,"1 2 4 4 3 4 3 4 -2 -3 -1 -3",48,1,0
7369,1,"1 2 -4 2 4 4 -2 -2 4 -1 4 4",24,1,256
7370,1,"1 2 4 1 -2 4 -1 -2 4 -1 2 4",12,1,128
7371,1,"1 2 3 -2 -2 4 -3 4 4 -1 4 2",48,1,0
7372,1,"1 2 4 4 -1 4 2 4 -2 -4 -2 4",24,1,128
7373,1,"1 2 4 4 3 -1 3 -2 -3 -3 4 4",48,1,0
7374,1,"1 2 4 3 3 -1 4 4 -3 -3 -2 4",48,1,0
7375,1,"1 2 4 3 3 4 -1 -3 -3 -2 4 4",48,1,0
7376,1,"1 2 -1 -1 -2 -2 4 4 2 1 4 4",24,1,0
7377,1,"1 2 4 2 2 -1 -2 4 4 4 -2 -2",24,1,-512
7378,1,"1 2 3 4 2 -1 4 4 -3 -2 4 -2",48,1,0
7379,1,"1 2 2 4 -2 3 4 -3 4 -1 -2 4",48,1,0
7380,1,"1 2 3 -2 -1 4 -3 4 -3 4 4 3",48,1,128
7381,1,"1 2 4 4 3 4 4 -3 -2 3 -1 -3",48,1,128
7382,1,"1 2 3 -1 3 4 -2 4 -3 4 -3 4",48,1,64
7383,1,"1 2 -1 4 4 4 -2 4 4 -2 -4 2",24,1,-256
7384,1,"1 4 4 -1 -4 -1 4 4 4 4 1 -4",6,1,512
7385,1,"1 2 1 2 4 4 -1 4 -2 -1 -2 4",24,1,128
7386,1,"1 2 -1 -1 -2 -2 4 1 4 2 4 4",24,1,-256
7387,1,"1 2 -4 -4 -2 4 4 4 -1 4 4 4",24,1,-512
7388,1,"1 2 -1 4 3 -2 -3 4 2 4 4 -2",48,1,0
7389,1,"1 2 -1 2 4 2 4 -2 -2 -2 4 4",24,1,256
7390,1,"1 2 3 4 -2 4 -1 4 2 -3 4 -2",48,1,0
7391,1,"1 2 4 4 -2 4 2 -1 4 4 -2 -4",24,1,-256
7392,1,"1 2 -1 4 3 4 -3 -2 4 -3 4 3",48,1,-64
7393,1,"1 2 -1 4 4 -2 4 -1 2 4 -2 1",24,1,0
7394,1,"1 2 2 2 4 -1 4 -2 4 -2 4 -2",24,1,0
7395,1,"1 2 3 -2 -3 4 -1 2 4 4 4 -2",48,1,-128
7396,1,"1 2 4 3 -4 -1 4 4 -2 4 -3 4",48,1,0
7397,1,"1 2 4 2 4 4 -2 4 -2 -4 -1 4",24,1,128
7398,1,"1 2 -1 4 4 4 3 -2 -2 -3 4 2",48,1,0
7399,1,"1 2 4 -1 2 4 4 4 -2 4 -2 -4",24,1,0
7400,1,"1 4 2 4 -2 -2 4 -1 -4 2 4 4",24,1,0
7401,1,"1 2 1 2 4 -2 4 -1 -1 4 -2 4",24,1,128
7402,1,"1 4 2 4 4 -2 -1 -4 2 4 4 -2",24,1,0
7403,1,"1 2 -1 -4 3 4 -2 -3 4 4 4 4",48,1,-256
7404,1,"1 2 -1 4 2 4 1 -2 -1 4 -2 4",12,1,128
7405,1,"1 2 2 -4 -2 4 4 4 -1 4 4 -2",24,1,0
7406,1,"1 4 2 -1 4 -2 4 2 4 4 -2 -4",24,1,-128
7407,1,"1 2 4 4 2 -1 2 4 4 -2 -2 -2",24,1,0
7408,1,"1 2 3 -2 -3 4 4 -2 4 4 -1 2",48,1,-128
7409,1,"1 4 2 -1 -4 -2 4 4 -2 4 4 2",24,1,0
7410,1,"1 2 4 -2 4 3 -1 -3 -3 4 4 3",48,1,128
7411,1,"1 2 3 4 4 -1 4 4 -3 -4 -2 4",48,1,128
7412,1,"1 2 3 4 4 -3 -4 -1 4 4 4 -2",48,1,256
7413,1,"1 2 -1 4 1 -2 -1 4 2 4 -2 4",24,1,128
7414,1,"1 2 3 -2 4 -3 4 4 -2 4 -1 2",48,1,0
7415,1,"1 2 2 3 4 -3 4 4 -1 -2 -2 4",48,1,0
7416,1,"1 2 -1 4 4 4 2 4 4 -2 -4 -2",24,1,-256
7417,1,"1 2 -1 -4 -2 4 4 -2 4 2 4 4",24,1,-256
7418,1,"1 2 3 -2 -1 3 4 -3 4 -3 4 4",48,1,128
7419,1,"1 2 1 -2 -1 4 4 4 -2 -1 2 4",24,1,-256
7420,1,"1 2 2 1 4 -1 -2 4 4 -1 -2 4",24,1,0
7421,1,"1 2 3 -2 -3 2 -1 4 -2 4 4 4",48,1,0
7422,1,"1 2 -1 4 -1 2 4 4 -2 -2 4 1",24,1,256
7423,1,"1 2 4 4 -1 4 4 -2 3 -4 -3 4",48,1,-128
7424,1,"1 2 4 4 3 4 -2 -3 -3 -1 3 4",48,1,128
7425,1,"1 2 3 4 4 4 3 -2 4 -3 -1 -3",48,1,-128
7426,1,"1 2 3 2 -1 4 -2 -2 4 4 -3 4",48,1,0
7427,1,"1 2 -1 4 3 -2 4 -2 -3 2 4 4",48,1,0
7428,1,"1 2 2 -1 4 4 3 4 -3 -2 -2 4",48,1,0
7429,1,"1 2 3 -2 3 4 4 -1 4 -3 -3 4",48,1,128
7430,1,"1 2 3 4 -1 -3 4 -3 -2 4 4 3",48,1,0
7431,1,"1 2 3 3 -1 4 -3 4 4 -2 4 -3",48,1,-128
7432,1,"1 2 2 4 4 4 4 4 -1 -2 -4 -2",24,1,-512
7433,1,"1 4 2 4 -2 -1 4 2 4 4 -2 -4",24,1,128
7434,1,"1 2 3 3 4 4 -3 4 -2 -1 4 -3",48,1,0
7435,1,"1 2 3 -2 4 4 4 -3 4 -2 -1 2",48,1,0
7436,1,"1 2 3 -1 4 4 4 4 -3 4 -2 -4",48,1,-256
7437,1,"1 2 4 4 4 4 4 4 -2 -4 -1 -4",24,1,-512
7438,1,"1 2 3 4 -3 -2 4 4 4 -3 -1 3",48,1,-128
7439,1,"1 2 3 3 -1 4 4 -3 -3 4 -2 4",48,1,0
7440,1,"1 2 3 4 3 -1 4 4 -2 4 -3 -3",48,1,-128
7441,1,"1 2 -1 -2 4 4 2 -1 -2 4 4 1",24,1,-256
7442,1,"1 2 4 4 3 4 -2 4 -1 4 -3 -4",48,1,0
7443,1,"1 4 2 4 -2 4 2 4 4 -2 -1 -4",24,1,-128
7444,1,"1 2 4 -2 1 4 -1 -2 4 2 -1 4",6,1,-128
7445,1,"1 2 4 3 4 -1 -3 4 -3 4 -2 3",48,1,0
7446,1,"1 4 2 -4 2 4 -2 -2 -1 4 4 4",24,1,256
7447,1,"1 2 4 3 -4 -2 4 4 -3 4 -1 4",48,1,0
7448,1,"1 2 3 -4 -3 4 -1 4 4 4 4 -2",48,1,0
7449,1,"1 2 2 -1 -2 4 2 4 4 -2 4 -2",24,1,-256
7450,1,"1 2 3 4 -3 4 4 -3 -2 3 -1 4",48,1,128
7451,1,"1 2 3 4 -1 4 -3 -2 -3 4 3 4",48,1,64
7452,1,"1 2 3 4 3 4 -3 -3 -1 4 -2 4",48,1,128
7453,1,"1 2 -1 4 2 4 3 -2 -3 4 -2 4",24,1,0
7454,1,"1 2 3 4 -3 -1 4 -2 3 4 4 -3",48,1,128
7455,1,"1 2 3 4 -3 4 -2 3 -1 4 4 -3",48,1,0
7456,1,"1 2 4 3 4 -3 -2 -1 4 3 4 -3",24,1,128
7457,1,"1 2 -1 -1 4 2 1 4 -2 4 -2 4",24,1,128
7458,1,"1 2 3 3 4 -1 -3 -2 -3 4 4 4",48,1,0
7459,1,"1 2 2 -1 4 1 4 -1 -2 -2 4 4",24,1,-256
7460,1,"1 2 2 4 -2 3 4 -2 -3 4 -1 4",48,1,128
7461,1,"1 2 -1 4 4 4 -2 4 2 4 -2 -4",24,1,-256
7462,1,"1 2 -1 -1 4 4 2 4 -2 -2 4 1",24,1,0
7463,1,"1 2 3 4 3 -2 4 -1 -3 -3 4 4",48,1,-128
7464,1,"1 2 3 -2 4 2 4 -2 -1 4 -3 4",48,1,0
7465,1,"1 2 3 -2 4 4 4 -3 -3 4 -1 3",48,1,256
7466,1,"1 2 4 4 4 4 2 4 -2 -2 -1 -4",24,1,-512
7467,1,"1 2 1 4 2 -1 4 -1 -2 4 4 -2",24,1,-128
7468,1,"1 2 -1 4 -2 4 3 -2 4 -3 2 4",48,1,0
7469,1,"1 2 3 3 4 -3 -2 -1 4 4 -3 4",48,1,256
7470,1,"1 2 4 -1 3 4 -3 -3 -2 4 4 3",48,1,0
7471,1,"1 2 4 4 4 -1 3 3 -2 4 -3 -3",48,1,0
7472,1,"1 2 3 4 -2 -2 -3 4 4 2 -1 4",48,1,0
7473,1,"1 2 3 -4 -2 4 -1 -3 4 4 4 4",48,1,-256
7474,1,"1 2 3 -1 3 4 4 4 -2 -3 4 -3",48,1,-128
7475,1,"1 2 3 3 4 -2 -3 4 -1 -3 4 4",48,1,-128
7476,1,"1 2 3 2 4 4 -1 -2 -3 -2 4 4",24,1,0
7477,1,"1 2 3 -1 4 -3 -3 -2 3 4 4 4",48,1,0
7478,1,"1 2 3 4 -2 3 -1 -3 4 4 4 -3",48,1,-128
7479,1,"1 2 3 3 4 4 -3 4 -3 -2 -1 4",48,1,256
7480,1,"1 2 -1 4 4 2 2 4 4 -2 -2 -2",24,1,-512
7481,1,"1 2 -1 4 2 4 -2 -1 4 1 -2 4",24,1,128
7482,1,"1 2 3 4 2 -1 4 -2 -3 4 -2 4",48,1,-64
7483,1,"1 2 4 -2 4 -2 4 4 -1 -4 2 4",24,1,128
7484,1,"1 2 -1 4 2 4 -2 -1 4 -2 1 4",24,1,0
7485,1,"1 2 2 3 4 4 -2 -3 -2 4 -1 4",48,1,128
7486,1,"1 2 -1 -1 4 2 4 -2 1 4 -2 4",24,1,-128
7487,1,"1 2 -1 -2 4 2 3 4 -3 4 4 -2",48,1,-128
7488,1,"1 2 -1 4 -2 4 3 -4 -3 4 4 4",48,1,0
7489,1,"1 2 -1 4 3 -2 4 -3 4 2 4 -2",48,1,-64
7490,1,"1 2 3 4 -2 4 -2 -1 4 -3 2 4",48,1,64
7491,1,"1 1 4 1 4 -1 -1 -4 -1 4 4 4",6,1,512
7492,1,"1 2 3 2 4 -1 4 -2 4 -3 4 -2",48,1,0
7493,1,"1 2 2 4 -1 2 4 -2 -2 -2 4 4",24,1,512
7494,1,"1 4 2 4 4 4 -1 -4 -2 -2 4 2",24,1,256
7495,1,"1 2 -1 4 2 -1 4 -2 4 1 -2 4",24,1,0
7496,1,"1 2 4 4 3 3 -2 4 -3 4 -1 -3",48,1,-128
7497,1,"1 2 4 -2 -4 3 4 -3 4 4 -1 4",48,1,0
7498,1,"1 2 -1 4 2 -1 4 -2 4 -2 1 4",24,1,-128
7499,1,"1 2 3 4 -2 4 4 4 -1 4 -3 -4",48,1,-128
7500,1,"1 2 -1 -1 4 -2 -2 4 2 1 4 4",24,1,256
7501,1,"1 2 3 4 -2 -1 4 -2 4 -3 2 4",48,1,64
7502,1,"1 2 4 3 3 -2 -3 -1 4 4 4 -3",48,1,0
7503,1,"1 2 4 4 -2 -2 -2 4 2 2 -1 4",24,1,0
7504,1,"1 2 3 2 -1 -2 4 -3 4 -2 4 4",48,1,-128
7505,1,"1 4 -1 4 1 4 4 4 4 -1 -4 -4",6,1,-512
7506,1,"1 2 3 4 4 4 -3 -3 -2 -1 4 3",48,1,256
7507,1,"1 2 2 4 3 4 -2 -2 -1 4 -3 4",48,1,256
7508,1,"1 2 -1 -2 -2 4 2 4 2 4 -2 4",24,1,-128
7509,1,"1 2 -1 4 -2 4 4 -2 -1 4 2 1",24,1,256
7510,1,"1 2 1 2 4 4 4 4 -1 -1 -2 -2",24,1,-512
7511,1,"1 2 -1 4 2 3 -2 4 4 -2 -3 4",48,1,0
7512,1,"1 2 3 -2 4 2 4 -3 4 -2 -1 4",48,1,0
7513,1,"1 2 2 4 -2 -1 4 1 4 -2 -1 4",24,1,128
7514,1,"1 2 3 4 -3 -2 3 4 -1 -3 4 4",48,1,128
7515,1,"1 2 4 -2 3 4 -1 -2 4 2 -3 4",24,1,-64
7516,1,"1 2 -1 4 2 3 4 4 -3 -2 4 -2",48,1,-128
7517,1,"1 2 4 3 2 4 -1 4 -2 -2 -3 4",48,1,128
7518,1,"1 2 4 3 -1 4 -3 4 -3 4 -2 3",48,1,0
7519,1,"1 4 4 2 -1 4 4 -2 4 2 -4 -2",24,1,0
7520,1,"1 2 3 4 -1 -3 4 -2 3 4 4 -3",48,1,0
7521,1,"1 2 3 4 -3 -2 4 3 -1 4 4 -3",48,1,0
7522,1,"1 2 4 3 -2 3 4 -1 -3 4 -3 4",48,1,64
7523,1,"1 2 2 -1 -1 4 -2 -2 4 1 4 4",24,1,0
7524,1,"1 4 2 4 4 -2 -1 4 4 2 -4 -2",24,1,-256
7525,1,"1 2 3 2 -1 4 -3 -2 4 -2 4 4",48,1,0
7526,1,"1 2 3 3 -2 4 4 -3 4 -1 4 -3",48,1,-128
7527,1,"1 2 2 4 1 4 -1 4 -2 -2 -1 4",24,1,256
7528,1,"1 2 -1 4 2 4 -1 -2 -2 4 4 1",24,1,-256
7529,1,"1 2 3 4 -2 -2 -1 4 2 -3 4 4",48,1,128
7530,1,"1 2 4 4 -2 -4 2 -1 4 -2 4 4",24,1,0
7531,1,"1 2 2 4 -2 4 -2 -1 -1 4 4 1",24,1,512
7532,1,"1 2 3 -2 -3 4 4 -2 -1 2 4 4",48,1,-128
7533,1,"1 2 4 -1 -2 4 -2 -4 2 4 4 4",24,1,0
7534,1,"1 2 -1 -1 -2 4 4 2 1 -2 4 4",24,1,256
7535,1,"1 2 3 -1 4 -2 -3 -3 4 3 4 4",48,1,0
7536,1,"1 2 4 3 -2 -3 -1 4 4 -3 4 3",48,1,128
7537,1,"1 2 -1 4 3 2 4 -3 4 4 -2 -2",48,1,-128
7538,1,"1 2 -1 4 4 4 -2 3 4 4 -3 -4",48,1,256
7539,1,"1 2 3 -2 4 4 4 -3 -4 -1 4 4",48,1,256
7540,1,"1 2 4 3 3 -2 4 4 -1 -3 -3 4",48,1,0
7541,1,"1 2 -4 -2 4 -1 4 4 -2 4 2 4",24,1,-128
7542,1,"1 2 4 -2 -2 4 4 4 -1 4 2 -4",24,1,256
7543,1,"1 2 3 4 -1 2 4 4 4 -3 -2 -2",48,1,0
7544,1,"1 2 4 3 -1 3 4 -3 4 -2 -3 4",48,1,64
7545,1,"1 2 3 4 -2 4 -3 4 2 -1 4 -2",48,1,-64
7546,1,"1 4 4 -1 -4 2 2 4 4 4 -2 -2",24,1,512
7547,1,"1 2 4 -2 4 4 -1 -4 -2 4 4 2",24,1,0
7548,1,"1 2 3 4 2 4 4 -3 -2 -2 -1 4",48,1,256
7549,1,"1 2 2 4 2 4 -2 -1 4 -2 4 -2",24,1,128
7550,1,"1 2 1 -2 4 4 4 4 2 -1 -1 -2",24,1,0
7551,1,"1 2 3 4 -3 4 4 3 -2 4 -1 -3",48,1,-128
7552,1,"1 2 3 -2 4 4 -3 -2 4 4 -1 2",48,1,128
7553,1,"1 2 4 -1 4 -2 3 -2 4 -3 4 2",24,1,128
7554,1,"1 2 3 2 4 -1 4 4 4 -3 -2 -2",48,1,0
7555,1,"1 2 3 -2 -2 4 -1 2 4 4 -3 4",48,1,0
7556,1,"1 2 4 3 4 4 -3 4 4 -2 -1 -4",48,1,-256
7557,1,"1 2 4 3 3 4 -1 -3 -2 4 4 -3",48,1,0
7558,1,"1 2 3 4 -2 3 4 4 -3 -1 -3 4",48,1,128
7559,1,"1 2 3 4 4 3 -1 4 4 -3 -3 -2",48,1,-256
7560,1,"1 2 4 -1 4 3 2 4 -2 -2 -3 4",48,1,128
7561,1,"1 4 4 2 -1 4 4 2 4 -2 -4 -2",24,1,0
7562,1,"1 2 4 -1 4 3 4 -2 -4 -3 4 4",48,1,0
7563,1,"1 2 3 3 4 -3 -3 4 4 4 -1 -2",48,1,-256
7564,1,"1 2 3 -2 4 2 4 -1 4 -2 -3 4",48,1,-64
7565,1,"1 2 4 3 4 4 -2 4 -1 -4 -3 4",48,1,0
7566,1,"1 2 4 3 4 4 4 -1 4 -2 -3 -4",48,1,-128
7567,1,"1 2 3 4 4 -1 -2 -2 -3 2 4 4",48,1,-256
7568,1,"1 2 1 4 2 4 -2 -1 4 -2 -1 4",24,1,0
7569,1,"1 2 -1 -2 4 4 -2 4 -1 4 2 1",24,1,0
7570,1,"1 2 2 4 -2 -1 2 4 4 -2 4 -2",24,1,256
7571,1,"1 2 3 3 -1 4 -3 -3 -2 4 4 4",48,1,0
7572,1,"1 2 3 2 4 4 4 -2 -3 4 -1 -2",48,1,-128
7573,1,"1 2 4 2 2 -1 -2 4 4 -2 4 -2",24,1,-256
7574,1,"1 2 1 4 2 -1 4 -2 4 -2 -1 4",24,1,128
7575,1,"1 2 4 -1 4 2 3 -2 4 -3 4 -2",24,1,0
7576,1,"1 2 4 4 -2 4 2 4 -2 -4 -1 4",24,1,128
7577,1,"1 2 3 3 4 4 4 -2 -1 4 -3 -3",48,1,0
7578,1,"1 2 -1 4 2 -1 4 1 4 -2 -2 4",24,1,-128
7579,1,"1 2 3 4 4 -3 4 -2 3 -1 -3 4",48,1,0
7580,1,"1 2 4 3 -1 -3 4 3 4 -2 4 -3",48,1,-64
7581,1,"1 2 4 4 -2 4 -2 -2 -1 4 2 2",24,1,256
7582,1,"1 2 3 4 4 -3 -3 4 -2 4 -1 3",48,1,128
7583,1,"1 2 4 3 4 3 4 -1 -3 4 -2 -3",48,1,0
7584,1,"1 2 4 -1 3 3 -2 -3 4 -3 4 4",48,1,-128
7585,1,"1 2 3 -2 4 2 -3 4 4 -2 -1 4",48,1,128
7586,1,"1 4 4 2 4 4 2 4 -2 -2 -1 -4",24,1,-256
7587,1,"1 2 4 -2 4 4 3 -1 3 4 -3 -3",48,1,128
7588,1,"1 2 4 3 4 4 3 -2 -3 -3 -1 4",48,1,128
7589,1,"1 2 1 4 -2 4 -1 4 2 -1 -2 4",24,1,0
7590,1,"1 2 3 -1 4 3 4 -2 -3 4 4 -3",48,1,-128
7591,1,"1 2 4 -1 3 4 3 4 4 -3 -2 -3",48,1,128
7592,1,"1 2 4 -1 3 4 -3 -3 4 4 -2 3",48,1,0
7593,1,"1 2 3 4 2 4 4 -2 -3 -2 -1 4",48,1,128
7594,1,"1 2 3 4 -2 -2 4 4 -3 2 -1 4",48,1,0
7595,1,"1 2 -1 -1 4 -2 4 -2 4 2 4 1",24,1,0
7596,1,"1 2 4 4 -1 2 4 4 -2 -4 -2 4",24,1,256
7597,1,"1 2 3 4 4 -1 4 4 4 -3 -2 -4",48,1,-256
7598,1,"1 2 3 3 4 -1 4 -3 4 -3 4 -2",48,1,0
7599,1,"1 2 3 4 4 -2 -2 -1 2 4 -3 4",48,1,128
7600,1,"1 2 4 -1 4 4 3 4 -2 -4 -3 4",48,1,0
7601,1,"1 2 1 -2 4 4 2 -1 -1 4 -2 4",24,1,256
7602,1,"1 2 3 -2 -3 -2 4 2 4 -1 4 4",48,1,0
7603,1,"1 2 -4 -2 4 -1 4 4 3 4 -3 4",48,1,-128
7604,1,"1 2 3 -1 4 -3 -3 4 3 -2 4 4",48,1,0
7605,1,"1 2 3 -1 4 -3 4 -2 -3 4 4 3",48,1,128
7606,1,"1 2 3 4 -3 -3 4 -2 4 3 -1 4",48,1,0
7607,1,"1 2 4 4 4 -2 4 -2 4 2 -1 -4",24,1,0
7608,1,"1 2 -1 4 -2 3 4 4 -3 -2 4 2",48,1,0
7609,1,"1 2 3 2 -1 4 4 4 -3 4 -2 -2",48,1,-256
7610,1,"1 2 3 -1 4 3 4 -3 4 -3 -2 4",48,1,0
7611,1,"1 2 4 3 -2 3 4 -1 4 4 -3 -3",48,1,128
7612,1,"1 2 -1 2 4 3 4 -3 -2 -2 4 4",48,1,128
7613,1,"1 2 1 4 -1 -2 4 -1 4 2 4 -2",24,1,0
7614,1,"1 2 3 4 -3 -3 -1 3 -2 4 4 4",48,1,0
7615,1,"1 2 -1 -2 4 4 4 2 3 -2 -3 4",48,1,128
7616,1,"1 2 -1 4 2 1 -2 4 4 -2 -1 4",24,1,128
7617,1,"1 2 4 4 -1 3 3 4 -3 4 -2 -3",48,1,0
7618,1,"1 2 3 -2 -3 4 -2 4 4 -1 4 2",48,1,-128
7619,1,"1 2 4 -2 4 3 -1 4 4 4 -3 -4",48,1,-128
7620,1,"1 2 4 4 2 -1 -4 -2 4 -2 4 4",24,1,-256
7621,1,"1 2 4 -2 -4 3 4 4 -3 -1 4 4",48,1,-128
7622,1,"1 2 4 3 3 -1 4 -2 -3 4 -3 4",48,1,128
7623,1,"1 2 4 3 -4 -2 4 -1 4 4 -3 4",48,1,0
7624,1,"1 2 1 -2 -1 4 4 4 2 -1 4 -2",24,1,256
7625,1,"1 2 4 4 3 -1 4 3 4 -3 -2 -3",48,1,0
7626,1,"1 2 4 2 3 4 -1 4 -3 4 -2 -2",48,1,0
7627,1,"1 2 4 -1 -2 -4 2 4 4 4 4 -2",24,1,256
7628,1,"1 2 2 2 4 -1 -2 -2 4 4 -2 4",24,1,0
7629,1,"1 2 -1 4 -2 -1 4 -2 4 2 4 1",24,1,128
7630,1,"1 2 4 4 -1 -4 2 4 4 -2 -2 4",24,1,256
7631,1,"1 1 1 -4 -1 -1 4 4 4 -1 4 4",6,1,-1024
7632,1,"1 2 4 -2 -2 4 4 2 -4 -1 4 4",24,1,-256
7633,1,"1 2 4 3 4 3 4 -2 4 -1 -3 -3",48,1,0
7634,1,"1 2 3 -2 4 -3 4 -2 4 4 -1 2",48,1,0
7635,1,"1 2 2 -1 4 -2 4 4 4 4 -2 -4",24,1,-512
7636,1,"1 2 4 4 -2 4 -1 -4 3 4 -3 4",48,1,0
7637,1,"1 2 4 3 4 -3 4 4 4 -2 -1 -4",48,1,-256
7638,1,"1 2 -1 4 4 3 2 4 -2 -2 -3 4",48,1,0
7639,1,"1 4 2 4 4 -2 4 4 -2 -1 -4 2",24,1,-256
7640,1,"1 2 -4 -2 4 -1 4 2 4 4 4 -2",24,1,0
7641,1,"1 4 2 4 -2 -2 -4 2 4 -1 4 4",24,1,-256
7642,1,"1 2 4 -2 3 4 -3 -3 -1 3 4 4",48,1,-128
7643,1,"1 2 -1 4 3 2 4 -2 -3 4 -2 4",48,1,0
7644,1,"1 2 3 4 4 4 -1 -2 4 4 -3 -4",48,1,0
7645,1,"1 2 4 3 4 4 -2 -3 -3 -1 3 4",48,1,128
7646,1,"1 1 4 -1 -4 -1 4 -1 4 1 4 4",6,1,256
7647,1,"1 2 1 4 4 2 -1 4 -1 4 -2 -2",24,1,0
7648,1,"1 2 3 4 4 3 4 -2 4 -3 -1 -3",48,1,0
7649,1,"1 2 -1 4 4 -2 4 2 -4 -2 4 4",24,1,0
7650,1,"1 2 4 -2 3 4 2 -3 4 -2 -1 4",48,1,0
7651,1,"1 2 3 4 4 -2 -1 2 4 -3 4 -2",48,1,128
7652,1,"1 2 2 4 -1 -2 4 -2 3 4 -3 4",48,1,0
7653,1,"1 2 4 4 -2 4 3 4 -1 -4 -3 4",48,1,0
7654,1,"1 2 3 3 -1 4 -3 4 4 -2 -3 4",48,1,0
7655,1,"1 2 4 3 -2 4 -3 4 3 -1 -3 4",48,1,-64
7656,1,"1 2 3 3 4 4 -3 4 -2 -1 -3 4",48,1,0
7657,1,"1 4 2 2 -4 -2 4 -1 4 4 -2 4",24,1,-256
7658,1,"1 2 3 3 4 4 -2 -3 4 -1 4 -3",48,1,-128
7659,1,"1 2 4 -2 -2 4 2 2 -1 -2 4 4",24,1,-256
7660,1,"1 1 4 4 -1 4 4 -1 -1 -4 1 4",6,1,-512
7661,1,"1 2 3 3 4 4 -3 -1 -3 4 4 -2",48,1,0
7662,1,"1 2 4 2 -4 -2 4 4 -2 4 -1 4",24,1,-128
7663,1,"1 2 2 4 -2 -1 4 4 4 4 -2 -4",24,1,0
7664,1,"1 2 3 -2 -2 -3 4 -1 2 4 4 4",48,1,-256
7665,1,"1 2 4 4 3 4 -2 -1 4 4 -3 -4",48,1,0
7666,1,"1 2 1 2 4 -1 -1 4 -2 4 4 -2",24,1,0
7667,1,"1 2 4 4 -2 3 4 4 -3 -4 -1 4",48,1,-128
7668,1,"1 2 3 4 -1 -2 -2 4 4 2 -3 4",48,1,128
7669,1,"1 2 2 3 4 -2 -3 4 -2 4 -1 4",48,1,0
7670,1,"1 2 -1 4 1 4 -2 4 -2 -1 2 4",24,1,128
7671,1,"1 2 3 4 -3 -1 4 3 4 -3 4 -2",48,1,64
7672,1,"1 2 4 3 4 4 4 -2 4 -1 -3 -4",48,1,-128
7673,1,"1 2 -4 2 4 -1 4 -2 4 4 4 -2",24,1,0
7674,1,"1 4 2 -4 2 4 4 4 -2 -2 -1 4",24,1,256
7675,1,"1 2 2 2 4 4 -1 4 -2 4 -2 -2",24,1,0
7676,1,"1 2 3 4 -3 2 4 4 4 -1 -2 -2",48,1,0
7677,1,"1 2 1 4 -1 -2 -1 4 2 4 4 -2",24,1,128
7678,1,"1 2 4 4 -2 -1 4 2 2 4 -2 -2",24,1,256
7679,1,"1 2 -1 2 4 -2 3 -2 -3 4 4 4",48,1,128
7680,1,"1 2 4 3 4 -2 -3 -3 4 -1 3 4",48,1,128
7681,1,"1 2 -1 4 4 2 4 -2 -4 -2 4 4",24,1,0
7682,1,"1 2 1 2 4 4 -2 -1 4 -1 -2 4",24,1,128
7683,1,"1 2 4 3 4 4 -3 -3 -1 4 -2 3",48,1,0
7684,1,"1 2 4 -2 -2 -1 2 4 4 2 4 -2",24,1,256
7685,1,"1 2 1 4 -1 4 2 4 -2 -1 4 -2",24,1,128
7686,1,"1 2 2 4 4 4 -2 4 4 -1 -4 -2",24,1,-512
7687,1,"1 2 1 4 4 -1 2 4 -2 -2 -1 4",24,1,0
7688,1,"1 2 -1 -2 4 -1 -2 4 4 2 4 1",24,1,-256
7689,1,"1 2 3 3 -1 -2 4 4 -3 -3 4 4",48,1,-256
7690,1,"1 2 4 -1 3 4 4 -3 4 -3 -2 3",48,1,0
7691,1,"1 2 4 -2 3 4 -3 4 3 4 -1 -3",48,1,64
7692,1,"1 2 3 4 4 -1 -2 -2 4 2 -3 4",48,1,128
7693,1,"1 2 1 4 -1 -1 2 4 4 -2 4 -2",24,1,256
7694,1,"1 2 2 4 -2 -2 -1 -2 4 4 2 4",24,1,256
7695,1,"1 2 1 -2 4 -1 2 4 -2 -1 4 4",24,1,-128
7696,1,"1 2 3 2 4 -2 -3 4 -2 -1 4 4",48,1,128
7697,1,"1 2 1 2 4 -1 4 -2 4 -1 -2 4",24,1,0
7698,1,"1 2 -1 -2 -2 3 4 4 4 -3 4 2",48,1,0
7699,1,"1 2 4 4 2 4 -1 4 -2 -4 -2 4",24,1,128
7700,1,"1 2 4 -2 4 4 -1 -2 4 4 2 -4",24,1,256
7701,1,"1 2 4 -1 -2 4 -2 3 2 4 -3 4",48,1,0
7702,1,"1 2 3 3 -2 4 -3 -3 4 4 -1 4",48,1,0
7703,1,"1 2 3 4 4 4 -3 4 -1 3 -2 -3",48,1,-128
7704,1,"1 2 4 2 2 4 -2 -1 4 -2 4 -2",24,1,128
7705,1,"1 2 4 4 -1 3 4 -3 -3 -2 4 3",48,1,0
7706,1,"1 2 -1 -1 4 -2 4 -2 4 1 2 4",24,1,-128
7707,1,"1 2 3 -2 4 -3 4 3 4 -1 4 -3",48,1,-64
7708,1,"1 2 3 -4 -1 4 4 4 -2 4 -3 4",48,1,-128
7709,1,"1 2 4 4 3 -2 -4 -3 -1 4 4 4",48,1,0
7710,1,"1 2 4 4 -2 4 4 -1 4 -2 -4 2",24,1,-256
7711,1,"1 2 4 -1 3 3 4 -3 -2 -3 4 4",48,1,128
7712,1,"1 2 3 4 -2 4 -3 4 4 4 -1 -4",48,1,-128
7713,1,"1 4 2 -1 4 4 4 -2 4 2 -4 -2",24,1,0
7714,1,"1 2 3 3 4 4 -2 -1 4 -3 -3 4",48,1,256
7715,1,"1 2 4 3 3 4 4 -3 -3 -2 -1 4",48,1,256
7716,1,"1 2 3 4 2 4 -3 -2 -2 4 -1 4",48,1,128
7717,1,"1 2 3 -1 3 4 -3 -2 4 4 4 -3",48,1,128
7718,1,"1 2 3 4 -2 4 4 -1 4 4 -3 -4",48,1,-128
7719,1,"1 2 4 -1 3 -2 4 4 -3 -3 4 3",48,1,0
7720,1,"1 2 3 -2 4 -1 4 -3 2 4 -2 4",48,1,-64
7721,1,"1 2 4 2 4 -2 -4 -1 4 -2 4 4",24,1,128
7722,1,"1 4 4 2 4 -2 4 -2 4 2 -1 -4",24,1,-128
7723,1,"1 2 4 -1 3 4 3 4 -2 -3 4 -3",48,1,0
7724,1,"1 2 4 -2 4 4 3 4 -1 -4 -3 4",48,1,0
7725,1,"1 4 4 -1 -4 2 4 -2 4 2 4 -2",24,1,128
7726,1,"1 2 3 4 4 -3 4 -3 4 -1 3 -2",48,1,0
7727,1,"1 2 4 4 4 -1 -4 2 4 -2 4 -2",24,1,256
7728,1,"1 4 2 4 4 -1 4 4 2 -4 -2 -2",24,1,-256
7729,1,"1 2 2 -1 -2 -2 4 -2 4 4 4 2",24,1,0
7730,1,"1 2 -1 -2 4 -2 4 4 -1 2 1 4",24,1,128
7731,1,"1 4 2 2 -1 4 4 2 4 -2 -2 -2",24,1,0
7732,1,"1 2 4 4 2 4 4 -1 4 -2 -4 -2",24,1,0
7733,1,"1 2 2 -1 4 1 -2 -2 4 -1 4 4",24,1,256
7734,1,"1 2 -4 -2 4 4 2 4 -1 4 -2 4",24,1,-128
7735,1,"1 2 4 4 -1 4 -2 3 3 4 -3 -3",48,1,256
7736,1,"1 2 4 4 4 -2 3 -1 3 4 -3 -3",48,1,256
7737,1,"1 2 3 4 -1 4 -3 4 -2 -2 4 2",48,1,128
7738,1,"1 2 3 -2 4 4 4 4 3 -1 -3 -3",48,1,-256
7739,1,"1 2 1 -2 4 -2 4 -1 4 -1 2 4",24,1,0
7740,1,"1 2 -4 3 4 -3 4 4 -1 4 -2 4",48,1,0
7741,1,"1 4 2 -1 4 4 4 2 4 -2 -4 -2",24,1,0
7742,1,"1 2 3 -2 4 -3 2 -1 4 4 4 -2",48,1,128
7743,1,"1 2 4 4 4 -2 4 3 -1 -4 -3 4",48,1,-128
7744,1,"1 2 3 4 -2 -3 4 -1 2 4 -2 4",48,1,0
7745,1,"1 4 4 2 2 -4 -1 4 4 4 -2 -2",24,1,-512
7746,1,"1 2 4 3 -1 3 -2 4 4 4 -3 -3",48,1,0
7747,1,"1 2 -1 4 3 -2 4 4 4 4 -3 -4",48,1,-256
7748,1,"1 2 3 4 -3 -1 3 4 4 -2 -3 4",48,1,0
7749,1,"1 2 3 3 -2 4 4 -3 4 -1 -3 4",48,1,-128
7750,1,"1 2 3 4 -1 -3 4 -3 4 3 4 -2",48,1,-64
7751,1,"1 2 -1 -2 4 3 4 4 2 -3 4 -2",48,1,-128
7752,1,"1 2 -4 -2 4 2 4 4 4 -2 -1 4",24,1,-256
7753,1,"1 2 4 4 3 4 -3 -1 -3 -2 4 3",48,1,0
7754,1,"1 2 3 4 -3 4 3 4 -2 -1 4 -3",48,1,0
7755,1,"1 2 4 3 -1 -3 -3 -2 4 3 4 4",48,1,-128
7756,1,"1 2 4 -2 3 4 -3 -3 4 3 -1 4",48,1,128
7757,1,"1 2 -1 -4 -2 3 4 4 4 4 -3 4",48,1,-256
7758,1,"1 2 -1 -2 4 2 1 4 4 -2 -1 4",24,1,128
7759,1,"1 2 4 4 3 4 -1 4 -2 4 -3 -4",48,1,0
7760,1,"1 2 2 4 -2 -1 2 4 4 -2 -2 4",24,1,256
7761,1,"1 2 3 -2 4 4 -1 3 4 -3 4 -3",48,1,0
7762,1,"1 2 4 -2 -2 4 4 -1 4 4 2 -4",24,1,256
7763,1,"1 2 3 4 4 -3 -3 -1 4 -2 4 3",48,1,128
7764,1,"1 2 -1 4 -2 -4 2 4 -2 4 4 4",24,1,0
7765,1,"1 2 -1 -2 4 3 4 -3 -2 4 2 4",48,1,-64
7766,1,"1 2 -1 4 4 4 2 3 4 -3 -2 -2",48,1,-256
7767,1,"1 4 -1 -4 2 4 -2 -2 4 2 4 4",24,1,0
7768,1,"1 2 4 -2 -2 4 2 2 4 -2 -1 4",24,1,256
7769,1,"1 2 -1 4 -2 -2 4 4 2 -1 4 1",24,1,-256
7770,1,"1 2 2 -1 -1 -2 4 4 4 -2 4 1",24,1,-512
7771,1,"1 2 4 2 -4 -1 4 -2 4 4 4 -2",24,1,-256
7772,1,"1 2 4 4 4 3 4 -3 -1 3 -2 -3",48,1,-128
7773,1,"1 2 3 4 -1 4 2 4 -2 -2 -3 4",48,1,0
7774,1,"1 2 4 -1 2 4 -2 3 -2 4 -3 4",48,1,128
7775,1,"1 4 2 4 4 -2 -4 -2 -1 4 4 2",24,1,0
7776,1,"1 2 -1 4 2 1 4 4 -1 -2 -2 4",24,1,0
7777,1,"1 2 3 3 4 -2 4 4 -3 4 -1 -3",48,1,-128
7778,1,"1 2 4 -1 3 4 4 -2 -4 -3 4 4",48,1,-128
7779,1,"1 2 3 4 -2 -3 4 4 4 4 -1 -4",48,1,0
7780,1,"1 2 -1 -2 4 4 3 4 4 4 -3 -4",48,1,0
7781,1,"1 2 4 -2 3 4 4 4 -3 4 -1 -4",48,1,-128
7782,1,"1 2 3 2 4 -1 4 -3 -2 4 4 -2",48,1,0
7783,1,"1 2 1 4 4 -2 4 2 -1 -1 4 -2",24,1,0
7784,1,"1 2 3 -1 -2 3 4 -3 -3 4 4 4",48,1,0
7785,1,"1 2 -1 -2 4 4 -2 -1 4 4 2 1",24,1,256
7786,1,"1 4 2 -4 2 4 4 -2 -2 -1 4 4",24,1,256
7787,1,"1 2 1 4 -2 -1 2 4 4 4 -1 -2",24,1,256
7788,1,"1 2 3 -1 -4 -3 4 4 4 4 4 -2",48,1,-256
7789,1,"1 2 3 3 -1 -3 -3 4 4 4 4 -2",48,1,-512
7790,1,"1 2 4 3 4 -3 4 -1 3 -2 -3 4",48,1,-64
7791,1,"1 2 4 3 -2 4 4 4 4 -3 -1 -4",48,1,-256
7792,1,"1 2 3 4 -1 -3 -2 3 4 4 -3 4",48,1,0
7793,1,"1 2 -4 -2 4 4 -2 -1 4 2 4 4",24,1,-256
7794,1,"1 2 -1 -1 4 -2 4 2 4 4 -2 1",24,1,-256
7795,1,"1 2 3 4 -2 4 3 -1 4 -3 -3 4",48,1,0
7796,1,"1 2 3 2 4 -1 -2 4 -3 4 4 -2",48,1,-128
7797,1,"1 2 -1 4 3 -2 4 -3 2 4 -2 4",48,1,0
7798,1,"1 4 2 -1 4 -2 -2 4 2 2 4 -2",24,1,0
7799,1,"1 2 1 2 -1 -1 -2 4 4 -2 4 4",24,1,-256
7800,1,"1 1 1 4 4 -1 -1 4 4 4 -1 -4",6,1,-1024
7801,1,"1 2 3 2 4 -3 -2 4 -2 4 -1 4",48,1,64
7802,1,"1 2 2 3 -2 -2 -1 4 4 -3 4 4",48,1,0
7803,1,"1 2 -1 4 3 4 -3 4 4 4 -2 -4",48,1,-256
7804,1,"1 2 3 2 4 4 4 -1 -2 -3 4 -2",48,1,-128
7805,1,"1 2 1 4 4 2 -1 -2 4 -1 4 -2",24,1,-128
7806,1,"1 2 4 -2 -2 4 2 -1 4 2 4 -2",24,1,-128
7807,1,"1 2 4 2 4 -1 4 4 -2 4 -2 -4",24,1,-128
7808,1,"1 2 -1 -1 2 4 4 4 -2 1 4 -2",24,1,-256
7809,1,"1 2 3 4 -2 -1 -2 4 4 -3 4 2",48,1,128
7810,1,"1 2 3 4 4 -2 -3 2 4 -1 4 -2",48,1,0
7811,1,"1 2 1 2 4 -1 4 4 -1 -2 4 -2",24,1,-128
7812,1,"1 2 4 -1 -2 4 4 4 3 -4 -3 4",48,1,0
7813,1,"1 2 2 4 -2 -2 4 -2 -1 4 2 4",24,1,256
7814,1,"1 2 3 4 -1 4 3 4 -2 -3 4 -3",48,1,-64
7815,1,"1 2 3 4 -3 -1 -3 -2 4 4 4 3",48,1,128
7816,1,"1 2 4 4 -2 4 3 -1 3 4 -3 -3",48,1,128
7817,1,"1 2 3 2 4 4 4 -2 -3 -2 -1 4",48,1,256
7818,1,"1 2 -1 -2 -2 4 4 3 4 -3 4 2",48,1,0
7819,1,"1 2 -1 4 -2 3 2 -3 4 4 4 -2",48,1,128
7820,1,"1 2 3 4 4 2 -1 -2 -2 -3 4 4",48,1,-256
7821,1,"1 2 -1 -1 -2 -2 4 4 2 4 4 1",24,1,-512
7822,1,"1 2 4 -1 4 3 4 4 -2 -4 -3 4",48,1,0
7823,1,"1 2 -1 -1 2 4 4 1 4 -2 4 -2",24,1,0
7824,1,"1 2 3 4 -3 4 -3 4 4 3 -1 -2",48,1,-128
7825,1,"1 2 1 -2 4 -2 4 4 -1 2 -1 4",24,1,128
7826,1,"1 2 4 3 4 -3 -1 3 4 -3 -2 4",48,1,64
7827,1,"1 2 3 -1 -3 -2 -3 4 4 3 4 4",48,1,-128
7828,1,"1 2 2 4 -1 4 -2 3 4 -2 -3 4",48,1,128
7829,1,"1 2 -1 4 -2 -1 4 2 4 4 -2 1",24,1,0
7830,1,"1 2 4 4 3 -2 -4 -3 4 4 -1 4",48,1,-128
7831,1,"1 2 1 4 4 4 2 -1 -1 -2 -2 4",24,1,0
7832,1,"1 4 2 4 4 -1 4 2 -4 -2 4 -2",24,1,-128
7833,1,"1 2 1 4 -2 -2 -1 4 4 -1 2 4",24,1,0
7834,1,"1 2 4 3 4 -2 -1 4 -2 -3 4 2",48,1,64
7835,1,"1 2 3 4 4 -2 4 2 -3 4 -1 -2",48,1,-128
7836,1,"1 2 1 2 4 4 -1 4 -2 -2 -1 4",24,1,256
7837,1,"1 2 3 -2 4 -3 -2 4 4 -1 4 2",48,1,128
7838,1,"1 2 -1 4 -2 -2 4 -1 4 2 1 4",24,1,128
7839,1,"1 2 4 4 3 -1 4 -3 4 -3 -2 3",48,1,-128
7840,1,"1 2 -1 -2 -2 4 -2 4 2 4 2 4",24,1,-128
7841,1,"1 2 3 4 -1 -3 4 -3 4 -2 3 4",48,1,0
7842,1,"1 2 -1 -2 1 2 -1 4 4 4 -2 4",24,1,0
7843,1,"1 2 3 4 -1 4 4 4 3 -2 -3 -3",48,1,-256
7844,1,"1 2 -4 -2 -1 4 4 2 4 4 -2 4",24,1,-256
7845,1,"1 2 -1 -2 4 -2 4 4 1 2 -1 4",24,1,-128
7846,1,"1 2 4 4 4 4 3 -2 3 -1 -3 -3",48,1,-256
7847,1,"1 2 4 3 4 -3 -1 -3 -2 4 4 3",48,1,0
7848,1,"1 2 2 2 4 -1 -2 -2 4 -2 4 4",24,1,0
7849,1,"1 2 3 -2 -1 4 2 -3 4 4 -2 4",48,1,0
7850,1,"1 2 2 -1 -4 -2 4 4 -2 4 4 4",24,1,-512
7851,1,"1 1 4 4 4 1 4 -1 4 -1 -1 -4",6,1,-512
7852,1,"1 2 1 4 4 -2 -1 2 4 -1 -2 4",24,1,128
7853,1,"1 1 4 4 4 4 4 -1 -4 -4 -1 4",6,1,1024
7854,1,"1 2 3 -2 -1 3 4 -3 4 4 4 -3",48,1,0
7855,1,"1 2 -1 -2 4 2 2 4 4 -2 -2 4",24,1,-256
7856,1,"1 4 2 4 4 -1 4 -2 -4 -2 4 2",24,1,128
7857,1,"1 2 3 4 2 -3 4 -1 4 4 -2 -2",48,1,0
7858,1,"1 2 4 3 3 4 -3 4 -2 4 -1 -3",48,1,0
7859,1,"1 2 2 4 -2 4 -1 -1 -2 4 4 1",24,1,0
7860,1,"1 2 4 3 -2 -3 4 3 4 -1 -3 4",48,1,-64
7861,1,"1 2 3 3 4 4 -3 -3 -1 -2 4 4",48,1,256
7862,1,"1 2 3 -2 -2 4 -3 4 -1 4 2 4",48,1,0
7863,1,"1 2 -1 -2 4 3 4 2 -3 4 -2 4",48,1,-64
7864,1,"1 2 3 -2 -1 -3 4 4 3 4 4 -3",48,1,-256
7865,1,"1 2 4 4 3 4 -2 -3 -4 -1 4 4",48,1,128
7866,1,"1 2 3 -2 -2 -1 2 -3 4 4 4 4",48,1,-256
7867,1,"1 2 4 -1 3 4 4 4 3 -2 -3 -3",48,1,-256
7868,1,"1 2 1 4 -2 4 2 -1 -2 -1 4 4",24,1,128
7869,1,"1 2 4 4 3 -4 -2 4 -3 -1 4 4",48,1,128
7870,1,"1 2 3 -2 4 4 3 -1 4 -3 -3 4",48,1,-128
7871,1,"1 2 3 -2 4 4 4 4 -3 -4 -1 4",48,1,256
7872,1,"1 2 4 -1 4 3 4 -3 4 3 -2 -3",48,1,-64
7873,1,"1 2 -1 2 4 3 4 4 -3 -2 -2 4",48,1,128
7874,1,"1 2 -1 4 3 -2 -3 4 2 4 -2 4",48,1,0
7875,1,"1 2 3 -1 -3 -2 4 -3 4 4 3 4",48,1,-128
7876,1,"1 2 3 3 4 4 -2 -3 4 -1 -3 4",48,1,-128
7877,1,"1 2 4 2 3 4 -3 4 -2 -2 -1 4",48,1,128
7878,1,"1 2 4 3 4 3 -2 -3 -1 -3 4 4",48,1,0
7879,1,"1 2 1 -2 -2 4 4 -1 -1 2 4 4",24,1,0
7880,1,"1 2 -1 -2 1 4 2 4 4 -2 -1 4",24,1,-128
7881,1,"1 2 -1 -4 -2 4 4 3 4 4 -3 4",48,1,-256
7882,1,"1 2 4 -1 4 3 -4 -2 4 -3 4 4",48,1,0
7883,1,"1 2 4 3 4 -1 4 -2 -4 -3 4 4",48,1,0
7884,1,"1 2 3 -2 -3 4 4 4 4 -3 -1 3",48,1,256
7885,1,"1 4 2 2 -1 -4 -2 4 4 4 -2 4",24,1,-256
7886,1,"1 2 4 -2 -1 -4 3 4 -3 4 4 4",48,1,0
7887,1,"1 2 3 4 -1 4 4 -2 -3 -2 4 2",48,1,128
7888,1,"1 2 -1 -2 4 4 -1 4 -2 4 2 1",24,1,0
7889,1,"1 2 2 -4 -2 4 4 4 4 -1 -2 4",24,1,0
7890,1,"1 4 2 4 4 2 -1 4 4 -2 -4 -2",24,1,0
7891,1,"1 2 3 4 4 -2 4 4 3 -1 -3 -3",48,1,-256
7892,1,"1 2 -4 2 4 -1 4 -2 4 4 -2 4",24,1,128
7893,1,"1 2 2 2 4 4 -1 4 -2 -2 4 -2",24,1,0
7894,1,"1 2 1 -2 4 4 -1 -1 -2 4 2 4",24,1,256
7895,1,"1 2 2 -1 4 1 4 -1 4 -2 -2 4",24,1,0
7896,1,"1 2 4 -1 3 3 -2 4 -3 4 -3 4",48,1,0
7897,1,"1 2 3 2 -1 4 4 -2 4 -3 -2 4",48,1,0
7898,1,"1 2 4 3 4 -2 3 4 4 -3 -1 -3",48,1,128
7899,1,"1 2 4 2 4 -2 -2 -1 2 4 4 -2",24,1,256
7900,1,"1 2 3 -1 -3 4 -3 4 -2 3 4 4",48,1,-128
7901,1,"1 2 3 4 4 -2 -3 -3 4 -1 3 4",48,1,128
7902,1,"1 2 4 -2 3 -1 -3 4 4 3 4 -3",48,1,0
7903,1,"1 4 2 2 4 4 4 -1 -4 -2 -2 4",24,1,0
7904,1,"1 2 2 3 4 -1 4 4 -3 -2 -2 4",48,1,256
7905,1,"1 4 -1 4 4 4 4 4 2 -4 -2 -4",24,1,0
7906,1,"1 2 -1 4 2 4 4 -2 -4 -2 4 4",24,1,0
7907,1,"1 2 3 4 4 4 -3 -3 -1 4 -2 3",48,1,256
7908,1,"1 2 4 -2 -4 3 -1 4 4 4 -3 4",48,1,128
7909,1,"1 2 3 -1 -3 4 -3 -2 4 4 3 4",48,1,-128
7910,1,"1 2 2 2 4 -2 4 -2 -2 4 -1 4",24,1,256
7911,1,"1 2 4 -2 3 4 4 -3 -3 4 -1 3",48,1,-128
7912,1,"1 2 1 4 2 -1 4 4 -2 -1 4 -2",24,1,128
7913,1,"1 2 3 4 -2 -3 -1 4 -3 4 3 4",48,1,64
7914,1,"1 2 3 4 -3 4 3 -1 4 4 -3 -2",48,1,-128
7915,1,"1 2 1 2 4 -1 4 -2 -1 4 -2 4",24,1,128
7916,1,"1 2 -1 4 2 2 4 4 -2 4 -2 -2",24,1,-256
7917,1,"1 2 -1 2 4 3 4 -3 -2 4 4 -2",48,1,0
7918,1,"1 2 3 3 4 -2 -3 4 -1 4 4 -3",48,1,-128
7919,1,"1 2 2 4 4 -2 -4 -1 -2 4 4 4",24,1,512
7920,1,"1 2 1 2 4 4 -1 -2 4 4 -1 -2",24,1,-256
7921,1,"1 2 -1 -1 2 4 -2 -2 1 4 4 4",24,1,0
7922,1,"1 2 1 2 -1 -1 4 4 -2 -2 4 4",24,1,0
7923,1,"1 2 -1 4 -2 -2 -1 4 4 2 4 1",24,1,256
7924,1,"1 2 3 -2 4 -3 4 3 -1 4 4 -3",48,1,-128
7925,1,"1 2 4 -2 4 4 4 4 4 -1 -4 -4",24,1,-512
7926,1,"1 2 3 4 -3 4 4 4 -2 -4 -1 4",48,1,128
7927,1,"1 2 4 3 -1 -4 -2 4 4 4 -3 4",48,1,-128
7928,1,"1 2 -1 -2 4 -2 3 4 2 4 -3 4",48,1,-64
7929,1,"1 2 -1 -2 4 3 4 4 3 4 -3 -3",48,1,-128
7930,1,"1 2 3 4 4 4 -1 4 -2 -4 -3 4",48,1,-128
7931,1,"1 2 -1 -1 4 4 2 4 -2 1 4 -2",24,1,-256
7932,1,"1 2 -1 -2 4 1 4 -1 -2 4 2 4",24,1,-128
7933,1,"1 2 3 -2 -1 4 4 -3 4 2 4 -2",48,1,0
7934,1,"1 2 1 -2 -2 4 -1 4 4 2 -1 4",24,1,256
7935,1,"1 2 3 2 4 4 -3 -2 -2 4 -1 4",48,1,128
7936,1,"1 4 4 4 2 4 -1 -4 -2 -2 4 2",24,1,256
7937,1,"1 2 3 -1 3 4 -3 -2 4 4 -3 4",48,1,128
7938,1,"1 2 3 -1 4 3 -2 4 4 4 -3 -3",48,1,-256
7939,1,"1 2 3 4 -2 -3 4 3 4 -1 -3 4",48,1,-64
7940,1,"1 2 3 -1 4 4 3 -2 -3 -3 4 4",48,1,0
7941,1,"1 2 -1 -1 4 4 2 1 4 -2 4 -2",24,1,0
7942,1,"1 2 2 1 4 4 -2 -1 -1 4 -2 4",24,1,256
7943,1,"1 2 3 4 4 4 -2 4 -3 -3 -1 3",48,1,0
7944,1,"1 2 3 -2 -1 4 -3 4 4 -2 4 2",48,1,0
7945,1,"1 2 3 2 -3 4 -1 -2 4 4 4 -2",48,1,-128
7946,1,"1 2 4 -2 4 3 4 4 -1 -4 -3 4",48,1,0
7947,1,"1 2 3 3 -2 -1 -3 4 4 -3 4 4",48,1,-256
7948,1,"1 2 3 2 4 4 -2 -3 4 -1 -2 4",48,1,0
7949,1,"1 4 2 4 3 3 -1 4 -3 -3 -2 4",48,1,128
7950,1,"1 2 3 4 -3 4 -3 -2 3 4 -1 4",48,1,64
7951,1,"1 2 -1 -2 4 -1 -2 4 2 4 1 4",24,1,-128
7952,1,"1 2 3 4 3 -1 -3 -3 4 4 4 -2",48,1,-256
7953,1,"1 1 -4 -4 -1 4 4 4 4 -1 4 4",6,1,-1024
7954,1,"1 2 -1 4 3 4 -3 -3 -2 3 4 4",48,1,0
7955,1,"1 2 2 4 4 -1 -1 4 -2 -2 1 4",24,1,0
7956,1,"1 2 3 4 -1 -2 -2 -3 4 4 4 2",48,1,0
7957,1,"1 2 3 4 -3 -2 -2 4 -1 2 4 4",48,1,256
7958,1,"1 2 4 -2 4 2 4 4 4 -1 -4 -2",24,1,-256
7959,1,"1 2 4 4 -2 4 4 -2 -4 -1 4 2",24,1,0
7960,1,"1 2 3 4 2 4 4 -3 4 -1 -2 -2",48,1,-128
7961,1,"1 2 3 4 -1 2 4 -3 4 -2 4 -2",48,1,64
7962,1,"1 2 4 4 -2 4 -1 2 -4 -2 4 4",24,1,-256
7963,1,"1 2 2 1 4 4 -2 -2 4 -1 -1 4",24,1,512
7964,1,"1 2 -1 2 2 4 -2 -2 -2 4 4 4",24,1,512
7965,1,"1 2 1 -2 -1 2 4 -2 4 -1 4 4",24,1,-128
7966,1,"1 2 3 4 -3 -3 4 3 4 -1 4 -2",48,1,0
7967,1,"1 4 2 -1 4 4 2 4 4 -2 -4 -2",24,1,0
7968,1,"1 2 3 4 -2 4 4 4 3 -1 -3 -3",48,1,-256
7969,1,"1 2 3 -2 4 -2 -1 2 4 4 -3 4",48,1,0
7970,1,"1 2 4 -1 4 2 3 4 -3 4 -2 -2",48,1,0
7971,1,"1 2 -1 -4 2 4 4 4 -2 4 4 -2",24,1,256
7972,1,"1 2 3 4 -3 4 3 -1 -3 4 4 -2",48,1,-128
7973,1,"1 2 3 2 -1 4 4 4 -3 -2 4 -2",48,1,-128
7974,1,"1 2 -1 -2 4 3 4 2 4 -3 4 -2",48,1,-128
7975,1,"1 2 3 4 4 3 -1 4 -3 4 -2 -3",48,1,-128
7976,1,"1 2 -1 4 3 4 3 4 -2 -3 -3 4",48,1,0
7977,1,"1 2 -1 -2 4 -2 -1 2 4 4 4 1",24,1,256
7978,1,"1 2 3 -1 4 3 4 -3 -3 4 -2 4",48,1,0
7979,1,"1 2 3 -2 -3 4 4 -3 4 3 -1 4",48,1,-128
7980,1,"1 2 4 -1 4 2 -4 -2 -2 4 4 4",24,1,-256
7981,1,"1 2 4 4 4 -2 4 4 -1 2 -4 -2",24,1,-256
7982,1,"1 2 4 2 4 -2 4 -1 2 4 -2 -2",24,1,128
7983,1,"1 2 4 2 2 4 -2 -2 -1 -2 4 4",24,1,256
7984,1,"1 2 3 -2 -3 -1 4 3 4 4 -3 4",48,1,0
7985,1,"1 2 3 4 -1 4 4 2 4 -3 -2 -2",48,1,0
7986,1,"1 2 4 4 2 4 -2 4 -1 4 -2 -4",24,1,-128
7987,1,"1 2 3 4 2 -3 -2 4 -2 -1 4 4",48,1,128
7988,1,"1 2 2 4 -1 -2 4 -2 -2 4 2 4",24,1,0
7989,1,"1 2 4 -1 -4 -2 -2 4 4 4 2 4",24,1,-256
7990,1,"1 2 1 4 -1 4 2 -1 4 4 -2 -2",24,1,0
7991,1,"1 2 3 4 -3 4 3 4 -3 -2 -1 4",48,1,128
7992,1,"1 2 3 -2 -1 4 -2 4 4 -3 4 2",48,1,0
7993,1,"1 2 4 3 2 4 -2 -3 4 -1 -2 4",48,1,0
7994,1,"1 2 -1 4 4 -2 -2 1 4 2 -1 4",24,1,-256
7995,1,"1 2 4 -2 4 -1 4 -2 -2 4 2 2",24,1,256
7996,1,"1 4 2 4 -1 4 -2 -4 2 4 -2 4",24,1,-128
7997,1,"1 2 3 -1 4 -3 -2 4 3 4 -3 4",48,1,0
7998,1,"1 2 -4 -2 -2 4 4 4 4 -1 4 2",24,1,-512
7999,1,"1 2 3 -2 -1 4 -3 4 4 2 4 -2",48,1,0
8000,1,"1 2 4 4 4 -2 -1 -4 -2 4 2 4",24,1,0
8001,1,"1 4 2 4 -2 -4 2 4 -2 4 -1 4",24,1,-128
8002,1,"1 2 3 4 4 -3 -1 3 -2 4 4 -3",48,1,128
8003,1,"1 2 4 3 4 2 -3 4 -2 -1 4 -2",48,1,64
8004,1,"1 2 2 3 -2 4 4 -1 4 -3 -2 4",48,1,128
8005,1,"1 2 4 3 4 2 -3 4 -1 -2 4 -2",48,1,-64
8006,1,"1 2 4 4 -1 2 -4 -2 4 4 4 -2",24,1,-256
8007,1,"1 2 1 2 4 4 -2 -1 -2 4 -1 4",24,1,128
8008,1,"1 2 3 4 2 -3 4 4 4 -2 -1 -2",48,1,0
8009,1,"1 2 2 4 3 -2 -2 4 -1 4 -3 4",48,1,128
8010,1,"1 4 2 4 2 -4 -2 4 -2 4 -1 4",24,1,-128
8011,1,"1 2 -1 4 2 4 4 4 -1 -2 -2 1",24,1,-512
8012,1,"1 2 4 -2 3 4 3 4 -3 4 -1 -3",48,1,64
8013,1,"1 2 4 4 4 3 4 -3 -1 -3 -2 3",48,1,-128
8014,1,"1 2 3 4 -2 3 4 -1 4 -3 -3 4",48,1,128
8015,1,"1 2 3 -2 4 3 4 4 -3 -3 -1 4",48,1,128
8016,1,"1 2 1 4 2 -1 -2 -1 4 -2 4 4",24,1,128
8017,1,"1 2 4 2 4 -2 -2 4 2 -1 4 -2",24,1,-128
8018,1,"1 2 -1 4 -2 -2 4 -1 2 1 4 4",24,1,256
8019,1,"1 2 4 3 -2 4 4 3 -1 -3 -3 4",48,1,-128
8020,1,"1 2 4 -2 -4 3 4 4 -1 4 -3 4",48,1,0
8021,1,"1 2 1 4 4 2 -1 -2 -1 4 4 -2",12,1,0
8022,1,"1 2 4 3 3 4 -2 4 -3 -1 -3 4",48,1,128
8023,1,"1 2 3 4 4 -2 -3 2 -1 4 4 -2",24,1,128
8024,1,"1 2 4 3 -1 -4 -3 4 4 4 -2 4",48,1,-128
8025,1,"1 2 1 4 -1 4 -2 4 2 4 -1 -2",24,1,0
8026,1,"1 2 3 4 -1 2 -3 4 4 -2 4 -2",48,1,0
8027,1,"1 2 4 4 3 4 -1 -3 4 4 -2 -4",48,1,-128
8028,1,"1 2 3 -2 -3 2 4 4 4 -2 -1 4",48,1,-256
8029,1,"1 2 1 2 -1 4 -1 -2 -2 4 4 4",24,1,-256
8030,1,"1 2 1 -2 4 -1 -2 4 2 4 -1 4",24,1,128
8031,1,"1 2 -1 -1 -2 -2 4 4 2 4 1 4",24,1,-256
8032,1,"1 2 2 4 -1 4 -2 1 4 -1 -2 4",24,1,-128
8033,1,"1 2 3 4 -2 4 -1 2 -3 4 4 -2",48,1,0
8034,1,"1 2 2 4 4 4 4 -2 -4 -1 4 -2",24,1,512
8035,1,"1 2 2 4 4 -2 -4 -1 4 4 -2 4",24,1,256
8036,1,"1 4 2 4 -2 -4 -2 4 2 4 -1 4",24,1,128
8037,1,"1 2 1 -2 -1 4 4 -1 2 4 -2 4",24,1,-128
8038,1,"1 2 3 2 4 -2 -1 4 4 -3 4 -2",48,1,128
8039,1,"1 2 3 4 4 -3 4 2 4 -1 -2 -2",48,1,-128
8040,1,"1 2 1 -2 -2 4 -1 2 4 -1 4 4",24,1,0
8041,1,"1 2 4 4 4 4 4 2 -1 -4 -2 -2",24,1,-512
8042,1,"1 4 2 4 -2 4 -2 4 2 4 -1 -4",24,1,-128
8043,1,"1 2 2 2 4 4 -1 4 -2 -2 -2 4",24,1,512
8044,1,"1 2 -1 -1 -2 1 2 4 4 4 4 -2",24,1,0
8045,1,"1 2 3 4 4 3 -2 -3 4 -1 -3 4",48,1,-128
8046,1,"1 2 4 3 4 -2 -1 -2 4 -3 4 2",24,1,128
8047,1,"1 2 3 4 -1 3 -2 -3 -3 4 4 4",48,1,-256
8048,1,"1 2 4 3 -2 4 -3 4 4 -3 -1 3",48,1,0
8049,1,"1 2 3 -2 -3 4 4 4 -2 -1 4 2",48,1,-128
8050,1,"1 2 4 -2 4 3 4 4 -1 4 -3 -4",48,1,0
8051,1,"1 4 4 2 2 -1 -4 -2 4 -2 4 4",24,1,-256
8052,1,"1 2 3 -2 -3 4 -3 4 4 3 -1 4",48,1,-128
8053,1,"1 2 -1 -2 4 4 2 3 4 -2 -3 4",48,1,0
8054,1,"1 2 3 -2 4 -1 -4 -3 4 4 4 4",48,1,-256
8055,1,"1 2 4 4 3 3 -1 -3 -2 -3 4 4",48,1,0
8056,1,"1 2 4 4 4 -1 -4 -2 4 -2 4 2",24,1,0
8057,1,"1 2 1 4 4 -2 -1 4 2 4 -1 -2",24,1,128
8058,1,"1 2 4 -1 4 -2 4 4 -2 4 2 -4",24,1,128
8059,1,"1 2 -1 -2 1 4 4 -2 4 2 -1 4",24,1,-128
8060,1,"1 2 4 -2 -2 -4 -1 2 4 4 4 4",24,1,0
8061,1,"1 2 3 -2 -3 4 3 4 4 4 -1 -3",48,1,-128
8062,1,"1 2 3 4 4 4 4 -3 4 -2 -1 -4",48,1,-256
8063,1,"1 2 -1 -4 3 4 -3 4 -2 4 4 4",48,1,0
8064,1,"1 2 3 -2 3 4 4 4 -3 -1 4 -3",48,1,128
8065,1,"1 4 2 4 4 4 4 -2 4 -1 -4 -4",24,1,-512
8066,1,"1 2 3 4 3 -1 4 4 4 -3 -2 -3",48,1,-128
8067,1,"1 2 3 4 -3 -3 -2 -1 4 3 4 4",48,1,256
8068,1,"1 2 4 3 4 2 -1 -2 4 -3 4 -2",24,1,-128
8069,1,"1 2 3 4 -3 4 4 -1 3 4 -2 -3",48,1,0
8070,1,"1 2 -1 4 3 4 -3 -3 4 3 -2 4",48,1,0
8071,1,"1 2 3 2 -1 4 4 4 -2 4 -3 -2",48,1,-128
8072,1,"1 2 3 -2 -1 3 4 -3 4 4 -3 4",48,1,128
8073,1,"1 2 3 3 4 -2 -1 4 -3 -3 4 4",48,1,256
8074,1,"1 2 3 4 -1 -2 -2 4 4 -3 4 2",48,1,128
8075,1,"1 4 2 4 4 4 4 -2 -2 -1 -4 2",24,1,-512
8076,1,"1 4 4 2 -1 -4 2 4 -2 4 -2 4",24,1,128
8077,1,"1 2 3 -2 -1 4 4 4 -2 -3 2 4",48,1,0
8078,1,"1 2 4 -2 4 4 4 -1 -4 2 4 -2",24,1,256
8079,1,"1 2 -1 -4 -2 4 4 4 2 4 4 -2",24,1,-256
8080,1,"1 2 1 4 4 -1 -2 4 -1 2 4 -2",24,1,128
8081,1,"1 2 3 4 4 4 4 -2 -1 4 -3 -4",48,1,-256
8082,1,"1 2 1 4 -2 -2 -1 2 -1 4 4 4",24,1,256
8083,1,"1 2 -4 -2 4 -2 4 4 4 2 -1 4",24,1,0
8084,1,"1 2 3 -2 -1 4 -3 4 3 4 4 -3",48,1,-128
8085,1,"1 4 2 -1 4 -2 4 4 2 -4 -2 4",24,1,-128
8086,1,"1 2 4 -2 4 4 3 3 -1 -3 4 -3",48,1,-128
8087,1,"1 4 2 4 4 4 -2 -2 -4 2 -1 4",24,1,-256
8088,1,"1 2 3 -2 4 3 4 -1 4 -3 -3 4",48,1,0
8089,1,"1 2 2 -1 4 -1 -2 -2 4 4 4 1",24,1,-512
8090,1,"1 2 4 4 -2 -1 4 4 -2 4 2 -4",24,1,0
8091,1,"1 2 4 3 4 3 -1 4 4 -3 -2 -3",48,1,0
8092,1,"1 2 4 3 4 -2 -3 4 -1 -2 4 2",48,1,64
8093,1,"1 2 -1 4 1 2 4 -2 4 -2 -1 4",24,1,0
8094,1,"1 2 4 4 -1 3 4 -3 4 3 -2 -3",48,1,-128
8095,1,"1 1 1 -4 -1 4 -1 -1 4 4 4 4",6,1,-1024
8096,1,"1 2 3 4 -2 4 4 -3 -3 -1 4 3",48,1,128
8097,1,"1 2 3 4 -3 4 -2 4 -2 4 -1 2",48,1,64
8098,1,"1 2 4 -1 -1 -2 4 2 4 -2 1 4",24,1,-128
8099,1,"1 2 4 4 3 -2 -3 4 3 -1 4 -3",48,1,-128
8100,1,"1 4 -1 4 4 1 -4 -4 -1 4 4 4",6,1,-512
8101,1,"1 2 2 4 4 4 -2 4 4 -1 -2 -4",24,1,-512
8102,1,"1 2 -4 -2 4 2 -1 4 4 -2 4 4",24,1,0
8103,1,"1 2 4 -2 -2 4 2 -1 2 4 -2 4",24,1,128
8104,1,"1 2 4 2 -1 -4 -2 4 4 4 -2 4",24,1,-256
8105,1,"1 2 4 2 -1 -2 4 2 4 4 -2 -2",24,1,-256
8106,1,"1 2 4 2 2 4 -2 -2 4 -2 -1 4",24,1,256
8107,1,"1 2 1 4 -1 4 2 -1 -2 4 -2 4",24,1,0
8108,1,"1 4 2 -4 -1 4 4 -2 -2 4 2 4",24,1,0
8109,1,"1 2 -1 2 4 2 4 -2 4 -2 4 -2",24,1,0
8110,1,"1 2 -1 4 4 -1 -2 4 -2 4 2 1",24,1,0
8111,1,"1 2 4 3 -2 3 -1 -3 4 -3 4 4",48,1,0
8112,1,"1 2 -4 2 4 -2 4 4 4 -2 -1 4",24,1,256
8113,1,"1 2 3 4 4 4 -3 4 -1 -4 -2 4",48,1,-128
8114,1,"1 2 4 1 2 4 -1 -2 4 -2 -1 4",24,1,0
8115,1,"1 2 3 4 -2 4 3 4 -3 -3 -1 4",48,1,128
8116,1,"1 2 3 4 -3 4 4 2 4 -1 -2 -2",48,1,-128
8117,1,"1 2 4 -1 4 2 2 4 -2 -2 4 -2",24,1,0
8118,1,"1 2 3 -1 -3 4 3 -2 4 4 4 -3",48,1,-128
8119,1,"1 2 3 2 -1 4 4 -3 4 -2 -2 4",48,1,0
8120,1,"1 2 3 4 -2 -1 4 3 4 -3 -3 4",48,1,128
8121,1,"1 2 2 1 4 -2 -1 4 -1 4 -2 4",24,1,128
8122,1,"1 2 4 3 -1 4 4 -2 4 4 -3 -4",48,1,-128
8123,1,"1 2 3 3 -1 -2 4 4 -3 4 4 -3",48,1,-256
8124,1,"1 2 -1 2 4 -2 4 4 3 -2 -3 4",48,1,0
8125,1,"1 2 2 4 -2 3 4 -1 4 -3 -2 4",48,1,0
8126,1,"1 2 1 4 -2 -1 4 2 -1 -2 4 4",24,1,128
8127,1,"1 2 -1 4 -2 4 -2 -1 2 4 1 4",12,1,128
8128,1,"1 2 3 2 4 -2 -3 4 4 -1 -2 4",48,1,0
8129,1,"1 2 -1 4 -2 4 3 -2 -3 4 4 2",48,1,0
8130,1,"1 2 -1 4 4 4 3 4 2 -3 -2 -2",48,1,0
8131,1,"1 2 -1 4 -2 -1 4 1 2 4 -2 4",24,1,0
8132,1,"1 2 4 2 2 4 -1 -2 4 4 -2 -2",24,1,-256
8133,1,"1 2 4 -2 4 4 4 -2 -1 4 2 -4",24,1,0
8134,1,"1 2 4 2 2 4 -2 -1 4 4 -2 -2",24,1,256
8135,1,"1 2 -1 4 -2 -2 -2 4 4 2 2 4",24,1,0
8136,1,"1 2 3 3 4 -2 -3 4 -1 4 -3 4",48,1,0
8137,1,"1 2 4 -2 -2 4 -1 -2 4 4 2 2",24,1,256
8138,1,"1 2 3 4 4 4 -3 4 2 -1 -2 -2",48,1,-256
8139,1,"1 2 -1 4 -1 -2 1 4 -2 4 2 4",24,1,-128
8140,1,"1 2 3 3 4 -3 4 -2 -1 -3 4 4",48,1,0
8141,1,"1 2 2 3 4 4 -2 -3 4 -2 -1 4",48,1,0
8142,1,"1 2 3 4 -3 4 4 -2 4 4 -1 -4",48,1,-128
8143,1,"1 2 1 -2 -2 -1 -1 4 2 4 4 4",24,1,0
8144,1,"1 2 3 4 -1 3 -2 4 -3 4 -3 4",48,1,0
8145,1,"1 2 4 2 -1 2 4 -2 -2 -2 4 4",24,1,256
8146,1,"1 2 -1 4 -2 3 4 4 3 4 -3 -3",48,1,128
8147,1,"1 2 4 -2 3 -1 4 4 3 4 -3 -3",48,1,128
8148,1,"1 2 -1 4 -2 -1 4 2 1 -2 4 4",24,1,128
8149,1,"1 4 4 2 4 4 -1 -4 -2 -2 4 2",24,1,256
8150,1,"1 2 -1 4 2 4 3 -2 -3 4 4 -2",48,1,0
8151,1,"1 2 3 4 -2 -3 4 3 -1 4 -3 4",48,1,-64
8152,1,"1 2 4 4 4 -1 4 3 4 -2 -3 -4",48,1,-128
8153,1,"1 2 3 4 4 4 -3 -4 -1 -2 4 4",48,1,256
8154,1,"1 2 4 3 -2 4 4 -1 -4 -3 4 4",48,1,-128
8155,1,"1 2 -1 -1 4 -2 -2 4 2 4 1 4",24,1,0
8156,1,"1 2 2 1 4 4 -2 -1 -1 -2 4 4",12,1,512
8157,1,"1 2 3 -1 4 -3 -2 -3 4 4 3 4",48,1,0
8158,1,"1 2 4 -1 -4 -2 4 2 4 -2 4 4",24,1,-128
8159,1,"1 2 4 3 -1 4 -3 -4 -2 4 4 4",48,1,-128
8160,1,"1 2 3 3 -1 4 -2 -3 -3 4 4 4",48,1,0
8161,1,"1 2 -1 4 -1 -2 -2 1 2 4 4 4",24,1,-256
8162,1,"1 2 3 4 3 -1 4 -2 4 -3 -3 4",48,1,0
8163,1,"1 2 -1 -2 -2 4 2 4 4 -2 4 2",24,1,0
8164,1,"1 2 3 -4 -3 4 -1 -2 4 4 4 4",48,1,0
8165,1,"1 2 1 -2 -1 2 4 -2 -1 4 4 4",24,1,-256
8166,1,"1 2 3 4 -3 4 4 -2 -3 -1 3 4",48,1,128
8167,1,"1 2 4 -2 -2 -4 -1 4 4 2 4 4",24,1,256
8168,1,"1 2 4 3 4 -3 -1 4 -3 -2 4 3",48,1,0
8169,1,"1 2 3 -2 4 -3 2 4 4 -1 4 -2",48,1,0
8170,1,"1 2 4 3 -2 3 4 -1 -3 4 4 -3",48,1,0
8171,1,"1 2 3 4 -2 -3 4 4 2 -1 -2 4",48,1,0
8172,1,"1 2 2 -4 -1 4 4 4 -2 -2 4 4",24,1,-512
8173,1,"1 2 4 3 -1 4 -2 3 4 4 -3 -3",48,1,0
8174,1,"1 2 4 3 4 -2 3 -1 4 4 -3 -3",48,1,128
8175,1,"1 2 3 -1 -3 4 -2 4 3 4 4 -3",48,1,-128
8176,1,"1 2 3 2 -1 4 4 -3 -2 4 -2 4",48,1,0
8177,1,"1 2 3 -2 -3 -2 4 -1 4 2 4 4",48,1,0
8178,1,"1 2 3 -2 4 -1 4 3 4 -3 -3 4",48,1,0
8179,1,"1 2 -1 4 3 3 4 4 -2 -3 -3 4",48,1,0
8180,1,"1 2 3 -2 4 4 -3 4 -2 -1 4 2",48,1,0
8181,1,"1 2 3 4 4 -2 4 4 -1 -4 -3 4",48,1,-128
8182,1,"1 2 3 4 3 4 4 -1 -2 4 -3 -3",48,1,0
8183,1,"1 2 3 4 -2 -3 -3 4 4 3 -1 4",48,1,-128
8184,1,"1 2 4 3 4 -3 -4 -2 -1 4 4 4",48,1,0
8185,1,"1 2 3 -2 -1 4 -3 -3 4 4 4 3",48,1,256
8186,1,"1 2 3 -1 4 4 3 -2 4 -3 4 -3",48,1,-128
8187,1,"1 2 4 4 3 -1 -3 4 -3 -2 4 3",48,1,0
8188,1,"1 2 -1 4 3 4 2 -3 4 4 -2 -2",48,1,-128
8189,1,"1 2 3 2 -1 4 -2 4 -3 4 -2 4",48,1,0
8190,1,"1 2 4 3 3 -2 4 4 -1 -3 4 -3",48,1,-128
8191,1,"1 2 2 4 2 4 -2 -2 -1 -2 4 4",24,1,256
8192,1,"1 2 4 4 -1 3 3 -2 4 -3 -3 4",48,1,0
8193,1,"1 2 3 4 -1 4 2 4 4 -3 -2 -2",48,1,0
8194,1,"1 2 2 4 4 -1 -2 -4 -2 4 4 4",24,1,0
8195,1,"1 2 4 4 2 4 -2 -1 4 4 -2 -4",24,1,0
8196,1,"1 2 4 3 -1 3 4 -3 4 -2 4 -3",48,1,64
8197,1,"1 2 4 -2 4 4 3 3 4 -3 -1 -3",48,1,128
8198,1,"1 2 4 4 -1 4 -2 4 3 4 -3 -4",48,1,0
8199,1,"1 2 -1 2 4 4 -2 3 -2 -3 4 4",48,1,128
8200,1,"1 2 1 4 -2 4 -2 -1 2 4 -1 4",24,1,0
8201,1,"1 2 4 2 4 -2 -2 -1 -2 4 2 4",24,1,128
8202,1,"1 2 4 4 3 4 3 -2 -3 -1 4 -3",48,1,0
8203,1,"1 2 1 -2 -1 -2 4 4 2 4 -1 4",24,1,128
8204,1,"1 2 4 -1 2 -4 -2 -2 4 4 4 4",24,1,-512
8205,1,"1 2 -1 4 4 1 2 4 -1 -2 -2 4",24,1,-256
8206,1,"1 2 -1 -4 -2 4 2 4 4 4 -2 4",24,1,-256
8207,1,"1 2 -1 2 4 -2 -2 -2 4 4 2 4",24,1,256
8208,1,"1 2 4 3 3 -2 -3 -3 4 -1 4 4",48,1,0
8209,1,"1 2 -4 -1 4 -2 -2 4 4 2 4 4",24,1,-256
8210,1,"1 2 3 -2 -2 4 2 4 -1 4 -3 4",48,1,0
8211,1,"1 2 3 -2 4 2 4 4 -1 -2 -3 4",48,1,-128
8212,1,"1 2 -1 -2 4 4 3 4 -2 -3 4 2",48,1,0
8213,1,"1 2 4 2 3 4 -2 -3 4 -2 -1 4",48,1,0
8214,1,"1 2 -1 -2 4 2 4 4 -2 -2 4 2",24,1,0
8215,1,"1 2 3 -2 3 4 -3 4 -3 4 -1 4",48,1,64
8216,1,"1 2 1 4 -1 -2 -1 4 -2 4 2 4",24,1,128
8217,1,"1 2 -1 -1 4 -2 1 4 4 2 4 -2",24,1,-256
8218,1,"1 2 4 4 2 -4 -2 4 -2 4 -1 4",24,1,-128
8219,1,"1 2 3 -4 -3 -2 4 4 4 -1 4 4",48,1,-256
8220,1,"1 2 3 4 3 -2 -1 4 -3 4 -3 4",48,1,0
8221,1,"1 2 3 2 4 -3 4 4 -2 -1 -2 4",48,1,128
8222,1,"1 2 2 4 -2 1 4 -2 -1 4 -1 4",24,1,128
8223,1,"1 2 -4 -2 4 4 -2 -1 4 4 4 2",24,1,-256
8224,1,"1 4 2 4 -1 4 4 4 -2 -2 -4 2",24,1,-256
8225,1,"1 2 3 2 4 -1 -2 -3 -2 4 4 4",48,1,0
8226,1,"1 2 3 2 4 4 -1 -2 4 -2 -3 4",48,1,0
8227,1,"1 2 3 -2 3 4 4 4 -3 -3 -1 4",48,1,256
8228,1,"1 2 2 2 -1 4 -2 4 -2 4 4 -2",24,1,-256
8229,1,"1 1 1 4 4 -1 4 4 -1 4 -1 -4",6,1,-512
8230,1,"1 2 1 2 4 4 -2 4 -1 -1 -2 4",24,1,0
8231,1,"1 2 -1 -1 -2 4 1 4 -2 4 2 4",24,1,-128
8232,1,"1 2 4 4 3 4 -3 4 -2 3 -1 -3",48,1,0
8233,1,"1 2 -1 4 -2 -4 3 4 4 4 -3 4",48,1,0
8234,1,"1 2 2 4 4 -1 4 -2 4 4 -2 -4",24,1,-256
8235,1,"1 2 4 4 -2 4 4 2 4 -1 -2 -4",24,1,-256
8236,1,"1 2 3 4 -2 -1 4 4 -2 -3 4 2",48,1,0
8237,1,"1 4 2 4 2 -4 -2 -1 4 4 -2 4",24,1,-128
8238,1,"1 2 4 4 3 4 3 -2 -3 -3 -1 4",48,1,128
8239,1,"1 4 4 2 2 4 4 -2 -1 -4 -2 4",24,1,256
8240,1,"1 2 3 -4 -1 -3 4 4 4 4 -2 4",48,1,-256
8241,1,"1 2 4 -2 3 3 -1 4 -3 4 4 -3",48,1,128
8242,1,"1 2 3 4 -2 4 -1 4 2 -3 -2 4",48,1,64
8243,1,"1 2 -1 4 -2 3 4 -3 2 4 4 -2",48,1,-128
8244,1,"1 2 3 3 4 -1 4 -3 4 4 -3 -2",48,1,0
8245,1,"1 2 3 -2 -3 4 -1 2 4 4 -2 4",48,1,-128
8246,1,"1 2 2 4 -2 -1 4 4 -2 -2 4 2",24,1,256
8247,1,"1 2 -1 -1 4 4 2 4 -2 -2 1 4",24,1,-256
8248,1,"1 2 3 4 -3 4 -1 -3 4 4 3 -2",48,1,0
8249,1,"1 2 3 4 -3 -2 4 2 4 -1 4 -2",48,1,0
8250,1,"1 2 1 4 2 4 -2 -1 -1 -2 4 4",24,1,256
8251,1,"1 2 -1 4 4 3 4 -2 -2 -3 4 2",48,1,128
8252,1,"1 2 4 4 -2 -4 -2 4 2 4 -1 4",24,1,128
8253,1,"1 2 2 4 -1 2 4 4 -2 -2 4 -2",24,1,256
8254,1,"1 2 3 -1 4 -3 4 4 3 4 -3 -2",48,1,-128
8255,1,"1 4 2 4 2 4 -2 4 4 -2 -1 -4",24,1,-128
8256,1,"1 2 3 4 4 -3 2 4 4 -1 -2 -2",48,1,0
8257,1,"1 2 4 4 3 -1 3 -2 4 -3 4 -3",48,1,0
8258,1,"1 2 4 3 -2 4 3 -1 4 4 -3 -3",48,1,-128
8259,1,"1 2 -1 4 2 3 4 -3 -2 -2 4 4",48,1,0
8260,1,"1 2 1 4 -1 -2 4 4 -1 2 4 -2",24,1,128
8261,1,"1 2 2 3 4 -3 4 4 -2 -1 -2 4",48,1,128
8262,1,"1 2 1 4 4 2 4 4 -1 -1 -2 -2",24,1,0
8263,1,"1 4 -1 4 4 2 4 -2 -2 4 2 -4",24,1,0
8264,1,"1 2 2 -1 -1 4 -2 1 4 4 -2 4",24,1,-256
8265,1,"1 2 -4 3 4 -1 4 -3 4 -2 4 4",48,1,0
8266,1,"1 2 3 -2 -3 4 4 -2 4 -1 4 2",48,1,-128
8267,1,"1 2 4 -2 4 3 4 -1 4 4 -3 -4",48,1,0
8268,1,"1 2 -1 -2 4 2 4 4 4 4 -2 -4",24,1,-256
8269,1,"1 4 2 4 2 -1 -4 -2 4 -2 4 4",24,1,-128
8270,1,"1 2 3 4 3 4 -1 -3 4 4 -2 -3",48,1,-128
8271,1,"1 2 1 4 4 2 -1 4 -2 -2 -1 4",24,1,256
8272,1,"1 2 4 3 4 -2 -3 4 4 -3 -1 3",48,1,0
8273,1,"1 2 3 -2 4 -3 4 4 -2 -1 4 2",48,1,0
8274,1,"1 2 2 -1 -2 4 4 3 -2 4 -3 4",48,1,-128
8275,1,"1 2 -1 4 4 -2 4 4 2 -4 -2 4",24,1,0
8276,1,"1 2 4 3 3 -1 4 -2 -3 4 4 -3",48,1,0
8277,1,"1 2 2 -1 4 3 4 -3 4 4 -2 -2",48,1,-256
8278,1,"1 2 2 -1 4 3 4 4 -2 -3 -2 4",48,1,0
8279,1,"1 2 4 4 4 -1 3 -4 -2 4 -3 4",48,1,-128
8280,1,"1 2 -4 3 4 4 -1 4 -3 4 -2 4",48,1,0
8281,1,"1 2 3 4 4 -3 4 -3 -1 4 -2 3",48,1,128
8282,1,"1 2 3 4 4 -1 4 4 4 -3 -4 -2",48,1,0
8283,1,"1 2 3 4 4 4 -3 -4 -1 4 4 -2",48,1,256
8284,1,"1 2 3 -2 -1 4 4 4 2 -3 4 -2",48,1,-128
8285,1,"1 2 -1 -2 4 3 2 4 -3 -2 4 4",48,1,0
8286,1,"1 2 4 4 -2 4 3 4 -3 4 -1 -4",48,1,-128
8287,1,"1 2 1 -2 -1 2 4 -1 4 -2 4 4",24,1,-128
8288,1,"1 2 -1 2 4 -2 -2 4 3 4 -3 4",48,1,128
8289,1,"1 2 3 3 -1 4 4 4 4 -2 -3 -3",48,1,-512
8290,1,"1 2 4 -1 4 3 4 4 4 -2 -3 -4",48,1,-128
8291,1,"1 2 4 3 4 4 3 -2 4 -1 -3 -3",48,1,-128
8292,1,"1 2 -1 2 4 4 3 -2 4 -3 -2 4",48,1,128
8293,1,"1 2 2 -1 4 -2 4 2 4 4 -2 -2",24,1,-256
8294,1,"1 2 -1 4 -1 -2 -2 4 2 1 4 4",24,1,0
8295,1,"1 2 -1 4 1 4 -2 -1 2 4 -2 4",12,1,128
8296,1,"1 2 4 3 2 4 -1 -2 4 -3 -2 4",24,1,-64
8297,1,"1 2 4 4 3 -1 -3 -3 4 -2 4 3",48,1,128
8298,1,"1 2 3 4 4 4 -3 -2 4 4 -1 -4",48,1,-256
8299,1,"1 2 3 4 -3 -1 -3 4 -2 3 4 4",48,1,128
8300,1,"1 2 4 -2 -4 2 -1 4 -2 4 4 4",24,1,0
8301,1,"1 2 3 4 -1 -3 -3 4 -2 4 4 3",48,1,128
8302,1,"1 4 2 4 4 4 -2 4 -2 -1 -4 2",24,1,-256
8303,1,"1 4 2 4 -2 4 -2 -4 2 -1 4 4",24,1,-128
8304,1,"1 4 2 4 4 4 -2 -1 4 2 -4 -2",24,1,-256
8305,1,"1 2 2 4 -1 4 -2 -2 4 2 4 -2",24,1,0
8306,1,"1 1 4 -1 -1 -4 1 4 4 -1 4 4",6,1,-512
8307,1,"1 2 2 2 4 -2 -1 -2 4 4 4 -2",24,1,0
8308,1,"1 2 4 3 -2 -3 4 4 -1 -3 4 3",48,1,0
8309,1,"1 2 -1 4 4 4 4 3 -2 4 -3 -4",48,1,-256
8310,1,"1 2 3 4 4 -2 4 -3 -4 -1 4 4",48,1,128
8311,1,"1 2 4 4 -2 4 -1 -4 2 4 4 -2",24,1,256
8312,1,"1 2 3 4 -3 -3 4 4 4 3 -1 -2",48,1,-256
8313,1,"1 2 4 4 2 4 -1 4 -2 4 -2 -4",24,1,-128
8314,1,"1 4 2 4 -1 -4 -2 4 4 -2 4 2",24,1,128
8315,1,"1 2 3 4 -3 4 -3 4 -2 3 -1 4",48,1,64
8316,1,"1 2 2 4 -2 -2 4 -2 4 -1 4 2",24,1,256
8317,1,"1 2 3 4 -3 -3 -1 4 4 -2 3 4",48,1,256
8318,1,"1 2 -1 -4 3 4 -2 4 4 4 -3 4",48,1,0
8319,1,"1 2 4 3 -2 -3 -3 4 -1 3 4 4",48,1,128
8320,1,"1 2 3 2 -3 -2 4 -1 -2 4 4 4",48,1,0
8321,1,"1 2 3 4 -3 4 -1 -2 -2 4 2 4",48,1,0
8322,1,"1 2 4 4 -2 -4 -1 4 2 4 4 -2",24,1,256
8323,1,"1 2 4 4 4 -2 4 4 -1 -2 -4 2",24,1,-256
8324,1,"1 2 4 -2 -2 -1 -2 4 2 4 2 4",24,1,128
8325,1,"1 1 4 4 4 -1 4 -1 -1 -4 1 4",6,1,-512
8326,1,"1 2 3 2 4 4 4 -1 4 -3 -2 -2",48,1,0
8327,1,"1 2 -1 4 -2 -2 3 4 -3 2 4 4",48,1,0
8328,1,"1 2 2 4 -1 4 -2 -2 1 4 -1 4",24,1,0
8329,1,"1 2 3 4 4 -3 -3 -1 4 3 -2 4",48,1,0
8330,1,"1 2 4 3 4 -3 -4 -2 4 4 -1 4",48,1,0
8331,1,"1 2 3 -2 4 3 -1 -3 -3 4 4 4",48,1,-256
8332,1,"1 2 3 4 4 3 4 -2 -3 4 -1 -3",48,1,-128
8333,1,"1 2 4 3 -1 3 4 4 -3 -2 -3 4",48,1,128
8334,1,"1 2 4 4 3 -4 -1 4 -2 4 -3 4",48,1,0
8335,1,"1 2 3 4 -3 4 -1 -3 -2 4 4 3",48,1,0
8336,1,"1 2 3 4 4 -3 -2 4 -2 4 -1 2",48,1,128
8337,1,"1 2 4 -2 3 4 -3 -1 -3 4 4 3",48,1,0
8338,1,"1 2 3 4 3 -2 -1 4 -3 -3 4 4",48,1,0
8339,1,"1 2 2 4 2 4 -2 -2 4 -2 -1 4",24,1,256
8340,1,"1 2 2 3 4 -2 -3 4 4 -2 -1 4",48,1,0
8341,1,"1 2 3 4 4 -3 4 -2 -3 4 -1 3",48,1,128
8342,1,"1 4 2 4 -1 4 2 -4 -2 4 -2 4",24,1,-128
8343,1,"1 4 4 2 2 4 -2 -1 4 4 -2 -4",24,1,256
8344,1,"1 2 1 4 2 -1 4 -1 -2 4 -2 4",24,1,0
8345,1,"1 2 4 -2 -4 -2 -1 4 2 4 4 4",24,1,256
8346,1,"1 2 4 -1 4 3 4 -3 -4 -2 4 4",48,1,0
8347,1,"1 2 3 -2 3 4 -1 4 4 -3 4 -3",48,1,0
8348,1,"1 2 3 4 3 4 -1 4 -3 4 -3 -2",48,1,0
8349,1,"1 2 4 -1 4 -2 3 4 2 -3 4 -2",48,1,0
8350,1,"1 2 -1 4 1 -2 -2 4 4 2 -1 4",24,1,0
8351,1,"1 2 3 -2 4 4 2 -3 4 -1 4 -2",48,1,0
8352,1,"1 2 3 4 -3 4 2 4 4 -1 -2 -2",48,1,-128
8353,1,"1 2 4 -1 2 4 2 4 -2 -2 4 -2",24,1,128
8354,1,"1 2 3 -1 -3 4 -3 4 4 3 -2 4",48,1,0
8355,1,"1 2 3 4 3 -1 -2 4 4 -3 4 -3",48,1,-128
8356,1,"1 2 4 3 4 4 4 -3 -4 -1 -2 4",48,1,0
8357,1,"1 2 4 -1 4 -2 -4 2 4 4 4 -2",24,1,0
8358,1,"1 4 2 4 4 2 4 -1 -4 -2 -2 4",24,1,0
8359,1,"1 2 2 2 4 -2 4 4 -2 -1 -2 4",24,1,256
8360,1,"1 2 3 3 4 -2 4 4 4 -1 -3 -3",48,1,-256
8361,1,"1 2 2 1 4 -2 -1 4 -1 -2 4 4",24,1,256
8362,1,"1 2 4 4 4 2 4 4 -1 -2 -4 -2",24,1,-256
8363,1,"1 2 2 3 4 4 -3 4 -2 -2 -1 4",48,1,256
8364,1,"1 2 3 4 4 4 -2 -3 4 -2 -1 2",48,1,0
8365,1,"1 2 3 3 -1 -2 4 4 -3 4 -3 4",48,1,-128
8366,1,"1 2 3 4 4 4 -1 4 -3 4 -2 -4",48,1,-128
8367,1,"1 2 3 4 -1 4 2 4 -2 -3 4 -2",48,1,0
8368,1,"1 2 -1 -1 2 4 4 -2 4 4 -2 1",24,1,0
8369,1,"1 2 -1 4 4 -2 3 2 4 -3 -2 4",48,1,0
8370,1,"1 2 3 -4 -3 4 4 -2 4 -1 4 4",48,1,-128
8371,1,"1 2 3 -2 4 -1 2 4 -2 -3 4 4",48,1,0
8372,1,"1 2 4 4 4 2 -1 4 -2 -4 -2 4",24,1,0
8373,1,"1 2 4 -1 4 3 4 2 -3 -2 4 -2",48,1,0
8374,1,"1 4 2 4 -1 4 -2 -4 -2 4 2 4",24,1,128
8375,1,"1 2 -1 2 2 4 4 4 4 -2 -2 -2",24,1,0
8376,1,"1 2 -1 -1 -2 4 4 -2 1 2 4 4",24,1,-256
8377,1,"1 2 -1 4 -2 -2 4 4 -1 2 4 1",24,1,256
8378,1,"1 2 3 -2 -3 -3 4 -1 4 3 4 4",48,1,-128
8379,1,"1 2 -1 -2 4 4 4 3 3 4 -3 -3",48,1,-256
8380,1,"1 2 -1 2 4 3 -2 -3 -2 4 4 4",48,1,128
8381,1,"1 4 2 2 4 -1 4 -2 4 4 -2 -4",24,1,0
8382,1,"1 2 1 4 2 -1 -2 -2 4 -1 4 4",24,1,0
8383,1,"1 2 -1 -2 4 1 4 4 -2 -1 2 4",24,1,128
8384,1,"1 2 3 3 4 -1 4 -2 -3 -3 4 4",48,1,0
8385,1,"1 2 4 3 4 3 -1 -3 -2 4 -3 4",48,1,-64
8386,1,"1 2 3 4 4 -3 4 -2 4 4 -1 -4",48,1,-128
8387,1,"1 2 4 -1 4 -2 4 -2 -4 2 4 4",24,1,-128
8388,1,"1 2 1 2 -1 4 4 -2 -1 -2 4 4",24,1,0
8389,1,"1 2 3 -4 -1 4 4 -3 4 4 -2 4",48,1,-128
8390,1,"1 4 2 -1 -4 2 4 4 -2 -2 4 4",24,1,256
8391,1,"1 2 3 -1 4 4 -2 3 4 4 -3 -3",48,1,0
8392,1,"1 4 -1 -4 2 4 -2 4 4 -2 4 2",24,1,-128
8393,1,"1 2 3 -2 -3 4 4 3 4 -1 4 -3",48,1,-128
8394,1,"1 2 3 -2 -3 4 4 -1 4 -2 4 2",48,1,-128
8395,1,"1 2 2 2 4 -2 -2 4 -1 4 4 -2",24,1,0
8396,1,"1 2 -4 -2 4 4 4 4 -2 -1 4 2",24,1,-256
8397,1,"1 2 1 4 2 4 -2 -1 -1 4 4 -2",24,1,256
8398,1,"1 2 4 -2 3 4 -1 4 -2 -3 4 2",48,1,128
8399,1,"1 2 3 -4 -2 -3 4 -1 4 4 4 4",48,1,-256
8400,1,"1 2 4 3 4 4 4 -2 4 -3 -1 -4",48,1,-128
8401,1,"1 2 4 -1 3 4 4 3 -2 -3 4 -3",48,1,-128
8402,1,"1 2 3 3 -2 -1 -3 4 4 4 4 -3",48,1,-512
8403,1,"1 2 3 -1 4 4 -3 -3 4 -2 3 4",48,1,0
8404,1,"1 4 4 2 -1 -4 2 4 4 -2 4 -2",24,1,256
8405,1,"1 2 4 4 -2 -2 4 2 -4 -1 4 4",24,1,-256
8406,1,"1 2 2 4 2 4 4 -2 -2 -1 4 -2",24,1,256
8407,1,"1 2 2 4 -1 -1 4 -2 4 -2 4 1",24,1,256
8408,1,"1 2 4 4 -1 3 4 4 4 -3 -2 -4",48,1,0
8409,1,"1 4 2 2 2 4 4 -2 -2 -2 -1 4",24,1,512
8410,1,"1 2 2 4 -2 -1 4 3 -2 4 -3 4",48,1,128
8411,1,"1 2 4 -2 4 4 4 2 4 -1 -4 -2",24,1,-256
8412,1,"1 2 3 3 4 -3 -3 -2 4 4 -1 4",48,1,256
8413,1,"1 2 4 -1 3 3 4 -3 4 4 -2 -3",48,1,0
8414,1,"1 4 -1 4 4 4 1 -4 -4 -1 4 4",6,1,-512
8415,1,"1 2 -1 4 4 4 3 3 -2 -3 4 -3",48,1,-256
8416,1,"1 2 4 4 -2 4 3 3 -1 -3 -3 4",48,1,0
8417,1,"1 2 3 -2 4 -2 4 -1 4 -3 2 4",48,1,-64
8418,1,"1 2 3 4 -1 4 -3 4 4 -3 -2 3",48,1,0
8419,1,"1 2 3 -2 4 -3 2 4 -1 4 4 -2",48,1,0
8420,1,"1 2 -1 4 -2 -2 3 2 4 -3 4 4",48,1,0
8421,1,"1 2 2 3 4 -3 4 -1 4 4 -2 -2",48,1,0
8422,1,"1 4 2 2 -4 -1 4 4 4 -2 -2 4",24,1,0
8423,1,"1 2 -1 -4 3 4 4 4 -3 -2 4 4",48,1,256
8424,1,"1 2 4 4 -2 3 -4 -3 -1 4 4 4",48,1,0
8425,1,"1 2 4 -1 4 4 4 3 4 -3 -2 -4",48,1,-128
8426,1,"1 2 3 4 -3 4 3 4 -3 -1 4 -2",48,1,64
8427,1,"1 2 3 4 -2 4 -3 4 2 -1 -2 4",48,1,-64
8428,1,"1 2 4 4 3 4 -3 4 -2 4 -1 -4",48,1,-128
8429,1,"1 2 -1 2 4 4 -2 -2 -2 4 4 2",24,1,512
8430,1,"1 2 4 2 4 4 -1 4 4 -2 -2 -4",24,1,-256
8431,1,"1 2 1 -2 4 4 4 2 4 -1 -1 -2",24,1,256
8432,1,"1 2 -1 -1 -2 4 4 1 2 4 4 -2",24,1,-256
8433,1,"1 2 3 3 -2 4 4 4 4 -1 -3 -3",48,1,-512
8434,1,"1 2 3 4 -3 4 4 3 -2 -1 4 -3",48,1,-128
8435,1,"1 2 -1 -2 4 -2 4 2 -1 4 4 1",24,1,-256
8436,1,"1 2 3 -2 4 4 -3 -2 4 -1 4 2",48,1,128
8437,1,"1 2 3 -1 -2 -3 -3 4 3 4 4 4",48,1,-256
8438,1,"1 2 4 -1 3 3 4 -3 -3 4 -2 4",48,1,128
8439,1,"1 2 3 2 4 -2 -2 4 -3 4 -1 4",48,1,128
8440,1,"1 2 4 -2 4 4 4 2 -1 -4 -2 4",24,1,-256
8441,1,"1 2 3 -2 -3 4 2 -1 4 4 4 -2",48,1,128
8442,1,"1 2 4 3 -4 -1 -2 4 4 -3 4 4",48,1,0
8443,1,"1 2 4 -1 -4 3 4 -3 -2 4 4 4",48,1,128
8444,1,"1 2 3 2 -1 4 -2 4 -3 -2 4 4",48,1,0
8445,1,"1 2 4 2 3 -2 4 -2 -3 4 -1 4",48,1,-64
8446,1,"1 2 -1 4 2 4 -2 -2 1 4 -1 4",24,1,-128
8447,1,"1 2 3 4 4 3 -1 -2 4 -3 4 -3",48,1,-128
8448,1,"1 2 -1 -2 4 3 -2 4 4 -3 2 4",48,1,0
8449,1,"1 4 2 4 2 -4 -1 4 4 -2 -2 4",24,1,0
8450,1,"1 2 -1 4 3 4 4 -2 3 4 -3 -3",48,1,128
8451,1,"1 2 4 2 -1 2 4 -2 4 4 -2 -2",24,1,0
8452,1,"1 2 3 -2 -3 -1 4 -3 4 3 4 4",48,1,0
8453,1,"1 2 3 -2 -1 4 4 4 -2 -3 4 2",48,1,-128
8454,1,"1 2 3 4 -1 -2 3 4 -3 -3 4 4",48,1,128
8455,1,"1 2 3 4 4 -3 4 -2 -2 -1 2 4",48,1,128
8456,1,"1 2 3 -2 4 4 2 4 -3 4 -1 -2",48,1,0
8457,1,"1 2 -4 -2 4 -2 -1 4 4 2 4 4",24,1,-256
8458,1,"1 2 4 2 4 -1 2 4 -2 -2 4 -2",24,1,128
8459,1,"1 2 -1 -2 4 -2 -1 4 2 1 4 4",24,1,128
8460,1,"1 2 4 2 4 4 -2 -2 -1 -2 4 2",24,1,256
8461,1,"1 2 4 -1 4 3 4 -2 -3 -2 4 2",48,1,128
8462,1,"1 2 2 1 4 -2 -1 4 -2 4 -1 4",24,1,128
8463,1,"1 2 -1 -2 4 4 3 -2 4 -3 4 2",48,1,0
8464,1,"1 2 3 2 4 -1 4 -3 4 -2 4 -2",48,1,0
8465,1,"1 4 2 4 4 2 4 -2 -2 4 -1 -4",24,1,-256
8466,1,"1 2 -4 -2 4 4 4 -2 -1 4 4 2",24,1,-256
8467,1,"1 2 3 4 4 -3 2 4 4 -2 -1 -2",48,1,0
8468,1,"1 2 -1 -4 3 4 4 -3 4 4 -2 4",48,1,0
8469,1,"1 2 -1 4 3 3 4 -3 4 -3 -2 4",48,1,0
8470,1,"1 2 3 4 -2 -2 -1 4 4 -3 4 2",48,1,128
8471,1,"1 2 -1 4 4 4 2 4 -1 -2 -2 1",24,1,-512
8472,1,"1 2 4 3 4 -3 -2 4 -1 -3 4 3",48,1,64
8473,1,"1 2 4 3 2 4 -3 -2 4 -1 -2 4",24,1,0
8474,1,"1 2 4 -2 4 -1 4 2 4 4 -2 -4",24,1,-128
8475,1,"1 2 4 4 3 4 -1 4 3 -2 -3 -3",48,1,-128
8476,1,"1 2 -4 -2 4 4 -2 -1 4 4 2 4",24,1,-256
8477,1,"1 2 1 2 4 -1 -2 -1 -2 4 4 4",24,1,0
8478,1,"1 2 1 -2 4 2 4 -1 -1 4 -2 4",24,1,128
8479,1,"1 1 1 4 4 -1 4 -1 4 4 -1 -4",6,1,-512
8480,1,"1 2 3 2 4 -3 -2 4 4 -2 -1 4",48,1,128
8481,1,"1 2 3 -2 -2 -3 4 2 4 4 -1 4",48,1,-128
8482,1,"1 2 -1 -2 4 3 4 -2 -3 2 4 4",48,1,0
8483,1,"1 2 4 -2 4 4 2 4 4 -2 -1 -4",24,1,-256
8484,1,"1 2 -1 -1 -2 4 -2 1 4 4 2 4",24,1,-256
8485,1,"1 2 -4 2 4 -2 -1 4 4 -2 4 4",24,1,256
8486,1,"1 2 4 -1 4 1 2 4 -2 -2 -1 4",24,1,128
8487,1,"1 2 1 -2 -1 -1 -2 4 4 4 2 4",24,1,256
8488,1,"1 2 3 4 4 2 -1 -2 4 -3 4 -2",48,1,-128
8489,1,"1 2 2 4 4 -2 4 -2 -2 -1 4 2",24,1,256
8490,1,"1 2 3 4 -2 -1 4 -2 4 -3 4 2",48,1,64
8491,1,"1 2 4 4 2 -4 -2 -1 4 4 -2 4",24,1,-256
8492,1,"1 2 4 -1 3 -4 -2 -3 4 4 4 4",48,1,-256
8493,1,"1 2 3 4 -1 4 4 3 -2 -3 4 -3",48,1,-128
8494,1,"1 2 4 3 -4 -2 -3 4 4 -1 4 4",48,1,-128
8495,1,"1 2 3 3 4 -3 4 4 4 -3 -1 -2",48,1,0
8496,1,"1 2 3 4 -3 -2 4 2 -1 4 4 -2",48,1,-128
8497,1,"1 2 3 4 4 -3 -1 3 4 -2 -3 4",48,1,0
8498,1,"1 2 4 3 -2 4 -3 -1 3 4 -3 4",48,1,64
8499,1,"1 1 1 4 -1 -4 -1 4 4 -1 4 4",6,1,512
8500,1,"1 2 1 -2 -1 4 4 4 2 -1 -2 4",24,1,256
8501,1,"1 2 3 3 -1 4 4 -3 -2 -3 4 4",48,1,0
8502,1,"1 2 3 4 -1 -3 4 4 3 4 -3 -2",48,1,-128
8503,1,"1 2 2 4 4 2 -1 4 -2 -2 -2 4",24,1,0
8504,1,"1 2 2 -1 -1 4 -2 1 4 -2 4 4",24,1,-256
8505,1,"1 4 4 2 -4 -2 -4 -1 4 4 4 4",24,1,0
8506,1,"1 2 3 4 -2 -3 -3 -1 4 4 4 3",48,1,256
8507,1,"1 2 1 -2 4 2 -1 4 4 4 -1 -2",24,1,0
8508,1,"1 2 2 4 -2 4 2 -1 -2 4 -2 4",24,1,-128
8509,1,"1 2 -1 -2 4 3 3 4 -3 -3 4 4",48,1,-256
8510,1,"1 2 4 -1 3 4 4 -3 -2 3 4 -3",48,1,128
8511,1,"1 2 1 4 2 4 -1 4 -2 -2 -1 4",24,1,128
8512,1,"1 2 -4 -2 -2 -1 4 4 2 4 4 4",24,1,-512
8513,1,"1 2 4 3 3 -2 -1 4 -3 4 -3 4",48,1,128
8514,1,"1 2 3 -2 4 -3 4 -2 4 -1 4 2",48,1,0
8515,1,"1 2 4 -2 -2 -2 -1 4 2 2 4 4",24,1,512
8516,1,"1 4 4 2 4 -1 -4 2 4 -2 4 -2",24,1,128
8517,1,"1 2 -1 -4 -2 4 3 4 -3 4 4 4",48,1,-256
8518,1,"1 2 2 4 4 4 4 4 -1 -4 -2 -2",24,1,-1024
8519,1,"1 2 4 -1 4 4 4 4 -2 -2 -4 2",24,1,-512
8520,1,"1 2 -1 -2 -2 4 -2 4 2 4 4 2",24,1,0
8521,1,"1 2 1 4 4 4 -2 4 2 -1 -1 -2",24,1,-256
8522,1,"1 2 3 -4 -3 4 4 4 4 4 -1 -2",48,1,256
8523,1,"1 2 -1 2 4 3 4 4 -3 -2 4 -2",48,1,0
8524,1,"1 2 2 3 4 4 -2 -3 4 -1 4 -2",48,1,0
8525,1,"1 4 4 2 4 -1 -4 -2 4 -2 4 2",24,1,128
8526,1,"1 2 3 4 -1 3 4 4 -3 -3 4 -2",48,1,128
8527,1,"1 2 3 3 -1 4 -3 4 4 -3 -2 4",48,1,0
8528,1,"1 2 2 -4 -1 -2 4 4 4 4 4 -2",24,1,-512
8529,1,"1 2 -1 -1 2 4 -2 4 1 4 -2 4",24,1,128
8530,1,"1 2 -1 -2 1 4 -2 -1 4 2 4 4",24,1,-128
8531,1,"1 2 1 4 -1 4 -2 -2 -1 2 4 4",24,1,0
8532,1,"1 2 3 3 4 4 -3 4 -2 -3 -1 4",48,1,128
8533,1,"1 2 4 4 4 4 -2 4 4 -1 -4 -4",24,1,-512
8534,1,"1 2 3 4 4 -1 3 4 4 -3 -2 -3",48,1,128
8535,1,"1 2 2 3 4 4 4 -3 4 -1 -2 -2",48,1,-256
8536,1,"1 2 -4 -1 4 2 4 -2 4 -2 4 4",24,1,-128
8537,1,"1 2 3 -2 -3 -2 4 4 4 -1 2 4",48,1,0
8538,1,"1 2 3 4 4 -2 -1 2 4 -3 -2 4",48,1,0
8539,1,"1 2 4 -2 3 -2 4 2 -3 4 -1 4",48,1,64
8540,1,"1 2 4 3 3 4 -2 -3 4 -3 -1 4",48,1,128
8541,1,"1 2 3 4 4 4 -3 -1 -4 -2 4 4",48,1,0
8542,1,"1 2 3 3 4 -2 -1 4 -3 4 4 -3",48,1,0
8543,1,"1 2 -1 4 4 -2 4 3 3 4 -3 -3",48,1,0
8544,1,"1 2 -4 -1 4 4 4 -2 -2 4 2 4",24,1,-256
8545,1,"1 2 -1 4 -1 4 -2 -2 4 2 4 1",24,1,0
8546,1,"1 2 3 -2 -3 -1 3 4 4 4 4 -3",48,1,0
8547,1,"1 2 4 4 4 -2 4 -1 -4 2 4 -2",24,1,256
8548,1,"1 2 -1 -2 -4 2 4 -2 4 4 4 4",24,1,256
8549,1,"1 2 4 -1 3 3 4 4 -3 -2 4 -3",48,1,256
8550,1,"1 2 4 4 4 3 -1 -3 -3 4 -2 3",48,1,0
8551,1,"1 2 3 -2 -2 4 -3 4 -1 4 4 2",48,1,0
8552,1,"1 1 1 4 4 4 -1 -4 -1 4 -1 4",6,1,512
8553,1,"1 2 -1 4 4 4 3 3 4 -3 -2 -3",48,1,0
8554,1,"1 2 3 4 -3 -1 -2 3 4 -3 4 4",48,1,128
8555,1,"1 2 3 2 -1 4 -2 4 -2 4 -3 4",48,1,0
8556,1,"1 2 4 3 4 -3 -2 -3 -1 3 4 4",48,1,0
8557,1,"1 2 -1 2 -4 -2 4 -2 4 4 4 4",24,1,-256
8558,1,"1 2 4 -2 4 4 -1 -4 2 4 4 -2",24,1,256
8559,1,"1 2 3 4 -3 -4 -1 4 4 4 -2 4",48,1,128
8560,1,"1 2 1 -2 4 4 4 -1 2 -1 4 -2",24,1,256
8561,1,"1 2 3 4 -1 -2 4 -2 -3 4 2 4",48,1,-64
8562,1,"1 2 3 4 -2 4 2 -1 -2 -3 4 4",48,1,-128
8563,1,"1 2 4 4 -1 -4 -2 4 4 -2 4 2",24,1,0
8564,1,"1 2 4 4 -2 3 -4 -3 4 4 -1 4",48,1,-128
8565,1,"1 2 3 4 -3 -1 4 3 4 -3 -2 4",48,1,128
8566,1,"1 2 4 4 4 4 -2 4 -2 -1 2 -4",24,1,-256
8567,1,"1 4 2 4 -1 -4 2 4 -2 -2 4 4",24,1,0
8568,1,"1 2 4 -2 4 -1 4 3 -4 -3 4 4",48,1,-128
8569,1,"1 2 -1 -1 4 4 -2 1 2 4 4 -2",24,1,-256
8570,1,"1 2 -1 4 -1 -2 4 -2 4 1 2 4",24,1,-128
8571,1,"1 2 3 4 -3 2 4 4 -1 4 -2 -2",48,1,0
8572,1,"1 2 4 3 -4 -1 4 -3 4 4 -2 4",48,1,0
8573,1,"1 2 3 3 4 4 -3 -3 4 -1 4 -2",48,1,0
8574,1,"1 2 4 3 -4 -1 4 4 -2 -3 4 4",48,1,128
8575,1,"1 2 2 4 4 -2 -1 4 4 4 -2 -4",24,1,0
8576,1,"1 2 -1 -2 4 4 4 -1 -2 4 2 1",24,1,-256
8577,1,"1 2 4 -2 3 4 -3 4 3 -1 4 -3",48,1,64
8578,1,"1 2 -1 2 4 -2 4 4 -2 -2 4 2",24,1,256
8579,1,"1 2 2 4 -2 -2 -1 4 4 -2 4 2",24,1,256
8580,1,"1 2 4 -1 4 -2 3 2 4 -3 4 -2",24,1,0
8581,1,"1 2 3 -1 4 -2 4 -3 -3 4 4 3",48,1,128
8582,1,"1 2 2 4 -1 4 -2 4 4 4 -2 -4",24,1,-256
8583,1,"1 2 -1 4 -2 4 2 4 -2 -1 4 1",24,1,128
8584,1,"1 1 4 -1 -1 -4 -1 4 4 1 4 4",6,1,512
8585,1,"1 2 -1 -2 -4 -2 4 2 4 4 4 4",24,1,-256
8586,1,"1 2 3 2 4 -1 -2 4 4 4 -3 -2",48,1,-128
8587,1,"1 2 -1 -4 -2 4 -2 4 4 4 2 4",24,1,-256
8588,1,"1 2 4 4 3 -2 -3 -1 3 4 4 -3",48,1,128
8589,1,"1 2 4 -2 -1 4 4 4 4 2 -4 -2",24,1,-256
8590,1,"1 2 4 2 3 4 -3 4 -2 -1 4 -2",48,1,64
8591,1,"1 2 4 2 3 4 -3 4 -1 -2 4 -2",48,1,-64
8592,1,"1 2 -1 2 4 2 4 4 -2 -2 4 -2",24,1,0
8593,1,"1 4 2 2 -4 -2 4 4 -2 -1 4 4",24,1,-256
8594,1,"1 4 2 4 2 4 4 -1 -4 -2 -2 4",24,1,0
8595,1,"1 2 4 4 3 -1 3 4 -2 -3 -3 4",48,1,128
8596,1,"1 4 -1 4 4 2 2 -4 -2 -2 4 4",24,1,-512
8597,1,"1 2 3 4 3 -1 -3 4 4 4 -3 -2",48,1,-256
8598,1,"1 2 1 -2 4 -1 4 2 4 4 -1 -2",24,1,128
8599,1,"1 2 2 2 4 -2 4 -2 4 -2 -1 4",24,1,256
8600,1,"1 2 -1 4 4 3 4 3 -2 4 -3 -3",48,1,-128
8601,1,"1 2 4 -1 3 -2 -3 -3 4 4 4 3",48,1,0
8602,1,"1 4 2 -4 -2 -1 4 4 -2 4 2 4",24,1,-128
8603,1,"1 2 -1 4 4 -2 3 2 4 -2 -3 4",48,1,0
8604,1,"1 2 3 4 2 -1 4 4 -2 -3 4 -2",48,1,-128
8605,1,"1 2 4 3 -1 3 -2 4 -3 -3 4 4",48,1,128
8606,1,"1 2 3 4 -3 -2 4 -2 -1 4 4 2",48,1,128
8607,1,"1 2 3 4 -3 4 4 2 -1 -2 -2 4",48,1,-128
8608,1,"1 2 -1 4 2 4 2 4 -2 4 -2 -2",24,1,-128
8609,1,"1 2 3 4 4 4 -3 4 3 -1 -3 -2",48,1,-256
8610,1,"1 2 3 -2 -2 -1 4 4 -3 2 4 4",48,1,0
8611,1,"1 2 4 -2 -1 4 2 3 4 -2 -3 4",48,1,0
8612,1,"1 2 -1 2 4 3 4 -3 4 -2 4 -2",48,1,0
8613,1,"1 2 3 4 -3 4 4 -2 -4 -1 4 4",48,1,128
8614,1,"1 2 3 -2 4 4 -2 -1 4 -3 4 2",48,1,0
8615,1,"1 2 3 4 -1 4 4 -3 -2 3 4 -3",48,1,128
8616,1,"1 2 -1 4 -2 -2 4 -1 4 2 4 1",24,1,0
8617,1,"1 2 -1 2 4 4 3 4 4 -3 -2 -2",48,1,0
8618,1,"1 2 2 4 -2 -2 4 2 4 -1 4 -2",24,1,0
8619,1,"1 2 3 3 4 -3 4 -2 -1 4 4 -3",48,1,0
8620,1,"1 2 -1 -2 4 4 3 4 3 4 -3 -3",48,1,-128
8621,1,"1 2 1 4 -1 2 4 4 -2 4 -1 -2",24,1,128
8622,1,"1 2 1 -2 -1 -1 4 4 -2 4 2 4",24,1,0
8623,1,"1 2 -1 4 -2 4 4 3 3 4 -3 -3",48,1,0
8624,1,"1 2 4 -1 -2 4 4 -2 -4 2 4 4",24,1,0
8625,1,"1 2 3 2 4 4 -3 4 4 -1 -2 -2",48,1,-256
8626,1,"1 2 4 -1 3 -4 -2 4 4 -3 4 4",48,1,-128
8627,1,"1 2 3 4 -3 -2 3 4 4 4 -1 -3",48,1,128
8628,1,"1 2 3 -2 -3 4 4 3 -1 4 4 -3",48,1,-128
8629,1,"1 2 4 3 -4 -2 4 4 -3 -1 4 4",48,1,128
8630,1,"1 2 2 -1 -1 -2 4 4 -2 1 4 4",24,1,-512
8631,1,"1 2 3 4 -2 -3 4 -3 -1 3 4 4",48,1,128
8632,1,"1 2 4 -1 2 -4 -2 4 4 4 4 -2",24,1,-256
8633,1,"1 2 2 4 -1 4 1 4 -2 -2 -1 4",24,1,256
8634,1,"1 2 4 3 4 -2 -1 -2 4 2 -3 4",48,1,64
8635,1,"1 2 3 -2 4 -3 4 -1 4 -2 4 2",48,1,0
8636,1,"1 2 3 -1 3 4 4 4 4 -3 -3 -2",48,1,0
8637,1,"1 2 3 4 -3 -2 -3 -1 4 4 3 4",48,1,128
8638,1,"1 2 -1 4 2 3 4 -2 -3 4 -2 4",48,1,0
8639,1,"1 2 -1 -1 -2 4 1 2 4 4 4 -2",24,1,-256
8640,1,"1 4 2 2 4 4 4 4 -2 -1 -4 -2",24,1,0
8641,1,"1 2 3 3 -2 -1 -3 4 4 4 -3 4",48,1,-256
8642,1,"1 2 3 3 4 4 -1 -3 -2 -3 4 4",48,1,0
8643,1,"1 2 3 3 -2 4 4 -3 4 -3 -1 4",48,1,128
8644,1,"1 2 3 -2 4 -3 2 -1 4 4 -2 4",48,1,0
8645,1,"1 2 3 4 -1 3 4 -3 -3 -2 4 4",48,1,256
8646,1,"1 2 3 4 -2 -3 -3 4 4 -1 4 3",48,1,128
8647,1,"1 2 3 -1 -3 4 -2 3 4 4 -3 4",48,1,-128
8648,1,"1 2 4 2 3 4 -2 -1 4 -3 4 -2",48,1,64
8649,1,"1 2 4 4 -2 -1 2 -4 -2 4 4 4",24,1,-256
8650,1,"1 2 3 4 4 -1 3 -2 4 -3 -3 4",48,1,0
8651,1,"1 2 2 -1 4 2 4 -2 4 4 -2 -2",24,1,-256
8652,1,"1 2 -1 4 -2 3 4 -2 4 -3 2 4",48,1,0
8653,1,"1 2 1 4 4 -1 4 4 2 -1 -2 -2",24,1,-256
8654,1,"1 2 3 4 -1 -3 4 -3 4 3 -2 4",48,1,0
8655,1,"1 2 4 -2 4 4 2 4 4 -1 -4 -2",24,1,-256
8656,1,"1 2 3 2 -3 4 4 -2 4 -1 -2 4",48,1,0
8657,1,"1 2 4 3 4 2 -1 -2 4 -2 -3 4",48,1,-64
8658,1,"1 2 3 4 -3 -2 -2 4 2 4 -1 4",48,1,128
8659,1,"1 2 -1 4 3 4 2 -3 -2 -2 4 4",48,1,0
8660,1,"1 4 2 4 -2 4 2 -4 -2 -1 4 4",24,1,-128
8661,1,"1 4 2 -1 4 -2 4 -2 4 4 2 -4",24,1,128
8662,1,"1 2 1 -2 4 2 -1 -1 -2 4 4 4",24,1,256
8663,1,"1 2 4 3 4 -1 -3 -3 -2 4 3 4",48,1,0
8664,1,"1 2 3 -1 3 4 4 -2 4 -3 4 -3",48,1,0
8665,1,"1 2 3 3 4 -2 -3 -1 4 -3 4 4",48,1,128
8666,1,"1 2 3 -2 -1 2 4 -2 4 -3 4 4",48,1,0
8667,1,"1 2 2 -4 -1 4 4 -2 4 4 4 -2",24,1,-512
8668,1,"1 2 3 4 4 2 -3 -2 4 -1 4 -2",48,1,0
8669,1,"1 2 1 4 -1 4 -2 -2 4 2 -1 4",24,1,128
8670,1,"1 2 4 -1 -2 4 4 4 4 2 -4 -2",24,1,256
8671,1,"1 2 4 -1 4 4 3 -4 -3 -2 4 4",48,1,-128
8672,1,"1 2 3 -1 4 4 -3 4 -2 3 4 -3",48,1,0
8673,1,"1 2 -1 4 4 3 3 4 -2 -3 -3 4",48,1,0
8674,1,"1 2 1 4 -2 -2 4 2 4 -1 -1 4",24,1,256
8675,1,"1 2 -1 4 3 4 -3 -2 -3 4 4 3",48,1,0
8676,1,"1 2 4 4 3 3 -2 4 -3 -1 4 -3",48,1,128
8677,1,"1 4 2 -1 4 2 -4 -2 -2 4 4 4",24,1,-256
8678,1,"1 2 2 -1 -2 4 4 -2 -2 4 4 2",24,1,0
8679,1,"1 2 4 3 4 -2 -3 4 -2 -1 2 4",48,1,64
8680,1,"1 2 1 2 -1 -2 4 -1 -2 4 4 4",24,1,-256
8681,1,"1 2 4 -2 3 4 -3 4 -1 -2 4 2",48,1,64
8682,1,"1 2 -1 4 2 1 4 -1 4 -2 -2 4",24,1,128
8683,1,"1 2 4 3 -2 4 -3 -3 4 -1 4 3",48,1,128
8684,1,"1 2 4 -1 4 4 3 4 -3 -3 -2 3",48,1,-128
8685,1,"1 2 3 4 3 4 -3 -2 4 -1 -3 4",48,1,64
8686,1,"1 2 4 4 2 -1 -2 -4 -2 4 4 4",24,1,-256
8687,1,"1 2 -1 -2 1 4 4 -2 4 -1 2 4",24,1,-128
8688,1,"1 2 3 4 4 2 4 -2 -3 4 -1 -2",48,1,0
8689,1,"1 1 1 4 4 4 4 -1 -1 -4 -1 4",6,1,1024
8690,1,"1 2 3 -1 -3 -2 4 4 3 4 -3 4",48,1,-128
8691,1,"1 2 3 -2 -1 4 4 -2 4 -3 4 2",48,1,0
8692,1,"1 4 2 4 -2 -1 4 -2 4 4 2 -4",24,1,-128
8693,1,"1 2 4 -2 4 3 4 4 3 -1 -3 -3",48,1,-128
8694,1,"1 2 -4 -1 4 4 2 4 4 -2 4 -2",24,1,-256
8695,1,"1 2 4 4 4 -2 -2 4 -1 4 2 -4",24,1,256
8696,1,"1 2 2 4 -2 4 -1 -2 -2 4 2 4",12,1,0
8697,1,"1 2 2 4 4 4 -2 -2 -1 -2 4 2",24,1,512
8698,1,"1 2 -1 -1 4 -2 4 2 4 -2 4 1",24,1,0
8699,1,"1 4 2 4 2 4 -2 -4 -2 -1 4 4",24,1,128
8700,1,"1 2 4 -2 -2 -1 2 4 4 -2 4 2",24,1,0
8701,1,"1 2 3 3 -1 -3 4 -3 4 -2 4 4",48,1,-128
8702,1,"1 2 3 3 4 -3 4 -3 -2 -1 4 4",48,1,256
8703,1,"1 2 2 4 2 4 -1 -2 -2 4 -2 4",12,1,0
8704,1,"1 2 3 -1 -2 3 4 4 4 -3 4 -3",48,1,0
8705,1,"1 2 4 4 4 -2 4 2 4 -2 -1 -4",24,1,-256
8706,1,"1 4 2 2 4 -2 -1 4 4 4 -2 -4",24,1,256
8707,1,"1 2 3 -2 -1 4 2 4 -2 4 -3 4",48,1,0
8708,1,"1 2 1 4 4 2 -1 -2 4 -1 -2 4",24,1,-128
8709,1,"1 2 3 3 -2 -3 4 -1 -3 4 4 4",48,1,-256
8710,1,"1 2 -4 -2 4 4 4 -2 -1 4 2 4",24,1,-256
8711,1,"1 2 2 4 -1 -2 4 1 -2 4 -1 4",24,1,128
8712,1,"1 2 4 3 4 -3 4 -2 -1 2 4 -2",48,1,128
8713,1,"1 2 3 4 4 -2 -3 2 4 -1 -2 4",48,1,0
8714,1,"1 2 -1 4 4 2 4 4 -1 -2 -2 1",24,1,-512
8715,1,"1 4 -1 -4 2 4 -2 4 -2 4 2 4",24,1,0
8716,1,"1 4 2 2 -1 4 -2 4 4 4 -2 -4",24,1,-256
8717,1,"1 2 4 -1 -4 2 4 4 4 -2 -2 4",24,1,256
8718,1,"1 2 3 2 4 -1 -2 -3 4 4 -2 4",48,1,0
8719,1,"1 2 -1 4 4 4 4 -2 -4 2 4 -2",24,1,256
8720,1,"1 2 4 4 4 -1 4 -2 -2 4 2 -4",24,1,256
8721,1,"1 2 1 2 4 4 -1 4 4 -2 -1 -2",24,1,0
8722,1,"1 2 2 2 -1 4 -2 4 4 4 -2 -2",24,1,-512
8723,1,"1 2 2 4 4 -2 -2 4 -1 -2 4 2",24,1,256
8724,1,"1 2 1 4 2 -1 -2 4 -1 -2 4 4",24,1,-128
8725,1,"1 2 2 4 -1 -2 -2 4 1 4 -1 4",24,1,0
8726,1,"1 2 -1 4 2 4 -2 4 2 4 -2 -2",24,1,-128
8727,1,"1 2 4 4 3 3 -1 4 -3 4 -2 -3",48,1,0
8728,1,"1 2 4 3 3 4 -2 4 -3 -1 4 -3",48,1,128
8729,1,"1 2 2 3 4 -2 -3 4 4 -1 4 -2",48,1,0
8730,1,"1 2 -4 -2 4 4 4 2 4 -1 4 -2",24,1,0
8731,1,"1 2 -1 4 -2 -1 4 2 4 -2 4 1",24,1,128
8732,1,"1 2 4 -2 4 -1 4 -2 -4 2 4 4",24,1,-128
8733,1,"1 2 1 4 4 2 4 -1 -1 -2 -2 4",24,1,256
8734,1,"1 2 3 -2 4 3 4 -3 4 4 -1 -3",48,1,-128
8735,1,"1 2 3 -2 4 -3 4 -1 4 2 4 -2",48,1,0
8736,1,"1 2 4 3 4 -2 4 4 -3 -3 -1 3",48,1,-128
8737,1,"1 2 3 4 4 -1 3 -2 -3 -3 4 4",48,1,-256
8738,1,"1 2 3 3 4 -1 4 4 -3 -3 -2 4",48,1,256
8739,1,"1 2 3 2 4 4 -2 -1 4 -3 -2 4",48,1,128
8740,1,"1 2 4 3 -1 3 4 -3 -2 4 -3 4",48,1,64
8741,1,"1 2 -1 4 -1 -2 4 4 -2 1 2 4",24,1,-128
8742,1,"1 2 2 4 -1 4 1 -2 -2 4 -1 4",12,1,256
8743,1,"1 2 4 3 4 4 -1 4 -3 -3 -2 3",48,1,-128
8744,1,"1 2 -1 4 2 -1 -2 4 1 -2 4 4",24,1,-128
8745,1,"1 2 4 -1 4 -2 -4 -2 4 4 4 2",24,1,256
8746,1,"1 2 -1 4 -2 4 4 4 4 -2 -4 2",24,1,-256
8747,1,"1 2 4 -1 4 4 2 -4 -2 -2 4 4",24,1,-256
8748,1,"1 2 3 3 -1 -3 4 4 4 -3 4 -2",48,1,-256
8749,1,"1 2 2 4 2 4 -1 4 -2 -2 -2 4",24,1,256
8750,1,"1 2 -1 4 4 1 -2 -2 -1 2 4 4",24,1,256
8751,1,"1 2 2 -1 4 4 -2 4 -2 -1 4 1",24,1,256
8752,1,"1 2 4 3 -1 3 -2 -3 -3 4 4 4",48,1,0
8753,1,"1 2 4 3 -2 4 4 -3 4 -3 -1 3",48,1,0
8754,1,"1 2 1 -2 -2 4 2 4 -1 -1 4 4",24,1,256
8755,1,"1 2 3 4 -3 -3 -2 3 4 4 -1 4",48,1,128
8756,1,"1 2 4 4 -2 -1 2 4 4 4 -2 -4",24,1,256
8757,1,"1 2 2 4 -2 4 2 -1 -2 -2 4 4",24,1,-256
8758,1,"1 2 2 3 -2 4 -1 4 -2 -3 4 4",48,1,-128
8759,1,"1 2 -1 4 4 4 3 4 -3 -3 -2 3",48,1,-256
8760,1,"1 4 2 4 4 -1 -4 -2 4 -2 4 2",24,1,128
8761,1,"1 2 3 4 4 -2 -3 -2 -1 4 4 2",24,1,128
8762,1,"1 2 -4 2 4 4 4 -2 4 -1 4 -2",24,1,0
8763,1,"1 2 -1 4 4 3 3 4 4 -3 -2 -3",48,1,0
8764,1,"1 2 3 -2 -3 -2 4 4 4 4 -1 2",48,1,0
8765,1,"1 2 4 4 3 4 -1 4 -3 -4 -2 4",48,1,0
8766,1,"1 2 3 3 4 4 -2 -3 4 -3 -1 4",48,1,128
8767,1,"1 2 1 4 -1 -2 -2 4 -1 2 4 4",24,1,256
8768,1,"1 2 -1 2 4 3 -2 4 -3 4 -2 4",48,1,64
8769,1,"1 2 3 4 -1 3 4 -3 -3 4 4 -2",48,1,128
8770,1,"1 2 2 3 4 -3 4 -2 -1 4 -2 4",48,1,128
8771,1,"1 2 -1 4 2 4 4 4 4 -2 -4 -2",24,1,-256
8772,1,"1 2 -1 4 1 4 -2 4 2 -1 -2 4",24,1,-128
8773,1,"1 2 1 4 -2 -1 4 4 4 2 -1 -2",24,1,0
8774,1,"1 2 3 3 4 -2 -1 4 -3 4 -3 4",48,1,128
8775,1,"1 2 -1 4 4 -2 3 4 3 4 -3 -3",48,1,128
8776,1,"1 2 3 -4 -2 4 4 4 -3 4 -1 4",48,1,-128
8777,1,"1 2 4 -1 3 -4 -3 4 4 4 -2 4",48,1,-128
8778,1,"1 2 4 4 -2 4 4 -1 -4 2 4 -2",24,1,256
8779,1,"1 2 4 4 -1 3 -2 3 4 -3 4 -3",48,1,128
8780,1,"1 2 4 2 4 2 -1 4 -2 4 -2 -2",24,1,-128
8781,1,"1 2 2 3 4 4 -3 4 -1 -2 4 -2",48,1,-128
8782,1,"1 2 1 -2 4 2 -1 -1 4 4 -2 4",24,1,256
8783,1,"1 2 3 -2 -3 -2 4 2 -1 4 4 4",48,1,0
8784,1,"1 2 -4 -2 4 -1 4 3 4 4 -3 4",48,1,-128
8785,1,"1 2 4 4 4 4 4 -2 -1 2 -4 -2",24,1,-512
8786,1,"1 2 -1 4 2 4 3 -2 -2 -3 4 4",48,1,0
8787,1,"1 2 4 4 -1 3 4 4 3 -2 -3 -3",48,1,-256
8788,1,"1 1 4 -1 -1 4 4 1 -4 -1 4 4",6,1,-512
8789,1,"1 2 4 4 4 -2 -2 -4 -1 4 2 4",24,1,256
8790,1,"1 2 1 -2 4 4 -1 4 -1 2 4 -2",24,1,128
8791,1,"1 2 3 2 -3 -2 4 -1 4 4 -2 4",48,1,0
8792,1,"1 4 2 4 -2 -2 -1 -4 2 4 4 4",24,1,-256
8793,1,"1 2 3 4 4 -3 -2 -2 4 -1 2 4",48,1,256
8794,1,"1 2 4 4 4 4 4 -2 -1 -2 -4 2",24,1,-512
8795,1,"1 4 2 4 4 -2 4 2 -1 4 -2 -4",24,1,-128
8796,1,"1 2 4 2 -1 2 4 -2 4 -2 -2 4",24,1,128
8797,1,"1 2 -1 4 -2 4 4 3 -4 -3 4 4",48,1,0
8798,1,"1 2 4 3 -1 4 3 -2 4 -3 4 -3",48,1,0
8799,1,"1 2 -1 -1 4 4 4 -2 -2 1 2 4",24,1,-512
8800,1,"1 2 4 3 4 4 4 -2 -4 -3 -1 4",48,1,128
8801,1,"1 2 4 3 -2 4 4 -3 -3 -1 4 3",48,1,128
8802,1,"1 2 4 -1 -1 -2 4 2 4 -2 4 1",24,1,0
8803,1,"1 2 1 4 2 4 -1 4 4 -1 -2 -2",24,1,0
8804,1,"1 2 -1 2 4 -2 -2 4 -2 4 4 2",24,1,256
8805,1,"1 2 -1 -2 4 -1 2 4 -2 4 4 1",24,1,0
8806,1,"1 2 4 3 4 -1 4 4 3 -2 -3 -3",48,1,-128
8807,1,"1 4 1 4 4 4 -1 -4 -4 -1 4 4",6,1,512
8808,1,"1 2 4 3 -4 -2 4 -1 4 -3 4 4",48,1,0
8809,1,"1 2 2 4 -2 -1 4 -2 -2 4 4 2",24,1,256
8810,1,"1 2 -1 4 3 4 4 -3 -2 -3 4 3",48,1,0
8811,1,"1 2 1 4 2 -1 4 4 -2 -1 -2 4",24,1,128
8812,1,"1 2 3 -1 4 4 -2 3 4 -3 -3 4",48,1,0
8813,1,"1 4 2 2 -4 -2 4 4 4 -2 -1 4",24,1,-256
8814,1,"1 2 3 -2 4 -3 4 -1 3 4 4 -3",48,1,0
8815,1,"1 2 4 -2 3 4 -1 3 4 -3 4 -3",48,1,64
8816,1,"1 4 2 -4 -1 4 4 2 4 -2 -2 4",24,1,0
8817,1,"1 2 4 3 -2 -4 -1 4 4 4 -3 4",48,1,128
8818,1,"1 2 -1 2 2 4 4 4 -2 -2 4 -2",24,1,0
8819,1,"1 2 4 -2 -2 4 2 -1 4 -2 4 2",24,1,128
8820,1,"1 2 3 3 4 -3 -1 -3 4 -2 4 4",48,1,128
8821,1,"1 2 4 4 4 4 4 2 -1 -2 -4 -2",24,1,-512
8822,1,"1 2 1 4 4 2 -1 4 -1 -2 4 -2",24,1,-128
8823,1,"1 2 4 -2 -2 1 4 -1 -1 4 2 4",24,1,0
8824,1,"1 2 3 -2 4 2 -1 -2 4 4 -3 4",48,1,0
8825,1,"1 4 4 2 4 -2 4 2 4 -2 -1 -4",24,1,-128
8826,1,"1 2 3 -1 -3 4 4 -3 -2 4 3 4",48,1,-128
8827,1,"1 2 3 -1 4 3 4 -3 -2 4 4 -3",48,1,0
8828,1,"1 2 -1 4 4 3 3 4 -2 4 -3 -3",48,1,0
8829,1,"1 2 3 3 4 -3 -2 -1 -3 4 4 4",48,1,256
8830,1,"1 2 3 4 -3 -3 4 -1 4 3 -2 4",48,1,0
8831,1,"1 2 4 4 3 -1 4 3 -2 4 -3 -3",48,1,0
8832,1,"1 4 2 -1 4 4 2 4 4 -2 -2 -4",24,1,-256
8833,1,"1 2 3 -1 -3 4 -2 4 -3 4 3 4",48,1,-64
8834,1,"1 2 3 4 -2 4 -2 -3 4 4 -1 2",48,1,0
8835,1,"1 2 -1 -2 -2 3 4 -3 2 4 4 4",48,1,-256
8836,1,"1 4 2 2 4 -2 -4 -1 4 4 -2 4",24,1,0
8837,1,"1 2 4 3 4 -1 -2 4 2 -3 4 -2",48,1,-64
8838,1,"1 2 -1 2 4 4 2 4 4 -2 -2 -2",24,1,0
8839,1,"1 2 -1 -1 2 4 -2 4 -2 1 4 4",24,1,0
8840,1,"1 2 3 3 4 -3 4 -2 -1 4 -3 4",48,1,128
8841,1,"1 2 -1 2 4 3 -2 -3 4 4 -2 4",48,1,0
8842,1,"1 2 4 3 -1 3 4 -2 4 -3 4 -3",48,1,64
8843,1,"1 2 3 3 4 -1 4 -2 -3 4 4 -3",48,1,-128
8844,1,"1 2 3 4 4 -2 4 -3 2 4 -1 -2",48,1,0
8845,1,"1 2 -1 4 -2 4 3 4 3 4 -3 -3",48,1,0
8846,1,"1 2 2 -1 -2 -2 4 2 4 4 4 -2",24,1,-512
8847,1,"1 2 2 4 -1 4 2 4 -2 -2 -2 4",24,1,256
8848,1,"1 2 -1 -1 2 4 -2 1 4 -2 4 4",24,1,0
8849,1,"1 2 1 4 4 -2 -2 -1 4 2 -1 4",24,1,256
8850,1,"1 2 1 2 4 4 -2 -1 -1 4 -2 4",24,1,256
8851,1,"1 2 3 -2 3 4 4 -3 -3 4 -1 4",48,1,128
8852,1,"1 2 3 2 4 -3 -2 4 4 -1 4 -2",48,1,0
8853,1,"1 2 4 3 3 -2 -3 -1 4 -3 4 4",48,1,128
8854,1,"1 2 3 4 4 -2 4 -2 -3 4 -1 2",48,1,0
8855,1,"1 2 4 3 4 -2 -1 4 2 -3 4 -2",48,1,64
8856,1,"1 2 2 4 -2 4 -1 -1 -2 4 1 4",24,1,0
8857,1,"1 2 3 3 4 -3 -1 4 4 -3 4 -2",48,1,128
8858,1,"1 2 3 4 -1 3 -2 4 -3 4 4 -3",48,1,0
8859,1,"1 2 -1 4 4 1 -2 -2 4 2 -1 4",24,1,0
8860,1,"1 2 -1 2 4 3 -2 4 4 -3 4 -2",48,1,0
8861,1,"1 2 2 -1 4 -2 -2 4 -1 4 4 1",24,1,0
8862,1,"1 2 4 3 -1 4 4 4 -3 4 -2 -4",48,1,-128
8863,1,"1 2 3 3 4 -2 4 4 -1 -3 4 -3",48,1,-128
8864,1,"1 2 3 4 -3 -3 4 3 -2 4 -1 4",48,1,0
8865,1,"1 2 -1 4 3 4 2 -3 4 -2 -2 4",48,1,0
8866,1,"1 2 3 -2 -1 -3 -3 4 4 4 4 3",48,1,0
8867,1,"1 2 3 4 -3 -1 4 4 4 3 -2 -3",48,1,-128
8868,1,"1 2 3 4 -1 -3 -2 4 -3 4 4 3",48,1,0
8869,1,"1 2 2 3 4 4 -1 4 -2 -2 -3 4",48,1,0
8870,1,"1 2 3 4 -3 4 3 -1 -3 4 -2 4",48,1,-64
8871,1,"1 2 4 3 -1 4 4 -2 -3 -3 4 3",48,1,256
8872,1,"1 2 -1 -2 4 3 4 -3 2 4 -2 4",48,1,-64
8873,1,"1 2 3 -2 4 -1 -2 4 4 2 -3 4",48,1,128
8874,1,"1 2 4 3 4 -2 -3 4 -3 -1 3 4",48,1,64
8875,1,"1 4 2 4 2 4 -1 -4 -2 -2 4 4",24,1,0
8876,1,"1 2 -1 4 3 4 -3 4 4 -3 -2 3",48,1,-128
8877,1,"1 2 3 4 4 -1 -3 -3 -2 4 3 4",48,1,0
8878,1,"1 2 3 4 -2 -1 2 4 4 -2 -3 4",48,1,128
8879,1,"1 2 3 4 4 2 -3 -2 -1 4 4 -2",24,1,128
8880,1,"1 2 2 -1 4 4 3 -2 4 -3 4 -2",48,1,-128
8881,1,"1 2 -1 4 1 2 4 -1 -2 4 -2 4",24,1,-128
8882,1,"1 1 1 1 4 -1 4 -1 4 -1 -1 4",6,1,512
8883,1,"1 2 2 -1 4 -1 4 -2 -2 4 4 1",24,1,0
8884,1,"1 2 -1 4 -2 3 -2 4 -3 4 2 4",48,1,0
8885,1,"1 2 3 4 4 -1 3 -2 4 4 -3 -3",48,1,0
8886,1,"1 2 4 2 2 4 -2 -1 4 -2 -2 4",24,1,256
8887,1,"1 2 4 2 2 4 -1 -2 4 -2 -2 4",12,1,0
8888,1,"1 2 3 4 3 4 4 -3 -3 -1 4 -2",48,1,128
8889,1,"1 2 2 -4 -1 -2 4 -2 4 4 4 4",24,1,-512
8890,1,"1 4 1 -4 -4 -1 4 4 4 -1 4 4",6,1,-512
8891,1,"1 2 1 4 4 -1 4 2 -1 -2 4 -2",24,1,-128
8892,1,"1 2 4 3 4 4 -2 -3 4 -3 -1 3",48,1,0
8893,1,"1 2 1 4 2 4 4 -2 -2 -1 -1 4",24,1,256
8894,1,"1 2 -1 4 4 3 3 -2 -3 -3 4 4",48,1,0
8895,1,"1 2 3 -2 -3 4 -1 -2 4 2 4 4",48,1,0
8896,1,"1 2 3 -2 -3 4 2 4 4 -1 4 -2",48,1,0
8897,1,"1 2 4 -2 -4 -1 3 4 4 4 -3 4",48,1,128
8898,1,"1 2 -1 4 3 3 -2 4 4 -3 -3 4",48,1,0
8899,1,"1 2 2 4 4 4 4 4 -2 -1 -2 -4",24,1,-512
8900,1,"1 2 4 2 -1 -2 4 2 4 -2 -2 4",24,1,-128
8901,1,"1 2 4 2 -1 4 -2 4 -2 -2 4 2",24,1,128
8902,1,"1 2 4 -1 4 3 4 -3 -2 -3 4 3",48,1,64
8903,1,"1 2 2 4 -2 -2 -1 4 1 4 -1 4",24,1,256
8904,1,"1 2 4 3 4 4 -3 -2 3 -1 4 -3",48,1,128
8905,1,"1 2 -1 4 3 -4 -3 -2 4 4 4 4",48,1,0
8906,1,"1 2 3 4 -2 4 -3 -3 4 -1 4 3",48,1,128
8907,1,"1 2 -4 -2 4 2 -1 4 4 4 4 -2",24,1,256
8908,1,"1 2 3 -2 4 3 4 -1 -3 -3 4 4",48,1,-128
8909,1,"1 2 4 2 4 -1 -2 -4 -2 4 4 4",24,1,0
8910,1,"1 2 4 4 2 -4 -1 4 -2 4 -2 4",24,1,-128
8911,1,"1 2 -1 -2 1 4 4 -2 -1 4 2 4",24,1,-128
8912,1,"1 2 -1 4 2 4 4 -1 4 -2 -2 1",24,1,-256
8913,1,"1 2 4 -2 3 4 3 4 -3 -1 4 -3",48,1,64
8914,1,"1 2 4 -2 3 4 3 4 -1 -3 4 -3",48,1,64
8915,1,"1 2 3 -2 4 -2 -3 4 4 4 -1 2",48,1,-128
8916,1,"1 2 4 4 4 -2 -2 -1 4 4 2 -4",24,1,0
8917,1,"1 2 -4 -2 4 -2 -1 4 4 4 4 2",24,1,-256
8918,1,"1 2 2 4 4 -2 -1 2 4 4 -2 -2",24,1,512
8919,1,"1 2 1 -2 4 4 4 -1 -1 2 4 -2",24,1,256
8920,1,"1 2 4 -2 3 4 -3 -1 4 3 4 -3",48,1,64
8921,1,"1 2 4 3 -1 4 3 4 -3 -3 -2 4",48,1,0
8922,1,"1 4 2 2 4 4 -2 -4 -2 -1 4 4",24,1,256
8923,1,"1 2 4 4 -2 3 4 4 3 -1 -3 -3",48,1,0
8924,1,"1 2 4 3 3 4 -1 -3 -2 -3 4 4",48,1,128
8925,1,"1 2 3 3 4 4 -1 4 4 -3 -3 -2",48,1,0
8926,1,"1 2 4 -2 4 2 4 4 -2 4 -1 -4",24,1,-128
8927,1,"1 2 4 2 -4 -2 -1 4 4 4 4 -2",24,1,-256
8928,1,"1 2 3 4 4 -2 -3 4 2 4 -1 -2",48,1,0
8929,1,"1 2 4 -2 3 4 -1 -3 4 3 4 -3",48,1,64
8930,1,"1 2 3 -2 4 -1 2 4 -3 4 4 -2",48,1,0
8931,1,"1 2 4 3 4 -1 4 4 4 -2 -3 -4",48,1,-128
8932,1,"1 2 -1 -2 -2 3 2 4 -3 4 4 4",48,1,0
8933,1,"1 2 3 4 2 -3 4 4 -2 -1 -2 4",48,1,128
8934,1,"1 2 4 -2 3 -1 4 -3 4 -3 4 3",48,1,64
8935,1,"1 2 -1 -1 4 1 4 -2 4 2 4 -2",24,1,-128
8936,1,"1 2 3 2 4 -1 -2 -3 4 -2 4 4",48,1,0
8937,1,"1 2 -1 -2 4 2 3 4 4 -3 -2 4",48,1,-128
8938,1,"1 2 -1 4 3 4 -2 -4 -3 4 4 4",48,1,0
8939,1,"1 2 2 2 -1 4 -2 4 4 -2 4 -2",24,1,-256
8940,1,"1 2 1 2 4 -1 -2 4 -2 -1 4 4",24,1,128
8941,1,"1 2 -1 4 -2 -2 4 1 4 2 -1 4",24,1,-128
8942,1,"1 2 3 4 -2 4 -1 2 -3 4 -2 4",24,1,64
8943,1,"1 2 -1 -1 2 1 4 -2 4 -2 4 4",24,1,256
8944,1,"1 2 3 4 4 -3 4 3 -1 4 -3 -2",48,1,-128
8945,1,"1 2 4 3 3 4 -1 4 4 -2 -3 -3",48,1,0
8946,1,"1 2 -4 2 4 -2 -1 4 4 4 4 -2",24,1,256
8947,1,"1 2 3 4 4 -3 4 2 -1 4 -2 -2",48,1,-128
8948,1,"1 4 4 2 2 4 4 -2 4 -1 -4 -2",24,1,-256
8949,1,"1 2 4 -2 3 4 4 -1 3 4 -3 -3",48,1,128
8950,1,"1 4 4 2 4 2 4 -2 -1 -4 -2 4",24,1,128
8951,1,"1 2 3 -1 -3 4 4 4 4 4 -2 -4",48,1,-256
8952,1,"1 2 -1 4 -2 4 -1 2 4 1 -2 4",24,1,128
8953,1,"1 2 -1 4 -2 4 -1 2 4 -2 1 4",24,1,0
8954,1,"1 2 -1 4 4 2 3 4 -3 -2 4 -2",48,1,-128
8955,1,"1 2 4 2 -1 4 4 4 -2 -4 -2 4",24,1,0
8956,1,"1 2 2 -1 4 -2 -2 4 3 4 -3 4",48,1,0
8957,1,"1 2 4 3 4 -3 -2 3 -1 -3 4 4",48,1,128
8958,1,"1 2 3 4 -1 4 4 -2 -2 -3 2 4",48,1,-128
8959,1,"1 2 2 1 4 4 -2 -1 4 -2 -1 4",24,1,0
8960,1,"1 2 3 4 4 4 -2 -3 -3 4 -1 3",48,1,256
8961,1,"1 2 3 3 -1 4 4 -3 -2 4 4 -3",48,1,0
8962,1,"1 2 4 -1 4 4 3 -2 4 4 -3 -4",48,1,-128
8963,1,"1 2 3 -2 -1 4 4 2 -3 4 4 -2",48,1,-128
8964,1,"1 1 4 4 -1 4 1 -4 -1 4 -1 4",6,1,-256
8965,1,"1 2 3 4 4 3 4 -3 -1 -3 -2 4",48,1,128
8966,1,"1 2 4 3 4 -2 3 4 -3 -1 -3 4",48,1,64
8967,1,"1 2 2 -1 4 -2 -2 4 2 4 -2 4",24,1,0
8968,1,"1 2 3 -2 4 -1 -2 -3 4 4 2 4",48,1,-128
8969,1,"1 2 3 4 -1 -3 4 -2 4 -3 4 3",48,1,64
8970,1,"1 2 4 3 4 -2 4 -3 4 -3 -1 3",48,1,-64
8971,1,"1 2 2 -1 -2 4 4 3 4 -2 -3 4",48,1,-128
8972,1,"1 2 1 -2 4 -1 -1 4 -2 4 2 4",24,1,128
8973,1,"1 2 -1 4 4 -2 -2 -4 2 4 4 4",24,1,0
8974,1,"1 2 1 -2 -1 2 4 4 -1 -2 4 4",24,1,0
8975,1,"1 2 4 -1 -2 -4 -2 4 4 4 2 4",24,1,0
8976,1,"1 2 2 3 4 -2 4 -1 -2 4 -3 4",48,1,0
8977,1,"1 2 1 4 4 4 -2 -1 2 4 -1 -2",24,1,256
8978,1,"1 2 3 3 -1 4 -3 4 4 4 -2 -3",48,1,-256
8979,1,"1 2 4 2 2 -1 4 4 4 -2 -2 -2",24,1,-512
8980,1,"1 2 3 3 4 -3 -3 4 -1 -2 4 4",48,1,0
8981,1,"1 2 2 4 -2 -4 -2 4 -1 4 4 4",24,1,256
8982,1,"1 2 -1 -2 4 4 2 4 -1 4 -2 1",24,1,-256
8983,1,"1 2 -1 4 -2 -2 -1 2 4 4 1 4",24,1,256
8984,1,"1 2 3 3 4 4 -3 4 -2 4 -1 -3",48,1,-128
8985,1,"1 2 3 4 4 -2 4 4 -3 4 -1 -4",48,1,-128
8986,1,"1 2 -1 2 4 3 -2 4 -3 -2 4 4",48,1,128
8987,1,"1 4 2 4 -2 -2 -1 4 4 4 2 -4",24,1,-256
8988,1,"1 2 2 3 4 -3 4 -2 -1 -2 4 4",48,1,128
8989,1,"1 2 3 2 4 4 -1 4 -2 -3 4 -2",48,1,0
8990,1,"1 1 4 4 -1 4 -1 -4 -1 4 1 4",6,1,256
8991,1,"1 2 1 -2 -1 4 -1 4 -2 4 2 4",24,1,0
8992,1,"1 2 1 -2 -2 4 -1 4 4 -1 2 4",24,1,0
8993,1,"1 2 2 1 4 -1 -2 -2 4 -1 4 4",24,1,256
8994,1,"1 4 4 4 2 4 4 2 -1 -4 -2 -2",24,1,-512
8995,1,"1 2 3 4 -3 4 -2 4 3 4 -1 -3",48,1,-64
8996,1,"1 2 3 4 -3 4 -2 4 -2 -1 4 2",48,1,64
8997,1,"1 1 4 4 1 4 -1 -4 -1 4 -1 4",6,1,256
8998,1,"1 2 3 4 -1 4 3 4 4 -3 -3 -2",48,1,0
8999,1,"1 2 3 4 -3 4 -3 4 3 -2 -1 4",48,1,0
9000,1,"1 2 3 4 -2 4 -2 -3 4 2 -1 4",48,1,0
9001,1,"1 2 3 -1 4 4 -3 4 -2 -3 4 3",48,1,128
9002,1,"1 2 3 4 -2 4 3 -1 -3 -3 4 4",48,1,-128
9003,1,"1 2 3 4 3 4 -3 -1 4 -2 -3 4",48,1,0
9004,1,"1 2 -1 2 4 4 3 -2 -2 -3 4 4",48,1,0
9005,1,"1 2 4 2 -4 -1 -2 4 4 -2 4 4",24,1,-256
9006,1,"1 2 3 3 -1 4 -3 4 -3 -2 4 4",48,1,0
9007,1,"1 2 2 4 -2 1 4 4 -1 -1 -2 4",24,1,-256
9008,1,"1 2 3 -2 -4 -1 4 -3 4 4 4 4",48,1,0
9009,1,"1 2 3 2 -3 -2 4 -1 4 -2 4 4",48,1,0
9010,1,"1 2 4 4 4 -2 -1 4 -2 4 2 -4",24,1,0
9011,1,"1 2 4 4 4 4 -2 4 -1 -2 -4 2",24,1,-256
9012,1,"1 2 4 4 3 -4 -3 4 -2 4 -1 4",48,1,-128
9013,1,"1 2 4 -2 -2 -1 -2 4 2 4 4 2",24,1,256
9014,1,"1 2 4 -1 4 -2 -2 4 2 -1 4 1",24,1,0
9015,1,"1 2 4 3 -2 -3 -3 4 3 4 -1 4",48,1,0
9016,1,"1 2 3 4 -3 4 4 2 -1 4 -2 -2",48,1,-128
9017,1,"1 2 -1 2 4 -2 4 4 2 4 -2 -2",24,1,0
9018,1,"1 4 2 -4 -1 4 4 4 2 4 -2 -2",24,1,-256
9019,1,"1 2 4 -2 -4 -1 4 4 3 4 -3 4",48,1,128
9020,1,"1 2 3 4 4 4 -1 -4 -2 -3 4 4",48,1,-256
9021,1,"1 2 4 3 -1 3 -2 4 4 -3 -3 4",48,1,128
9022,1,"1 2 -4 -1 4 -2 -2 4 4 4 4 2",24,1,0
9023,1,"1 2 2 4 4 -2 4 4 -1 4 -2 -4",24,1,-256
9024,1,"1 2 4 4 -1 4 -2 4 -2 4 2 -4",24,1,128
9025,1,"1 2 3 4 -1 4 -3 -2 -2 4 4 2",48,1,256
9026,1,"1 2 3 4 4 4 -3 -1 -3 4 3 -2",48,1,0
9027,1,"1 2 -1 4 3 -4 -3 4 4 -2 4 4",48,1,0
9028,1,"1 4 2 -4 -2 4 -2 4 -1 4 4 2",24,1,-128
9029,1,"1 2 4 3 -2 3 4 -3 4 4 -1 -3",48,1,0
9030,1,"1 2 3 4 4 4 -3 -1 4 -3 -2 3",48,1,128
9031,1,"1 2 -1 -2 4 1 4 -1 2 4 -2 4",24,1,0
9032,1,"1 2 -1 -2 4 -1 2 1 4 4 -2 4",24,1,128
9033,1,"1 2 4 -1 3 -2 4 -3 -3 4 4 3",48,1,0
9034,1,"1 4 4 2 4 -2 -2 -1 4 4 2 -4",24,1,-256
9035,1,"1 2 1 4 2 4 -1 4 -2 4 -1 -2",24,1,0
9036,1,"1 2 4 3 3 -1 4 -3 -3 -2 4 4",48,1,0
9037,1,"1 2 1 4 -2 4 -1 2 4 -2 -1 4",24,1,0
9038,1,"1 2 3 -2 4 4 -3 -1 3 4 4 -3",48,1,128
9039,1,"1 2 -1 4 4 -2 3 4 -3 -2 4 2",48,1,0
9040,1,"1 2 4 4 3 4 -1 -3 4 3 -2 -3",48,1,0
9041,1,"1 2 -1 4 -2 4 3 -2 4 2 -3 4",48,1,0
9042,1,"1 2 -1 4 2 -1 4 4 1 -2 -2 4",24,1,0
9043,1,"1 2 4 2 -4 -2 4 4 -1 4 4 -2",24,1,0
9044,1,"1 2 4 4 4 4 2 4 -1 -2 -4 -2",24,1,-256
9045,1,"1 2 4 4 3 -1 -3 4 -2 3 4 -3",48,1,-128
9046,1,"1 4 -1 -4 2 4 2 4 -2 4 -2 4",24,1,0
9047,1,"1 2 4 3 -2 -3 4 3 -1 4 -3 4",48,1,-64
9048,1,"1 2 3 -1 4 -2 4 4 4 4 -3 -4",48,1,-256
9049,1,"1 2 3 4 4 4 4 -1 -3 4 -2 -4",48,1,-256
9050,1,"1 2 3 4 -2 -3 4 -1 3 4 -3 4",48,1,64
9051,1,"1 2 1 4 -1 2 4 -2 -2 -1 4 4",24,1,0
9052,1,"1 2 4 4 3 -1 -4 -3 4 -2 4 4",48,1,-128
9053,1,"1 2 4 4 3 -1 3 4 -2 4 -3 -3",48,1,128
9054,1,"1 1 1 -4 -1 4 4 4 -1 4 -1 4",6,1,-512
9055,1,"1 2 3 4 4 3 4 -2 -3 -1 -3 4",48,1,0
9056,1,"1 2 4 2 4 -2 4 4 4 -2 -1 -4",24,1,-256
9057,1,"1 2 3 4 4 -3 -1 3 -2 4 -3 4",48,1,0
9058,1,"1 2 -1 -1 4 -2 4 -2 4 4 2 1",24,1,256
9059,1,"1 2 -1 4 4 -1 2 4 -2 -2 1 4",24,1,0
9060,1,"1 2 3 4 -3 -2 3 4 -3 4 -1 4",48,1,64
9061,1,"1 2 3 -2 4 4 4 -1 -2 -3 4 2",48,1,-128
9062,1,"1 4 2 -4 2 4 -2 4 -1 4 4 -2",24,1,128
9063,1,"1 4 4 2 4 -2 4 2 -1 -4 -2 4",24,1,-128
9064,1,"1 2 4 -1 4 3 3 -2 -3 4 4 -3",48,1,-128
9065,1,"1 2 3 -2 4 4 -1 -2 -3 4 2 4",48,1,-128
9066,1,"1 2 3 4 -2 4 -2 -1 4 2 -3 4",48,1,64
9067,1,"1 2 -1 2 4 2 4 4 4 -2 -2 -2",24,1,0
9068,1,"1 4 2 4 2 4 4 4 -2 -2 -1 -4",24,1,-256
9069,1,"1 2 -1 2 4 3 -2 -3 4 -2 4 4",48,1,0
9070,1,"1 2 2 4 4 -2 4 -1 -4 -2 4 4",24,1,-256
9071,1,"1 2 2 1 4 -2 4 4 -2 -1 -1 4",24,1,256
9072,1,"1 2 3 3 4 -1 4 -2 -3 4 -3 4",48,1,0
9073,1,"1 4 2 4 3 4 -1 4 -3 4 -2 -4",48,1,0
9074,1,"1 2 -1 -2 4 4 -1 -2 4 1 2 4",24,1,-128
9075,1,"1 2 3 4 -2 -1 4 -2 4 2 -3 4",48,1,64
9076,1,"1 2 -1 -1 4 -2 -2 1 2 4 4 4",24,1,-512
9077,1,"1 2 3 4 -3 -2 4 4 3 4 -1 -3",48,1,0
9078,1,"1 2 3 4 4 4 4 -1 4 -3 -4 -2",48,1,0
9079,1,"1 2 3 4 -2 -1 4 4 4 4 -3 -4",48,1,-256
9080,1,"1 2 2 -1 -1 -2 4 4 4 1 -2 4",24,1,0
9081,1,"1 2 3 -1 4 -2 4 4 -3 -3 4 3",48,1,128
9082,1,"1 2 -1 4 2 -1 4 1 -2 -2 4 4",24,1,0
9083,1,"1 2 3 -1 4 4 3 4 4 -3 -3 -2",48,1,-256
9084,1,"1 2 4 3 4 -2 -1 2 4 -3 4 -2",24,1,128
9085,1,"1 2 -1 4 -2 -1 4 -2 4 4 2 1",24,1,256
9086,1,"1 2 3 3 4 4 -1 -3 -2 4 4 -3",48,1,0
9087,1,"1 2 -1 -2 4 -2 4 -1 2 4 1 4",24,1,0
9088,1,"1 2 3 3 -2 4 4 -3 4 4 -1 -3",48,1,-256
9089,1,"1 2 2 -1 4 -2 -2 -1 4 4 4 1",24,1,512
9090,1,"1 2 3 4 4 -3 -1 3 4 4 -2 -3",48,1,128
9091,1,"1 2 3 -2 4 -3 2 4 4 -1 -2 4",48,1,0
9092,1,"1 2 -1 -2 4 -2 -1 4 4 2 1 4",24,1,128
9093,1,"1 2 3 -1 4 4 -3 -3 4 3 4 -2",48,1,-128
9094,1,"1 2 -1 4 3 2 4 -3 4 -2 -2 4",48,1,0
9095,1,"1 2 4 2 2 4 4 -2 -2 -1 4 -2",24,1,256
9096,1,"1 2 3 -1 4 -3 4 4 -3 4 -2 3",48,1,0
9097,1,"1 4 2 4 2 2 -1 4 -2 4 -2 -2",12,1,0
9098,1,"1 2 3 -2 4 -1 -3 4 3 4 -3 4",48,1,-64
9099,1,"1 2 3 -2 -2 4 -1 4 2 -3 4 4",48,1,128
9100,1,"1 4 4 4 2 -1 -4 -2 -2 4 4 2",24,1,0
9101,1,"1 2 2 4 -2 -1 4 3 4 -2 -3 4",48,1,128
9102,1,"1 2 1 4 -1 2 4 4 4 -1 -2 -2",24,1,256
9103,1,"1 2 3 4 -3 4 4 -2 4 3 -1 -3",48,1,-128
9104,1,"1 2 4 4 3 -2 4 -1 3 4 -3 -3",48,1,128
9105,1,"1 2 3 -1 4 4 -3 4 4 4 -2 -4",48,1,-256
9106,1,"1 4 2 2 4 4 -1 -4 -2 -2 4 4",24,1,0
9107,1,"1 2 3 4 4 -1 4 3 4 -3 -3 -2",48,1,0
9108,1,"1 2 3 4 -1 3 -2 -3 4 -3 4 4",48,1,-128
9109,1,"1 2 4 4 3 -1 -3 -2 4 3 4 -3",48,1,-128
9110,1,"1 2 3 3 4 -2 -3 -1 4 4 4 -3",48,1,0
9111,1,"1 2 3 4 -1 4 4 -3 4 -3 -2 3",48,1,0
9112,1,"1 2 4 -2 4 4 -2 4 2 4 -1 -4",24,1,-128
9113,1,"1 2 1 2 4 -1 4 4 4 -1 -2 -2",24,1,-256
9114,1,"1 2 -1 4 -2 -2 4 2 -1 4 1 4",24,1,-128
9115,1,"1 2 4 4 3 4 4 3 -1 -3 -2 -3",48,1,-128
9116,1,"1 1 1 1 4 -1 4 -1 -1 4 -1 4",6,1,512
9117,1,"1 2 3 -1 -3 -3 4 -2 3 4 4 4",48,1,-256
9118,1,"1 2 3 3 4 4 4 -3 -3 -1 4 -2",48,1,256
9119,1,"1 2 4 2 4 4 4 -1 4 -2 -2 -4",24,1,-256
9120,1,"1 2 4 3 3 -1 4 -3 4 4 -2 -3",48,1,0
9121,1,"1 2 3 4 -3 2 4 -2 4 -1 4 -2",48,1,0
9122,1,"1 4 -1 4 4 -1 -4 -4 1 4 4 4",6,1,-512
9123,1,"1 2 4 3 4 -1 4 -2 -2 -3 4 2",48,1,128
9124,1,"1 2 1 2 4 4 4 -2 -2 -1 -1 4",24,1,512
9125,1,"1 2 3 -2 -4 -3 4 -1 4 4 4 4",48,1,-256
9126,1,"1 2 3 -2 -3 4 2 4 -1 4 4 -2",48,1,0
9127,1,"1 2 4 4 4 4 -1 4 -2 -2 -4 2",24,1,-512
9128,1,"1 2 1 2 -1 -2 4 4 -2 -1 4 4",24,1,0
9129,1,"1 2 4 4 4 -2 -1 -4 2 4 -2 4",24,1,0
9130,1,"1 2 -1 4 -2 -2 4 1 2 -1 4 4",24,1,-256
9131,1,"1 2 4 4 3 -2 4 3 -1 -3 4 -3",48,1,-128
9132,1,"1 2 4 -2 -2 -1 4 4 4 4 2 -4",24,1,0
9133,1,"1 2 3 -2 3 4 4 -1 -3 -3 4 4",48,1,0
9134,1,"1 2 4 3 4 -2 -3 4 -1 2 4 -2",48,1,64
9135,1,"1 2 4 2 -4 -1 4 4 -2 -2 4 4",24,1,-256
9136,1,"1 2 -1 4 2 4 4 3 4 -3 -2 -2",48,1,-128
9137,1,"1 4 4 2 -1 -4 -2 -2 4 2 4 4",24,1,-256
9138,1,"1 2 -1 4 3 4 3 -2 -3 4 -3 4",48,1,0
9139,1,"1 2 4 -2 4 4 4 3 3 -1 -3 -3",48,1,-256
9140,1,"1 2 -4 -1 4 2 4 4 4 -2 -2 4",24,1,-256
9141,1,"1 2 -4 -2 4 -2 -1 4 4 4 2 4",24,1,-256
9142,1,"1 4 2 4 -2 -4 -1 4 4 -2 4 2",24,1,-128
9143,1,"1 2 3 4 -3 -1 -3 4 3 4 4 -2",48,1,0
9144,1,"1 2 4 -2 -2 4 -2 -1 2 4 4 2",24,1,0
9145,1,"1 2 4 -2 4 -2 -4 -1 4 2 4 4",24,1,128
9146,1,"1 2 4 -2 -1 4 -2 -2 4 4 2 2",24,1,256
9147,1,"1 2 4 3 4 -3 -3 -1 3 4 -2 4",48,1,0
9148,1,"1 2 2 1 4 -2 -1 4 4 -2 -1 4",24,1,0
9149,1,"1 1 4 4 1 4 -1 4 -1 4 -1 -4",6,1,-256
9150,1,"1 2 3 -1 4 4 4 -2 -4 -3 4 4",48,1,0
9151,1,"1 4 2 2 4 -2 4 4 -1 4 -2 -4",24,1,0
9152,1,"1 4 2 4 2 4 -2 -4 -1 4 4 -2",24,1,128
9153,1,"1 2 1 4 -1 2 4 4 -2 -1 -2 4",24,1,128
9154,1,"1 2 1 -2 -1 4 -2 4 4 2 -1 4",24,1,128
9155,1,"1 2 -1 -2 4 -1 -2 4 4 4 2 1",24,1,-256
9156,1,"1 2 -1 2 4 4 2 4 -2 -2 -2 4",24,1,256
9157,1,"1 2 4 3 3 -1 -2 4 4 -3 -3 4",48,1,0
9158,1,"1 2 3 4 3 4 -2 -1 -3 4 -3 4",24,1,0
9159,1,"1 2 3 4 -2 4 -3 4 -1 3 4 -3",48,1,64
9160,1,"1 2 3 4 4 -1 -4 -3 4 4 4 -2",48,1,-256
9161,1,"1 2 4 3 4 3 4 -3 -1 4 -2 -3",48,1,0
9162,1,"1 2 3 4 -3 -2 4 2 4 -1 -2 4",48,1,0
9163,1,"1 2 2 3 -2 -2 4 4 -1 4 -3 4",48,1,0
9164,1,"1 2 1 -2 -2 -1 4 4 -1 2 4 4",24,1,-256
9165,1,"1 2 3 4 3 -1 4 -2 -3 4 -3 4",48,1,0
9166,1,"1 2 4 3 4 -1 2 4 -2 -3 4 -2",48,1,64
9167,1,"1 2 -4 2 4 -2 -1 4 4 4 -2 4",24,1,256
9168,1,"1 2 3 4 4 -3 2 4 -1 4 -2 -2",48,1,0
9169,1,"1 2 4 2 4 -2 4 -2 -2 -1 4 2",24,1,128
9170,1,"1 2 4 3 -1 -3 4 -2 -3 4 3 4",48,1,64
9171,1,"1 4 2 4 -2 -1 4 4 -2 -4 2 4",24,1,-128
9172,1,"1 2 2 4 -1 -2 4 4 -1 -2 4 1",24,1,-256
9173,1,"1 2 4 3 2 4 -2 -1 4 -2 -3 4",48,1,64
9174,1,"1 2 3 2 -1 -2 -2 4 -3 4 4 4",48,1,-256
9175,1,"1 2 -1 2 2 4 -2 4 4 4 -2 -2",24,1,0
9176,1,"1 2 1 -2 4 -2 4 -1 2 4 -1 4",24,1,0
9177,1,"1 2 4 3 2 4 -1 4 -2 -3 4 -2",48,1,0
9178,1,"1 2 4 4 4 -2 4 4 2 -1 -2 -4",24,1,-256
9179,1,"1 2 2 4 3 4 -1 -2 4 -3 4 -2",48,1,-128
9180,1,"1 2 3 -1 4 -3 4 4 4 4 -2 -4",48,1,-256
9181,1,"1 2 1 4 -2 -1 -1 4 2 4 -2 4",24,1,128
9182,1,"1 2 4 3 3 -2 -3 4 4 -1 -3 4",48,1,-128
9183,1,"1 2 3 4 -2 -2 -3 4 -1 4 4 2",48,1,0
9184,1,"1 2 1 -2 4 -2 -1 4 4 2 -1 4",24,1,128
9185,1,"1 2 4 -1 4 3 3 4 -3 -2 4 -3",48,1,128
9186,1,"1 2 4 4 4 3 -1 4 -3 -3 -2 3",48,1,-256
9187,1,"1 2 3 -2 -1 4 4 4 2 -3 -2 4",48,1,0
9188,1,"1 2 3 3 4 4 -3 -3 4 -2 -1 4",48,1,256
9189,1,"1 2 3 3 -1 4 4 -3 -2 4 -3 4",48,1,0
9190,1,"1 2 -1 4 4 -2 4 2 -1 4 -2 1",24,1,-256
9191,1,"1 2 2 -1 4 -2 -1 4 -2 4 4 1",24,1,256
9192,1,"1 2 3 4 -3 4 -1 3 4 -2 -3 4",48,1,0
9193,1,"1 2 4 3 3 -2 -1 4 -3 4 4 -3",48,1,0
9194,1,"1 2 3 4 -1 2 4 -2 -3 -2 4 4",48,1,128
9195,1,"1 2 3 4 -2 -3 -2 4 4 -1 2 4",48,1,128
9196,1,"1 2 -1 -1 -2 4 4 4 -2 1 2 4",24,1,-256
9197,1,"1 2 2 3 -2 4 -1 4 4 -3 -2 4",48,1,128
9198,1,"1 2 1 -2 -1 4 -1 4 2 4 4 -2",24,1,128
9199,1,"1 2 2 -1 -1 4 -2 4 -2 4 4 1",24,1,0
9200,1,"1 2 4 4 3 4 4 -2 3 -1 -3 -3",48,1,0
9201,1,"1 2 4 3 4 4 -2 -3 4 4 -1 -4",48,1,-128
9202,1,"1 2 3 4 3 -1 4 -3 4 -2 4 -3",48,1,-64
9203,1,"1 2 4 4 3 3 -2 -3 4 -3 -1 4",48,1,128
9204,1,"1 2 -1 -2 1 4 -2 4 -1 2 4 4",24,1,-128
9205,1,"1 2 4 3 -1 -2 4 3 4 -3 4 -3",48,1,-64
9206,1,"1 4 -1 -4 -4 1 4 4 -1 4 4 4",6,1,-512
9207,1,"1 2 -1 -2 4 4 2 -1 4 4 -2 1",24,1,-256
9208,1,"1 2 3 -1 -3 4 4 3 4 4 -3 -2",48,1,-256
9209,1,"1 2 3 3 4 4 -2 -3 4 4 -1 -3",48,1,-256
9210,1,"1 4 2 -4 -1 4 4 4 4 4 -2 -4",24,1,-512
9211,1,"1 2 4 3 3 4 -3 4 -2 -3 -1 4",48,1,128
9212,1,"1 2 3 -2 4 -1 4 4 -3 -2 4 2",48,1,128
9213,1,"1 2 -1 4 -2 4 3 4 2 -3 4 -2",48,1,-64
9214,1,"1 2 2 4 1 4 4 -2 -2 -1 -1 4",24,1,512
9215,1,"1 2 3 4 -3 4 -2 3 4 4 -1 -3",48,1,0
9216,1,"1 2 3 4 -3 4 -3 -2 4 -1 3 4",48,1,64
9217,1,"1 2 4 2 4 4 4 -2 4 -1 -2 -4",24,1,-256
9218,1,"1 1 4 1 4 4 -1 -4 -1 4 -1 4",6,1,256
9219,1,"1 2 3 2 -1 4 -2 4 4 -2 -3 4",48,1,0
9220,1,"1 2 3 4 4 3 4 -2 -3 -1 4 -3",48,1,0
9221,1,"1 2 3 4 -1 3 4 4 4 -3 -3 -2",48,1,256
9222,1,"1 2 3 4 3 -2 -1 -3 4 4 -3 4",48,1,-128
9223,1,"1 2 3 4 4 -3 -2 4 -2 -1 4 2",48,1,128
9224,1,"1 2 4 3 -2 4 4 4 -1 -4 -3 4",48,1,-128
9225,1,"1 2 4 3 -1 4 -3 4 -2 3 4 -3",48,1,0
9226,1,"1 2 4 4 -1 4 4 3 3 -2 -3 -3",48,1,-256
9227,1,"1 2 3 -2 4 4 4 -1 2 -3 4 -2",48,1,-128
9228,1,"1 2 3 4 4 -3 -1 4 -2 -3 4 3",48,1,0
9229,1,"1 2 3 4 4 -3 4 -2 -3 -1 4 3",48,1,128
9230,1,"1 2 1 -2 -2 -1 4 4 2 4 -1 4",24,1,0
9231,1,"1 2 4 4 3 -2 4 -3 -1 3 4 -3",48,1,128
9232,1,"1 2 2 4 3 -2 4 -3 4 -1 -2 4",48,1,0
9233,1,"1 2 4 -2 3 4 4 4 -1 4 -3 -4",48,1,128
9234,1,"1 2 4 4 -1 4 -2 4 4 2 -4 -2",24,1,0
9235,1,"1 2 3 -2 4 4 2 -3 4 -1 -2 4",48,1,0
9236,1,"1 2 3 4 -3 4 2 4 -1 4 -2 -2",48,1,0
9237,1,"1 2 2 4 4 2 -1 -2 4 4 -2 -2",24,1,-512
9238,1,"1 2 4 3 -1 3 4 4 4 -2 -3 -3",48,1,0
9239,1,"1 4 -1 -4 -4 -1 4 4 1 4 4 4",6,1,512
9240,1,"1 4 2 2 -4 -2 4 -2 -1 4 4 4",24,1,-256
9241,1,"1 2 4 4 3 -1 -4 -2 -3 4 4 4",48,1,-256
9242,1,"1 2 2 4 4 -2 4 -1 4 4 -2 -4",24,1,-256
9243,1,"1 2 -1 4 -2 -2 -2 4 2 4 4 2",24,1,256
9244,1,"1 2 3 3 4 -2 4 4 -1 4 -3 -3",48,1,0
9245,1,"1 2 3 4 -1 -2 4 4 -3 -2 4 2",48,1,128
9246,1,"1 2 4 -2 -4 2 -1 4 4 4 4 -2",24,1,256
9247,1,"1 4 2 -1 4 2 4 4 -2 4 -2 -4",24,1,-128
9248,1,"1 2 -1 -1 2 4 4 -2 4 -2 4 1",24,1,256
9249,1,"1 2 -4 2 4 -1 4 -2 -2 4 4 4",24,1,256
9250,1,"1 2 -1 -2 4 4 4 4 2 4 -2 -4",24,1,-256
9251,1,"1 2 -1 -4 -2 4 -2 4 4 4 4 2",24,1,-256
9252,1,"1 2 2 2 4 4 -1 -2 -2 4 4 -2",24,1,-512
9253,1,"1 2 3 -2 4 -3 4 4 3 -1 4 -3",48,1,-128
9254,1,"1 2 4 4 -2 4 -1 4 4 2 -4 -2",24,1,0
9255,1,"1 2 3 4 -1 4 -2 -4 -3 4 4 4",48,1,-128
9256,1,"1 2 -1 4 4 3 -2 -2 -3 4 2 4",48,1,0
9257,1,"1 2 3 -1 -4 -2 4 4 4 -3 4 4",48,1,-256
9258,1,"1 2 4 4 4 -2 4 3 4 -1 -3 -4",48,1,-128
9259,1,"1 2 -1 4 2 2 4 4 -2 -2 4 -2",24,1,-256
9260,1,"1 2 3 -1 4 -3 -2 3 4 -3 4 4",48,1,0
9261,1,"1 2 4 4 2 4 4 -2 4 -2 -1 -4",24,1,-256
9262,1,"1 2 4 3 4 -3 -3 4 3 -1 -2 4",48,1,0
9263,1,"1 2 -1 4 3 -2 -2 4 -3 4 4 2",48,1,128
9264,1,"1 2 2 3 4 -1 4 -2 -3 4 -2 4",48,1,0
9265,1,"1 2 1 2 4 4 -1 -1 -2 4 -2 4",24,1,0
9266,1,"1 2 2 4 3 4 -3 -2 4 -1 -2 4",48,1,0
9267,1,"1 2 -1 4 4 4 3 3 -2 4 -3 -3",48,1,-256
9268,1,"1 2 3 4 4 -3 2 4 -2 -2 -1 4",48,1,0
9269,1,"1 2 -1 2 4 4 3 4 -2 -3 -2 4",48,1,128
9270,1,"1 4 2 -4 -2 -1 4 4 -2 4 4 2",24,1,0
9271,1,"1 2 3 4 4 3 4 -3 -1 4 -3 -2",48,1,128
9272,1,"1 2 3 3 4 4 4 -1 -3 4 -3 -2",48,1,-256
9273,1,"1 2 4 3 4 -3 -3 -2 3 -1 4 4",48,1,128
9274,1,"1 2 3 4 -2 4 -3 -1 3 4 -3 4",48,1,64
9275,1,"1 2 3 4 3 4 4 -2 -3 -1 -3 4",48,1,0
9276,1,"1 2 3 4 4 4 2 -1 -2 -2 -3 4",48,1,-256
9277,1,"1 2 4 -2 4 2 4 -2 -2 -1 4 2",24,1,128
9278,1,"1 2 3 4 -2 -1 -3 4 3 4 4 -3",48,1,-128
9279,1,"1 2 3 -2 4 2 4 -3 4 4 -1 -2",48,1,0
9280,1,"1 2 3 4 -2 4 4 -3 -2 4 -1 2",48,1,128
9281,1,"1 2 3 -2 4 -3 -1 3 4 4 4 -3",48,1,128
9282,1,"1 2 4 4 -1 4 2 2 4 -2 -2 -2",24,1,0
9283,1,"1 2 4 -2 -4 -2 -1 4 4 4 4 2",24,1,256
9284,1,"1 2 3 4 4 -1 -3 -4 -2 4 4 4",48,1,0
9285,1,"1 2 4 4 4 -2 4 3 3 -1 -3 -3",48,1,-256
9286,1,"1 2 2 3 4 4 -2 -1 4 -3 4 -2",48,1,128
9287,1,"1 2 4 4 4 4 4 4 -1 -4 -2 -4",24,1,-512
9288,1,"1 2 1 -2 -1 4 -2 -1 4 4 2 4",24,1,-128
9289,1,"1 2 3 -1 3 4 -3 -2 -3 4 4 4",48,1,128
9290,1,"1 2 1 2 4 4 4 -1 -2 -2 -1 4",24,1,256
9291,1,"1 2 3 4 -3 -2 4 3 4 4 -1 -3",48,1,0
9292,1,"1 2 -4 -1 4 4 -2 4 2 4 4 -2",24,1,-256
9293,1,"1 2 2 -1 4 -2 -2 4 -2 4 2 4",24,1,0
9294,1,"1 2 4 3 3 4 -3 -2 4 -1 -3 4",48,1,128
9295,1,"1 2 2 4 1 4 -2 -1 4 -1 -2 4",24,1,128
9296,1,"1 2 3 4 -3 -3 -1 -2 4 3 4 4",48,1,128
9297,1,"1 2 2 4 -1 -2 4 4 -2 -2 4 2",24,1,256
9298,1,"1 2 3 -1 4 3 4 4 4 -3 -3 -2",48,1,-256
9299,1,"1 2 3 4 -2 -3 -1 4 3 4 4 -3",48,1,0
9300,1,"1 2 -1 4 2 4 -1 -2 4 4 -2 1",24,1,-256
9301,1,"1 2 3 4 -2 3 4 -1 -3 4 4 -3",48,1,0
9302,1,"1 2 3 -2 4 4 4 -3 -1 -3 4 3",48,1,128
9303,1,"1 2 3 4 -3 -3 4 -2 -1 4 4 3",48,1,256
9304,1,"1 4 2 -4 2 4 -1 4 4 4 -2 -2",24,1,256
9305,1,"1 2 3 3 4 4 -1 -3 -2 4 -3 4",48,1,0
9306,1,"1 2 3 4 -2 3 4 -3 -1 4 4 -3",48,1,128
9307,1,"1 2 4 4 3 4 -2 3 4 -3 -1 -3",48,1,128
9308,1,"1 2 2 4 -2 -1 4 1 4 -1 -2 4",24,1,128
9309,1,"1 2 -4 -1 4 2 4 -2 4 4 4 -2",24,1,-256
9310,1,"1 2 3 -2 4 -3 2 4 -1 4 -2 4",48,1,-64
9311,1,"1 2 3 -2 4 3 -1 4 -3 4 -3 4",48,1,-64
9312,1,"1 2 3 4 -2 -3 4 -1 -3 4 4 3",48,1,0
9313,1,"1 2 4 3 -1 3 4 -3 -3 -2 4 4",48,1,128
9314,1,"1 2 3 -1 4 -3 4 -3 4 4 -2 3",48,1,0
9315,1,"1 2 -1 4 4 4 4 4 4 -2 -4 -4",24,1,-1024
9316,1,"1 2 -1 -1 4 4 -2 4 -2 1 2 4",24,1,-256
9317,1,"1 2 3 -2 3 4 -3 4 -1 -3 4 4",48,1,0
9318,1,"1 2 3 4 -3 4 3 -2 4 -3 -1 4",48,1,64
9319,1,"1 2 3 4 -3 4 3 4 -3 -1 -2 4",48,1,64
9320,1,"1 2 4 4 -1 3 4 -2 -3 -3 4 3",48,1,0
9321,1,"1 2 2 4 3 -2 4 -2 -3 4 -1 4",48,1,0
9322,1,"1 2 -1 4 -2 3 -2 4 4 -3 4 2",48,1,128
9323,1,"1 2 3 3 -2 4 4 4 -1 4 -3 -3",48,1,-256
9324,1,"1 2 -1 4 3 2 4 4 -2 -3 4 -2",48,1,-128
9325,1,"1 2 4 4 3 3 4 -3 -2 -3 -1 4",48,1,128
9326,1,"1 2 3 -2 -3 4 2 -1 4 4 -2 4",48,1,0
9327,1,"1 2 3 4 4 2 -1 4 -3 4 -2 -2",48,1,-128
9328,1,"1 2 3 -4 -2 4 4 4 4 -1 -3 4",48,1,-256
9329,1,"1 2 3 3 4 -2 -3 -1 4 4 -3 4",48,1,128
9330,1,"1 2 4 4 4 4 -2 -4 -2 -1 4 2",24,1,256
9331,1,"1 4 2 -1 -4 2 4 4 4 -2 4 -2",24,1,256
9332,1,"1 2 4 -1 4 3 -2 3 4 4 -3 -3",48,1,128
9333,1,"1 2 2 -1 4 3 -2 4 -3 4 4 -2",48,1,-128
9334,1,"1 2 3 4 -3 4 -2 -1 4 -2 4 2",48,1,64
9335,1,"1 2 -1 -4 2 4 4 4 -2 -2 4 4",24,1,512
9336,1,"1 2 3 2 -1 4 4 -2 -3 4 4 -2",48,1,-128
9337,1,"1 2 1 4 2 4 -2 -1 4 4 -1 -2",24,1,128
9338,1,"1 2 3 4 -3 2 4 -2 -1 4 4 -2",48,1,0
9339,1,"1 2 3 3 -2 -1 4 4 4 -3 4 -3",48,1,-256
9340,1,"1 2 4 -1 2 4 1 -2 4 -1 -2 4",12,1,128
9341,1,"1 2 -1 -2 4 4 -2 3 4 -3 4 2",48,1,0
9342,1,"1 2 -1 -2 4 4 4 3 4 4 -3 -4",48,1,0
9343,1,"1 2 2 4 -2 -4 -1 4 4 4 -2 4",24,1,256
9344,1,"1 2 2 -1 -2 4 4 -2 4 -2 4 2",24,1,0
9345,1,"1 2 1 4 2 -1 4 -2 4 4 -1 -2",24,1,-128
9346,1,"1 2 3 3 4 4 4 -3 4 -1 -3 -2",48,1,-256
9347,1,"1 2 3 4 -3 4 -1 4 2 4 -2 -2",48,1,0
9348,1,"1 2 -1 2 4 -2 -2 3 4 -3 4 4",48,1,128
9349,1,"1 2 3 4 4 4 -3 4 4 -1 -4 -2",48,1,-256
9350,1,"1 4 2 4 2 4 4 -2 -1 4 -2 -4",24,1,128
9351,1,"1 2 3 -2 4 2 -3 4 4 4 -1 -2",48,1,-128
9352,1,"1 2 -1 -2 4 -2 4 4 -2 4 2 2",24,1,0
9353,1,"1 2 2 4 -1 4 4 4 -2 4 -2 -4",24,1,-256
9354,1,"1 2 -1 4 4 4 2 -1 4 -2 -2 1",24,1,-512
9355,1,"1 2 4 -2 4 4 3 4 3 -1 -3 -3",48,1,-128
9356,1,"1 2 1 -2 -2 4 4 -1 2 4 -1 4",24,1,0
9357,1,"1 2 1 -2 4 2 4 4 -1 -1 -2 4",24,1,256
9358,1,"1 2 -1 4 1 2 4 4 -2 -2 -1 4",24,1,0
9359,1,"1 2 3 4 -3 -1 4 3 4 4 -3 -2",48,1,128
9360,1,"1 2 4 4 -2 3 4 -3 -3 -1 3 4",48,1,-128
9361,1,"1 4 2 4 -2 4 4 2 -1 -4 -2 4",24,1,-128
9362,1,"1 2 4 4 -1 3 3 4 -3 -3 -2 4",48,1,256
9363,1,"1 4 4 2 2 4 -2 -4 -2 -1 4 4",24,1,256
9364,1,"1 2 4 4 -2 4 4 3 3 -1 -3 -3",48,1,-256
9365,1,"1 4 2 4 4 -2 -4 2 4 -2 -1 4",24,1,-128
9366,1,"1 2 -1 -2 4 4 -2 -1 2 1 4 4",12,1,256
9367,1,"1 2 2 -4 -2 -2 4 4 -1 4 4 4",24,1,-512
9368,1,"1 2 -1 4 4 3 4 -3 -3 -2 4 3",48,1,-128
9369,1,"1 1 4 4 1 4 -1 -1 4 4 -1 -4",6,1,-512
9370,1,"1 2 4 4 3 -1 -4 -2 4 4 -3 4",48,1,-128
9371,1,"1 2 2 4 2 4 -1 -2 4 -2 -2 4",24,1,0
9372,1,"1 4 2 2 4 -2 4 -1 4 4 -2 -4",24,1,0
9373,1,"1 2 4 -2 3 -4 -1 -3 4 4 4 4",48,1,0
9374,1,"1 2 3 4 4 -3 4 -3 -1 3 4 -2",48,1,128
9375,1,"1 2 2 4 -1 4 -2 3 4 -3 4 -2",48,1,0
9376,1,"1 2 4 -2 -4 2 4 4 -1 4 4 -2",24,1,0
9377,1,"1 2 2 4 -1 -2 4 1 4 -2 -1 4",24,1,128
9378,1,"1 2 4 3 -2 3 4 4 4 -1 -3 -3",48,1,0
9379,1,"1 2 3 4 4 2 -1 -2 4 -3 -2 4",48,1,0
9380,1,"1 2 3 2 4 -3 4 -2 4 4 -1 -2",48,1,-128
9381,1,"1 2 3 4 -3 -2 4 4 2 4 -1 -2",48,1,-128
9382,1,"1 4 2 4 -1 4 4 -2 -4 2 4 -2",24,1,-128
9383,1,"1 2 3 -2 -3 -3 4 4 4 -1 3 4",48,1,0
9384,1,"1 2 4 2 4 -1 -4 -2 4 4 -2 4",24,1,-128
9385,1,"1 2 3 4 4 -2 -3 4 -1 3 4 -3",48,1,0
9386,1,"1 2 -4 -1 4 4 3 4 -3 4 -2 4",48,1,-128
9387,1,"1 2 3 3 -2 4 -1 -3 4 -3 4 4",48,1,-128
9388,1,"1 2 3 4 -3 -2 4 2 -1 4 -2 4",48,1,0
9389,1,"1 4 4 2 2 4 4 -2 4 -2 -1 -4",24,1,-256
9390,1,"1 2 -1 4 -2 -2 -1 4 4 4 2 1",24,1,512
9391,1,"1 1 4 4 4 -1 -1 -4 1 4 -1 4",6,1,-512
9392,1,"1 2 3 4 -1 4 -2 4 -2 -3 4 2",48,1,0
9393,1,"1 2 3 4 -2 4 -1 -3 4 -3 4 3",48,1,64
9394,1,"1 4 -1 -4 2 4 -2 4 4 2 4 -2",24,1,128
9395,1,"1 2 2 4 4 -2 -2 -2 4 2 -1 4",24,1,0
9396,1,"1 2 3 4 4 3 4 4 -3 -1 -3 -2",48,1,0
9397,1,"1 2 4 4 -2 -1 4 -2 -4 2 4 4",24,1,-256
9398,1,"1 2 2 4 -1 -2 4 -1 4 -2 4 1",24,1,0
9399,1,"1 2 4 3 4 4 3 4 -2 -3 -1 -3",48,1,0
9400,1,"1 2 3 -2 4 -3 4 4 -1 2 4 -2",48,1,0
9401,1,"1 2 4 4 3 -2 4 4 -3 -3 -1 3",48,1,0
9402,1,"1 2 4 2 -1 4 -2 -2 4 2 4 -2",24,1,-128
9403,1,"1 2 3 4 3 -1 4 4 -3 -3 -2 4",48,1,0
9404,1,"1 2 3 2 4 -2 4 4 -1 4 -3 -2",48,1,0
9405,1,"1 2 4 3 -1 3 4 -3 -2 4 4 -3",48,1,128
9406,1,"1 2 3 -2 -1 -3 4 4 -3 4 4 3",48,1,0
9407,1,"1 2 2 4 -1 4 1 -2 4 -2 -1 4",24,1,128
9408,1,"1 2 4 4 3 4 -1 4 -3 -3 -2 3",48,1,-128
9409,1,"1 2 4 4 3 4 -2 -3 -3 4 -1 3",48,1,128
9410,1,"1 2 -1 4 3 4 -2 -3 -2 4 4 2",48,1,128
9411,1,"1 2 -1 4 4 4 2 3 -2 -2 -3 4",48,1,0
9412,1,"1 4 2 -1 4 -2 -4 -2 4 4 4 2",24,1,256
9413,1,"1 2 2 -1 -1 4 1 4 -2 4 -2 4",24,1,0
9414,1,"1 2 3 -2 -3 4 4 -1 4 2 4 -2",48,1,0
9415,1,"1 2 4 -2 -4 -2 4 4 -1 4 4 2",24,1,256
9416,1,"1 2 3 3 -1 -3 4 4 4 4 -3 -2",48,1,-512
9417,1,"1 2 4 -1 -1 2 4 -2 -2 4 1 4",24,1,256
9418,1,"1 2 4 3 3 -2 -3 -3 -1 4 4 4",48,1,256
9419,1,"1 2 3 4 -1 4 2 -3 -2 -2 4 4",48,1,128
9420,1,"1 2 -1 4 2 4 -2 4 -2 -1 4 1",24,1,128
9421,1,"1 2 1 -2 -2 -1 2 -1 4 4 4 4",24,1,0
9422,1,"1 2 3 4 4 -1 4 -3 -3 -2 4 3",48,1,128
9423,1,"1 2 3 -2 4 -3 2 4 -2 4 -1 4",48,1,-64
9424,1,"1 2 3 -4 -3 -2 4 4 -1 4 4 4",48,1,-256
9425,1,"1 2 -1 4 4 4 3 4 4 -2 -3 -4",48,1,-256
9426,1,"1 2 1 4 -1 -2 4 -1 -2 4 2 4",24,1,0
9427,1,"1 2 4 4 -1 3 -2 -3 4 -3 4 3",48,1,0
9428,1,"1 2 4 4 -2 -1 -4 3 4 -3 4 4",48,1,0
9429,1,"1 2 3 4 4 -3 -2 -3 4 4 -1 3",48,1,128
9430,1,"1 2 4 4 -2 3 4 4 4 -1 -3 -4",48,1,0
9431,1,"1 2 4 2 4 -1 2 4 4 -2 -2 -2",24,1,256
9432,1,"1 2 3 -1 -3 4 3 4 4 4 -3 -2",48,1,-256
9433,1,"1 2 3 -1 4 3 4 4 4 -2 -3 -3",48,1,-256
9434,1,"1 2 4 -1 3 -2 3 4 4 -3 -3 4",48,1,128
9435,1,"1 4 2 -1 -4 -2 4 4 -2 4 2 4",24,1,-128
9436,1,"1 4 2 4 -2 -2 4 4 -1 4 2 -4",24,1,0
9437,1,"1 2 -1 4 3 -2 3 4 -3 -3 4 4",48,1,0
9438,1,"1 2 3 4 3 -1 4 -3 4 -3 4 -2",48,1,-64
9439,1,"1 2 4 -1 2 4 -2 3 4 -3 4 -2",48,1,64
9440,1,"1 4 2 4 3 4 -2 4 -3 -4 -1 4",48,1,0
9441,1,"1 2 3 -1 3 4 4 -3 4 -3 4 -2",48,1,0
9442,1,"1 2 3 4 -3 2 4 -1 4 -2 4 -2",48,1,0
9443,1,"1 2 1 4 -1 -2 -2 4 2 4 -1 4",24,1,128
9444,1,"1 2 3 4 -1 -2 3 4 4 -3 -3 4",48,1,128
9445,1,"1 4 2 -1 4 4 -2 4 2 4 -2 -4",24,1,-128
9446,1,"1 4 4 4 4 4 2 2 -1 -4 -2 -2",24,1,-1024
9447,1,"1 2 2 4 -1 -2 -2 4 -2 4 2 4",24,1,0
9448,1,"1 2 -1 4 -2 4 3 2 4 -3 4 -2",48,1,-64
9449,1,"1 2 3 4 -3 -2 -3 4 4 3 -1 4",48,1,0
9450,1,"1 2 3 4 -3 4 -3 -2 -1 4 3 4",48,1,128
9451,1,"1 2 -1 4 -2 -4 -2 4 4 2 4 4",24,1,0
9452,1,"1 2 1 4 -2 4 4 2 -1 4 -1 -2",24,1,-128
9453,1,"1 2 4 4 3 -1 -3 -3 -2 3 4 4",48,1,-256
9454,1,"1 2 1 4 -2 4 -2 -1 -1 4 2 4",24,1,128
9455,1,"1 4 2 4 2 4 4 4 -1 -4 -2 -2",24,1,-256
9456,1,"1 2 2 -1 4 -1 4 4 1 -2 -2 4",24,1,256
9457,1,"1 2 3 4 4 -3 -2 4 -3 -1 3 4",48,1,0
9458,1,"1 2 4 -1 4 2 4 -2 4 4 -2 -4",24,1,-128
9459,1,"1 2 4 -2 3 4 -3 4 4 4 -1 -4",48,1,-128
9460,1,"1 2 2 -1 -2 4 4 -2 4 2 4 -2",24,1,-256
9461,1,"1 2 4 4 -1 4 3 4 3 -2 -3 -3",48,1,-128
9462,1,"1 2 3 4 4 3 -2 -1 -3 4 4 -3",24,1,-256
9463,1,"1 2 4 4 -2 -1 -4 -2 4 4 2 4",24,1,0
9464,1,"1 2 3 4 -3 4 -1 4 3 4 -3 -2",48,1,0
9465,1,"1 2 3 4 -3 4 -3 -1 4 3 4 -2",48,1,64
9466,1,"1 2 3 -2 -1 4 3 4 4 -3 4 -3",48,1,-128
9467,1,"1 2 3 4 4 3 -2 -3 -1 4 4 -3",48,1,-128
9468,1,"1 2 3 -1 4 -3 -3 4 -2 3 4 4",48,1,0
9469,1,"1 2 4 -2 3 4 4 -1 4 4 -3 -4",48,1,128
9470,1,"1 2 3 -1 -3 4 -3 4 -2 4 4 3",48,1,0
9471,1,"1 2 4 3 4 -2 -3 -1 3 4 4 -3",48,1,128
9472,1,"1 2 4 -1 -4 -2 4 4 2 4 4 -2",24,1,-256
9473,1,"1 2 3 4 4 -3 -2 -1 -3 4 4 3",24,1,256
9474,1,"1 2 -1 2 4 -2 4 -2 -2 4 2 4",24,1,128
9475,1,"1 2 2 -1 -2 4 3 4 -2 4 -3 4",48,1,-128
9476,1,"1 4 4 1 4 4 -1 -4 -4 -1 4 4",6,1,512
9477,1,"1 2 2 4 -2 -1 4 -2 4 -2 4 2",24,1,128
9478,1,"1 2 -1 -2 4 1 4 4 2 -1 -2 4",24,1,-128
9479,1,"1 2 3 4 4 3 -1 -3 -3 4 -2 4",48,1,-128
9480,1,"1 4 2 2 -1 4 4 4 -2 4 -2 -4",24,1,-256
9481,1,"1 2 -1 4 -2 4 4 2 2 4 -2 -2",24,1,-256
9482,1,"1 2 4 -1 3 4 4 4 4 -2 -3 -4",48,1,0
9483,1,"1 2 3 -2 4 4 -3 4 3 -1 4 -3",48,1,-128
9484,1,"1 2 4 -1 3 3 4 4 -3 -3 -2 4",48,1,256
9485,1,"1 2 3 2 4 4 -2 -2 -3 4 -1 4",48,1,128
9486,1,"1 2 3 4 -3 4 -3 -1 4 4 -2 3",48,1,128
9487,1,"1 2 2 3 4 -1 4 -2 -3 -2 4 4",48,1,128
9488,1,"1 2 -1 4 4 -1 2 4 1 -2 -2 4",24,1,256
9489,1,"1 2 1 4 -1 -1 2 4 -2 -2 4 4",24,1,256
9490,1,"1 2 2 1 4 4 -1 -1 -2 -2 4 4",24,1,512
9491,1,"1 2 4 -2 3 -4 -1 4 4 -3 4 4",48,1,128
9492,1,"1 2 3 4 -2 4 -3 4 -1 -3 4 3",48,1,64
9493,1,"1 2 3 -1 -3 4 4 -3 4 -2 3 4",48,1,-128
9494,1,"1 2 -1 2 4 -2 4 -2 3 4 -3 4",48,1,64
9495,1,"1 2 3 4 -2 -3 4 4 3 -1 -3 4",48,1,-128
9496,1,"1 2 3 -2 -3 4 4 -1 3 4 4 -3",48,1,-128
9497,1,"1 2 3 2 4 4 -3 4 -1 4 -2 -2",48,1,0
9498,1,"1 2 2 4 -1 -2 4 -2 4 -1 4 1",24,1,0
9499,1,"1 2 3 4 -3 -2 3 4 4 -1 4 -3",48,1,128
9500,1,"1 4 2 4 2 4 4 -2 -2 -4 -1 4",24,1,0
9501,1,"1 2 2 -1 4 4 -1 -2 4 -2 4 1",24,1,-256
9502,1,"1 2 3 4 -1 -3 -3 4 4 3 4 -2",48,1,-128
9503,1,"1 4 -1 4 4 2 -4 2 4 -2 -2 4",24,1,256
9504,1,"1 2 3 2 -3 -2 -1 4 -2 4 4 4",48,1,0
9505,1,"1 2 3 4 4 4 -2 -4 -1 4 -3 4",48,1,128
9506,1,"1 2 4 2 4 -2 -2 -2 -1 2 4 4",24,1,256
9507,1,"1 2 -1 -1 2 4 -2 4 -2 4 1 4",24,1,128
9508,1,"1 2 4 4 4 -2 3 4 3 -1 -3 -3",48,1,0
9509,1,"1 2 3 4 3 -1 -3 4 4 -3 4 -2",48,1,-128
9510,1,"1 2 4 4 -2 4 4 -2 4 -1 2 -4",24,1,0
9511,1,"1 4 2 2 4 -2 4 4 -1 -4 -2 4",24,1,0
9512,1,"1 4 4 2 -1 -4 -2 4 4 2 4 -2",24,1,-256
9513,1,"1 2 -1 -2 4 3 2 4 -2 -3 4 4",48,1,-128
9514,1,"1 2 4 4 4 4 -1 -4 -2 -2 4 2",24,1,0
9515,1,"1 2 3 -2 -3 -3 -1 3 4 4 4 4",48,1,256
9516,1,"1 2 3 4 2 -1 4 -2 -2 4 -3 4",48,1,0
9517,1,"1 2 1 4 2 -1 -1 4 4 -2 -2 4",24,1,256
9518,1,"1 2 3 4 4 4 -2 4 4 -1 -3 -4",48,1,-256
9519,1,"1 2 4 3 4 -2 -3 -1 -3 4 3 4",48,1,64
9520,1,"1 2 2 4 -2 4 -2 4 2 -1 4 -2",24,1,-128
9521,1,"1 2 4 4 -1 3 4 4 -3 -4 -2 4",48,1,128
9522,1,"1 2 3 4 4 -1 -3 -2 4 3 4 -3",48,1,0
9523,1,"1 2 3 3 4 -3 -1 4 4 4 -3 -2",48,1,256
9524,1,"1 2 -1 -1 2 1 4 4 4 -2 -2 4",24,1,512
9525,1,"1 2 3 4 4 2 -3 -2 4 -1 -2 4",48,1,0
9526,1,"1 2 3 -2 4 4 -1 -4 -3 4 4 4",48,1,-256
9527,1,"1 2 -1 4 4 -1 2 4 -2 4 -2 1",24,1,0
9528,1,"1 2 2 4 -2 4 -2 1 4 -1 -1 4",24,1,0
9529,1,"1 2 1 4 -1 4 4 2 4 -1 -2 -2",24,1,0
9530,1,"1 2 3 4 -3 4 -3 -1 4 -2 3 4",48,1,128
9531,1,"1 2 4 3 -1 4 3 4 4 -3 -2 -3",48,1,0
9532,1,"1 2 3 -4 -3 4 4 -2 -1 4 4 4",48,1,-256
9533,1,"1 2 4 4 3 4 4 -2 -3 -4 -1 4",48,1,128
9534,1,"1 2 1 4 4 2 4 -1 -2 4 -1 -2",24,1,-128
9535,1,"1 2 3 4 -3 -2 3 -1 -3 4 4 4",48,1,128
9536,1,"1 2 2 -1 4 -2 1 4 -1 4 -2 4",24,1,-128
9537,1,"1 2 4 3 4 4 -3 -2 -4 -1 4 4",48,1,128
9538,1,"1 2 3 -2 -3 -1 4 4 3 4 -3 4",48,1,0
9539,1,"1 2 4 4 3 -2 -3 4 -3 -1 3 4",48,1,128
9540,1,"1 4 4 2 2 4 -1 -4 -2 -2 4 4",24,1,0
9541,1,"1 2 1 -2 -1 2 -1 -2 4 4 4 4",24,1,256
9542,1,"1 2 -1 4 3 4 4 -3 4 -3 -2 3",48,1,-128
9543,1,"1 2 4 3 -2 -3 -1 4 3 4 -3 4",48,1,64
9544,1,"1 2 3 4 4 -1 -2 -2 4 -3 2 4",48,1,-128
9545,1,"1 2 3 4 4 -3 -1 -2 4 3 4 -3",48,1,128
9546,1,"1 2 3 2 4 4 -3 -2 -1 4 -2 4",48,1,128
9547,1,"1 2 4 3 3 -2 4 -1 4 4 -3 -3",48,1,0
9548,1,"1 1 1 1 4 -1 4 4 -1 -1 -1 4",6,1,1024
9549,1,"1 2 3 4 -1 -2 3 4 4 -3 4 -3",48,1,128
9550,1,"1 2 3 4 -1 4 -3 -2 4 -2 4 2",48,1,128
9551,1,"1 2 3 4 2 4 -2 -3 -2 -1 4 4",48,1,128
9552,1,"1 2 -1 -1 -2 4 4 2 4 1 4 -2",24,1,-256
9553,1,"1 2 4 2 2 4 -1 -2 4 -2 4 -2",24,1,-128
9554,1,"1 2 -1 4 3 3 4 4 -3 -3 -2 4",48,1,0
9555,1,"1 4 4 2 4 2 4 4 -2 -1 -4 -2",24,1,0
9556,1,"1 2 -1 -4 -2 3 4 -3 4 4 4 4",48,1,-256
9557,1,"1 2 -1 4 2 -1 4 -2 -2 4 4 1",24,1,-256
9558,1,"1 2 3 3 4 4 4 -1 -3 -3 4 -2",48,1,-256
9559,1,"1 2 3 4 4 3 4 -3 -2 4 -1 -3",48,1,0
9560,1,"1 2 3 3 -2 -1 4 4 4 -3 -3 4",48,1,0
9561,1,"1 1 4 -1 -4 1 4 4 -1 -1 4 4",6,1,-512
9562,1,"1 2 3 4 3 4 4 4 -1 -3 -2 -3",48,1,-128
9563,1,"1 2 4 3 4 4 4 -1 3 -2 -3 -3",48,1,-256
9564,1,"1 2 4 -1 3 3 4 -2 -3 -3 4 4",48,1,0
9565,1,"1 2 4 4 3 -1 -3 -3 4 3 -2 4",48,1,128
9566,1,"1 2 3 -2 4 4 2 -3 -2 4 -1 4",48,1,128
9567,1,"1 2 -4 -2 -2 4 4 2 4 4 -1 4",24,1,-256
9568,1,"1 2 -1 -2 4 2 4 -2 -2 4 2 4",24,1,-128
9569,1,"1 2 4 4 2 -1 -2 4 4 4 -2 -4",24,1,-256
9570,1,"1 2 4 -2 4 4 -2 4 4 -1 2 -4",24,1,0
9571,1,"1 2 4 -2 -4 3 4 -1 4 -3 4 4",48,1,0
9572,1,"1 2 2 4 -2 -1 4 -2 4 2 4 -2",24,1,128
9573,1,"1 2 4 -2 4 4 -1 4 4 -2 -4 2",24,1,-256
9574,1,"1 2 -1 -2 4 2 4 3 -2 -3 4 4",48,1,0
9575,1,"1 2 3 4 -1 2 -3 4 4 -2 -2 4",48,1,128
9576,1,"1 2 -1 4 4 2 4 -1 4 -2 -2 1",24,1,-256
9577,1,"1 2 4 -2 3 4 4 3 -1 -3 4 -3",48,1,0
9578,1,"1 2 4 4 -2 -4 -1 4 -2 4 4 2",24,1,0
9579,1,"1 2 3 4 -3 -1 3 4 4 4 -3 -2",48,1,256
9580,1,"1 2 4 -2 -2 -1 4 4 -2 4 2 2",24,1,256
9581,1,"1 2 4 4 -2 4 3 4 3 -1 -3 -3",48,1,-128
9582,1,"1 2 3 -1 4 4 4 -3 -3 -2 3 4",48,1,0
9583,1,"1 2 2 3 4 -1 4 -2 -2 4 -3 4",48,1,128
9584,1,"1 2 4 3 4 -2 4 -1 -3 -3 4 3",48,1,128
9585,1,"1 2 -4 -2 -2 4 4 4 2 -1 4 4",24,1,0
9586,1,"1 2 4 -2 -2 -2 4 4 2 2 -1 4",24,1,0
9587,1,"1 2 3 -2 4 2 -1 4 4 -2 -3 4",48,1,-128
9588,1,"1 4 4 4 -1 -4 2 2 4 -2 -2 4",24,1,0
9589,1,"1 4 2 2 4 4 -2 -4 -1 4 -2 4",24,1,0
9590,1,"1 2 3 4 4 -3 -2 4 4 2 -1 -2",48,1,-256
9591,1,"1 2 -1 -2 4 2 4 1 -2 -1 4 4",24,1,128
9592,1,"1 2 -1 4 4 4 2 -4 -2 4 -2 4",24,1,0
9593,1,"1 2 -1 4 4 2 2 4 -2 -2 -2 4",24,1,0
9594,1,"1 2 -1 -1 4 1 4 4 2 4 -2 -2",24,1,-256
9595,1,"1 2 3 4 -2 4 -2 -3 4 -1 2 4",48,1,0
9596,1,"1 2 4 4 3 4 -3 4 -1 -3 -2 3",48,1,-128
9597,1,"1 4 4 -1 4 4 4 2 2 -4 -2 -2",24,1,-512
9598,1,"1 2 2 4 4 -1 -4 -2 4 4 -2 4",24,1,-256
9599,1,"1 2 3 4 -1 -3 -3 -2 4 4 3 4",48,1,0
9600,1,"1 2 3 4 -2 -1 3 4 -3 4 4 -3",48,1,128
9601,1,"1 2 4 2 4 4 -1 4 4 -2 -4 -2",24,1,0
9602,1,"1 2 4 -2 -2 -2 -1 2 4 4 2 4",24,1,256
9603,1,"1 2 1 4 2 4 -2 4 -1 -1 4 -2",24,1,128
9604,1,"1 2 4 -1 -1 2 4 1 4 -2 -2 4",24,1,256
9605,1,"1 1 -4 1 4 -1 4 -1 4 -1 4 4",6,1,256
9606,1,"1 2 4 -2 4 4 4 -2 -4 2 -1 4",24,1,0
9607,1,"1 2 3 4 -2 -1 -3 4 -3 4 4 3",48,1,128
9608,1,"1 2 -1 4 -2 4 -2 -2 4 2 2 4",24,1,0
9609,1,"1 2 3 4 3 4 4 4 -3 -1 -3 -2",48,1,0
9610,1,"1 2 -1 -2 4 4 2 4 3 -2 -3 4",48,1,0
9611,1,"1 2 4 2 -4 -2 4 -1 4 -2 4 4",24,1,-128
9612,1,"1 2 3 4 4 4 3 -2 -3 -3 -1 4",48,1,0
9613,1,"1 2 -1 4 1 4 -2 -2 -1 2 4 4",24,1,256
9614,1,"1 2 4 3 4 3 4 4 -2 -3 -1 -3",48,1,0
9615,1,"1 2 3 4 3 4 -3 -2 -1 -3 4 4",48,1,128
9616,1,"1 2 -1 -1 2 4 -2 1 4 4 4 -2",24,1,-256
9617,1,"1 2 3 -2 4 4 -3 4 -1 2 4 -2",48,1,0
9618,1,"1 2 3 3 4 -1 4 -3 -3 4 4 -2",48,1,0
9619,1,"1 2 4 -2 3 4 -3 -3 4 -1 3 4",48,1,0
9620,1,"1 2 3 -2 -1 -3 4 -3 4 4 4 3",48,1,0
9621,1,"1 2 3 -2 4 4 2 -1 -2 4 -3 4",48,1,0
9622,1,"1 2 -1 4 4 4 -2 -4 -2 4 2 4",24,1,0
9623,1,"1 2 4 3 4 4 -2 -3 -3 4 -1 3",48,1,128
9624,1,"1 2 1 4 -1 -2 4 -1 2 4 4 -2",24,1,128
9625,1,"1 2 3 -2 3 4 4 4 -3 4 -1 -3",48,1,-128
9626,1,"1 2 3 4 -1 -2 -2 4 -3 4 2 4",48,1,0
9627,1,"1 2 3 4 2 -3 4 4 4 -1 -2 -2",48,1,-256
9628,1,"1 2 2 -1 -1 4 1 4 -2 -2 4 4",24,1,0
9629,1,"1 2 4 4 -1 -2 4 4 2 4 -2 -4",24,1,-256
9630,1,"1 2 1 4 -1 -2 -1 4 4 2 4 -2",24,1,128
9631,1,"1 2 4 3 4 3 4 -3 -1 -3 -2 4",48,1,64
9632,1,"1 2 4 4 3 -2 3 4 -3 -1 -3 4",48,1,128
9633,1,"1 2 3 -2 -3 -2 4 4 4 -1 4 2",48,1,0
9634,1,"1 2 4 -2 -2 4 -1 -1 4 2 4 1",24,1,256
9635,1,"1 2 -1 -2 4 4 3 2 4 -2 -3 4",48,1,-128
9636,1,"1 2 4 3 -1 4 -3 -3 -2 4 4 3",48,1,0
9637,1,"1 2 4 -1 -2 4 2 2 4 -2 -2 4",24,1,0
9638,1,"1 2 3 -2 -3 -3 4 3 -1 4 4 4",48,1,-256
9639,1,"1 2 4 3 -2 4 -3 4 -2 -1 4 2",48,1,64
9640,1,"1 2 1 4 2 -1 4 -2 -2 -1 4 4",24,1,256
9641,1,"1 2 4 3 3 -1 4 -2 -3 -3 4 4",48,1,256
9642,1,"1 2 3 4 2 -3 4 4 -2 4 -1 -2",48,1,-128
9643,1,"1 2 3 4 -2 -3 4 2 4 -2 -1 4",48,1,0
9644,1,"1 2 -1 4 -2 4 2 3 4 -3 -2 4",48,1,0
9645,1,"1 2 3 -2 4 -3 4 3 4 -3 -1 4",48,1,64
9646,1,"1 2 4 3 4 -1 4 3 4 -3 -2 -3",48,1,64
9647,1,"1 2 2 3 4 4 -3 4 -2 -1 4 -2",48,1,128
9648,1,"1 2 3 4 -1 -2 4 2 -3 -2 4 4",48,1,128
9649,1,"1 2 2 3 4 -2 4 -1 4 -2 -3 4",48,1,0
9650,1,"1 2 -1 -1 4 2 4 4 -2 4 -2 1",24,1,-256
9651,1,"1 2 2 -1 4 -2 4 2 4 -2 -2 4",24,1,0
9652,1,"1 2 1 -2 4 4 -2 -1 -1 2 4 4",24,1,-256
9653,1,"1 2 4 1 2 4 -2 -1 4 -1 -2 4",24,1,0
9654,1,"1 2 3 4 -3 2 4 -2 -2 4 -1 4",48,1,0
9655,1,"1 2 3 4 4 2 -3 4 -1 -2 4 -2",48,1,-128
9656,1,"1 2 3 -2 4 -3 -3 -1 4 3 4 4",48,1,128
9657,1,"1 2 4 3 3 4 4 -2 4 -1 -3 -3",48,1,0
9658,1,"1 4 2 4 -2 -2 4 -1 4 4 2 -4",24,1,0
9659,1,"1 2 2 4 -2 -1 4 -2 -1 4 1 4",24,1,128
9660,1,"1 2 -1 4 2 3 4 -2 -2 -3 4 4",48,1,0
9661,1,"1 2 -1 4 -2 4 2 1 4 -1 -2 4",24,1,0
9662,1,"1 4 2 4 -2 4 4 4 -2 -1 -4 2",24,1,-256
9663,1,"1 2 1 2 -1 -1 4 -2 4 4 -2 4",24,1,0
9664,1,"1 4 4 4 4 2 4 2 -1 -4 -2 -2",24,1,-512
9665,1,"1 2 4 -2 -1 4 2 2 4 -2 -2 4",24,1,256
9666,1,"1 2 3 -2 4 -1 4 2 4 -2 -3 4",48,1,-64
9667,1,"1 2 -1 2 4 4 -2 3 4 -2 -3 4",48,1,128
9668,1,"1 2 3 4 4 -1 4 -2 4 4 -3 -4",48,1,-128
9669,1,"1 2 4 2 4 -2 -1 2 4 -2 -2 4",24,1,128
9670,1,"1 2 1 4 2 4 -1 4 -1 4 -2 -2",24,1,128
9671,1,"1 2 3 4 4 -3 4 -1 -3 4 3 -2",48,1,0
9672,1,"1 2 3 -1 4 4 4 -3 4 3 -2 -3",48,1,-128
9673,1,"1 2 4 4 -1 4 3 -4 -3 4 -2 4",48,1,-128
9674,1,"1 2 3 4 -1 -2 -3 4 -3 4 3 4",48,1,-64
9675,1,"1 2 4 -1 4 4 3 4 -3 4 -2 -4",48,1,-128
9676,1,"1 2 4 2 -1 4 4 -2 4 4 -2 -4",24,1,-256
9677,1,"1 4 -1 4 4 2 4 2 4 -2 -2 -4",24,1,0
9678,1,"1 2 1 4 -2 -1 4 2 4 -1 4 -2",24,1,128
9679,1,"1 2 1 4 4 -1 -2 4 -2 -1 2 4",24,1,128
9680,1,"1 2 4 -2 -4 -1 -2 4 4 4 2 4",24,1,256
9681,1,"1 2 4 2 4 4 -2 -1 -4 -2 4 4",24,1,0
9682,1,"1 1 4 -1 4 4 4 -1 -1 -4 1 4",6,1,-512
9683,1,"1 2 -1 4 4 -1 4 2 4 -2 -2 1",24,1,-256
9684,1,"1 2 4 3 -1 4 4 3 4 -2 -3 -3",48,1,0
9685,1,"1 2 3 -4 -1 -2 4 4 4 -3 4 4",48,1,-256
9686,1,"1 2 3 4 -3 4 -2 -1 -3 4 3 4",24,1,0
9687,1,"1 2 4 -2 3 4 4 -3 -1 3 4 -3",48,1,0
9688,1,"1 2 2 3 4 -2 -3 -2 4 4 -1 4",48,1,128
9689,1,"1 4 2 4 4 -2 4 2 4 -1 -4 -2",24,1,-128
9690,1,"1 2 4 4 4 2 -4 -1 4 4 -2 -2",24,1,-512
9691,1,"1 2 4 4 -1 4 4 2 -4 -2 4 -2",24,1,0
9692,1,"1 2 3 4 -3 -1 4 -2 -3 4 3 4",48,1,0
9693,1,"1 2 -1 4 -2 4 2 4 2 4 -2 -2",24,1,-128
9694,1,"1 2 2 2 4 4 -1 -2 4 4 -2 -2",24,1,-512
9695,1,"1 2 1 -2 4 2 4 -2 -1 -1 4 4",24,1,0
9696,1,"1 2 -4 -2 -2 4 2 4 -1 4 4 4",24,1,-256
9697,1,"1 2 2 -1 4 -2 4 3 4 -3 -2 4",48,1,0
9698,1,"1 2 4 -2 -2 -2 4 2 2 -1 4 4",24,1,0
9699,1,"1 2 3 -2 -3 -2 4 4 -1 4 2 4",48,1,0
9700,1,"1 2 3 4 -2 4 -2 -3 4 -1 4 2",48,1,0
9701,1,"1 2 3 -1 4 4 4 -3 -3 4 3 -2",48,1,0
9702,1,"1 2 -1 -1 2 1 4 -2 4 4 4 -2",24,1,256
9703,1,"1 1 4 4 -1 4 -1 4 1 -4 -1 4",6,1,-256
9704,1,"1 2 1 4 -1 4 2 4 -2 -2 -1 4",24,1,128
9705,1,"1 2 1 2 4 4 4 -2 -1 -1 -2 4",24,1,256
9706,1,"1 4 -1 -4 2 4 2 4 -2 4 4 -2",24,1,128
9707,1,"1 2 3 2 -3 4 4 -1 -2 4 -2 4",48,1,0
9708,1,"1 4 2 2 -1 4 4 -2 -2 -2 4 2",24,1,512
9709,1,"1 2 -1 4 4 2 3 4 -2 -3 -2 4",48,1,0
9710,1,"1 2 4 3 4 4 -3 -4 -1 -2 4 4",48,1,0
9711,1,"1 2 3 3 -2 4 4 -3 -3 -1 4 4",48,1,256
9712,1,"1 2 3 4 4 -2 -3 4 -1 -3 4 3",48,1,0
9713,1,"1 2 3 4 -2 4 -3 4 3 -1 -3 4",48,1,-64
9714,1,"1 2 4 2 4 4 -1 4 -2 -4 -2 4",24,1,128
9715,1,"1 2 4 -2 4 -1 4 -2 4 4 2 -4",24,1,128
9716,1,"1 2 3 4 -1 2 -3 4 -2 4 -2 4",48,1,64
9717,1,"1 2 -1 4 2 4 -2 -2 4 2 4 -2",24,1,-128
9718,1,"1 2 -1 -1 4 -2 4 -2 1 4 2 4",24,1,-128
9719,1,"1 2 3 4 -1 -3 -3 4 4 -2 3 4",48,1,0
9720,1,"1 2 4 4 -1 4 4 -2 -4 -2 4 2",24,1,256
9721,1,"1 2 4 4 4 3 3 -2 -3 -1 -3 4",48,1,0
9722,1,"1 2 4 -1 2 4 2 4 4 -2 -2 -2",24,1,256
9723,1,"1 2 4 3 -2 3 -1 4 4 -3 4 -3",48,1,0
9724,1,"1 2 3 -1 4 4 4 4 -3 -4 -2 4",48,1,0
9725,1,"1 2 4 3 -4 -1 4 -3 4 -2 4 4",48,1,0
9726,1,"1 2 1 2 -1 4 -1 -2 4 -2 4 4",24,1,-128
9727,1,"1 2 -1 4 1 4 -2 -2 4 2 -1 4",24,1,-128
9728,1,"1 2 4 4 -2 4 3 4 -1 4 -3 -4",48,1,0
9729,1,"1 2 2 4 -1 4 2 4 4 -2 -2 -2",24,1,0
9730,1,"1 2 1 -2 -1 4 -2 4 4 -1 2 4",24,1,-128
9731,1,"1 2 3 2 4 -1 4 -2 -2 4 -3 4",48,1,128
9732,1,"1 2 1 4 4 2 4 -1 -2 -2 -1 4",24,1,256
9733,1,"1 2 4 3 4 -2 4 3 4 -1 -3 -3",48,1,0
9734,1,"1 2 2 1 4 4 -1 4 -1 -2 -2 4",24,1,256
9735,1,"1 2 3 4 -3 -1 4 4 3 4 -2 -3",48,1,0
9736,1,"1 2 3 4 4 4 -2 -3 4 2 -1 -2",48,1,0
9737,1,"1 2 2 -4 -2 4 4 4 -1 -2 4 4",24,1,0
9738,1,"1 2 3 4 4 4 -3 4 -2 -3 -1 3",48,1,128
9739,1,"1 2 -1 4 3 -2 4 2 4 -2 -3 4",48,1,0
9740,1,"1 1 4 4 -1 4 1 4 -1 -4 -1 4",6,1,256
9741,1,"1 2 3 4 4 -2 -3 -1 -3 4 3 4",48,1,0
9742,1,"1 2 -1 4 2 4 4 -2 -1 4 -2 1",24,1,0
9743,1,"1 2 3 -2 -1 4 4 -3 -2 4 2 4",48,1,0
9744,1,"1 2 4 -2 3 4 4 -3 -1 -3 4 3",48,1,0
9745,1,"1 2 4 4 -2 4 2 -4 -1 4 4 -2",24,1,-256
9746,1,"1 2 -1 4 3 4 -3 4 2 4 -2 -2",48,1,-128
9747,1,"1 2 3 4 -3 4 4 -3 4 -1 3 -2",48,1,0
9748,1,"1 2 2 -1 -2 4 -2 4 2 4 4 -2",24,1,-256
9749,1,"1 2 4 3 -1 4 -3 -3 4 4 -2 3",48,1,0
9750,1,"1 2 2 4 2 4 4 -2 -2 -2 -1 4",24,1,512
9751,1,"1 2 -1 -1 4 4 1 2 4 -2 -2 4",24,1,-256
9752,1,"1 2 3 -2 3 4 -3 4 -1 4 4 -3",48,1,0
9753,1,"1 2 3 4 3 -2 -1 4 4 -3 -3 4",48,1,0
9754,1,"1 2 3 4 3 4 -2 4 4 -3 -1 -3",48,1,0
9755,1,"1 2 4 4 -1 3 -4 -3 4 -2 4 4",48,1,-128
9756,1,"1 2 1 4 -1 4 2 4 4 -1 -2 -2",24,1,0
9757,1,"1 2 4 3 -1 3 4 4 4 -3 -2 -3",48,1,128
9758,1,"1 2 -4 -2 4 2 4 -2 4 -1 4 4",24,1,-128
9759,1,"1 2 -1 4 -2 3 4 4 -2 -3 4 2",48,1,128
9760,1,"1 2 2 -1 4 1 4 -2 -2 4 -1 4",24,1,0
9761,1,"1 2 3 4 -3 4 -2 -2 4 -1 4 2",48,1,128
9762,1,"1 2 2 -1 4 -2 1 4 -1 -2 4 4",24,1,-256
9763,1,"1 2 1 -2 4 -2 -1 4 4 -1 2 4",24,1,-128
9764,1,"1 2 3 -2 -3 4 2 4 4 -1 -2 4",48,1,0
9765,1,"1 2 -1 -2 -2 4 4 2 2 4 4 -2",24,1,-512
9766,1,"1 2 3 4 -2 -2 -1 2 -3 4 4 4",48,1,0
9767,1,"1 2 1 2 -1 4 4 -1 -2 -2 4 4",24,1,-256
9768,1,"1 2 3 4 -3 -1 3 -2 4 -3 4 4",48,1,0
9769,1,"1 2 4 3 4 -3 4 -2 3 -1 4 -3",48,1,64
9770,1,"1 2 3 2 4 4 -3 -2 -1 -2 4 4",24,1,128
9771,1,"1 2 2 2 4 4 -2 4 -1 4 -2 -2",24,1,0
9772,1,"1 2 4 4 4 3 4 3 -1 -3 -2 -3",48,1,-128
9773,1,"1 2 3 -2 4 3 -1 4 -3 -3 4 4",48,1,-128
9774,1,"1 2 3 4 -2 4 -3 -4 -1 4 4 4",48,1,128
9775,1,"1 2 3 -1 -3 -3 4 3 4 -2 4 4",48,1,-128
9776,1,"1 2 3 -2 4 -2 -3 4 4 -1 4 2",48,1,-128
9777,1,"1 2 -1 -2 4 4 4 3 -2 -3 4 2",48,1,0
9778,1,"1 2 -1 4 3 2 4 -2 -2 4 -3 4",48,1,0
9779,1,"1 2 4 4 -2 3 3 4 4 -3 -1 -3",48,1,256
9780,1,"1 2 3 4 -3 4 4 4 -1 -4 -2 4",48,1,-128
9781,1,"1 2 4 4 3 -1 4 4 -2 4 -3 -4",48,1,-128
9782,1,"1 2 3 4 2 4 4 -3 -2 4 -1 -2",48,1,-128
9783,1,"1 2 4 -1 -4 2 4 4 -2 4 4 -2",24,1,256
9784,1,"1 2 1 4 2 -1 -2 -1 4 4 4 -2",24,1,0
9785,1,"1 2 3 -2 4 -1 2 4 -3 4 -2 4",48,1,0
9786,1,"1 4 4 -1 -4 2 4 -2 -2 4 2 4",24,1,0
9787,1,"1 2 -1 4 -2 -2 4 2 4 -1 4 1",24,1,0
9788,1,"1 2 -1 -2 4 4 4 -2 -2 4 2 2",24,1,0
9789,1,"1 2 4 4 3 4 4 -3 -1 3 -2 -3",48,1,-128
9790,1,"1 2 3 2 4 -2 4 4 -3 -2 -1 4",48,1,128
9791,1,"1 2 4 -2 -4 -1 4 4 -2 4 2 4",24,1,128
9792,1,"1 2 4 4 2 4 -2 -2 -4 -1 4 4",24,1,256
9793,1,"1 2 4 3 -2 4 -3 -3 -1 3 4 4",48,1,128
9794,1,"1 2 3 2 -3 4 -1 4 4 4 -2 -2",48,1,0
9795,1,"1 2 -1 4 4 -2 -2 3 4 -3 2 4",48,1,0
9796,1,"1 2 -1 -2 4 -1 2 4 4 1 -2 4",24,1,128
9797,1,"1 2 2 4 4 -2 -2 -2 4 -1 4 2",24,1,512
9798,1,"1 2 -1 -2 4 -1 2 4 4 -2 1 4",24,1,-128
9799,1,"1 2 3 -1 4 -3 4 3 -2 4 4 -3",48,1,-128
9800,1,"1 2 3 -2 -3 2 4 4 4 4 -1 -2",48,1,256
9801,1,"1 2 1 4 -2 4 4 2 -1 -1 4 -2",24,1,0
9802,1,"1 1 4 1 -4 -1 -1 4 4 -1 4 4",6,1,-512
9803,1,"1 1 4 -1 4 1 -4 -1 4 4 -1 4",6,1,-256
9804,1,"1 2 2 4 4 -1 -1 -2 -2 4 4 1",12,1,0
9805,1,"1 2 3 -4 -1 4 4 -2 4 -3 4 4",48,1,-128
9806,1,"1 2 3 -4 -1 -3 4 4 4 4 4 -2",48,1,-256
9807,1,"1 2 -1 -2 4 -2 3 4 4 -3 4 2",48,1,0
9808,1,"1 2 4 -1 -2 4 4 4 2 4 -2 -4",24,1,-256
9809,1,"1 2 4 3 -2 4 4 3 4 -1 -3 -3",48,1,-128
9810,1,"1 2 3 -4 -2 4 -1 4 4 -3 4 4",48,1,-128
9811,1,"1 2 -1 4 2 4 2 4 -2 -2 -2 4",24,1,0
9812,1,"1 2 4 3 3 -1 -2 4 4 -3 4 -3",48,1,-128
9813,1,"1 2 4 3 4 -2 3 -1 4 -3 4 -3",48,1,64
9814,1,"1 4 4 2 4 4 -2 -2 -1 -4 2 4",24,1,-256
9815,1,"1 2 2 3 4 -2 -1 4 -3 4 -2 4",48,1,128
9816,1,"1 2 4 3 4 3 4 -1 -3 -2 -3 4",48,1,64
9817,1,"1 2 4 4 4 -1 2 -4 -2 4 4 -2",24,1,-256
9818,1,"1 2 3 4 4 -3 -3 4 4 3 -1 -2",48,1,-256
9819,1,"1 2 3 -1 4 3 4 -3 -2 -3 4 4",48,1,0
9820,1,"1 2 3 4 4 -1 4 -3 4 3 -2 -3",48,1,-128
9821,1,"1 2 4 3 3 -2 4 -3 -3 4 -1 4",48,1,128
9822,1,"1 2 3 -2 -1 4 -3 4 -2 4 2 4",48,1,0
9823,1,"1 2 4 4 4 3 -1 -3 4 -3 -2 3",48,1,-128
9824,1,"1 2 3 3 -2 4 -1 -3 4 4 4 -3",48,1,-256
9825,1,"1 2 -4 3 4 -1 4 -3 4 4 -2 4",48,1,0
9826,1,"1 2 -1 4 -2 -2 4 4 -1 4 2 1",24,1,256
9827,1,"1 4 2 -1 4 -2 4 4 4 -2 -4 2",24,1,-256
9828,1,"1 2 4 -1 4 -2 -2 -1 4 2 4 1",12,1,256
9829,1,"1 2 -1 2 4 4 -2 4 4 4 -2 -4",24,1,-256
9830,1,"1 2 -1 -2 4 2 -1 4 -2 4 4 1",24,1,-256
9831,1,"1 2 3 -2 -1 4 4 2 -3 4 -2 4",48,1,0
9832,1,"1 2 -1 -1 4 4 -2 4 2 4 -2 1",24,1,-256
9833,1,"1 2 3 4 3 -2 -3 4 -1 4 4 -3",48,1,-128
9834,1,"1 2 -1 4 3 4 4 -3 -4 -2 4 4",48,1,0
9835,1,"1 4 -1 4 4 4 2 -4 -4 -2 4 4",24,1,-512
9836,1,"1 2 4 4 -2 3 -4 -1 -3 4 4 4",48,1,0
9837,1,"1 2 3 4 -1 3 4 4 -2 -3 4 -3",48,1,0
9838,1,"1 2 3 4 -3 -1 -3 -2 4 4 3 4",48,1,128
9839,1,"1 2 4 3 4 4 -2 4 3 -1 -3 -3",48,1,-128
9840,1,"1 4 2 2 -1 4 -2 -2 4 2 4 -2",24,1,0
9841,1,"1 2 3 4 3 -2 -1 4 -3 4 4 -3",48,1,-128
9842,1,"1 2 4 3 3 -2 -3 4 4 -1 4 -3",48,1,-128
9843,1,"1 2 3 2 4 -2 -2 -1 4 -3 4 4",48,1,256
9844,1,"1 1 4 1 4 -1 -4 -1 4 4 -1 4",6,1,256
9845,1,"1 2 3 4 4 -3 -1 -3 -2 3 4 4",48,1,128
9846,1,"1 2 1 -2 -1 -1 4 2 4 4 4 -2",24,1,256
9847,1,"1 2 3 4 -3 -2 -1 4 -3 4 4 3",48,1,128
9848,1,"1 2 2 4 4 -2 -2 -4 -1 4 4 4",24,1,512
9849,1,"1 2 2 3 4 -3 4 -2 -2 -1 4 4",48,1,256
9850,1,"1 2 4 4 4 -2 -4 2 -1 4 -2 4",24,1,0
9851,1,"1 2 2 -1 4 -2 4 -1 -2 4 4 1",24,1,-256
9852,1,"1 2 -1 -2 4 4 2 4 -1 -2 4 1",24,1,-256
9853,1,"1 2 3 4 -1 4 -3 -3 -2 4 4 3",48,1,128
9854,1,"1 2 2 4 2 4 -2 4 -2 -1 4 -2",24,1,128
9855,1,"1 2 4 3 -2 4 -3 -2 4 -1 4 2",48,1,128
9856,1,"1 2 1 2 4 -1 4 -2 -2 -1 4 4",24,1,256
9857,1,"1 2 2 -1 4 3 4 -2 -2 -3 4 4",48,1,0
9858,1,"1 2 2 4 4 -2 -2 -1 2 4 -2 4",24,1,256
9859,1,"1 2 3 4 3 4 -3 4 -2 4 -1 -3",48,1,-64
9860,1,"1 2 3 4 4 -1 -3 -2 4 -3 4 3",48,1,0
9861,1,"1 2 4 4 3 -1 4 -3 -3 -2 4 3",48,1,0
9862,1,"1 2 2 -4 -2 4 4 -2 4 -1 4 4",24,1,-256
9863,1,"1 2 -1 -2 -2 4 -2 4 2 2 4 4",24,1,-256
9864,1,"1 2 3 4 2 4 -3 4 -2 4 -1 -2",48,1,-64
9865,1,"1 2 1 4 -1 -2 4 4 -2 -1 2 4",24,1,128
9866,1,"1 2 3 4 -2 4 -3 2 4 -2 -1 4",48,1,0
9867,1,"1 2 -1 2 4 3 4 -2 -3 4 4 -2",48,1,0
9868,1,"1 2 3 4 -3 4 -2 4 3 -1 4 -3",48,1,-64
9869,1,"1 2 3 4 -3 4 -1 4 4 4 -2 -4",48,1,-128
9870,1,"1 2 2 4 -2 -1 -1 4 4 1 -2 4",24,1,256
9871,1,"1 2 3 4 -3 4 -1 -2 4 -3 4 3",48,1,0
9872,1,"1 2 1 2 4 4 4 -1 4 -1 -2 -2",24,1,-256
9873,1,"1 2 3 -1 4 4 4 3 4 -2 -3 -3",48,1,-256
9874,1,"1 2 3 -2 4 -1 4 4 -3 2 4 -2",48,1,0
9875,1,"1 2 -4 -4 -1 4 4 4 -2 4 4 4",24,1,-512
9876,1,"1 2 2 4 -2 -1 -2 4 2 4 4 -2",24,1,0
9877,1,"1 2 4 4 3 3 -1 4 -3 -2 4 -3",48,1,0
9878,1,"1 2 -1 2 4 3 4 -2 -2 -3 4 4",48,1,128
9879,1,"1 4 2 4 -2 -1 4 4 4 2 -4 -2",24,1,-256
9880,1,"1 2 4 3 4 3 -2 -3 4 -1 -3 4",48,1,-64
9881,1,"1 2 4 3 2 4 -3 -2 4 -1 4 -2",48,1,0
9882,1,"1 2 1 4 4 -1 -2 4 2 -1 4 -2",24,1,-128
9883,1,"1 2 4 2 4 -2 -2 4 -1 2 4 -2",24,1,128
9884,1,"1 2 2 4 -2 -1 4 -1 -2 4 4 1",24,1,256
9885,1,"1 2 3 -2 -2 4 -3 4 -1 2 4 4",48,1,0
9886,1,"1 2 -1 2 4 4 -2 -2 3 4 -3 4",48,1,128
9887,1,"1 2 1 -2 4 -1 2 4 4 -2 -1 4",24,1,-128
9888,1,"1 2 -1 4 4 -2 -2 3 2 4 -3 4",48,1,0
9889,1,"1 4 2 4 4 4 2 4 -1 -4 -2 -2",24,1,-256
9890,1,"1 2 3 -1 -3 -2 4 -3 4 3 4 4",48,1,-128
9891,1,"1 2 4 4 -1 4 -2 4 -2 -4 2 4",24,1,-128
9892,1,"1 2 3 4 -1 4 4 -3 4 3 -2 -3",48,1,-128
9893,1,"1 2 -4 -1 4 2 4 4 4 4 -2 -2",24,1,-512
9894,1,"1 2 4 -1 -2 4 4 3 4 4 -3 -4",48,1,0
9895,1,"1 2 1 4 -2 -1 4 2 -1 4 4 -2",24,1,128
9896,1,"1 2 4 4 4 -1 3 3 -2 -3 4 -3",48,1,-256
9897,1,"1 2 3 3 -1 4 4 4 4 -3 -2 -3",48,1,-256
9898,1,"1 2 3 4 -3 -3 -2 3 4 -1 4 4",48,1,128
9899,1,"1 2 2 4 3 4 -3 4 -2 -2 -1 4",48,1,256
9900,1,"1 2 3 3 4 4 4 4 -2 -3 -1 -3",48,1,-256
9901,1,"1 2 4 4 4 3 3 -1 4 -3 -2 -3",48,1,0
9902,1,"1 2 2 -1 -2 4 -2 -2 4 2 4 4",24,1,-256
9903,1,"1 2 4 3 -1 4 3 4 4 -2 -3 -3",48,1,0
9904,1,"1 2 3 4 4 -1 4 -2 -4 -3 4 4",48,1,-128
9905,1,"1 2 4 4 4 3 4 -1 4 -2 -3 -4",48,1,-128
9906,1,"1 4 4 1 -4 -1 4 4 4 4 -1 -4",6,1,512
9907,1,"1 2 -1 4 4 2 4 4 4 -2 -2 -4",24,1,-512
9908,1,"1 2 -1 -2 4 -1 4 4 -2 4 2 1",24,1,0
9909,1,"1 4 2 4 2 4 -1 4 4 -2 -4 -2",24,1,128
9910,1,"1 2 -1 4 3 4 -2 3 4 -3 -3 4",48,1,0
9911,1,"1 2 3 4 -2 4 3 -1 4 -3 4 -3",48,1,-64
9912,1,"1 2 -1 -2 4 2 4 -1 -2 1 4 4",24,1,-128
9913,1,"1 2 4 4 -2 3 3 -1 -3 -3 4 4",48,1,256
9914,1,"1 1 4 4 -1 -1 -4 -1 4 4 1 4",6,1,512
9915,1,"1 2 2 2 4 4 -1 -2 4 -2 4 -2",24,1,-256
9916,1,"1 1 -4 -4 -1 4 -1 4 4 4 4 4",6,1,-1024
9917,1,"1 2 4 3 -1 4 -2 -4 -3 4 4 4",48,1,128
9918,1,"1 2 1 2 -1 4 4 -2 4 -1 4 -2",24,1,-128
9919,1,"1 2 4 3 -2 4 -3 -3 4 3 -1 4",48,1,0
9920,1,"1 4 2 2 4 4 -2 4 -2 -4 -1 4",24,1,0
9921,1,"1 2 4 -2 -2 4 -1 -4 2 4 4 4",24,1,256
9922,1,"1 2 4 4 4 4 -1 2 -4 -2 -2 4",24,1,-512
9923,1,"1 2 3 -1 -3 4 -3 -2 4 3 4 4",48,1,-128
9924,1,"1 2 4 -1 -2 4 2 1 4 -2 -1 4",12,1,128
9925,1,"1 2 2 2 4 -2 4 -2 -2 -1 4 4",24,1,512
9926,1,"1 2 3 4 -3 4 4 -1 -3 4 -2 3",48,1,0
9927,1,"1 2 3 -2 4 -2 4 -3 4 2 -1 4",48,1,0
9928,1,"1 2 3 4 -1 4 4 -3 2 4 -2 -2",48,1,0
9929,1,"1 2 3 -4 -1 4 4 -3 4 4 4 -2",48,1,-256
9930,1,"1 2 1 -2 -1 4 4 2 4 -2 -1 4",24,1,-128
9931,1,"1 2 -4 -1 4 -2 4 2 4 -2 4 4",24,1,-128
9932,1,"1 2 -1 4 2 4 3 4 -2 -3 -2 4",48,1,0
9933,1,"1 2 3 -2 -3 4 4 4 3 -1 4 -3",48,1,-128
9934,1,"1 2 -1 4 3 4 -3 -3 4 -2 3 4",48,1,0
9935,1,"1 2 -1 4 4 -2 4 4 3 -4 -3 4",48,1,0
9936,1,"1 2 3 4 -3 -2 4 4 3 -1 4 -3",48,1,0
9937,1,"1 2 4 -2 -1 4 3 -2 4 2 -3 4",24,1,128
9938,1,"1 2 4 -1 4 3 -2 4 -2 -3 4 2",48,1,0
9939,1,"1 2 1 4 -2 -2 -1 -1 2 4 4 4",24,1,0
9940,1,"1 2 3 2 -3 -2 -1 4 4 4 -2 4",48,1,0
9941,1,"1 2 3 4 -3 -3 -1 3 4 4 -2 4",48,1,128
9942,1,"1 2 2 4 4 4 -2 -2 -2 -1 2 4",24,1,512
9943,1,"1 2 3 -2 -1 4 4 -3 2 4 4 -2",48,1,128
9944,1,"1 2 3 4 4 4 3 4 -3 -3 -1 -2",48,1,0
9945,1,"1 2 -1 4 2 3 4 -3 4 -2 -2 4",48,1,0
9946,1,"1 2 3 -1 3 -2 4 -3 -3 4 4 4",48,1,0
9947,1,"1 2 3 4 -3 4 -1 -2 3 4 -3 4",24,1,64
9948,1,"1 2 -1 4 3 4 -2 4 -2 -3 2 4",48,1,0
9949,1,"1 2 4 3 3 -1 4 4 -3 -2 -3 4",48,1,128
9950,1,"1 2 -1 4 -2 4 3 4 -2 -3 2 4",48,1,0
9951,1,"1 2 4 4 4 4 2 4 -2 -1 -2 -4",24,1,-256
9952,1,"1 2 4 4 -2 3 -4 -1 4 4 -3 4",48,1,128
9953,1,"1 2 3 3 4 -3 4 4 -1 -2 4 -3",48,1,0
9954,1,"1 2 4 4 -1 -4 -2 3 4 4 -3 4",48,1,-128
9955,1,"1 2 2 4 -1 2 4 4 4 -2 -2 -2",24,1,512
9956,1,"1 2 1 -2 -1 4 -2 4 -1 4 2 4",24,1,0
9957,1,"1 2 1 4 2 4 4 -1 -2 -2 -1 4",24,1,256
9958,1,"1 2 3 -1 3 4 -2 4 4 4 -3 -3",48,1,0
9959,1,"1 2 3 -2 -3 4 -1 3 4 4 4 -3",48,1,-128
9960,1,"1 2 4 3 4 -2 3 4 4 -1 -3 -3",48,1,128
9961,1,"1 2 4 3 3 4 -3 -2 4 -1 4 -3",48,1,128
9962,1,"1 2 2 4 -1 4 3 4 -3 4 -2 -2",48,1,0
9963,1,"1 4 2 4 4 4 4 4 -2 -4 -1 -4",24,1,0
9964,1,"1 2 3 4 4 -2 -1 4 4 4 -3 -4",48,1,-256
9965,1,"1 2 4 3 4 -3 -2 -3 4 -1 3 4",48,1,64
9966,1,"1 2 4 3 4 4 4 -3 -2 4 -1 -4",48,1,-128
9967,1,"1 2 1 4 -1 2 4 4 -1 4 -2 -2",24,1,256
9968,1,"1 2 4 4 -2 4 4 -1 2 -4 -2 4",24,1,-256
9969,1,"1 2 2 4 -2 4 -1 2 4 -2 -2 4",24,1,256
9970,1,"1 2 4 -2 3 3 -1 -3 4 -3 4 4",48,1,128
9971,1,"1 2 4 4 4 -2 4 3 4 -3 -1 -4",48,1,-128
9972,1,"1 2 3 3 -2 -1 -3 4 -3 4 4 4",48,1,-256
9973,1,"1 2 4 4 4 3 -2 3 4 -3 -1 -3",48,1,128
9974,1,"1 2 3 4 4 4 3 -1 -3 4 -2 -3",48,1,-128
9975,1,"1 2 4 3 4 -1 -3 -2 4 3 4 -3",48,1,0
9976,1,"1 2 1 4 4 -1 -2 -2 -1 2 4 4",24,1,256
9977,1,"1 2 3 4 -1 4 -2 4 4 4 -3 -4",48,1,-128
9978,1,"1 2 3 4 -3 4 -3 4 4 -1 3 -2",48,1,0
9979,1,"1 2 -1 4 3 3 -2 4 -3 4 4 -3",48,1,-128
9980,1,"1 2 4 3 -4 -2 4 4 4 -3 -1 4",48,1,128
9981,1,"1 2 1 2 4 -1 4 4 -1 4 -2 -2",24,1,0
9982,1,"1 2 3 4 -1 4 -3 -3 4 4 -2 3",48,1,128
9983,1,"1 2 2 -4 -2 4 -2 4 4 4 -1 4",24,1,-256
9984,1,"1 2 2 2 4 4 4 -2 -2 -2 -1 4",24,1,1024
9985,1,"1 2 -1 -2 4 4 -2 -1 4 2 1 4",24,1,128
9986,1,"1 2 3 4 3 -1 -3 -2 4 4 4 -3",48,1,-128
9987,1,"1 2 2 4 4 -2 -2 4 2 -1 -2 4",24,1,-256
9988,1,"1 2 3 -2 3 4 -3 4 -1 4 -3 4",48,1,64
9989,1,"1 2 -1 4 -2 4 2 -1 4 1 -2 4",24,1,0
9990,1,"1 2 4 3 4 -3 -3 -2 4 4 -1 3",48,1,-128
9991,1,"1 2 3 -2 4 -2 4 -1 4 2 -3 4",48,1,64
9992,1,"1 2 -1 4 -1 4 -2 -2 4 4 2 1",24,1,256
9993,1,"1 2 -1 4 -2 4 2 -1 4 -2 1 4",24,1,-128
9994,1,"1 2 3 4 -3 2 4 -2 4 -1 -2 4",48,1,0
9995,1,"1 2 -1 4 -2 4 2 1 -2 4 -1 4",12,1,128
9996,1,"1 2 -1 4 -2 3 4 -2 4 -3 4 2",48,1,64
9997,1,"1 2 -1 4 3 4 -3 -2 -2 4 2 4",48,1,0
9998,1,"1 2 1 -2 4 -2 -1 4 -1 4 2 4",24,1,0
9999,1,"1 2 3 -2 -3 4 2 4 -1 4 -2 4",48,1,-64
10000,1,"1 2 3 4 -3 -2 4 -2 -1 2 4 4",48,1,128
10001,1,"1 2 -1 -2 1 4 4 2 -1 -2 4 4",24,1,0
10002,1,"1 2 -1 -2 4 -1 4 -2 4 2 1 4",24,1,0
10003,1,"1 2 3 -2 4 -3 4 -1 -3 4 4 3",48,1,0
10004,1,"1 2 2 4 3 -2 4 -1 4 -3 -2 4",48,1,128
10005,1,"1 2 4 3 4 -3 4 -2 -2 -1 2 4",48,1,128
10006,1,"1 2 2 2 4 4 -2 4 -1 -2 4 -2",24,1,-256
10007,1,"1 2 1 4 2 -1 -1 -2 -2 4 4 4",24,1,0
10008,1,"1 2 4 3 4 -2 4 4 4 -1 -3 -4",48,1,-128
10009,1,"1 2 3 -2 3 4 -1 4 -3 -3 4 4",48,1,128
10010,1,"1 2 1 -2 4 -1 -1 -2 4 2 4 4",24,1,256
10011,1,"1 2 1 4 2 4 -2 4 -1 4 -1 -2",24,1,0
10012,1,"1 2 3 4 4 3 4 -1 -3 -3 4 -2",48,1,-128
10013,1,"1 2 3 -2 -2 -3 4 4 2 -1 4 4",48,1,0
10014,1,"1 2 3 3 4 -3 4 4 -3 -1 -2 4",48,1,128
10015,1,"1 2 3 -2 4 -2 -3 4 4 2 -1 4",48,1,0
10016,1,"1 2 -1 -2 4 3 -2 4 4 2 -3 4",48,1,-128
10017,1,"1 2 4 -2 -1 -4 -2 4 4 4 4 2",24,1,256
10018,1,"1 2 3 4 4 4 3 4 -1 -3 -2 -3",48,1,-128
10019,1,"1 2 -1 4 2 3 4 -2 4 -3 4 -2",48,1,-64
10020,1,"1 2 3 4 -2 -3 -2 -1 4 4 4 2",48,1,128
10021,1,"1 2 3 4 4 -1 -3 4 -3 -2 3 4",48,1,0
10022,1,"1 2 -1 4 -2 3 2 4 4 -2 -3 4",48,1,0
10023,1,"1 2 -1 -2 4 -2 -1 4 1 4 2 4",24,1,0
10024,1,"1 2 4 -2 -1 4 4 4 3 4 -3 -4",48,1,0
10025,1,"1 2 4 4 4 3 4 -2 4 -1 -3 -4",48,1,-128
10026,1,"1 2 4 -2 4 -2 -1 4 4 4 2 -4",24,1,0
10027,1,"1 2 3 4 4 3 -1 4 4 -2 -3 -3",48,1,-256
10028,1,"1 2 -1 -2 4 4 -2 4 -2 4 2 2",24,1,0
10029,1,"1 2 3 2 4 4 4 -1 4 -2 -3 -2",48,1,0
10030,1,"1 2 3 4 -1 4 2 -3 -2 4 4 -2",48,1,0
10031,1,"1 2 4 3 -2 4 -2 -1 4 -3 4 2",48,1,64
10032,1,"1 4 2 4 4 2 4 -2 4 -1 -4 -2",24,1,-128
10033,1,"1 2 4 4 4 -1 3 3 4 -3 -2 -3",48,1,256
10034,1,"1 4 2 4 4 -2 4 -2 -1 4 2 -4",24,1,-128
10035,1,"1 2 3 4 -2 4 -3 -3 -1 3 4 4",48,1,128
10036,1,"1 2 3 -2 4 -1 2 -3 -2 4 4 4",48,1,0
10037,1,"1 2 3 3 4 -2 4 -1 4 -3 4 -3",48,1,0
10038,1,"1 2 3 3 4 4 -1 4 4 -3 -2 -3",48,1,0
10039,1,"1 2 3 -2 -1 4 -3 4 2 4 4 -2",48,1,0
10040,1,"1 2 3 4 -3 -3 4 3 -2 -1 4 4",48,1,0
10041,1,"1 2 4 -1 3 4 4 -3 -3 -2 3 4",48,1,128
10042,1,"1 2 3 4 4 -2 -2 -3 2 4 -1 4",48,1,-128
10043,1,"1 2 2 4 -2 4 4 4 4 -1 -4 -2",24,1,-512
10044,1,"1 2 4 -2 -1 4 -2 4 4 4 2 -4",24,1,0
10045,1,"1 2 2 4 -2 -1 -2 -2 4 2 4 4",24,1,256
10046,1,"1 2 -4 3 4 4 -1 4 -2 4 -3 4",48,1,0
10047,1,"1 2 4 2 4 4 4 -2 -2 -4 -1 4",24,1,256
10048,1,"1 2 4 -1 2 4 4 4 4 -2 -2 -4",24,1,0
10049,1,"1 2 3 -1 -3 -3 4 -2 4 4 4 3",48,1,0
10050,1,"1 1 -4 -1 4 1 4 4 -1 4 -1 4",6,1,-256
10051,1,"1 2 3 2 4 -3 4 4 4 -2 -1 -2",48,1,0
10052,1,"1 2 4 4 -2 -2 4 2 2 -1 4 -2",24,1,-256
10053,1,"1 2 4 3 -2 4 3 4 4 -1 -3 -3",48,1,-128
10054,1,"1 2 3 -4 -3 4 4 4 4 -1 -2 4",48,1,0
10055,1,"1 2 1 4 4 4 4 2 -1 -1 -2 -2",24,1,-512
10056,1,"1 2 3 4 4 -3 -1 4 3 -2 -3 4",48,1,-128
10057,1,"1 4 4 2 4 -2 4 -2 -1 -4 2 4",24,1,-128
10058,1,"1 2 -1 4 -2 3 2 4 -2 4 -3 4",48,1,0
10059,1,"1 2 2 3 4 -2 -1 4 -3 -2 4 4",48,1,128
10060,1,"1 2 -1 4 -2 4 1 2 4 -2 -1 4",24,1,0
10061,1,"1 2 -1 4 3 4 2 4 -2 -3 -2 4",48,1,0
10062,1,"1 2 -1 4 4 -2 3 4 -3 2 4 -2",48,1,-128
10063,1,"1 2 1 2 4 -2 4 -1 -2 -1 4 4",24,1,128
10064,1,"1 2 -1 -4 -2 -2 4 4 2 4 4 4",24,1,-512
10065,1,"1 2 1 -2 4 -1 -1 4 2 4 -2 4",24,1,128
10066,1,"1 4 2 2 4 -1 -4 -2 4 4 -2 4",24,1,0
10067,1,"1 2 3 3 -2 4 -1 -3 4 4 -3 4",48,1,-128
10068,1,"1 2 3 4 -3 4 4 -3 -1 3 4 -2",48,1,128
10069,1,"1 2 -1 4 -2 -2 4 -1 4 4 2 1",24,1,256
10070,1,"1 2 4 3 4 4 -3 4 4 -1 -2 -4",48,1,-256
10071,1,"1 2 4 4 4 -2 4 -2 -4 2 -1 4",24,1,0
10072,1,"1 4 2 -1 4 4 4 4 2 -4 -2 -2",24,1,0
10073,1,"1 2 4 -1 3 4 -2 3 4 -3 4 -3",48,1,128
10074,1,"1 2 1 -2 -1 2 4 -1 4 4 4 -2",24,1,0
10075,1,"1 2 2 4 -2 4 -2 -2 -1 4 2 4",24,1,256
10076,1,"1 2 -1 4 -2 -2 1 2 4 4 -1 4",24,1,-256
10077,1,"1 2 -1 4 4 -2 -4 2 4 -2 4 4",24,1,0
10078,1,"1 2 2 4 2 4 -1 4 4 -2 -2 -2",24,1,0
10079,1,"1 2 4 -1 4 4 3 -4 -2 -3 4 4",48,1,-128
10080,1,"1 2 4 -1 3 -2 -3 4 4 3 4 -3",48,1,-128
10081,1,"1 1 1 4 4 -1 -4 -1 4 4 -1 4",6,1,512
10082,1,"1 2 1 -2 -1 4 -1 4 2 4 -2 4",24,1,0
10083,1,"1 2 4 -2 4 -2 -2 -1 4 2 2 4",24,1,256
10084,1,"1 2 1 -2 4 4 -2 -1 4 2 -1 4",24,1,128
10085,1,"1 2 1 4 -1 -2 4 4 2 -1 4 -2",24,1,-128
10086,1,"1 2 3 -2 4 4 -1 -3 4 -3 4 3",48,1,0
10087,1,"1 2 -1 -1 -2 1 2 4 4 4 -2 4",24,1,-256
10088,1,"1 2 3 4 -3 -2 -1 -3 4 4 4 3",48,1,256
10089,1,"1 1 4 4 1 4 -1 4 -1 -4 -1 4",6,1,256
10090,1,"1 2 3 -1 -3 -4 -2 4 4 4 4 4",48,1,-256
10091,1,"1 2 3 4 -3 -3 4 3 -1 4 -2 4",48,1,0
10092,1,"1 2 2 -1 -1 4 1 4 4 -2 -2 4",24,1,0
10093,1,"1 2 3 -2 -3 4 4 4 -1 2 4 -2",48,1,-128
10094,1,"1 2 1 4 -2 4 2 -1 4 -2 -1 4",24,1,128
10095,1,"1 2 3 3 4 4 -1 4 -2 4 -3 -3",48,1,0
10096,1,"1 2 1 4 -1 4 4 -2 4 2 -1 -2",24,1,-128
10097,1,"1 2 4 3 -2 -3 4 4 4 -3 -1 3",48,1,128
10098,1,"1 2 -1 -2 4 4 2 -1 4 -2 4 1",24,1,-256
10099,1,"1 2 4 -1 -1 2 4 -2 -2 4 4 1",24,1,512
10100,1,"1 2 1 -2 4 -1 4 -2 4 2 -1 4",24,1,128
10101,1,"1 2 4 3 3 4 4 -1 -3 -2 -3 4",48,1,128
10102,1,"1 2 -4 -1 4 4 -2 4 4 -2 4 2",24,1,0
10103,1,"1 2 3 3 4 4 -3 -1 4 -2 4 -3",48,1,128
10104,1,"1 2 -4 2 4 -2 -2 -1 4 4 4 4",24,1,512
10105,1,"1 2 4 4 3 -2 -3 -3 -1 4 3 4",48,1,128
10106,1,"1 2 4 3 4 -1 4 -3 -3 -2 4 3",48,1,0
10107,1,"1 2 3 -2 -2 -3 4 4 4 4 -1 2",48,1,-256
10108,1,"1 2 1 -2 4 -2 -1 2 4 -1 4 4",24,1,-128
10109,1,"1 2 2 -1 2 4 -2 4 -2 4 4 -2",24,1,0
10110,1,"1 2 3 4 -3 4 -2 3 4 -1 4 -3",48,1,64
10111,1,"1 2 -4 -1 4 -2 4 4 3 4 -3 4",48,1,-128
10112,1,"1 2 3 4 -1 -3 4 3 4 -3 4 -2",48,1,-64
10113,1,"1 2 4 -2 3 3 4 -3 -1 -3 4 4",48,1,128
10114,1,"1 2 4 4 4 -1 4 2 4 -2 -2 -4",24,1,-256
10115,1,"1 2 -4 -2 4 4 3 4 -3 4 -1 4",48,1,-128
10116,1,"1 2 2 -1 4 4 -2 -1 4 1 -2 4",24,1,256
10117,1,"1 2 3 -1 4 4 3 4 4 -2 -3 -3",48,1,-256
10118,1,"1 2 -1 -2 4 3 2 4 -3 4 4 -2",48,1,-128
10119,1,"1 2 3 4 4 -3 -1 4 4 4 -2 -4",48,1,0
10120,1,"1 2 3 -1 4 3 4 -3 -2 4 -3 4",48,1,0
10121,1,"1 2 1 4 4 -1 -2 -2 4 2 -1 4",24,1,0
10122,1,"1 2 3 -2 -3 4 2 4 -2 4 -1 4",48,1,-64
10123,1,"1 2 2 4 1 -2 4 -2 -1 4 -1 4",24,1,128
10124,1,"1 2 -1 -2 4 3 -2 -3 4 4 2 4",48,1,0
10125,1,"1 2 3 2 -1 4 4 -2 4 4 -3 -2",48,1,-128
10126,1,"1 2 3 -1 3 4 4 -3 4 4 -3 -2",48,1,0
10127,1,"1 2 -1 4 3 -2 4 4 3 4 -3 -3",48,1,-128
10128,1,"1 2 3 4 -3 2 4 4 -1 -2 4 -2",48,1,0
10129,1,"1 2 -1 4 -2 4 4 4 3 4 -3 -4",48,1,0
10130,1,"1 2 4 3 4 4 -1 4 4 -3 -2 -4",48,1,-128
10131,1,"1 2 3 -2 -1 4 3 4 -3 -3 4 4",48,1,0
10132,1,"1 2 1 4 -2 -2 4 4 2 -1 -1 4",24,1,256
10133,1,"1 2 -1 -2 4 1 -2 4 4 2 -1 4",24,1,-128
10134,1,"1 2 4 3 -2 4 -3 4 3 4 -1 -3",48,1,-64
10135,1,"1 4 2 4 -2 4 2 4 -2 -4 -1 4",24,1,0
10136,1,"1 2 -1 4 -2 1 2 4 4 -2 -1 4",24,1,-128
10137,1,"1 2 3 4 4 2 -3 -2 -2 -1 4 4",48,1,256
10138,1,"1 2 -4 -2 4 -2 4 4 2 4 -1 4",24,1,-128
10139,1,"1 4 2 -4 -2 4 2 4 4 -2 -1 4",24,1,-128
10140,1,"1 2 2 4 -1 4 -2 -1 4 -2 1 4",24,1,128
10141,1,"1 2 4 -2 -1 -4 2 4 4 4 4 -2",24,1,256
10142,1,"1 4 2 4 4 2 4 4 -1 -4 -2 -2",24,1,-256
10143,1,"1 2 1 4 2 -1 -1 4 -2 -2 4 4",24,1,256
10144,1,"1 2 -1 4 -2 4 -2 4 4 4 2 -4",24,1,256
10145,1,"1 4 4 4 2 4 2 4 -2 -2 -1 -4",24,1,-256
10146,1,"1 2 4 4 -1 -2 4 4 -2 -4 2 4",24,1,0
10147,1,"1 4 2 4 -2 -1 -4 -2 4 4 2 4",24,1,128
10148,1,"1 2 3 4 -3 4 -3 4 -1 3 4 -2",48,1,64
10149,1,"1 2 3 -1 -3 4 4 -3 -2 4 4 3",48,1,-128
10150,1,"1 2 3 -2 -2 4 4 -3 2 -1 4 4",48,1,0
10151,1,"1 2 3 4 -3 -2 4 4 -2 4 -1 2",48,1,128
10152,1,"1 2 4 3 4 -3 4 4 4 -1 -2 -4",48,1,-256
10153,1,"1 2 -1 4 3 4 -2 -2 -3 4 2 4",48,1,0
10154,1,"1 2 2 -1 -2 4 3 4 4 -2 -3 4",48,1,-128
10155,1,"1 2 3 -1 -3 -3 4 4 4 3 -2 4",48,1,0
10156,1,"1 2 3 -1 4 -3 -3 4 3 4 -2 4",48,1,0
10157,1,"1 2 3 4 -3 4 -2 4 -3 -1 3 4",48,1,64
10158,1,"1 2 4 3 3 4 -2 4 4 -3 -1 -3",48,1,128
10159,1,"1 2 4 3 3 -1 -3 4 -3 4 -2 4",48,1,0
10160,1,"1 2 4 4 -2 3 4 4 4 -3 -1 -4",48,1,0
10161,1,"1 2 -4 -1 4 4 3 4 -2 4 -3 4",48,1,-128
10162,1,"1 2 3 4 4 -1 -2 4 -3 -2 4 2",48,1,128
10163,1,"1 2 -1 -2 -2 3 4 2 4 4 -3 4",48,1,-128
10164,1,"1 2 4 3 4 3 -1 -3 -3 4 -2 4",48,1,0
10165,1,"1 2 4 4 3 -1 -3 -2 -3 4 4 3",48,1,128
10166,1,"1 2 2 3 4 -2 -1 4 -2 4 -3 4",48,1,128
10167,1,"1 2 3 -2 4 4 -1 2 -3 -2 4 4",24,1,0
10168,1,"1 2 3 4 -1 -3 -2 -3 4 4 4 3",48,1,128
10169,1,"1 2 3 -2 -1 4 4 -3 -3 4 4 3",48,1,256
10170,1,"1 2 -4 2 4 -2 4 4 -2 4 -1 4",24,1,128
10171,1,"1 2 1 2 -1 4 4 -2 -1 4 4 -2",24,1,0
10172,1,"1 2 3 4 -1 4 -2 3 4 -3 4 -3",48,1,64
10173,1,"1 2 3 4 -2 4 -3 -3 4 3 -1 4",48,1,0
10174,1,"1 2 3 4 4 -2 3 -1 4 -3 4 -3",48,1,0
10175,1,"1 2 3 4 -2 -3 -2 -1 4 2 4 4",48,1,128
10176,1,"1 2 3 4 -2 4 -1 4 -3 -2 4 2",48,1,128
10177,1,"1 2 -1 4 -2 3 4 4 -3 -3 4 3",48,1,-128
10178,1,"1 2 4 -2 3 -1 4 4 -3 -3 4 3",48,1,128
10179,1,"1 2 4 4 3 4 -2 3 -1 -3 4 -3",48,1,0
10180,1,"1 2 3 2 4 -3 -2 -2 4 -1 4 4",48,1,128
10181,1,"1 2 -1 4 -1 -2 -2 4 1 2 4 4",24,1,-256
10182,1,"1 2 3 -2 4 -1 4 3 4 4 -3 -3",48,1,-128
10183,1,"1 2 -1 4 3 3 4 4 -2 4 -3 -3",48,1,0
10184,1,"1 2 3 -1 -2 4 -3 4 4 3 4 -3",48,1,-128
10185,1,"1 2 4 3 -2 -3 -1 -3 4 3 4 4",48,1,0
10186,1,"1 2 2 4 -1 -4 -2 4 -2 4 4 4",24,1,-256
10187,1,"1 2 4 -1 3 4 -2 -3 4 3 4 -3",48,1,0
10188,1,"1 2 3 4 -2 -3 -3 4 -1 4 3 4",48,1,0
10189,1,"1 2 3 4 -3 -2 4 3 4 -1 4 -3",48,1,64
10190,1,"1 4 2 2 -1 4 -2 -2 4 -2 4 2",24,1,256
10191,1,"1 2 4 4 3 -2 3 -1 -3 4 4 -3",48,1,-128
10192,1,"1 2 4 2 2 -1 4 -2 -2 4 -2 4",24,1,0
10193,1,"1 2 3 -2 4 4 -3 4 -1 -3 4 3",48,1,0
10194,1,"1 4 2 2 4 -2 -1 4 2 4 -2 -2",24,1,256
10195,1,"1 2 3 2 -3 -2 -1 4 4 -2 4 4",48,1,0
10196,1,"1 2 3 -1 -3 -3 4 4 3 4 4 -2",48,1,-256
10197,1,"1 4 2 4 2 -4 -1 4 -2 4 4 -2",24,1,-128
10198,1,"1 2 -1 4 2 4 -1 -2 4 -2 4 1",24,1,-128
10199,1,"1 2 3 4 4 4 -3 -1 4 3 -2 -3",48,1,-128
10200,1,"1 2 4 -2 4 2 2 -1 4 -2 -2 4",24,1,0
10201,1,"1 4 2 3 4 -2 -3 4 -2 -1 4 2",24,1,0
10202,1,"1 2 -1 4 -2 -2 4 2 1 4 -1 4",24,1,128
10203,1,"1 2 3 3 4 -3 4 4 -1 -2 -3 4",48,1,-128
10204,1,"1 2 -1 -2 4 -2 1 4 4 2 -1 4",24,1,-128
10205,1,"1 2 2 3 4 -3 4 4 4 -1 -2 -2",48,1,-256
10206,1,"1 4 2 -1 4 4 -2 -4 2 4 4 -2",24,1,0
10207,1,"1 2 4 -2 4 2 2 -1 4 4 -2 -2",24,1,-256
10208,1,"1 2 1 -2 4 -2 4 4 -1 -1 2 4",24,1,0
10209,1,"1 2 3 4 -2 4 4 -1 -4 -3 4 4",48,1,-128
10210,1,"1 4 2 -4 -2 4 2 4 -2 -1 4 4",24,1,-128
10211,1,"1 1 4 1 -4 -1 4 4 4 -1 -1 4",6,1,-512
10212,1,"1 2 4 4 -2 -4 2 4 4 -2 -1 4",24,1,-256
10213,1,"1 2 2 4 -1 4 3 4 -3 -2 4 -2",48,1,0
10214,1,"1 2 3 4 2 -3 -2 4 4 -2 -1 4",48,1,128
10215,1,"1 2 2 -4 -1 4 -2 4 4 4 -2 4",24,1,-256
10216,1,"1 2 4 4 -2 -4 3 4 -3 4 -1 4",48,1,0
10217,1,"1 2 3 4 -3 4 -3 4 -2 4 -1 3",48,1,64
10218,1,"1 2 3 4 -3 4 -2 -1 4 3 4 -3",48,1,0
10219,1,"1 2 -1 4 -2 3 4 -2 4 2 -3 4",48,1,0
10220,1,"1 2 2 4 -2 -2 4 -1 -2 4 4 2",24,1,256
10221,1,"1 2 4 4 -1 4 -2 4 3 -4 -3 4",48,1,-128
10222,1,"1 2 3 3 4 -1 4 -2 4 -3 -3 4",48,1,128
10223,1,"1 2 1 4 -2 -1 -1 2 4 -2 4 4",24,1,0
10224,1,"1 2 3 -2 -2 4 4 -3 4 4 -1 2",48,1,0
10225,1,"1 2 3 4 -3 4 4 4 -2 -2 -1 2",48,1,0
10226,1,"1 2 3 4 -1 -2 3 4 -3 4 -3 4",48,1,64
10227,1,"1 2 3 4 -3 2 4 -2 -1 4 -2 4",48,1,0
10228,1,"1 2 -4 -1 4 3 4 -2 4 -3 4 4",48,1,-128
10229,1,"1 2 3 -2 -3 -1 -3 4 4 3 4 4",48,1,-128
10230,1,"1 2 -1 4 -2 -2 4 3 4 2 -3 4",48,1,0
10231,1,"1 2 2 4 2 -1 -2 4 -2 4 4 -2",24,1,-256
10232,1,"1 2 3 -2 -2 -1 2 4 4 -3 4 4",48,1,0
10233,1,"1 4 4 4 2 4 4 4 -1 -4 -2 -4",24,1,-512
10234,1,"1 4 2 4 -2 -2 -4 -1 4 4 2 4",24,1,0
10235,1,"1 2 1 4 -1 2 4 -1 -2 -2 4 4",24,1,256
10236,1,"1 2 4 4 4 -2 -4 -2 -1 4 2 4",24,1,256
10237,1,"1 2 3 -1 4 4 -2 -3 -3 4 3 4",48,1,0
10238,1,"1 2 4 4 -2 4 -1 4 -2 -4 2 4",24,1,-128
10239,1,"1 2 3 4 -1 -2 4 3 4 -3 4 -3",48,1,0
10240,1,"1 2 3 4 3 -1 4 -2 4 4 -3 -3",48,1,-128
10241,1,"1 2 1 -2 -1 -1 2 4 4 -2 4 4",24,1,-256
10242,1,"1 2 3 3 -1 -3 4 -3 4 4 -2 4",48,1,-128
10243,1,"1 4 4 2 4 4 2 4 -2 -1 -4 -2",24,1,0
10244,1,"1 2 3 3 4 -3 4 -3 -2 4 -1 4",48,1,128
10245,1,"1 2 3 4 3 4 4 -1 -3 -3 4 -2",48,1,-128
10246,1,"1 4 -1 4 4 4 4 4 1 -4 -1 -4",6,1,512
10247,1,"1 2 4 3 4 -3 -2 4 4 -3 -1 3",48,1,-128
10248,1,"1 4 2 2 4 -1 4 4 4 -2 -4 -2",24,1,256
10249,1,"1 2 4 2 -1 -2 4 -2 -2 4 2 4",24,1,-128
10250,1,"1 2 3 4 4 3 4 4 -1 -3 -2 -3",48,1,-128
10251,1,"1 2 3 -1 4 3 4 -2 4 -3 4 -3",48,1,-64
10252,1,"1 4 2 4 -2 -1 -4 2 4 4 -2 4",24,1,-128
10253,1,"1 2 3 -1 4 4 -3 -2 -3 4 3 4",48,1,0
10254,1,"1 2 3 4 4 4 -2 4 4 -3 -1 -4",48,1,-256
10255,1,"1 2 4 4 4 -1 4 4 4 -2 -4 -4",24,1,-512
10256,1,"1 2 1 4 2 -1 -2 4 4 -1 4 -2",24,1,-128
10257,1,"1 2 3 4 -2 -3 4 -3 4 -1 3 4",48,1,64
10258,1,"1 2 -1 -2 1 4 -1 -2 4 4 2 4",24,1,-128
10259,1,"1 2 -1 -1 -2 4 2 1 4 -2 4 4",24,1,0
10260,1,"1 2 3 4 -3 -3 4 -1 4 4 3 -2",48,1,0
10261,1,"1 2 4 -1 3 -2 4 -3 4 3 4 -3",48,1,0
10262,1,"1 2 -1 4 4 4 4 4 2 -4 -2 -2",24,1,512
10263,1,"1 2 4 3 -2 3 4 4 -1 4 -3 -3",48,1,128
10264,1,"1 2 3 4 2 -1 4 -3 -2 4 4 -2",48,1,0
10265,1,"1 2 1 2 -1 4 4 -1 4 -2 4 -2",24,1,-128
10266,1,"1 2 3 3 4 -1 -3 -3 -2 4 4 4",48,1,0
10267,1,"1 2 4 4 -1 3 -2 -3 4 3 4 -3",48,1,-128
10268,1,"1 2 2 4 4 4 -2 -4 -2 -1 4 4",24,1,512
10269,1,"1 4 2 -1 -4 -2 4 2 4 4 4 -2",24,1,-256
10270,1,"1 2 2 3 4 -1 4 -2 4 -2 -3 4",48,1,0
10271,1,"1 2 3 4 -3 4 3 -1 4 -2 4 -3",48,1,-64
10272,1,"1 2 4 4 3 -2 4 -1 -3 -3 4 3",48,1,128
10273,1,"1 2 -1 -2 4 1 -2 -1 4 4 2 4",24,1,128
10274,1,"1 2 3 4 -1 4 -2 -3 4 3 4 -3",48,1,-64
10275,1,"1 2 4 3 3 4 -3 -1 -3 4 -2 4",48,1,128
10276,1,"1 2 3 -2 -1 4 2 4 -3 -2 4 4",48,1,0
10277,1,"1 2 4 -2 4 -2 4 2 2 -1 4 -2",24,1,-128
10278,1,"1 2 2 4 -1 -2 4 3 -2 4 -3 4",48,1,0
10279,1,"1 2 3 3 4 -3 -3 4 4 -2 -1 4",48,1,256
10280,1,"1 2 3 2 -3 -2 4 4 4 4 -1 -2",48,1,0
10281,1,"1 2 2 2 -1 4 -2 -2 4 4 4 -2",24,1,-512
10282,1,"1 2 3 4 -3 4 -2 4 4 2 -1 -2",48,1,-128
10283,1,"1 1 4 -1 4 4 1 4 4 -1 -1 -4",6,1,-512
10284,1,"1 2 4 4 3 4 -2 -4 -1 4 -3 4",48,1,128
10285,1,"1 2 4 -2 -2 -2 -1 2 4 4 4 2",24,1,0
10286,1,"1 2 3 4 -3 -2 4 -1 4 3 4 -3",48,1,64
10287,1,"1 4 2 -1 4 4 4 -2 4 -2 -4 2",24,1,-256
10288,1,"1 1 -4 1 4 -1 4 -1 4 4 -1 4",6,1,256
10289,1,"1 2 4 4 -2 4 4 -2 -4 2 -1 4",24,1,0
10290,1,"1 2 3 -1 -3 4 4 4 3 -2 -3 4",48,1,128
10291,1,"1 2 2 4 -2 4 -1 4 -1 -2 4 1",24,1,0
10292,1,"1 2 3 4 4 -2 -3 4 -2 4 -1 2",48,1,0
10293,1,"1 4 2 4 -2 -4 2 4 -1 4 4 -2",24,1,-128
10294,1,"1 2 4 -2 3 3 -1 4 -3 4 -3 4",48,1,128
10295,1,"1 2 4 -2 3 -1 -3 4 -3 4 4 3",48,1,128
10296,1,"1 2 3 4 4 4 4 4 -2 -1 -3 -4",48,1,-512
10297,1,"1 2 2 3 4 4 -2 -2 -1 4 -3 4",48,1,256
10298,1,"1 2 -1 4 3 -2 -3 -3 4 3 4 4",48,1,0
10299,1,"1 4 2 4 4 2 -1 -4 -2 4 4 -2",24,1,-256
10300,1,"1 2 3 4 -2 -3 4 3 -1 4 4 -3",48,1,-128
10301,1,"1 2 3 -2 -3 -1 4 -3 4 4 3 4",48,1,0
10302,1,"1 2 4 -1 -4 3 4 -2 -3 4 4 4",48,1,-128
10303,1,"1 2 3 -2 4 -1 -3 4 -3 4 4 3",48,1,0
10304,1,"1 2 2 3 4 -3 4 -2 4 -1 -2 4",48,1,0
10305,1,"1 2 3 4 4 -2 -2 -1 4 -3 2 4",48,1,128
10306,1,"1 2 2 1 4 -2 4 -2 -1 -1 4 4",24,1,256
10307,1,"1 2 -1 4 -2 1 4 -2 4 2 -1 4",24,1,-128
10308,1,"1 2 2 4 -2 4 -2 4 4 4 -1 -4",24,1,-256
10309,1,"1 2 3 -2 -3 4 -1 4 -3 4 4 3",48,1,0
10310,1,"1 2 -1 4 -2 4 2 3 4 -3 4 -2",48,1,-64
10311,1,"1 2 -1 4 1 -2 -2 4 -1 4 2 4",24,1,128
10312,1,"1 2 -1 -2 4 -2 -2 4 2 4 2 4",24,1,-128
10313,1,"1 2 3 3 4 4 -3 -1 4 -2 -3 4",48,1,0
10314,1,"1 2 2 -1 4 3 4 -2 4 -3 -2 4",48,1,0
10315,1,"1 2 3 4 3 -1 4 -3 4 -3 -2 4",48,1,0
10316,1,"1 2 1 -2 4 -2 -1 2 -1 4 4 4",24,1,0
10317,1,"1 2 4 -2 -1 4 1 2 4 -2 -1 4",12,2,128
10318,1,"1 2 4 -2 4 3 4 -3 -3 -1 4 3",48,1,0
10319,1,"1 4 2 2 4 -2 4 -2 -4 -1 4 4",24,1,0
10320,1,"1 2 3 4 -3 4 4 4 -1 4 -2 -4",48,1,-128
10321,1,"1 2 1 -2 -1 2 -1 4 4 -2 4 4",24,1,0
10322,1,"1 2 -4 2 4 4 4 -2 -2 -1 4 4",24,1,512
10323,1,"1 4 2 4 -2 -4 -2 4 -1 4 4 2",24,1,128
10324,1,"1 2 3 4 -3 -2 -1 3 4 4 -3 4",48,1,128
10325,1,"1 2 4 3 4 4 3 -1 -3 -2 4 -3",48,1,-128
10326,1,"1 2 3 -2 -3 4 4 3 4 -3 -1 4",48,1,0
10327,1,"1 2 1 4 4 2 4 -2 4 -1 -1 -2",24,1,0
10328,1,"1 2 3 4 3 4 -2 -3 -3 4 -1 4",48,1,0
10329,1,"1 2 2 1 4 -2 -2 -1 4 -1 4 4",24,1,256
10330,1,"1 2 3 4 -3 4 -3 -1 4 3 -2 4",48,1,0
10331,1,"1 2 3 4 -1 -4 -3 -2 4 4 4 4",48,1,-256
10332,1,"1 2 4 3 -2 -3 -1 3 4 4 4 -3",48,1,128
10333,1,"1 2 -1 -2 4 -2 -1 2 1 4 4 4",24,1,256
10334,1,"1 2 1 2 4 -2 -2 -1 -1 4 4 4",24,1,512
10335,1,"1 2 -1 -1 -2 1 4 2 4 -2 4 4",24,1,-256
10336,1,"1 2 3 4 -1 -2 4 -3 4 3 4 -3",48,1,0
10337,1,"1 2 4 4 4 4 -2 -4 -4 -1 4 4",24,1,512
10338,1,"1 2 4 4 2 4 4 -1 -2 -4 -2 4",24,1,0
10339,1,"1 4 4 2 4 4 -2 4 2 -1 -4 -2",24,1,-256
10340,1,"1 2 4 3 3 -2 -3 4 -1 4 -3 4",48,1,0
10341,1,"1 2 3 -2 -2 4 2 -1 4 -3 4 4",48,1,0
10342,1,"1 2 -1 4 -2 4 2 3 -2 -3 4 4",48,1,0
10343,1,"1 2 4 3 4 -2 -3 4 3 4 -1 -3",48,1,-64
10344,1,"1 2 4 -2 -1 2 4 -2 -2 4 2 4",24,1,128
10345,1,"1 2 4 4 2 -1 4 4 -2 4 -2 -4",24,1,-256
10346,1,"1 2 -1 4 3 -2 -3 4 3 4 4 -3",48,1,-128
10347,1,"1 2 4 -2 4 4 4 4 -2 -1 2 -4",24,1,-256
10348,1,"1 4 4 2 4 4 -1 -4 2 4 -2 -2",24,1,256
10349,1,"1 2 2 4 -2 -2 4 -2 4 -1 2 4",24,1,256
10350,1,"1 2 -1 -4 3 4 -2 4 4 -3 4 4",48,1,0
10351,1,"1 2 4 4 -2 4 4 4 -1 -2 -4 2",24,1,-256
10352,1,"1 2 3 3 4 -3 -1 -3 4 4 -2 4",48,1,128
10353,1,"1 2 3 4 2 4 -2 -3 4 -2 -1 4",48,1,0
10354,1,"1 2 4 4 2 4 -2 -1 -4 -2 4 4",24,1,0
10355,1,"1 2 4 -2 -2 -1 -2 4 2 2 4 4",24,1,256
10356,1,"1 2 3 4 -2 -1 4 2 4 -3 4 -2",48,1,64
10357,1,"1 2 3 4 4 -1 -2 4 -2 -3 2 4",48,1,-128
10358,1,"1 2 1 -2 -1 4 2 -1 -2 4 4 4",24,1,256
10359,1,"1 2 4 4 -2 -2 -2 -1 4 4 2 2",24,1,512
10360,1,"1 2 3 4 -3 -2 4 -2 4 4 -1 2",48,1,128
10361,1,"1 2 -1 -1 4 4 2 1 4 -2 -2 4",24,1,256
10362,1,"1 2 3 4 -1 -4 -2 4 -3 4 4 4",48,1,-128
10363,1,"1 2 3 4 -1 3 4 4 -3 -2 -3 4",48,1,128
10364,1,"1 2 4 3 4 4 -1 -4 -2 4 -3 4",48,1,-128
10365,1,"1 1 -4 -1 4 -1 4 1 4 4 -1 4",6,1,-256
10366,1,"1 4 2 4 -1 4 4 -2 -2 4 2 -4",24,1,0
10367,1,"1 2 -4 -4 -2 4 4 4 4 4 -1 4",24,1,-512
10368,1,"1 2 1 -2 4 4 -1 4 -2 -1 2 4",24,1,-128
10369,1,"1 2 4 3 4 4 -3 -2 4 3 -1 -3",48,1,0
10370,1,"1 2 4 4 -1 4 2 -4 -2 4 -2 4",24,1,-128
10371,1,"1 2 4 3 -2 3 4 -3 4 -3 -1 4",48,1,64
10372,1,"1 2 3 -2 3 4 -1 4 -3 4 4 -3",48,1,0
10373,1,"1 2 -1 4 3 4 -3 -2 4 3 4 -3",48,1,64
10374,1,"1 2 4 3 -1 -3 4 3 -2 4 4 -3",48,1,0
10375,1,"1 2 4 4 4 3 -1 -3 -2 -3 4 3",48,1,128
10376,1,"1 2 2 -1 4 -2 -1 4 1 4 -2 4",24,1,128
10377,1,"1 2 2 2 4 -2 4 -2 4 -1 -2 4",24,1,0
10378,1,"1 4 -1 4 4 2 4 4 4 -2 -4 -4",24,1,0
10379,1,"1 2 4 4 2 -4 -1 -2 4 4 4 -2",24,1,-256
10380,1,"1 2 3 3 -1 4 4 4 -3 -2 4 -3",48,1,0
10381,1,"1 2 4 4 2 4 4 4 -1 -2 -4 -2",24,1,-256
10382,1,"1 2 3 -2 -1 2 -3 -2 4 4 4 4",48,1,-256
10383,1,"1 2 3 4 4 -2 4 -3 4 -2 -1 2",48,1,0
10384,1,"1 2 3 4 4 -1 4 4 -3 4 -2 -4",48,1,-128
10385,1,"1 2 3 -2 4 -1 3 4 4 4 -3 -3",48,1,0
10386,1,"1 2 3 -2 4 4 3 -1 4 -3 4 -3",48,1,-128
10387,1,"1 2 3 4 4 -3 -2 -3 -1 4 3 4",48,1,128
10388,1,"1 2 3 4 3 -1 -3 4 4 -3 -2 4",48,1,-128
10389,1,"1 2 -1 4 2 4 3 -2 4 -2 -3 4",48,1,0
10390,1,"1 2 4 3 4 4 3 -1 -3 -3 -2 4",48,1,-128
10391,1,"1 2 3 4 -1 -2 4 -3 4 2 4 -2",48,1,-64
10392,1,"1 2 3 4 -2 -1 4 3 4 4 -3 -3",48,1,0
10393,1,"1 2 3 -1 4 -2 -3 4 4 3 4 -3",48,1,-128
10394,1,"1 2 3 2 -1 4 4 -3 4 4 -2 -2",48,1,-256
10395,1,"1 2 4 4 -1 4 -2 -4 -2 4 2 4",24,1,128
10396,1,"1 2 4 -1 4 2 2 4 4 -2 -2 -2",24,1,0
10397,1,"1 2 4 3 4 -3 -1 3 4 -2 -3 4",48,1,-64
10398,1,"1 2 -1 4 4 2 -4 -2 4 -2 4 4",24,1,0
10399,1,"1 2 2 4 4 -2 -2 1 4 -1 -1 4",24,1,0
10400,1,"1 2 -1 4 -2 -2 4 3 2 -3 4 4",48,1,0
10401,1,"1 2 3 4 2 4 -2 -1 4 -2 -3 4",48,1,64
10402,1,"1 2 4 4 3 4 -1 4 4 -2 -3 -4",48,1,-128
10403,1,"1 2 -1 4 4 -1 2 4 -2 -2 4 1",24,1,256
10404,1,"1 2 4 4 3 3 -1 -3 4 -3 -2 4",48,1,-128
10405,1,"1 2 3 -2 -1 4 -2 4 4 -3 2 4",48,1,0
10406,1,"1 2 1 4 -2 -1 -1 4 -2 4 2 4",24,1,128
10407,1,"1 2 3 4 4 -1 -2 4 3 4 -3 -3",48,1,0
10408,1,"1 2 -1 -4 2 4 4 -2 4 4 -2 4",24,1,256
10409,1,"1 2 3 4 2 -1 4 -2 4 -2 -3 4",48,1,-64
10410,1,"1 2 3 4 4 -2 4 4 -1 4 -3 -4",48,1,-128
10411,1,"1 2 4 3 -1 -3 4 3 4 4 -2 -3",48,1,0
10412,1,"1 2 1 4 -1 4 4 2 -1 4 -2 -2",24,1,0
10413,1,"1 2 4 3 -1 -3 -3 4 4 3 -2 4",48,1,128
10414,1,"1 2 4 -1 -2 -4 2 4 -2 4 4 4",24,1,0
10415,1,"1 2 -1 -2 4 2 2 4 -2 4 -2 4",24,1,-128
10416,1,"1 2 3 -2 -1 -3 4 3 4 4 -3 4",48,1,-128
10417,1,"1 2 4 4 -1 4 2 4 -2 4 -2 -4",24,1,-128
10418,1,"1 2 -1 -4 -2 4 4 4 3 4 -3 4",48,1,-256
10419,1,"1 2 4 -1 -1 -2 4 1 2 4 -2 4",24,1,-128
10420,1,"1 2 2 -1 4 -2 3 4 -2 -3 4 4",48,1,0
10421,1,"1 4 2 2 -4 -1 4 -2 4 4 4 -2",24,1,-256
10422,1,"1 2 -1 4 4 -2 4 -2 -1 4 2 1",24,1,256
10423,1,"1 4 2 4 4 -2 -1 4 4 -2 -4 2",24,1,0
10424,1,"1 2 -1 2 4 -2 3 4 -3 4 4 -2",48,1,0
10425,1,"1 2 3 4 4 -3 4 -2 -2 4 -1 2",48,1,128
10426,1,"1 1 4 -1 4 -1 4 1 4 4 -1 -4",6,1,-256
10427,1,"1 2 -1 4 4 -2 -4 -2 4 2 4 4",24,1,0
10428,1,"1 2 4 2 2 4 4 -2 -2 -2 -1 4",24,1,512
10429,1,"1 2 3 4 4 3 -2 4 4 -3 -1 -3",48,1,-128
10430,1,"1 2 3 4 3 -1 -2 -3 4 4 -3 4",48,1,-128
10431,1,"1 2 -4 2 4 4 -2 -2 -1 4 4 4",24,1,512
10432,1,"1 2 3 4 4 3 4 -3 -2 -1 4 -3",48,1,128
10433,1,"1 2 2 -1 4 1 4 -2 4 -2 -1 4",24,1,128
10434,1,"1 2 2 4 4 4 -1 -4 -2 -2 4 4",24,1,-512
10435,1,"1 4 2 -4 -2 4 -2 4 2 4 -1 4",24,1,-128
10436,1,"1 2 3 4 -3 -2 4 -3 4 3 -1 4",48,1,64
10437,1,"1 2 2 -1 -2 4 4 2 4 -2 4 -2",24,1,-256
10438,1,"1 2 3 -2 4 -2 -1 4 4 -3 2 4",48,1,0
10439,1,"1 2 3 -2 4 -1 -3 -3 4 4 3 4",48,1,-128
10440,1,"1 2 3 4 -1 -3 4 4 4 -3 -2 3",48,1,-128
10441,1,"1 2 4 3 -2 4 3 4 -3 4 -1 -3",48,1,-64
10442,1,"1 2 4 3 4 -3 4 -1 4 3 -2 -3",48,1,-64
10443,1,"1 2 3 4 4 -3 -2 3 -1 4 4 -3",48,1,128
10444,1,"1 1 1 1 4 -1 -1 -1 4 4 -1 4",6,1,1024
10445,1,"1 2 -1 -1 -2 4 4 1 2 4 -2 4",24,1,-256
10446,1,"1 2 4 3 -1 4 -3 4 3 -2 -3 4",48,1,64
10447,1,"1 2 3 -2 -1 4 4 -2 -3 2 4 4",48,1,0
10448,1,"1 2 3 4 -3 4 2 4 -2 -1 -2 4",48,1,64
10449,1,"1 2 4 2 4 -1 4 4 4 -2 -2 -4",24,1,-256
10450,1,"1 2 4 3 3 -1 4 -3 4 -3 -2 4",48,1,0
10451,1,"1 2 4 2 4 4 -2 4 -2 4 -1 -4",24,1,-128
10452,1,"1 2 3 4 -1 -4 -3 4 4 -2 4 4",48,1,-128
10453,1,"1 2 3 -1 -2 4 4 3 4 -3 -3 4",48,1,-128
10454,1,"1 2 1 2 4 -2 -2 4 -1 -1 4 4",24,1,256
10455,1,"1 2 3 4 4 4 4 -1 -4 -2 -3 4",48,1,-256
10456,1,"1 2 2 4 4 -2 -2 -1 -1 4 4 1",12,1,1024
10457,1,"1 2 3 4 -2 -3 4 -1 -2 4 4 2",48,1,0
10458,1,"1 2 4 4 -2 4 2 -1 -4 -2 4 4",24,1,-256
10459,1,"1 2 3 -1 -3 -2 3 4 4 -3 4 4",48,1,-128
10460,1,"1 2 4 3 3 4 -3 -2 -1 4 -3 4",48,1,128
10461,1,"1 2 1 4 2 -1 -2 4 -1 4 4 -2",24,1,-128
10462,1,"1 2 3 4 -2 -3 4 -3 -1 4 3 4",48,1,64
10463,1,"1 2 3 4 -1 -2 -3 4 4 2 4 -2",48,1,-128
10464,1,"1 4 4 2 2 -1 4 4 -2 4 -2 -4",24,1,-256
10465,1,"1 2 4 -2 4 -2 4 4 -1 4 2 -4",24,1,128
10466,1,"1 2 3 -1 4 3 -2 -3 4 4 4 -3",48,1,-128
10467,1,"1 2 3 4 4 4 -1 3 4 -2 -3 -3",48,1,0
10468,1,"1 4 2 -4 2 4 -2 4 -2 4 -1 4",24,1,128
10469,1,"1 2 3 4 4 4 -3 4 -1 4 -2 -4",48,1,-128
10470,1,"1 2 3 4 -3 -1 4 4 -3 -2 3 4",48,1,128
10471,1,"1 2 3 4 -2 -1 -2 4 -3 2 4 4",48,1,0
10472,1,"1 2 -4 -2 4 -2 -1 4 2 4 4 4",24,1,-256
10473,1,"1 2 2 4 4 -1 2 4 -2 -2 4 -2",24,1,256
10474,1,"1 2 4 3 4 4 -2 -4 -1 -3 4 4",48,1,128
10475,1,"1 2 3 4 -3 -2 4 4 4 4 -1 -4",48,1,-256
10476,1,"1 2 1 4 4 2 4 -2 -1 -1 -2 4",24,1,256
10477,1,"1 2 3 -2 3 4 -3 -1 4 -3 4 4",48,1,128
10478,1,"1 2 2 4 2 -1 -2 4 4 4 -2 -2",24,1,-512
10479,1,"1 2 3 -1 4 -3 -3 4 4 4 3 -2",48,1,0
10480,1,"1 2 3 -2 4 3 4 -1 4 4 -3 -3",48,1,-128
10481,1,"1 2 4 4 4 -2 4 4 2 -1 -4 -2",24,1,-256
10482,1,"1 2 3 4 -2 -2 -1 4 4 -3 2 4",48,1,128
10483,1,"1 2 4 4 -2 -4 2 -1 4 4 4 -2",24,1,256
10484,1,"1 2 3 4 -3 4 -3 4 3 4 -1 -2",48,1,-64
10485,1,"1 2 -1 -1 -2 -2 1 4 4 2 4 4",24,1,-512
10486,1,"1 2 4 -1 3 3 4 -2 4 -3 4 -3",48,1,128
10487,1,"1 2 2 -1 -2 4 4 3 4 -3 4 -2",48,1,-256
10488,1,"1 2 3 -1 -2 4 -3 4 4 -3 4 3",48,1,0
10489,1,"1 2 1 4 -1 -2 4 -1 2 4 -2 4",24,1,128
10490,1,"1 2 4 4 2 -4 -1 4 4 -2 4 -2",24,1,-256
10491,1,"1 4 2 -1 4 4 -2 4 4 -2 -4 2",24,1,-256
10492,1,"1 2 1 4 -1 4 -2 -2 4 -1 2 4",24,1,128
10493,1,"1 2 3 3 4 4 -1 4 -3 -2 4 -3",48,1,128
10494,1,"1 2 4 3 -2 4 -3 -1 -3 4 4 3",48,1,128
10495,1,"1 2 -4 2 4 -2 -1 4 -2 4 4 4",24,1,256
10496,1,"1 2 3 4 2 -3 4 4 -1 4 -2 -2",48,1,0
10497,1,"1 2 3 4 -2 -3 2 4 -2 -1 4 4",48,1,-128
10498,1,"1 4 2 2 -1 -4 -2 -2 4 4 4 4",24,1,-512
10499,1,"1 2 2 4 -2 4 -1 -1 4 -2 4 1",24,1,256
10500,1,"1 2 -1 -2 4 2 4 -1 -2 4 4 1",24,1,-256
10501,1,"1 2 3 4 4 -2 -3 -2 4 4 -1 2",48,1,128
10502,1,"1 2 1 -2 -1 2 4 4 4 -1 4 -2",24,1,0
10503,1,"1 2 3 -2 -2 4 -1 4 4 2 -3 4",48,1,128
10504,1,"1 2 3 -1 3 4 4 -2 4 -3 -3 4",48,1,128
10505,1,"1 2 4 3 3 4 -1 4 -2 -3 4 -3",48,1,0
10506,1,"1 2 4 4 2 -1 -4 -2 4 4 4 -2",24,1,-256
10507,1,"1 2 4 3 -1 4 -3 4 4 4 -2 -4",48,1,-128
10508,1,"1 2 3 3 4 -3 4 4 -3 4 -1 -2",48,1,-128
10509,1,"1 2 3 4 -3 -3 4 -1 -2 4 4 3",48,1,0
10510,1,"1 2 3 4 -1 -2 -3 4 2 4 4 -2",48,1,-128
10511,1,"1 1 4 -1 -4 -1 4 4 -1 4 1 4",6,1,256
10512,1,"1 2 3 -2 4 -3 4 -1 -2 4 2 4",48,1,0
10513,1,"1 2 1 4 -1 4 -2 -1 4 2 4 -2",24,1,128
10514,1,"1 2 -1 -1 4 2 4 4 -2 -2 4 1",24,1,0
10515,1,"1 2 1 -2 4 -2 4 -1 -1 2 4 4",24,1,0
10516,1,"1 2 -1 4 1 -2 4 -2 4 2 -1 4",24,1,0
10517,1,"1 2 3 -2 4 -2 4 -3 4 -1 2 4",48,1,0
10518,1,"1 2 3 4 -1 4 -2 -2 4 -3 4 2",48,1,128
10519,1,"1 2 4 3 4 4 -1 -2 -4 -3 4 4",48,1,0
10520,1,"1 2 1 -2 4 -1 -2 -1 4 2 4 4",24,1,128
10521,1,"1 2 3 -2 -3 4 -1 -3 4 4 4 3",48,1,-128
10522,1,"1 2 1 4 4 -2 4 4 2 -1 -1 -2",24,1,-256
10523,1,"1 2 4 3 3 -2 -1 4 -3 -3 4 4",48,1,256
10524,1,"1 2 4 4 3 3 4 -3 -1 -3 -2 4",48,1,128
10525,1,"1 2 4 4 4 2 4 4 -2 -2 -1 -4",24,1,-512
10526,1,"1 2 1 4 -2 -1 2 -1 4 -2 4 4",24,1,128
10527,1,"1 2 3 -4 -3 4 -1 4 4 -2 4 4",48,1,-128
10528,1,"1 2 1 2 -1 -2 4 -2 4 4 -1 4",24,1,-128
10529,1,"1 2 -1 -2 1 4 -2 -1 2 4 4 4",24,1,0
10530,1,"1 2 3 4 -1 -2 4 4 -2 -3 2 4",48,1,-128
10531,1,"1 2 2 -1 2 4 -2 4 4 4 -2 -2",24,1,0
10532,1,"1 2 3 4 -3 4 4 -1 4 4 -2 -4",48,1,-128
10533,1,"1 4 2 4 -2 4 -2 -4 -1 4 4 2",24,1,-128
10534,1,"1 2 4 3 -2 3 4 4 -3 -1 4 -3",48,1,128
10535,1,"1 2 3 3 -1 4 -3 4 -3 4 -2 4",48,1,0
10536,1,"1 2 4 3 -1 -2 4 3 4 -3 -3 4",48,1,0
10537,1,"1 2 4 4 -2 -4 -2 4 -1 4 4 2",24,1,256
10538,1,"1 2 2 4 2 4 4 -2 -1 -2 4 -2",24,1,0
10539,1,"1 2 -1 -2 4 -1 2 4 4 4 -2 1",24,1,-256
10540,1,"1 2 -1 4 3 -2 -2 -3 4 4 2 4",48,1,0
10541,1,"1 2 3 4 4 -3 4 4 -1 4 -2 -4",48,1,-128
10542,1,"1 2 2 4 -2 1 4 -1 4 -1 -2 4",24,1,-128
10543,1,"1 2 3 4 4 -3 4 3 -2 4 -1 -3",48,1,-128
10544,1,"1 2 -1 4 1 4 -1 2 4 -2 -2 4",24,1,128
10545,1,"1 2 3 3 4 4 -2 -3 -3 4 -1 4",48,1,0
10546,1,"1 4 2 -1 4 4 -2 -4 -2 4 4 2",24,1,256
10547,1,"1 2 4 -2 4 4 3 -4 -1 4 -3 4",48,1,0
10548,1,"1 2 3 -4 -1 -3 4 -2 4 4 4 4",48,1,-256
10549,1,"1 2 1 4 -2 -1 4 2 4 -1 -2 4",24,1,128
10550,1,"1 2 3 4 4 -1 -2 4 2 -3 4 -2",48,1,0
10551,1,"1 1 4 -1 4 4 -1 -1 -4 1 4 4",6,1,-512
10552,1,"1 2 4 -1 3 3 4 4 -3 -2 -3 4",48,1,128
10553,1,"1 2 3 4 -3 4 4 4 -2 3 -1 -3",48,1,-128
10554,1,"1 4 -1 -4 2 4 4 2 4 4 -2 -2",24,1,256
10555,1,"1 2 -1 -2 4 -2 4 2 2 4 -2 4",24,1,-128
10556,1,"1 2 1 2 4 -1 4 4 -2 4 -1 -2",24,1,-128
10557,1,"1 2 2 4 -2 -1 4 2 4 -2 4 -2",24,1,128
10558,1,"1 2 3 3 -1 4 4 4 4 -3 -3 -2",48,1,-512
10559,1,"1 2 4 -1 3 4 -3 -4 -2 4 4 4",48,1,128
10560,1,"1 2 3 4 4 -3 -3 -1 3 -2 4 4",48,1,0
10561,1,"1 2 1 -2 4 4 -1 4 2 -1 4 -2",24,1,128
10562,1,"1 2 3 4 4 4 4 -3 4 -1 -2 -4",48,1,-256
10563,1,"1 2 -1 -1 4 4 -2 1 2 4 -2 4",24,1,-256
10564,1,"1 2 3 4 4 4 4 -1 -2 -4 -3 4",48,1,-256
10565,1,"1 2 3 4 -3 4 3 4 -1 4 -2 -3",48,1,-64
10566,1,"1 2 3 4 4 4 4 3 -1 -3 -3 -2",48,1,-512
10567,1,"1 2 -1 4 3 2 4 -2 4 -2 -3 4",48,1,0
10568,1,"1 2 -1 4 4 2 -1 4 -2 4 -2 1",24,1,-256
10569,1,"1 2 4 4 -1 -4 2 4 4 4 -2 -2",24,1,512
10570,1,"1 2 -1 -1 4 2 4 1 4 -2 -2 4",24,1,0
10571,1,"1 2 4 -1 3 4 -3 -3 -2 4 3 4",48,1,128
10572,1,"1 2 3 4 -2 -2 -3 4 2 4 -1 4",48,1,0
10573,1,"1 2 2 4 4 -2 -4 -1 4 4 4 -2",24,1,512
10574,1,"1 2 4 3 -2 4 4 4 -3 4 -1 -4",48,1,-128
10575,1,"1 2 -1 4 4 4 4 3 -4 -2 -3 4",48,1,0
10576,1,"1 4 2 -1 -4 -2 4 -2 4 4 4 2",24,1,0
10577,1,"1 2 2 3 4 -2 4 -3 -2 4 -1 4",48,1,128
10578,1,"1 2 -1 4 4 3 -2 3 4 -3 -3 4",48,1,0
10579,1,"1 2 3 -2 3 4 -1 4 -3 4 -3 4",48,1,64
10580,1,"1 1 -4 1 4 4 -1 4 -1 4 -1 4",6,1,256
10581,1,"1 2 -1 -4 -2 4 -2 4 4 2 4 4",24,1,-256
10582,1,"1 2 2 -1 4 -2 -1 4 1 -2 4 4",24,1,256
10583,1,"1 2 3 4 -1 4 4 -3 -4 -2 4 4",48,1,128
10584,1,"1 2 3 4 -2 -1 -2 4 -3 4 4 2",48,1,128
10585,1,"1 2 2 3 4 -2 -2 4 -3 4 -1 4",48,1,128
10586,1,"1 2 4 3 4 -1 3 4 -2 -3 -3 4",48,1,0
10587,1,"1 2 3 3 -1 4 4 4 -3 -2 -3 4",48,1,0
10588,1,"1 2 -1 2 4 4 4 4 -2 4 -2 -4",24,1,-256
10589,1,"1 2 3 -2 4 -2 -3 4 4 -1 2 4",48,1,-128
10590,1,"1 2 -1 4 3 4 4 3 -2 4 -3 -3",48,1,-128
10591,1,"1 4 4 2 4 4 -2 -1 -4 2 4 -2",24,1,0
10592,1,"1 4 2 -4 -4 -2 4 4 -1 4 4 4",24,1,-512
10593,1,"1 2 3 4 -1 3 -2 4 -3 -3 4 4",48,1,0
10594,1,"1 2 2 3 -2 4 -1 4 -3 4 4 -2",48,1,0
10595,1,"1 2 4 4 -2 -4 2 4 4 -1 4 -2",24,1,0
10596,1,"1 2 3 4 -2 -1 3 4 4 4 -3 -3",48,1,256
10597,1,"1 2 3 2 4 -2 4 -3 -2 -1 4 4",48,1,128
10598,1,"1 2 -1 -2 -2 4 2 2 4 4 -2 4",24,1,-256
10599,1,"1 2 4 -2 4 -2 -1 -2 4 2 4 2",12,1,128
10600,1,"1 2 2 4 -2 4 -1 -2 4 -1 4 1",24,1,0
10601,1,"1 2 -1 -2 4 3 4 -3 -3 4 3 4",48,1,-128
10602,1,"1 2 2 4 -2 -1 4 3 4 -3 4 -2",48,1,128
10603,1,"1 2 4 3 4 -2 4 3 -1 4 -3 -3",48,1,0
10604,1,"1 2 3 2 -1 4 -3 -2 -2 4 4 4",48,1,0
10605,1,"1 2 3 -2 4 -2 4 -1 4 -3 4 2",48,1,0
10606,1,"1 2 2 3 4 4 -3 -2 -2 4 -1 4",48,1,256
10607,1,"1 2 -1 -2 4 -2 -2 4 4 2 4 2",24,1,0
10608,1,"1 2 1 4 -2 -2 -1 2 4 -1 4 4",24,1,0
10609,1,"1 2 -1 -2 4 4 4 4 2 -4 -2 4",24,1,256
10610,1,"1 2 4 4 -1 2 -4 -2 -2 4 4 4",24,1,-512
10611,1,"1 2 4 3 3 -1 4 4 -3 -2 4 -3",48,1,0
10612,1,"1 2 -1 2 4 3 -2 -2 -3 4 4 4",48,1,0
10613,1,"1 2 4 -1 2 4 -2 -2 -2 4 4 2",24,1,256
10614,1,"1 2 3 -2 -3 4 -3 4 -1 4 4 3",48,1,0
10615,1,"1 2 3 4 4 -2 -3 4 4 4 -1 -4",48,1,0
10616,1,"1 2 -1 4 4 3 -2 4 4 4 -3 -4",48,1,-256
10617,1,"1 2 3 4 4 -1 2 4 -2 -3 -2 4",48,1,128
10618,1,"1 4 2 4 -1 4 4 -2 4 2 -4 -2",24,1,-128
10619,1,"1 2 2 4 -2 -2 -1 4 2 4 -2 4",24,1,256
10620,1,"1 2 4 2 4 2 -1 -2 4 -2 4 -2",12,1,-128
10621,1,"1 2 -1 -1 -2 4 1 2 4 4 -2 4",24,1,-256
10622,1,"1 2 2 -1 -1 -2 4 -2 4 1 4 4",24,1,-256
10623,1,"1 2 4 4 2 4 -2 4 4 -1 -4 -2",24,1,-256
10624,1,"1 2 3 4 4 -2 4 -1 4 4 -3 -4",48,1,-128
10625,1,"1 2 2 4 -1 -2 4 -2 -2 4 4 2",24,1,256
10626,1,"1 2 1 4 -1 4 2 4 -1 4 -2 -2",24,1,128
10627,1,"1 2 3 3 -2 4 -3 4 4 -1 4 -3",48,1,-128
10628,1,"1 2 4 -1 -2 4 2 -1 4 -2 4 1",24,1,-128
10629,1,"1 2 3 4 -3 -2 -1 -3 4 3 4 4",48,1,128
10630,1,"1 4 2 -4 2 4 -1 4 4 -2 -2 4",24,1,256
10631,1,"1 2 -4 -2 4 2 4 -1 4 -2 4 4",24,1,-128
10632,1,"1 2 3 3 -2 4 4 -3 -3 4 -1 4",48,1,0
10633,1,"1 2 1 2 -1 4 -1 4 -2 -2 4 4",24,1,0
10634,1,"1 2 3 3 -1 4 -2 4 4 -3 4 -3",48,1,-128
10635,1,"1 2 3 4 -3 -1 -3 4 4 3 -2 4",48,1,0
10636,1,"1 4 2 4 -2 4 4 -1 4 2 -4 -2",24,1,-128
10637,1,"1 2 -1 -2 4 4 -2 4 -1 2 1 4",24,1,128
10638,1,"1 4 4 2 4 2 4 4 -2 -2 -1 -4",24,1,-256
10639,1,"1 2 3 4 -2 4 2 -3 -2 -1 4 4",48,1,128
10640,1,"1 1 4 4 -1 -1 -4 1 4 4 -1 4",6,1,-512
10641,1,"1 2 4 -2 -2 4 -1 2 4 -2 4 2",24,1,128
10642,1,"1 2 3 -2 4 -2 4 4 -1 2 -3 4",48,1,0
10643,1,"1 2 -1 4 -1 -2 1 4 2 4 -2 4",24,1,-128
10644,1,"1 2 3 3 4 -1 -3 -3 4 -2 4 4",48,1,0
10645,1,"1 2 3 4 4 4 -1 -4 -3 4 -2 4",48,1,-128
10646,1,"1 2 4 4 -2 4 2 -4 -2 -1 4 4",24,1,-256
10647,1,"1 4 2 -4 -1 -4 -2 4 4 4 4 4",24,1,-512
10648,1,"1 2 1 -2 4 4 -2 -1 4 -1 2 4",24,1,-128
10649,1,"1 2 3 -1 3 4 4 -2 -3 4 4 -3",48,1,-128
10650,1,"1 2 3 3 4 -2 -3 -1 -3 4 4 4",48,1,0
10651,1,"1 2 -1 4 3 -2 -2 4 4 -3 2 4",48,1,0
10652,1,"1 2 1 4 2 -1 -2 -1 4 4 -2 4",24,1,128
10653,1,"1 4 2 4 -1 4 4 2 4 -2 -4 -2",24,1,128
10654,1,"1 2 4 3 4 -2 3 4 -3 4 -1 -3",48,1,64
10655,1,"1 2 4 -1 3 4 -2 -3 -3 4 3 4",48,1,0
10656,1,"1 2 2 3 -2 4 -2 -1 4 4 -3 4",48,1,0
10657,1,"1 2 1 -2 4 -1 4 -2 4 -1 2 4",24,1,0
10658,1,"1 2 4 4 3 4 -3 4 -1 3 -2 -3",48,1,-128
10659,1,"1 2 3 -2 3 4 4 -3 -1 -3 4 4",48,1,128
10660,1,"1 2 4 4 -1 3 4 3 -2 -3 -3 4",48,1,-128
10661,1,"1 2 4 4 3 3 -2 4 -3 -1 -3 4",48,1,128
10662,1,"1 2 1 2 -1 -2 -1 4 -2 4 4 4",24,1,0
10663,1,"1 2 4 4 4 4 4 -1 4 -2 -4 -4",24,1,-512
10664,1,"1 2 1 4 -2 4 2 4 -1 -1 4 -2",24,1,128
10665,1,"1 2 4 -2 -2 3 4 -3 4 2 -1 4",48,1,0
10666,1,"1 2 3 -2 3 4 4 4 -1 -3 4 -3",48,1,-128
10667,1,"1 2 4 -2 -1 4 3 4 -2 -3 4 2",48,1,64
10668,1,"1 2 4 -2 4 -2 4 -1 4 4 2 -4",24,1,128
10669,1,"1 2 3 4 4 4 -3 -1 4 4 -2 -4",48,1,0
10670,1,"1 2 -1 -2 4 4 -2 -1 2 4 4 1",24,1,256
10671,1,"1 2 4 3 -2 4 4 3 -1 4 -3 -3",48,1,-128
10672,1,"1 4 2 4 4 -1 -4 2 4 4 -2 -2",24,1,256
10673,1,"1 2 4 -1 3 3 -2 -3 -3 4 4 4",48,1,-256
10674,1,"1 2 4 -2 3 4 4 4 3 -1 -3 -3",48,1,0
10675,1,"1 2 2 4 -2 -1 4 -1 -2 4 1 4",24,1,128
10676,1,"1 2 4 4 2 4 -2 -4 -2 -1 4 4",24,1,256
10677,1,"1 2 2 -1 4 -2 -1 4 -2 4 1 4",24,1,128
10678,1,"1 2 -1 -2 -2 4 3 4 2 -3 4 4",48,1,-128
10679,1,"1 2 -1 4 4 4 4 -2 3 4 -3 -4",48,1,256
10680,1,"1 2 3 4 -3 4 4 -1 3 -2 4 -3",48,1,0
10681,1,"1 2 3 3 4 -1 -3 4 4 -3 4 -2",48,1,-128
10682,1,"1 2 3 -1 -2 3 4 4 -3 4 4 -3",48,1,0
10683,1,"1 2 -1 -2 4 1 -2 4 4 -1 2 4",24,1,128
10684,1,"1 2 -1 4 4 1 -2 -2 4 -1 2 4",24,1,256
10685,1,"1 2 3 4 -3 -3 4 -2 3 4 -1 4",48,1,128
10686,1,"1 2 -1 -2 4 3 4 4 -3 -2 4 2",48,1,0
10687,1,"1 4 4 -1 -4 2 4 -2 4 -2 4 2",24,1,-128
10688,1,"1 2 4 3 -1 -3 -3 -2 4 4 4 3",48,1,0
10689,1,"1 2 3 4 -2 3 4 -1 4 4 -3 -3",48,1,128
10690,1,"1 2 4 4 4 3 4 -3 -2 -3 -1 3",48,1,-128
10691,1,"1 2 3 4 2 -1 4 4 -3 -2 -2 4",48,1,128
10692,1,"1 2 -1 -1 4 2 4 1 -2 -2 4 4",24,1,256
10693,1,"1 2 -4 -4 -2 4 -1 4 4 4 4 4",24,1,-512
10694,1,"1 2 -1 4 4 4 -2 -2 4 4 2 -4",24,1,512
10695,1,"1 2 1 -2 -1 -2 4 -1 4 2 4 4",24,1,128
10696,1,"1 2 4 3 4 -2 4 4 4 -3 -1 -4",48,1,-128
10697,1,"1 2 -1 -2 4 -2 3 4 2 -3 4 4",48,1,0
10698,1,"1 2 -1 -1 2 1 -2 -2 4 4 4 4",24,1,512
10699,1,"1 2 4 3 -1 -3 4 -2 -3 4 4 3",48,1,128
10700,1,"1 2 4 -2 4 2 -1 2 4 -2 4 -2",24,1,0
10701,1,"1 2 3 3 4 4 -1 4 -3 -2 -3 4",48,1,128
10702,1,"1 2 3 4 -2 4 -3 -1 -3 4 4 3",48,1,128
10703,1,"1 2 3 4 -3 4 -1 4 3 -2 -3 4",48,1,-64
10704,1,"1 2 3 -2 4 -3 4 -1 2 4 4 -2",48,1,0
10705,1,"1 2 4 2 -1 -4 -2 -2 4 4 4 4",24,1,-512
10706,1,"1 2 3 -1 4 -2 -3 4 4 -3 4 3",48,1,128
10707,1,"1 2 3 4 -2 -3 -1 4 4 -3 4 3",48,1,128
10708,1,"1 2 2 4 3 4 -1 4 -3 4 -2 -2",48,1,0
10709,1,"1 2 4 -2 -2 -4 -1 4 4 4 2 4",24,1,256
10710,1,"1 2 -1 4 2 4 4 -2 -2 -2 4 2",24,1,256
10711,1,"1 2 1 -2 -1 2 4 4 -1 4 4 -2",24,1,0
10712,1,"1 2 3 4 4 -3 4 3 -2 -3 -1 4",48,1,0
10713,1,"1 2 4 4 3 4 -3 -2 3 -1 -3 4",48,1,128
10714,1,"1 2 3 4 4 -2 4 4 -3 -3 -1 3",48,1,0
10715,1,"1 1 4 -1 -1 4 1 4 4 4 -1 -4",6,1,-512
10716,1,"1 2 -1 -2 4 2 2 4 4 -2 4 -2",24,1,-256
10717,1,"1 2 2 4 4 2 -1 4 4 -2 -2 -2",24,1,-512
10718,1,"1 2 4 -1 4 4 3 -2 -3 -3 4 3",48,1,128
10719,1,"1 2 3 -4 -2 -3 4 4 4 -1 4 4",48,1,-256
10720,1,"1 2 4 4 4 3 4 -2 4 -3 -1 -4",48,1,-128
10721,1,"1 2 3 4 4 -1 3 4 -2 -3 4 -3",48,1,0
10722,1,"1 2 -1 4 3 3 4 -3 -3 -2 4 4",48,1,0
10723,1,"1 4 2 4 3 3 -2 4 -1 4 -3 -3",24,1,128
10724,1,"1 2 3 4 4 3 4 -2 4 -1 -3 -3",48,1,-128
10725,1,"1 2 4 3 -1 3 4 -3 -2 -3 4 4",48,1,128
10726,1,"1 2 3 4 3 4 -3 4 -2 -1 4 -3",48,1,0
10727,1,"1 4 4 4 2 2 -1 -4 -2 4 4 -2",24,1,-512
10728,1,"1 2 3 4 4 4 -1 4 -3 -3 -2 3",48,1,0
10729,1,"1 2 1 -2 4 4 -2 4 -1 2 -1 4",24,1,128
10730,1,"1 2 4 4 -2 4 -1 4 2 4 -2 -4",24,1,-128
10731,1,"1 2 3 4 -1 -2 4 4 2 -3 4 -2",48,1,0
10732,1,"1 2 1 4 -1 -2 -1 4 2 4 -2 4",24,1,128
10733,1,"1 2 3 4 3 4 -1 4 -2 -3 4 -3",48,1,-64
10734,1,"1 2 4 4 4 4 -2 -1 2 -4 -2 4",24,1,-256
10735,1,"1 2 1 4 -2 -2 4 2 -1 -1 4 4",24,1,256
10736,1,"1 2 3 3 -1 -3 4 4 -3 4 4 -2",48,1,-256
10737,1,"1 2 1 4 -1 4 -1 4 2 4 -2 -2",24,1,128
10738,1,"1 2 3 4 -1 4 4 4 -2 4 -3 -4",48,1,-128
10739,1,"1 2 1 2 4 4 4 -1 -1 4 -2 -2",24,1,0
10740,1,"1 2 3 4 -3 4 -2 -3 -1 3 4 4",48,1,128
10741,1,"1 2 -1 4 4 -2 3 3 4 -3 4 -3",48,1,128
10742,1,"1 2 4 3 4 -2 3 -1 -3 4 -3 4",48,1,64
10743,1,"1 2 4 3 3 4 4 -1 -3 -2 4 -3",48,1,0
10744,1,"1 2 -1 2 4 3 -2 -2 4 4 -3 4",48,1,128
10745,1,"1 2 -1 4 -2 3 2 -3 4 -2 4 4",48,1,0
10746,1,"1 2 3 4 -1 -2 -2 -3 2 4 4 4",48,1,-256
10747,1,"1 2 4 3 -2 4 4 4 -3 -4 -1 4",48,1,128
10748,1,"1 2 1 2 -1 -1 4 4 4 -2 -2 4",24,1,0
10749,1,"1 2 2 3 -2 4 -1 -2 4 -3 4 4",48,1,0
10750,1,"1 2 -1 4 -1 4 4 -2 -2 4 2 1",24,1,256
10751,1,"1 2 1 4 4 -1 -2 4 2 -1 -2 4",24,1,-128
10752,1,"1 2 2 1 4 -1 -1 -2 4 -2 4 4",24,1,256
10753,1,"1 2 3 4 3 -1 4 -2 -3 4 4 -3",48,1,-128
10754,1,"1 2 3 -2 4 -2 -1 2 4 -3 4 4",48,1,0
10755,1,"1 4 2 4 -2 4 4 -1 -4 -2 4 2",24,1,128
10756,1,"1 2 2 -1 2 4 -2 4 4 -2 4 -2",24,1,0
10757,1,"1 2 -1 -2 4 4 -2 4 1 2 -1 4",24,1,-128
10758,1,"1 2 -4 -1 4 -2 4 -2 4 2 4 4",24,1,-128
10759,1,"1 2 3 4 -3 -1 4 -2 -3 4 4 3",48,1,0
10760,1,"1 2 3 4 -3 4 -2 -3 -1 4 4 3",48,1,128
10761,1,"1 2 -1 -2 4 3 4 2 -3 4 4 -2",48,1,-128
10762,1,"1 2 3 4 4 -3 4 -1 4 4 -2 -4",48,1,-128
10763,1,"1 2 1 4 -2 -1 4 4 2 4 -1 -2",24,1,128
10764,1,"1 2 -1 4 -1 4 1 -2 -2 4 2 4",24,1,128
10765,1,"1 2 4 3 4 4 4 -1 4 -3 -2 -4",48,1,-128
10766,1,"1 2 1 4 -2 -1 4 2 -1 4 -2 4",24,1,128
10767,1,"1 2 3 4 4 4 -2 -3 -1 -3 4 3",48,1,128
10768,1,"1 2 4 4 3 4 -1 3 -2 -3 -3 4",48,1,-128
10769,1,"1 2 -1 -2 4 -2 1 4 4 -1 2 4",24,1,-128
10770,1,"1 2 2 1 4 4 -2 -2 -1 -1 4 4",24,1,512
10771,1,"1 2 3 -2 -3 -1 4 3 4 -3 4 4",48,1,0
10772,1,"1 2 4 4 4 4 2 -1 -2 -4 -2 4",24,1,-256
10773,1,"1 4 2 -4 2 4 4 -2 4 -2 -1 4",24,1,128
10774,1,"1 2 4 2 2 4 -1 4 -2 4 -2 -2",24,1,0
10775,1,"1 2 3 3 -2 4 -3 -3 -1 4 4 4",48,1,256
10776,1,"1 2 1 4 -2 4 -1 2 4 4 -1 -2",24,1,128
10777,1,"1 2 4 2 2 4 -2 4 -1 4 -2 -2",24,1,0
10778,1,"1 2 3 -2 -1 4 -2 4 -3 4 4 2",48,1,0
10779,1,"1 2 3 4 3 -1 4 -3 -3 -2 4 4",48,1,0
10780,1,"1 2 2 -1 4 -1 4 -2 1 4 -2 4",24,1,-128
10781,1,"1 2 1 4 4 -2 -2 -1 -1 4 2 4",24,1,256
10782,1,"1 2 4 -2 3 3 4 -3 4 4 -1 -3",48,1,128
10783,1,"1 2 3 4 4 -1 4 -3 -2 -2 4 2",48,1,256
10784,1,"1 2 -1 4 2 3 -2 -3 4 4 4 -2",48,1,128
10785,1,"1 2 1 -2 -1 4 2 4 -2 -1 4 4",24,1,-128
10786,1,"1 2 -1 -2 4 3 4 2 4 -2 -3 4",48,1,-64
10787,1,"1 2 3 4 4 4 4 -2 -4 -3 -1 4",48,1,0
10788,1,"1 2 3 4 -3 4 3 4 4 -3 -1 -2",48,1,0
10789,1,"1 2 -1 4 -2 -1 4 2 1 4 -2 4",24,1,128
10790,1,"1 2 4 -1 4 3 4 3 4 -2 -3 -3",48,1,0
10791,1,"1 2 1 2 -1 4 4 -2 4 -1 -2 4",24,1,-128
10792,1,"1 2 4 -2 -1 4 4 4 -2 4 2 -4",24,1,0
10793,1,"1 2 -1 -1 -2 4 -2 1 2 4 4 4",24,1,-256
10794,1,"1 1 4 4 4 4 -1 -4 -4 -1 4 4",6,1,1024
10795,1,"1 4 2 2 2 4 -2 4 -2 -2 -1 4",24,1,256
10796,1,"1 2 3 4 2 -1 -2 -3 4 -2 4 4",48,1,-128
10797,1,"1 2 3 4 4 -1 4 -2 -3 -2 4 2",48,1,128
10798,1,"1 2 2 3 4 -2 -1 4 4 -2 -3 4",48,1,128
10799,1,"1 2 3 -1 4 4 -3 4 3 -2 4 -3",48,1,-128
10800,1,"1 2 3 -2 4 -3 -1 4 3 4 4 -3",48,1,0
10801,1,"1 2 4 -2 4 3 4 4 -3 -3 -1 3",48,1,-128
10802,1,"1 2 4 3 4 -1 -3 -4 -2 4 4 4",48,1,-128
10803,1,"1 2 4 4 4 -2 4 4 -2 -1 -4 2",24,1,-256
10804,1,"1 2 4 1 4 -1 -1 2 4 -2 -2 4",24,1,256
10805,1,"1 2 3 -1 4 3 4 4 -3 -3 -2 4",48,1,0
10806,1,"1 2 4 -2 -4 3 4 -3 -1 4 4 4",48,1,-128
10807,1,"1 2 3 -1 -3 4 4 -3 -2 3 4 4",48,1,-128
10808,1,"1 2 4 4 4 2 4 -2 -1 4 -2 -4",24,1,0
10809,1,"1 2 4 -2 -2 1 4 -1 -1 2 4 4",24,1,256
10810,1,"1 2 3 -2 4 -2 -3 4 -1 4 2 4",48,1,-64
10811,1,"1 4 4 -1 4 4 4 4 2 -4 -2 -4",24,1,0
10812,1,"1 2 3 -2 -1 4 4 -3 2 4 -2 4",48,1,0
10813,1,"1 2 4 4 -2 4 -1 3 4 4 -3 -4",48,1,128
10814,1,"1 2 -1 4 3 4 3 4 -2 4 -3 -3",48,1,0
10815,1,"1 2 4 3 -1 -3 -3 4 4 -2 4 3",48,1,128
10816,1,"1 2 -1 4 -1 -2 -2 4 2 4 1 4",24,1,-128
10817,1,"1 2 -1 -4 -4 -2 4 4 4 4 4 4",24,1,-1024
10818,1,"1 2 3 4 4 -3 -1 4 4 3 -2 -3",48,1,-128
10819,1,"1 2 4 -2 -4 2 4 -2 4 4 -1 4",24,1,-128
10820,1,"1 2 4 4 -2 -2 4 4 2 -4 -1 4",24,1,-256
10821,1,"1 2 4 4 4 -1 4 4 2 -4 -2 -2",24,1,0
10822,1,"1 2 4 4 4 -1 -4 2 4 -2 -2 4",24,1,256
10823,1,"1 2 4 3 4 -2 3 4 -1 4 -3 -3",48,1,128
10824,1,"1 4 2 -1 4 -2 -4 2 4 -2 4 4",24,1,-128
10825,1,"1 2 4 2 2 -1 4 -2 -2 4 4 -2",24,1,-256
10826,1,"1 2 3 4 -3 -2 4 -3 -1 4 4 3",48,1,0
10827,1,"1 2 4 2 -1 4 4 2 4 -2 -2 -2",24,1,-256
10828,1,"1 2 4 2 -4 -2 4 -2 4 4 -1 4",24,1,-128
10829,1,"1 4 4 2 -4 2 -1 4 4 4 -2 -2",24,1,0
10830,1,"1 2 4 4 3 -2 4 4 3 -1 -3 -3",48,1,-256
10831,1,"1 2 4 4 -2 4 4 4 4 -1 -4 -4",24,1,-512
10832,1,"1 2 4 2 -4 -1 4 -2 4 4 -2 4",24,1,-128
10833,1,"1 2 3 -4 -1 -2 4 4 -3 4 4 4",48,1,-256
10834,1,"1 2 2 1 4 -1 -1 4 -2 4 -2 4",24,1,256
10835,1,"1 2 -1 4 -1 -2 -2 4 4 2 4 1",24,1,-256
10836,1,"1 2 3 -4 -2 4 4 -3 4 -1 4 4",48,1,-128
10837,1,"1 2 -4 -2 4 4 3 4 -1 4 -3 4",48,1,-128
10838,1,"1 2 3 4 -1 3 -2 4 4 4 -3 -3",48,1,0
10839,1,"1 2 3 -1 -4 -3 4 4 4 4 -2 4",48,1,-256
10840,1,"1 2 3 3 -2 4 -3 4 4 -1 -3 4",48,1,-128
10841,1,"1 2 3 4 -3 -1 4 4 -2 3 4 -3",48,1,128
10842,1,"1 2 4 4 3 4 -3 -1 -3 -2 3 4",48,1,0
10843,1,"1 2 3 -2 -1 -3 4 -3 4 3 4 4",48,1,-128
10844,1,"1 2 2 -1 4 -2 3 4 4 -3 -2 4",48,1,0
10845,1,"1 2 3 3 4 -1 -2 4 4 4 -3 -3",48,1,0
10846,1,"1 2 3 3 4 -3 -1 4 -3 4 4 -2",48,1,128
10847,1,"1 2 3 4 -3 4 4 -3 -2 4 -1 3",48,1,0
10848,1,"1 2 4 3 3 4 -2 4 -1 -3 -3 4",48,1,128
10849,1,"1 2 4 2 -4 -2 -1 4 -2 4 4 4",24,1,-256
10850,1,"1 2 3 3 -1 4 -2 4 4 -3 -3 4",48,1,0
10851,1,"1 2 1 2 4 -1 -1 -2 -2 4 4 4",24,1,0
10852,1,"1 2 4 -2 -4 -2 4 2 4 4 -1 4",24,1,128
10853,1,"1 2 3 4 -1 -2 -2 4 2 -3 4 4",48,1,128
10854,1,"1 4 2 2 4 -2 -2 -1 4 -2 4 2",24,1,0
10855,1,"1 2 3 2 -3 4 -1 4 -2 4 -2 4",48,1,64
10856,1,"1 2 2 2 4 -2 -2 -2 -1 4 4 4",24,1,1024
10857,1,"1 2 3 4 -1 4 4 -2 -3 -3 4 3",48,1,128
10858,1,"1 2 3 -2 4 -1 -2 4 2 4 -3 4",48,1,0
10859,1,"1 4 4 -1 -4 1 -4 -1 4 4 4 4",6,1,512
10860,1,"1 2 1 2 4 4 -2 -2 -1 4 -1 4",24,1,256
10861,1,"1 2 4 3 4 -3 -1 3 -2 -3 4 4",48,1,-128
10862,1,"1 4 2 2 -1 -4 -2 4 4 4 4 -2",24,1,-512
10863,1,"1 2 2 4 2 -1 -2 4 4 -2 4 -2",24,1,-256
10864,1,"1 2 4 4 2 4 -1 -4 -2 -2 4 4",24,1,-256
10865,1,"1 2 -1 -2 -2 4 3 2 -3 4 4 4",48,1,0
10866,1,"1 4 4 2 -4 -1 -4 -2 4 4 4 4",24,1,-512
10867,1,"1 2 3 -1 3 4 4 -2 -3 4 -3 4",48,1,0
10868,1,"1 2 4 4 3 3 -2 -3 -1 4 4 -3",48,1,0
10869,1,"1 2 4 -1 3 3 -2 4 4 4 -3 -3",48,1,0
10870,1,"1 2 -1 4 1 2 -1 4 -2 4 -2 4",24,1,-128
10871,1,"1 4 2 4 -1 4 2 4 4 -2 -4 -2",24,1,128
10872,1,"1 2 4 2 2 4 -2 -2 -1 4 4 -2",24,1,256
10873,1,"1 2 -1 4 -2 4 4 4 -2 4 2 -4",24,1,256
10874,1,"1 2 4 -1 -1 2 4 4 -2 -2 1 4",24,1,256
10875,1,"1 2 3 4 -3 4 -2 -2 -1 2 4 4",48,1,128
10876,1,"1 2 4 4 4 -2 -1 4 -2 -4 2 4",24,1,-256
10877,1,"1 1 1 1 4 -1 -1 4 4 -1 -1 4",6,1,1024
10878,1,"1 2 4 -1 -2 -4 3 4 4 4 -3 4",48,1,0
10879,1,"1 2 3 4 -1 -2 -3 4 4 -2 4 2",48,1,0
10880,1,"1 2 3 -4 -3 4 4 4 -2 -1 4 4",48,1,-256
10881,1,"1 2 3 4 -2 -4 -3 4 -1 4 4 4",48,1,-128
10882,1,"1 2 -1 4 -2 1 4 -2 4 -1 2 4",24,1,0
10883,1,"1 2 1 -2 4 -1 4 -2 -1 4 2 4",24,1,0
10884,1,"1 2 3 4 -1 4 2 -3 -2 4 -2 4",48,1,64
10885,1,"1 2 2 4 4 4 -2 -2 4 4 -1 -4",24,1,-512
10886,1,"1 2 3 3 -2 -1 4 4 -3 -3 4 4",48,1,0
10887,1,"1 2 -1 -2 4 1 4 2 4 -2 -1 4",24,1,0
10888,1,"1 2 4 -1 3 4 3 4 -2 -3 -3 4",48,1,0
10889,1,"1 2 -1 -1 4 2 1 -2 4 -2 4 4",24,1,256
10890,1,"1 2 3 4 -2 4 -3 4 4 3 -1 -3",48,1,-128
10891,1,"1 2 4 -2 4 3 3 -1 -3 4 -3 4",48,1,0
10892,1,"1 2 3 -2 -1 4 -3 4 2 4 -2 4",48,1,0
10893,1,"1 2 4 4 4 4 -1 4 4 -2 -4 -4",24,1,-512
10894,1,"1 2 2 4 -2 4 -1 4 -2 -2 4 2",24,1,256
10895,1,"1 2 4 4 3 4 -2 -3 4 3 -1 -3",48,1,-128
10896,1,"1 2 3 4 2 -1 -2 4 4 -3 4 -2",48,1,-128
10897,1,"1 2 3 4 -3 -2 -2 4 -1 4 4 2",48,1,256
10898,1,"1 2 -1 -2 4 -1 4 1 -2 4 2 4",24,1,0
10899,1,"1 2 3 4 -1 4 3 4 -2 -3 -3 4",48,1,0
10900,1,"1 2 3 4 3 -1 4 -3 -3 4 4 -2",48,1,-128
10901,1,"1 2 4 -1 4 -2 3 -2 4 2 -3 4",48,1,64
10902,1,"1 4 2 4 2 -1 4 -2 4 4 -2 -4",24,1,-128
10903,1,"1 2 3 2 4 4 -2 -1 4 4 -3 -2",48,1,128
10904,1,"1 2 4 3 -2 4 3 4 -1 4 -3 -3",48,1,0
10905,1,"1 2 3 2 -1 4 -3 4 4 -2 -2 4",48,1,0
10906,1,"1 2 3 -4 -1 4 4 4 -3 4 -2 4",48,1,-128
10907,1,"1 2 1 4 4 4 2 4 -1 -1 -2 -2",24,1,0
10908,1,"1 2 4 4 -2 4 3 4 -3 -3 -1 3",48,1,-128
10909,1,"1 2 3 -2 4 -1 -2 4 4 -3 4 2",48,1,0
10910,1,"1 2 1 2 -1 4 4 4 -1 -2 4 -2",24,1,-256
10911,1,"1 2 1 -2 4 2 -1 -2 4 -1 4 4",24,1,128
10912,1,"1 2 4 -2 3 3 4 4 -3 -1 4 -3",48,1,128
10913,1,"1 2 -1 -2 4 -1 4 -2 1 4 2 4",24,1,-128
10914,1,"1 2 3 2 4 -1 -2 -2 4 -3 4 4",48,1,0
10915,1,"1 2 3 4 -1 4 3 4 -3 -3 -2 4",48,1,128
10916,1,"1 2 4 2 4 4 -2 -4 -2 -1 4 4",24,1,256
10917,1,"1 2 3 -2 4 -2 -3 2 4 -1 4 4",48,1,-128
10918,1,"1 2 3 4 -3 4 4 -3 -1 3 -2 4",48,1,0
10919,1,"1 2 3 -2 3 4 -3 -1 4 4 4 -3",48,1,128
10920,1,"1 2 -1 -1 2 4 1 4 4 -2 4 -2",24,1,0
10921,1,"1 2 3 -1 -2 3 4 4 -3 4 -3 4",48,1,0
10922,1,"1 2 -4 -2 4 3 4 -1 4 -3 4 4",48,1,-128
10923,1,"1 2 -1 -2 4 1 -2 4 -1 4 2 4",24,1,0
10924,1,"1 2 3 4 -3 4 4 4 3 -1 -3 -2",48,1,-256
10925,1,"1 2 -1 -2 4 3 2 4 -3 4 -2 4",48,1,-64
10926,1,"1 2 1 4 -1 2 -1 4 -2 4 4 -2",24,1,128
10927,1,"1 4 2 -4 -2 4 4 4 4 4 -1 -4",24,1,512
10928,1,"1 2 3 -1 -3 -2 -3 4 3 4 4 4",48,1,-128
10929,1,"1 2 2 4 -1 -2 4 3 4 -2 -3 4",48,1,0
10930,1,"1 2 4 -1 4 2 3 -2 4 -2 -3 4",48,1,-64
10931,1,"1 2 1 -2 -1 2 4 -1 4 4 -2 4",24,1,-128
10932,1,"1 2 3 4 3 4 -1 -3 4 -2 -3 4",48,1,0
10933,1,"1 1 1 4 -1 -1 4 -1 -1 4 1 4",6,1,512
10934,1,"1 2 2 -1 -1 -2 4 1 -2 4 4 4",24,1,0
10935,1,"1 2 3 4 -1 -3 4 4 -2 3 4 -3",48,1,0
10936,1,"1 2 3 4 -2 4 -1 -3 -3 4 3 4",48,1,0
10937,1,"1 2 4 2 4 -2 4 4 4 -1 -4 -2",24,1,-256
10938,1,"1 4 4 2 4 4 2 -1 -4 -2 4 -2",24,1,-256
10939,1,"1 2 3 -2 4 -2 4 2 -3 4 -1 4",48,1,64
10940,1,"1 2 1 4 -1 -2 4 4 2 -1 -2 4",24,1,-128
10941,1,"1 4 2 -4 -1 4 4 -2 4 -2 4 2",24,1,128
10942,1,"1 2 -1 4 -2 -2 4 -1 2 4 1 4",24,1,128
10943,1,"1 2 2 -1 -1 -2 -2 4 1 4 4 4",24,1,-512
10944,1,"1 2 4 3 4 -2 -1 4 3 4 -3 -3",48,1,128
10945,1,"1 2 -4 -2 -1 4 2 4 4 4 -2 4",24,1,-256
10946,1,"1 2 2 4 -2 4 4 -1 -1 -2 4 1",24,1,0
10947,1,"1 2 3 4 -2 -3 4 3 -1 -3 4 4",48,1,-128
10948,1,"1 2 2 -1 -2 4 -2 3 4 -3 4 4",48,1,-128
10949,1,"1 2 4 -2 -2 -1 4 2 2 4 4 -2",24,1,256
10950,1,"1 2 1 -2 4 4 -1 -1 2 4 4 -2",24,1,256
10951,1,"1 2 -1 2 4 4 4 -2 -2 -2 4 2",24,1,512
10952,1,"1 2 3 4 4 -3 -2 3 -1 -3 4 4",48,1,128
10953,1,"1 2 -1 4 4 4 4 3 4 -2 -3 -4",48,1,-256
10954,1,"1 2 3 -1 4 4 3 -2 4 -3 -3 4",48,1,0
10955,1,"1 4 4 2 2 -1 -4 -2 4 4 4 -2",24,1,-512
10956,1,"1 2 3 4 4 4 -2 -3 -4 -1 4 4",48,1,256
10957,1,"1 2 -4 3 4 -3 4 4 -2 4 -1 4",48,1,0
10958,1,"1 2 3 4 3 4 -3 -3 -1 4 4 -2",48,1,128
10959,1,"1 2 4 4 2 4 -1 4 4 -2 -2 -4",24,1,-256
10960,1,"1 4 2 4 -1 -4 -2 -2 4 4 2 4",24,1,0
10961,1,"1 2 4 -2 -4 2 4 4 -2 -1 4 4",24,1,-256
10962,1,"1 4 4 2 4 2 -1 -4 -2 4 4 -2",24,1,-256
10963,1,"1 4 2 -4 -2 4 4 2 -1 4 4 -2",24,1,0
10964,1,"1 2 2 -1 -1 4 1 -2 -2 4 4 4",24,1,512
10965,1,"1 4 2 2 -1 4 4 -2 -4 -2 4 4",24,1,256
10966,1,"1 2 3 -2 4 -3 4 4 -2 -1 2 4",48,1,0
10967,1,"1 2 3 2 4 4 -3 4 -2 -2 -1 4",48,1,256
10968,1,"1 2 4 -1 -4 3 4 -3 4 -2 4 4",48,1,0
10969,1,"1 2 3 3 -1 -3 -2 -3 4 4 4 4",48,1,-256
10970,1,"1 2 3 4 -1 -3 4 3 4 -3 -2 4",48,1,0
10971,1,"1 2 3 4 3 -1 -2 4 4 -3 -3 4",48,1,-128
10972,1,"1 2 4 -2 4 4 2 4 4 -1 -2 -4",24,1,-256
10973,1,"1 2 1 4 -2 -2 -1 4 4 2 -1 4",24,1,256
10974,1,"1 2 3 4 4 -2 3 4 -3 -1 -3 4",48,1,128
10975,1,"1 4 2 4 4 -2 -2 4 2 4 -1 -4",24,1,-256
10976,1,"1 2 -1 -2 4 2 4 2 4 4 -2 -2",24,1,-256
10977,1,"1 2 3 4 -2 -2 4 -1 4 2 -3 4",48,1,128
10978,1,"1 2 3 -4 -1 4 4 -2 -3 4 4 4",48,1,0
10979,1,"1 2 -1 4 -2 -2 4 -1 4 1 2 4",24,1,-128
10980,1,"1 2 1 -2 -2 4 4 2 4 -1 -1 4",24,1,256
10981,1,"1 2 2 3 4 -1 4 4 -2 -3 4 -2",48,1,0
10982,1,"1 2 -4 -2 4 -2 4 -1 4 2 4 4",24,1,-128
10983,1,"1 2 3 -4 -2 4 -1 4 -3 4 4 4",48,1,-128
10984,1,"1 2 4 4 3 -2 4 -3 4 3 -1 -3",48,1,-128
10985,1,"1 2 -1 -2 1 4 -2 4 2 -1 4 4",24,1,-128
10986,1,"1 2 4 3 -2 4 -3 4 3 -1 4 -3",48,1,-64
10987,1,"1 2 -1 -1 4 4 -2 -2 1 4 2 4",24,1,-256
10988,1,"1 2 -4 -2 4 4 4 -2 4 2 -1 4",24,1,0
10989,1,"1 2 4 4 -1 -2 -4 2 4 4 4 -2",24,1,256
10990,1,"1 4 2 4 2 -4 -2 -2 4 -1 4 4",24,1,-256
10991,1,"1 2 3 2 4 4 -1 -2 4 -3 4 -2",48,1,-128
10992,1,"1 2 1 2 4 -1 -1 4 -2 -2 4 4",24,1,256
10993,1,"1 2 4 -2 -4 -2 4 4 2 -1 4 4",24,1,0
10994,1,"1 4 4 2 4 4 4 2 -1 -4 -2 -2",24,1,-512
10995,1,"1 2 3 4 -3 4 -3 4 -1 3 -2 4",48,1,0
10996,1,"1 2 4 3 4 3 -1 4 -2 4 -3 -3",48,1,0
10997,1,"1 4 2 2 4 4 4 -1 4 -2 -4 -2",24,1,256
10998,1,"1 2 -1 -2 4 -2 1 4 -1 4 2 4",24,1,-128
10999,1,"1 1 1 -4 -1 4 4 -1 -1 4 4 4",6,1,-1024
11000,1,"1 4 2 3 4 -2 -1 4 2 -3 4 -2",12,1,64
11001,1,"1 2 3 4 -3 -2 4 4 -2 -1 4 2",48,1,128
11002,1,"1 2 4 4 4 2 4 -1 -2 -4 -2 4",24,1,0
11003,1,"1 2 3 4 -2 4 -2 -3 2 4 -1 4",48,1,-64
11004,1,"1 2 3 4 4 4 4 4 -2 -3 -1 -4",48,1,-256
11005,1,"1 2 4 3 3 -2 -3 4 -1 4 4 -3",48,1,-128
11006,1,"1 2 4 -2 3 -1 -3 -3 4 3 4 4",48,1,128
11007,1,"1 2 -4 2 4 -2 4 -1 4 -2 4 4",24,1,128
11008,1,"1 2 3 -1 4 -3 4 4 -2 -3 4 3",48,1,128
11009,1,"1 2 3 3 4 -1 4 -3 -3 -2 4 4",48,1,256
11010,1,"1 2 1 4 4 2 -1 -1 -2 4 -2 4",24,1,0
11011,1,"1 2 3 4 -3 4 -2 -2 4 2 -1 4",48,1,0
11012,1,"1 2 4 -1 4 3 3 4 -2 -3 4 -3",48,1,0
11013,1,"1 4 2 2 4 4 -2 -2 4 4 -1 -4",24,1,-512
11014,1,"1 2 4 3 -2 4 -1 4 3 4 -3 -3",48,1,0
11015,1,"1 2 4 -1 4 3 3 4 4 -2 -3 -3",48,1,0
11016,1,"1 2 1 2 -1 4 4 -2 -1 4 -2 4",24,1,128
11017,1,"1 2 4 -2 4 3 3 4 -3 -1 -3 4",48,1,128
11018,1,"1 2 3 4 -1 4 4 -3 4 4 -2 -4",48,1,-128
11019,1,"1 2 4 -2 3 4 4 3 4 -3 -1 -3",48,1,128
11020,1,"1 4 2 4 -1 4 4 -2 -2 -4 2 4",24,1,-256
11021,1,"1 2 4 -2 3 4 3 4 -1 -3 -3 4",48,1,128
11022,1,"1 2 4 -2 -4 -1 4 2 4 4 4 -2",24,1,256
11023,1,"1 2 3 -2 4 4 -1 4 -2 -3 2 4",48,1,-128
11024,1,"1 2 2 -1 -4 -2 4 -2 4 4 4 4",24,1,-512
11025,1,"1 2 3 4 4 -3 4 -1 4 -3 -2 3",48,1,0
11026,1,"1 2 4 -2 3 4 4 4 -3 -3 -1 3",48,1,-256
11027,1,"1 2 3 4 -3 -1 4 3 -2 4 -3 4",48,1,0
11028,1,"1 2 -1 -1 -2 4 -2 4 4 2 4 1",24,1,-256
11029,1,"1 2 3 -1 3 4 4 4 -3 -3 -2 4",48,1,256
11030,1,"1 4 4 -1 -4 2 4 2 4 -2 4 -2",24,1,128
11031,1,"1 2 1 4 2 4 4 -2 -1 -1 4 -2",24,1,256
11032,1,"1 2 4 4 -2 4 -2 4 4 2 -1 -4",24,1,0
11033,1,"1 4 -1 -4 2 4 2 4 -2 -2 4 4",24,1,0
11034,1,"1 2 2 1 4 -2 4 -1 -1 4 -2 4",24,1,256
11035,1,"1 2 3 3 4 -3 4 4 -1 -3 -2 4",48,1,0
11036,1,"1 2 4 3 -2 -3 4 3 -1 -3 4 4",48,1,-128
11037,1,"1 2 2 4 -2 -1 -4 -2 4 4 4 4",24,1,0
11038,1,"1 2 2 4 -1 4 4 -2 -2 -2 4 2",24,1,512
11039,1,"1 2 3 -2 4 4 3 4 -1 -3 4 -3",48,1,-128
11040,1,"1 2 3 4 -2 -3 -1 4 3 4 -3 4",48,1,64
11041,1,"1 2 4 3 -2 3 4 4 -3 -3 -1 4",48,1,128
11042,1,"1 2 -1 -2 4 -2 3 4 -3 4 2 4",48,1,-64
11043,1,"1 2 3 4 4 4 -3 -1 3 4 -2 -3",48,1,128
11044,1,"1 2 4 4 3 -2 4 3 -1 -3 -3 4",48,1,-128
11045,1,"1 2 4 4 3 4 3 -1 -3 -3 -2 4",48,1,-128
11046,1,"1 2 3 4 -2 3 4 -3 4 4 -1 -3",48,1,0
11047,1,"1 2 3 4 4 4 -1 -3 -3 -2 3 4",48,1,0
11048,1,"1 2 3 2 4 -2 4 -3 4 -1 -2 4",48,1,0
11049,1,"1 2 2 4 -2 -2 -1 -1 4 1 4 4",24,1,512
11050,1,"1 2 3 4 4 -2 4 -3 -3 -1 3 4",48,1,128
11051,1,"1 2 4 3 4 3 -1 4 -2 -3 4 -3",48,1,0
11052,1,"1 2 3 4 -2 4 -2 -1 2 4 -3 4",48,1,64
11053,1,"1 2 2 3 4 -3 4 4 -1 4 -2 -2",48,1,0
11054,1,"1 2 4 -2 4 4 4 -1 -4 -2 4 2",24,1,0
11055,1,"1 2 4 4 3 4 -3 4 4 -2 -1 -4",48,1,-256
11056,1,"1 2 2 1 4 -2 4 -2 4 -1 -1 4",24,1,256
11057,1,"1 2 3 4 -3 4 4 -1 -2 -2 4 2",48,1,128
11058,1,"1 2 4 4 -1 4 3 -4 -2 4 -3 4",48,1,0
11059,1,"1 2 3 4 -1 -2 -3 4 -2 4 2 4",48,1,-64
11060,1,"1 2 -4 -2 -2 4 4 4 -1 4 4 2",24,1,-512
11061,1,"1 2 3 -2 -1 2 4 -3 4 -2 4 4",48,1,0
11062,1,"1 2 2 4 -2 4 4 4 -2 4 -1 -4",24,1,-256
11063,1,"1 2 4 4 3 4 4 -1 4 -2 -3 -4",48,1,-128
11064,1,"1 2 3 4 -3 4 -3 4 -2 -1 4 3",48,1,128
11065,1,"1 2 2 1 4 -1 -1 4 -2 -2 4 4",24,1,512
11066,1,"1 2 4 4 4 3 4 -2 -3 -4 -1 4",48,1,128
11067,1,"1 4 2 4 4 -2 -2 -4 2 4 -1 4",24,1,-256
11068,1,"1 2 4 4 3 4 -3 -2 -4 -1 4 4",48,1,128
11069,1,"1 2 1 4 2 4 -1 -2 -2 -1 4 4",24,1,256
11070,1,"1 2 3 -1 -2 -3 4 4 3 4 4 -3",48,1,-256
11071,1,"1 2 3 4 3 4 -3 -3 4 4 -1 -2",48,1,-128
11072,1,"1 2 -1 -4 2 4 4 -2 4 4 4 -2",24,1,256
11073,1,"1 4 4 2 2 4 -1 4 4 -2 -2 -4",24,1,0
11074,1,"1 2 1 -2 4 -1 -1 2 4 -2 4 4",24,1,0
11075,1,"1 2 4 2 -1 2 4 4 -2 4 -2 -2",24,1,0
11076,1,"1 2 3 2 4 4 -3 -2 4 -1 -2 4",48,1,0
11077,1,"1 2 3 -2 -3 4 3 -1 -3 4 4 4",48,1,-128
11078,1,"1 2 -1 -2 4 -2 -1 4 2 4 1 4",24,1,0
11079,1,"1 2 1 4 -1 2 -1 4 -2 -2 4 4",24,1,256
11080,1,"1 2 2 4 4 -2 4 -1 2 4 -2 -2",24,1,256
11081,1,"1 1 4 1 4 4 4 -1 -4 -1 -1 4",6,1,512
11082,1,"1 2 -1 -2 4 -2 1 2 4 -1 4 4",24,1,-128
11083,1,"1 2 4 2 4 -2 -2 -1 4 -2 4 2",24,1,128
11084,1,"1 2 4 1 -2 4 -1 2 4 -1 -2 4",12,1,128
11085,1,"1 4 2 4 4 2 4 -2 4 -2 -1 -4",24,1,-128
11086,1,"1 2 -1 -2 1 2 4 -1 -2 4 4 4",24,1,0
11087,1,"1 2 4 3 4 -3 -3 4 -1 3 -2 4",48,1,0
11088,1,"1 2 2 -4 -2 -1 4 4 4 4 -2 4",24,1,-512
11089,1,"1 2 4 4 3 4 -1 -4 -3 4 -2 4",48,1,0
11090,1,"1 2 1 -2 4 4 4 2 -1 -1 -2 4",24,1,256
11091,1,"1 2 4 2 -1 -4 -2 4 4 4 4 -2",24,1,-256
11092,1,"1 2 4 2 4 4 -1 -4 -2 -2 4 4",24,1,-256
11093,1,"1 2 4 3 4 3 -2 4 -3 -1 -3 4",48,1,64
11094,1,"1 2 1 4 2 -1 -2 4 4 -1 -2 4",24,1,-128
11095,1,"1 2 2 4 2 4 -2 -2 -1 4 4 -2",24,1,256
11096,1,"1 2 2 -1 4 -1 4 -2 -2 4 1 4",24,1,0
11097,1,"1 2 3 -1 4 -2 -3 4 -3 4 3 4",48,1,0
11098,1,"1 2 4 3 4 4 4 3 -1 -3 -2 -3",48,1,-128
11099,1,"1 2 3 4 -3 -3 -1 3 4 -2 4 4",48,1,128
11100,1,"1 1 1 1 4 -1 -1 4 -1 4 -1 4",6,1,512
11101,1,"1 2 -1 4 1 -2 4 -2 4 -1 2 4",24,1,128
11102,1,"1 2 -1 4 -2 1 4 -2 -1 4 2 4",24,1,0
11103,1,"1 2 1 2 4 -1 -2 4 4 -2 -1 4",24,1,128
11104,1,"1 2 3 4 2 -1 4 -3 -2 4 -2 4",48,1,64
11105,1,"1 2 4 -1 3 3 4 4 -2 -3 -3 4",48,1,0
11106,1,"1 2 3 4 3 4 -3 4 4 -3 -1 -2",48,1,0
11107,1,"1 2 3 4 -3 -2 -3 4 -1 4 4 3",48,1,128
11108,1,"1 2 3 4 4 -2 -3 4 4 3 -1 -3",48,1,-128
11109,1,"1 2 4 3 3 4 -3 -2 -1 4 4 -3",48,1,256
11110,1,"1 2 3 -2 -2 4 4 2 -3 4 -1 4",48,1,128
11111,1,"1 2 3 4 -1 3 4 4 -2 -3 -3 4",48,1,0
11112,1,"1 2 4 -2 3 4 -3 4 2 -1 4 -2",48,1,-64
11113,1,"1 2 2 -1 4 4 1 4 -1 -2 -2 4",24,1,-256
11114,1,"1 2 4 3 3 4 -2 -3 4 -1 -3 4",48,1,0
11115,1,"1 2 3 2 4 -2 4 -2 -3 4 -1 4",48,1,64
11116,1,"1 2 4 3 -2 4 -2 -3 4 2 -1 4",48,1,0
11117,1,"1 2 4 -1 3 -4 -2 4 4 4 -3 4",48,1,-128
11118,1,"1 2 -1 -2 4 2 4 2 4 -2 4 -2",24,1,-128
11119,1,"1 2 1 -2 4 2 -1 -2 -1 4 4 4",24,1,256
11120,1,"1 2 2 3 4 -3 4 4 -2 -2 -1 4",48,1,256
11121,1,"1 2 3 -1 4 4 3 4 -3 -2 4 -3",48,1,0
11122,1,"1 2 3 -2 4 -2 -3 2 -1 4 4 4",48,1,0
11123,1,"1 2 -1 2 4 3 4 4 -3 4 -2 -2",48,1,0
11124,1,"1 2 1 -2 -1 4 -2 4 2 4 -1 4",24,1,0
11125,1,"1 2 3 -2 3 4 -3 -1 4 4 -3 4",48,1,128
11126,1,"1 4 4 4 2 -1 -4 2 4 -2 4 -2",24,1,256
11127,1,"1 2 3 -2 -1 2 -3 4 4 -2 4 4",48,1,-128
11128,1,"1 2 2 4 -1 -2 4 1 4 -1 -2 4",24,1,-128
11129,1,"1 2 3 -1 4 4 -3 4 -3 -2 4 3",48,1,0
11130,1,"1 2 3 2 -3 4 -2 4 -1 4 4 -2",48,1,0
11131,1,"1 2 3 -2 4 4 3 -1 4 4 -3 -3",48,1,-256
11132,1,"1 2 4 -1 -2 4 2 -1 4 -2 1 4",24,1,-128
11133,1,"1 2 3 4 4 -2 -3 4 -2 -1 4 2",48,1,0
11134,1,"1 2 3 4 -2 -3 -3 4 4 4 -1 3",48,1,256
11135,1,"1 2 3 4 4 -1 2 4 -3 -2 -2 4",48,1,128
11136,1,"1 4 2 4 3 4 -3 4 -1 4 -2 -4",48,1,0
11137,1,"1 1 1 4 -1 4 4 -1 -4 -1 4 4",6,1,512
11138,1,"1 2 -1 -2 4 3 2 -3 -2 4 4 4",48,1,128
11139,1,"1 2 -1 -2 4 2 -1 -2 1 4 4 4",24,1,0
11140,1,"1 2 -1 -1 -2 1 4 -2 4 2 4 4",24,1,-256
11141,1,"1 2 3 -1 4 -3 4 4 -3 4 3 -2",48,1,0
11142,1,"1 2 3 -1 -2 4 4 -3 4 -3 4 3",48,1,0
11143,1,"1 2 4 -1 -4 -2 4 2 4 4 -2 4",24,1,-128
11144,1,"1 4 2 4 4 4 2 -4 -2 -2 -1 4",24,1,-256
11145,1,"1 2 3 -2 4 -3 4 4 2 -1 4 -2",48,1,0
11146,1,"1 2 3 3 4 4 -3 -1 4 -3 -2 4",48,1,256
11147,1,"1 2 2 -4 -1 4 4 4 -2 4 4 -2",24,1,-512
11148,1,"1 2 -1 -2 -2 4 4 -2 4 2 2 4",24,1,-256
11149,1,"1 2 4 4 4 -2 4 2 4 -1 -2 -4",24,1,-256
11150,1,"1 2 3 -2 -1 2 4 4 4 -3 4 -2",48,1,0
11151,1,"1 2 4 3 4 4 4 -2 -3 4 -1 -4",48,1,-128
11152,1,"1 2 3 -1 3 -2 4 -3 4 -3 4 4",48,1,0
11153,1,"1 2 3 -1 4 3 4 -2 4 -3 -3 4",48,1,0
11154,1,"1 4 2 4 2 -1 -4 -2 4 4 4 -2",24,1,-256
11155,1,"1 2 1 -2 4 -2 -1 4 2 4 -1 4",24,1,0
11156,1,"1 2 3 4 4 4 -1 -3 -3 4 3 -2",48,1,0
11157,1,"1 2 2 4 -1 4 1 -2 4 -1 -2 4",24,1,128
11158,1,"1 2 4 -1 2 4 1 -2 4 -2 -1 4",24,1,0
11159,1,"1 2 3 4 -3 -3 -2 -1 3 4 4 4",48,1,256
11160,1,"1 2 4 4 3 4 4 -2 4 -1 -3 -4",48,1,-128
11161,1,"1 2 3 4 -2 -2 -3 4 -1 4 2 4",48,1,0
11162,1,"1 2 4 -2 -2 3 4 -1 4 2 -3 4",48,1,0
11163,1,"1 2 4 4 -1 -4 -2 -2 4 4 2 4",24,1,-256
11164,1,"1 2 -1 4 4 -2 3 4 -2 -3 4 2",48,1,128
11165,1,"1 2 3 4 4 -1 -3 -2 3 4 4 -3",48,1,128
11166,1,"1 2 -1 -1 4 -2 4 4 1 2 4 -2",24,1,-256
11167,1,"1 2 3 4 3 -2 -3 4 -3 -1 4 4",48,1,0
11168,1,"1 2 4 4 3 -1 -3 4 3 -2 4 -3",48,1,0
11169,1,"1 2 4 -2 4 4 -1 3 -4 -3 4 4",48,1,-128
11170,1,"1 2 -1 2 4 4 -2 3 4 -3 4 -2",48,1,0
11171,1,"1 4 4 2 -1 -4 2 4 -2 -2 4 4",24,1,256
11172,1,"1 2 4 4 -1 3 4 4 -3 4 -2 -4",48,1,-128
11173,1,"1 1 4 -1 4 1 4 4 -1 4 -1 -4",6,1,-256
11174,1,"1 2 -1 -4 -2 4 4 2 4 4 4 -2",24,1,-256
11175,1,"1 2 4 -2 3 4 -3 4 -3 -1 3 4",48,1,-64
11176,1,"1 2 1 4 -1 4 -2 4 -1 2 4 -2",24,1,128
11177,1,"1 2 3 -2 4 4 -3 4 -2 -1 2 4",48,1,0
11178,1,"1 2 -1 -2 4 2 2 4 4 4 -2 -2",24,1,-512
11179,1,"1 2 -1 4 -2 4 3 2 4 -3 -2 4",48,1,0
11180,1,"1 2 4 4 3 4 -1 -2 -4 -3 4 4",48,1,0
11181,1,"1 2 1 -2 4 -1 -2 4 -1 2 4 4",24,1,128
11182,1,"1 2 3 2 -3 4 4 4 -2 4 -1 -2",48,1,-128
11183,1,"1 2 4 3 4 3 4 -1 -3 -2 4 -3",48,1,0
11184,1,"1 2 4 -2 -2 -1 4 -2 4 2 2 4",24,1,256
11185,1,"1 2 4 -2 -2 -2 -1 4 4 4 2 2",24,1,512
11186,1,"1 2 1 4 -2 -1 2 4 -1 -2 4 4",24,1,128
11187,1,"1 2 4 -1 4 -2 4 4 2 -4 -2 4",24,1,-128
11188,1,"1 2 4 -2 4 4 3 3 -1 -3 -3 4",48,1,0
11189,1,"1 2 -4 -1 4 4 4 2 4 -2 4 -2",24,1,-256
11190,1,"1 2 1 2 -1 4 -1 4 4 4 -2 -2",24,1,-256
11191,1,"1 2 3 -2 -3 4 4 -1 -2 4 2 4",48,1,0
11192,1,"1 2 -1 2 4 4 -2 4 -2 -2 4 2",24,1,256
11193,1,"1 2 3 4 -2 -3 -1 3 4 4 4 -3",48,1,128
11194,1,"1 2 3 4 4 3 -2 -3 4 4 -1 -3",48,1,-128
11195,1,"1 2 4 -2 4 3 -4 -3 -1 4 4 4",48,1,-128
11196,1,"1 2 3 -2 3 4 -3 -3 4 -1 4 4",48,1,128
11197,1,"1 2 4 3 4 -2 -3 4 3 -1 4 -3",48,1,-64
11198,1,"1 2 2 4 4 -1 -1 -2 4 -2 1 4",24,1,-256
11199,1,"1 2 4 3 -2 4 -1 3 4 -3 4 -3",48,1,64
11200,1,"1 2 4 -2 4 3 3 -1 4 -3 4 -3",48,1,0
11201,1,"1 2 4 4 2 -4 -2 -2 4 -1 4 4",24,1,-256
11202,1,"1 2 4 -2 4 -1 4 4 2 -4 -2 4",24,1,-128
11203,1,"1 2 -1 -2 4 -1 -2 4 1 2 4 4",24,1,-128
11204,1,"1 2 3 4 -2 -4 -1 4 -3 4 4 4",48,1,128
11205,1,"1 2 2 4 -1 -2 4 2 4 4 -2 -2",24,1,-256
11206,1,"1 2 -4 -2 -1 4 4 -2 4 2 4 4",24,1,-256
11207,1,"1 2 1 4 4 -2 -1 4 -1 2 4 -2",24,1,128
11208,1,"1 2 4 4 3 4 -2 -3 -1 -3 4 3",48,1,128
11209,1,"1 1 4 4 -1 4 -1 -1 -4 1 4 4",6,1,-512
11210,1,"1 2 3 4 -2 -1 4 2 4 -3 -2 4",48,1,64
11211,1,"1 2 -1 4 3 4 4 4 2 -3 -2 -2",48,1,0
11212,1,"1 2 2 -4 -2 4 4 -1 4 4 -2 4",24,1,-256
11213,1,"1 2 4 -2 4 -2 -4 2 -1 4 4 4",24,1,0
11214,1,"1 2 3 4 -3 -2 4 -2 4 -1 4 2",48,1,128
11215,1,"1 2 -1 2 4 -2 4 -2 4 -2 4 2",24,1,128
11216,1,"1 2 2 4 -1 2 4 -2 4 -2 -2 4",24,1,256
11217,1,"1 2 3 -1 4 -3 -2 4 3 4 4 -3",48,1,0
11218,1,"1 2 4 -2 4 4 2 -4 -2 4 -1 4",24,1,-128
11219,1,"1 2 3 4 -3 4 4 -2 -2 -1 2 4",48,1,128
11220,1,"1 2 3 4 3 4 -1 4 -2 -3 -3 4",48,1,0
11221,1,"1 2 3 -2 4 4 -1 4 2 -3 4 -2",48,1,0
11222,1,"1 2 3 4 -3 -3 4 3 -1 -2 4 4",48,1,-128
11223,1,"1 2 3 4 -2 4 -3 4 4 -3 -1 3",48,1,0
11224,1,"1 2 2 2 4 -2 -1 4 -2 4 -2 4",24,1,256
11225,1,"1 2 3 -2 4 3 4 -3 -3 -1 4 4",48,1,128
11226,1,"1 2 3 4 4 -3 2 4 -2 -1 4 -2",48,1,0
11227,1,"1 2 -1 4 4 2 4 -1 -2 4 -2 1",24,1,-256
11228,1,"1 2 2 4 -2 -1 4 2 4 4 -2 -2",24,1,256
11229,1,"1 2 4 3 -1 -3 4 -3 4 4 -2 3",48,1,0
11230,1,"1 2 -1 -2 4 4 3 -2 -3 4 4 2",48,1,0
11231,1,"1 2 2 4 2 4 -1 -2 4 4 -2 -2",24,1,-256
11232,1,"1 2 4 -1 -1 -2 4 1 -2 4 2 4",24,1,128
11233,1,"1 2 2 4 2 4 -2 -1 4 4 -2 -2",24,1,256
11234,1,"1 2 -1 -2 4 2 4 -2 4 2 4 -2",24,1,-128
11235,1,"1 2 -1 4 -2 -2 -2 4 2 4 2 4",24,1,0
11236,1,"1 2 3 2 4 4 -2 -1 -2 4 -3 4",48,1,128
11237,1,"1 4 2 4 2 -4 -2 -1 4 4 4 -2",24,1,-256
11238,1,"1 2 -1 4 4 -2 -2 -1 4 2 1 4",24,1,256
11239,1,"1 2 4 -2 3 3 4 4 -1 -3 -3 4",48,1,256
11240,1,"1 2 4 -2 -4 2 -1 4 4 4 -2 4",24,1,0
11241,1,"1 2 -1 -2 4 4 4 2 4 4 -2 -4",24,1,-256
11242,1,"1 4 2 -4 -2 -1 4 4 4 2 4 -2",24,1,-256
11243,1,"1 2 2 3 4 -2 4 -3 4 -2 -1 4",48,1,128
11244,1,"1 2 -4 -1 4 -2 4 3 4 4 -3 4",48,1,-128
11245,1,"1 2 1 -2 -2 -1 -1 2 4 4 4 4",24,1,-512
11246,1,"1 2 3 4 4 -3 -1 -3 4 -2 3 4",48,1,128
11247,1,"1 2 4 4 4 4 4 -2 -2 -1 -4 2",24,1,-512
11248,1,"1 2 1 4 2 -1 4 4 -1 -2 -2 4",24,1,0
11249,1,"1 2 2 4 -2 -2 1 4 -1 -1 4 4",24,1,0
11250,1,"1 2 3 -1 -3 4 -2 3 4 4 4 -3",48,1,-128
11251,1,"1 2 3 4 -2 -1 4 -2 -3 4 4 2",48,1,0
11252,1,"1 2 3 -1 -3 4 4 -3 4 3 -2 4",48,1,0
11253,1,"1 2 4 -1 4 -2 3 4 4 4 -3 -4",48,1,128
11254,1,"1 2 -1 4 3 -4 -2 -3 4 4 4 4",48,1,0
11255,1,"1 2 4 3 4 -3 4 -1 4 -3 -2 3",48,1,-64
11256,1,"1 2 2 -1 4 2 4 4 -2 4 -2 -2",24,1,-256
11257,1,"1 2 2 1 4 -2 4 -1 -1 -2 4 4",24,1,256
11258,1,"1 2 4 3 -2 -3 -3 4 -1 4 4 3",48,1,128
11259,1,"1 2 4 -1 -4 -2 3 4 4 -3 4 4",48,1,-128
11260,1,"1 2 3 4 3 4 4 -3 -1 4 -3 -2",48,1,128
11261,1,"1 2 4 -2 4 -2 4 4 4 -1 -4 2",24,1,0
11262,1,"1 2 3 4 4 -3 -3 -1 4 4 -2 3",48,1,256
11263,1,"1 2 4 -2 3 4 3 4 -3 -1 -3 4",48,1,64
11264,1,"1 2 3 -1 4 -3 -2 -3 4 3 4 4",48,1,0
11265,1,"1 2 4 3 4 -3 4 -2 3 4 -1 -3",48,1,64
11266,1,"1 2 3 -1 4 -3 4 3 4 -2 -3 4",48,1,0
11267,1,"1 2 -1 4 3 2 4 -3 -2 4 -2 4",48,1,0
11268,1,"1 2 -1 -1 4 1 -2 -2 4 2 4 4",24,1,256
11269,1,"1 2 2 3 4 4 -3 -2 4 -2 -1 4",48,1,256
11270,1,"1 2 4 -2 -4 -2 -1 4 4 4 2 4",24,1,256
11271,1,"1 4 -1 -4 -4 2 4 4 -2 4 4 4",24,1,0
11272,1,"1 2 3 4 -2 -3 -3 -1 3 4 4 4",48,1,256
11273,1,"1 2 1 -2 4 2 -1 -1 4 4 4 -2",24,1,256
11274,1,"1 2 -1 4 3 4 -2 -3 -3 4 4 3",48,1,128
11275,1,"1 4 2 4 3 3 -2 4 -3 -1 4 -3",48,1,128
11276,1,"1 2 -4 -2 -2 4 4 4 -1 4 2 4",24,1,-256
11277,1,"1 2 3 4 4 3 -1 -3 -2 -3 4 4",48,1,-128
11278,1,"1 2 -4 -1 4 4 -2 4 2 4 -2 4",24,1,-128
11279,1,"1 2 4 -2 -2 -2 4 4 2 -1 4 2",24,1,256
11280,1,"1 2 3 -2 -3 4 4 -3 -1 4 4 3",48,1,128
11281,1,"1 2 3 4 4 4 -3 -4 -2 -1 4 4",48,1,256
11282,1,"1 2 2 2 -1 4 4 4 4 -2 -2 -2",24,1,-1024
11283,1,"1 2 2 4 -2 -2 -2 4 -1 4 4 2",24,1,512
11284,1,"1 2 3 -2 4 4 4 4 4 -1 -3 -4",48,1,-256
11285,1,"1 2 2 2 4 4 4 -2 -2 -1 -2 4",24,1,512
11286,1,"1 2 4 3 3 -2 4 4 4 -1 -3 -3",48,1,-256
11287,1,"1 2 4 -2 3 4 -3 4 3 -1 -3 4",48,1,64
11288,1,"1 2 1 2 4 4 -1 -2 -2 -1 4 4",24,1,256
11289,1,"1 2 3 -1 -2 -3 4 3 4 4 4 -3",48,1,-256
11290,1,"1 2 3 4 -1 4 -2 3 4 4 -3 -3",48,1,128
11291,1,"1 2 3 4 4 -2 3 -1 4 4 -3 -3",48,1,0
11292,1,"1 2 4 4 -1 4 3 -2 -4 -3 4 4",48,1,-128
11293,1,"1 2 2 4 -1 -2 4 -2 4 -2 4 2",24,1,128
11294,1,"1 2 1 2 -1 -2 4 4 4 -2 -1 4",24,1,0
11295,1,"1 2 3 -1 -3 -2 4 4 3 4 4 -3",48,1,-128
11296,1,"1 2 3 3 4 -3 -3 4 -1 4 4 -2",48,1,0
11297,1,"1 2 -1 4 2 -1 4 -2 4 4 -2 1",24,1,-256
11298,1,"1 2 -1 -1 2 1 -2 4 4 4 -2 4",24,1,256
11299,1,"1 2 3 4 -3 -3 4 -2 -1 4 3 4",48,1,128
11300,1,"1 4 2 -4 2 4 -1 4 4 -2 4 -2",24,1,128
11301,1,"1 2 2 4 -2 4 -1 -2 -2 4 4 2",24,1,256
11302,1,"1 2 4 3 4 4 -2 3 4 -3 -1 -3",48,1,128
11303,1,"1 2 3 4 4 -3 4 -1 -4 -2 4 4",48,1,-128
11304,1,"1 4 2 4 -2 4 -2 4 -1 -4 2 4",24,1,0
11305,1,"1 2 4 2 3 4 -2 -1 4 -2 -3 4",48,1,64
11306,1,"1 2 3 -2 -1 4 -3 -3 4 4 3 4",48,1,0
11307,1,"1 2 4 3 -2 4 3 4 -3 -1 4 -3",48,1,64
11308,1,"1 2 4 3 4 -3 4 -1 3 4 -2 -3",48,1,0
11309,1,"1 2 -1 -2 4 4 3 -2 4 -3 2 4",48,1,0
11310,1,"1 2 -1 -2 4 1 2 -1 -2 4 4 4",24,1,0
11311,1,"1 2 4 3 -2 4 3 4 -1 -3 4 -3",48,1,-64
11312,1,"1 4 2 -4 -2 -2 4 -1 4 4 2 4",24,1,-256
11313,1,"1 2 4 3 -2 4 -3 -4 -1 4 4 4",48,1,128
11314,1,"1 2 4 3 -2 4 -3 -1 4 3 4 -3",48,1,64
11315,1,"1 2 3 -1 4 4 -2 -3 4 -3 4 3",48,1,128
11316,1,"1 2 3 2 -1 -2 4 4 -3 4 -2 4",48,1,-128
11317,1,"1 2 -1 4 4 4 3 -4 -3 4 -2 4",48,1,0
11318,1,"1 2 -1 -2 4 -2 1 2 -1 4 4 4",24,1,0
11319,1,"1 2 4 4 -2 3 4 -3 -3 4 -1 3",48,1,-128
11320,1,"1 2 2 2 4 4 -2 -2 -2 -1 4 4",24,1,1024
11321,1,"1 2 3 -2 4 4 4 -3 2 -1 4 -2",48,1,128
11322,1,"1 2 3 -4 -3 4 -2 4 4 4 -1 4",48,1,-128
11323,1,"1 2 -1 4 -2 -2 4 3 4 -3 4 2",48,1,128
11324,1,"1 2 4 -1 4 4 -2 4 3 4 -3 -4",48,1,0
11325,1,"1 2 4 3 -2 4 -1 -3 4 3 4 -3",48,1,-64
11326,1,"1 2 4 3 4 4 -1 -4 -3 4 -2 4",48,1,0
11327,1,"1 2 4 -2 -1 -2 4 2 2 4 -2 4",24,1,128
11328,1,"1 2 1 2 4 4 -1 -2 -1 -2 4 4",12,1,0
11329,1,"1 2 -1 -2 1 4 -1 2 4 -2 4 4",24,1,-128
11330,1,"1 2 3 -1 4 -3 4 -2 4 3 4 -3",48,1,-64
11331,1,"1 2 4 -2 4 3 -4 -3 4 4 -1 4",48,1,-128
11332,1,"1 2 3 4 2 4 -1 4 -3 4 -2 -2",48,1,0
11333,1,"1 2 4 3 -2 4 -3 2 4 -2 -1 4",48,1,0
11334,1,"1 2 2 4 4 -2 -2 -2 -1 4 2 4",24,1,512
11335,1,"1 4 2 -1 -4 2 4 4 4 -2 -2 4",24,1,256
11336,1,"1 2 4 -1 3 4 -2 3 4 4 -3 -3",48,1,256
11337,1,"1 2 3 -2 4 4 -2 -1 4 -3 2 4",48,1,0
11338,1,"1 2 3 4 -3 -2 4 -1 4 -2 4 2",48,1,128
11339,1,"1 2 1 4 2 -1 -2 4 -1 4 -2 4",24,1,0
11340,1,"1 2 3 4 4 -1 -3 4 4 -3 -2 3",48,1,-128
11341,1,"1 2 2 2 4 4 -2 -2 -1 4 4 -2",24,1,512
11342,1,"1 2 -1 4 -2 -2 3 2 4 4 -3 4",48,1,0
11343,1,"1 2 -1 2 4 -2 -2 -2 4 2 4 4",24,1,256
11344,1,"1 2 3 4 2 -1 4 -2 -3 -2 4 4",48,1,0
11345,1,"1 2 -4 -2 4 -1 4 4 4 -2 4 2",24,1,-256
11346,1,"1 2 -1 4 1 -2 4 -2 -1 4 2 4",24,1,128
11347,1,"1 2 4 3 3 4 -3 -3 -2 4 -1 4",48,1,128
11348,1,"1 2 3 3 -2 -1 4 4 -3 4 4 -3",48,1,-256
11349,1,"1 2 3 -2 4 -1 4 -2 4 -3 2 4",48,1,-64
11350,1,"1 2 4 -2 4 4 -1 -2 -4 2 4 4",24,1,0
11351,1,"1 2 3 4 -3 4 -1 4 4 -3 -2 3",48,1,0
11352,1,"1 2 -1 -2 4 -2 4 3 4 -3 4 2",48,1,0
11353,1,"1 4 2 2 4 -2 -4 -1 4 4 4 -2",24,1,256
11354,1,"1 2 4 -2 4 -2 -4 2 4 4 -1 4",24,1,-128
11355,1,"1 2 4 4 -2 -2 4 4 2 4 -1 -4",24,1,-256
11356,1,"1 2 3 -1 -2 4 4 -3 -3 4 4 3",48,1,0
11357,1,"1 2 2 2 -1 -2 4 4 -2 4 4 -2",24,1,-512
11358,1,"1 2 4 -2 3 4 3 -1 -3 4 -3 4",48,1,64
11359,1,"1 2 -1 4 -1 4 -2 4 -2 1 2 4",24,1,-128
11360,1,"1 2 -1 4 2 -1 -2 4 1 4 -2 4",24,1,-128
11361,1,"1 2 -1 4 3 2 -3 4 -2 4 -2 4",48,1,0
11362,1,"1 2 4 4 -1 -2 -4 -2 4 4 4 2",24,1,256
11363,1,"1 2 -1 4 -2 -4 3 4 4 -3 4 4",48,1,0
11364,1,"1 2 4 3 4 -2 -3 2 4 -2 -1 4",48,1,0
11365,1,"1 2 -1 -2 -2 4 4 4 -2 4 2 2",24,1,0
11366,1,"1 2 2 3 4 -3 4 -1 -2 4 -2 4",48,1,0
11367,1,"1 2 3 -2 4 -1 4 4 -2 -3 4 2",48,1,-128
11368,1,"1 2 2 4 -2 -1 4 -1 4 -2 1 4",24,1,128
11369,1,"1 2 2 -1 4 -2 -1 4 4 -2 1 4",24,1,0
11370,1,"1 2 -1 4 -2 3 4 4 2 -3 -2 4",48,1,0
11371,1,"1 2 -1 4 3 4 4 -2 -2 -3 2 4",48,1,0
11372,1,"1 2 3 4 4 3 -1 4 -3 -2 4 -3",48,1,0
11373,1,"1 2 3 2 4 -2 4 -1 -2 -3 4 4",48,1,0
11374,1,"1 2 -1 -2 4 4 1 4 -2 -1 2 4",24,1,128
11375,1,"1 2 3 3 4 -1 -3 4 4 4 -3 -2",48,1,-256
11376,1,"1 2 -1 -2 4 -2 3 2 -3 4 4 4",48,1,128
11377,1,"1 2 4 4 4 -1 4 3 4 -3 -2 -4",48,1,-128
11378,1,"1 2 2 1 4 -2 4 -1 -2 4 -1 4",24,1,128
11379,1,"1 2 4 3 -2 -3 4 -3 4 3 -1 4",48,1,-64
11380,1,"1 4 2 -1 4 -2 4 -2 -4 2 4 4",24,1,-128
11381,1,"1 2 4 3 -1 4 -3 4 3 -2 4 -3",48,1,0
11382,1,"1 2 4 -2 -4 2 4 4 -1 4 -2 4",24,1,-128
11383,1,"1 2 3 3 4 -3 4 -1 4 -3 4 -2",48,1,0
11384,1,"1 2 3 4 4 -3 -1 4 -3 -2 4 3",48,1,128
11385,1,"1 2 1 4 -1 4 -1 2 4 -2 -2 4",24,1,128
11386,1,"1 2 4 4 3 -1 3 -2 -3 4 4 -3",48,1,-128
11387,1,"1 2 3 -2 -2 -1 2 4 -3 4 4 4",48,1,0
11388,1,"1 2 3 4 4 -2 -3 -2 4 -1 4 2",48,1,128
11389,1,"1 2 1 -2 -1 2 4 4 4 -1 -2 4",24,1,0
11390,1,"1 2 3 4 -2 4 3 -1 4 4 -3 -3",48,1,-128
11391,1,"1 4 2 4 -2 -1 4 2 -4 -2 4 4",24,1,-128
11392,1,"1 2 4 2 -1 2 4 -2 4 -2 4 -2",24,1,0
11393,1,"1 2 3 4 4 4 -1 -2 -2 -3 4 2",48,1,0
11394,1,"1 2 4 4 3 -4 -2 4 -3 4 -1 4",48,1,0
11395,1,"1 2 3 4 -3 -3 4 3 4 -2 -1 4",48,1,128
11396,1,"1 2 -1 -2 -2 4 4 -2 4 2 4 2",24,1,0
11397,1,"1 2 2 -1 -1 -2 4 1 4 4 -2 4",24,1,-256
11398,1,"1 2 2 1 4 -2 -2 4 -1 4 -1 4",24,1,256
11399,1,"1 2 4 4 3 4 4 -1 -3 -4 -2 4",48,1,-128
11400,1,"1 2 1 -2 -1 -2 4 4 -1 2 4 4",24,1,0
11401,1,"1 2 3 -1 -3 4 3 4 -2 -3 4 4",48,1,0
11402,1,"1 2 3 3 -2 4 -1 -3 -3 4 4 4",48,1,-256
11403,1,"1 2 3 4 -3 4 -1 -3 4 3 4 -2",48,1,-64
11404,1,"1 4 4 4 4 2 2 -1 -4 -2 4 -2",24,1,-512
11405,1,"1 2 1 4 -2 -1 4 -2 -1 2 4 4",24,1,-128
11406,1,"1 2 3 4 -2 -3 4 2 4 4 -1 -2",48,1,0
11407,1,"1 2 3 4 -1 -3 4 4 -3 4 3 -2",48,1,0
11408,1,"1 2 4 4 4 3 -1 3 4 -2 -3 -3",48,1,0
11409,1,"1 2 -1 4 3 -4 -2 4 4 -3 4 4",48,1,0
11410,1,"1 2 3 4 -1 -2 4 4 -2 -3 4 2",48,1,0
11411,1,"1 2 3 -1 4 -2 4 -3 4 -3 4 3",48,1,64
11412,1,"1 2 -1 -2 -4 3 4 4 4 -3 4 4",48,1,0
11413,1,"1 2 3 4 -1 -2 4 2 -3 4 4 -2",48,1,0
11414,1,"1 2 3 -2 4 4 -3 4 2 -1 4 -2",48,1,0
11415,1,"1 2 4 2 4 4 4 -1 -4 -2 4 -2",24,1,-256
11416,1,"1 2 -1 4 4 3 4 4 -2 4 -3 -4",48,1,0
11417,1,"1 2 3 4 4 -2 -1 -2 4 2 -3 4",48,1,128
11418,1,"1 2 4 4 -2 4 4 2 4 -1 -4 -2",24,1,-256
11419,1,"1 2 3 -1 -2 3 4 4 -3 -3 4 4",48,1,0
11420,1,"1 2 2 1 4 4 -1 -2 -2 4 -1 4",24,1,256
11421,1,"1 2 3 4 4 -1 4 3 -2 -3 4 -3",48,1,-128
11422,1,"1 4 2 2 -4 -2 -2 4 4 4 -1 4",24,1,-512
11423,1,"1 2 1 4 4 -2 4 2 4 -1 -1 -2",24,1,0
11424,1,"1 2 2 -4 -1 -2 4 4 -2 4 4 4",24,1,-512
11425,1,"1 2 3 4 3 -1 -3 -2 4 -3 4 4",48,1,-128
11426,1,"1 2 3 4 4 4 3 -2 4 -1 -3 -3",48,1,-256
11427,1,"1 2 -1 4 4 -2 3 -2 4 -3 4 2",48,1,128
11428,1,"1 2 4 4 4 3 -1 3 -2 -3 4 -3",48,1,-128
11429,1,"1 2 3 -2 -3 4 4 -1 2 4 4 -2",48,1,-128
11430,1,"1 2 3 -2 4 -3 -1 4 4 -3 4 3",48,1,128
11431,1,"1 2 4 4 3 -1 -3 -3 4 -2 3 4",48,1,-128
11432,1,"1 2 -1 -2 4 2 3 4 -2 4 -3 4",48,1,-64
11433,1,"1 2 -1 4 3 -2 4 -3 -2 4 4 2",48,1,128
11434,1,"1 2 4 -2 -4 -1 2 4 4 -2 4 4",24,1,0
11435,1,"1 2 -1 4 -2 -1 4 -2 1 2 4 4",24,1,-128
11436,1,"1 2 -1 -4 3 4 4 4 4 -3 -2 4",48,1,256
11437,1,"1 2 2 -1 -1 4 1 -2 4 4 -2 4",24,1,256
11438,1,"1 2 3 -2 -3 4 -1 4 4 2 4 -2",48,1,0
11439,1,"1 2 4 -2 -4 -2 4 4 -1 4 2 4",24,1,128
11440,1,"1 2 3 4 4 -3 -3 -2 4 -1 4 3",48,1,128
11441,1,"1 2 2 3 4 4 -1 4 -3 -2 -2 4",48,1,256
11442,1,"1 2 3 4 4 2 -3 4 -2 -2 -1 4",48,1,256
11443,1,"1 1 4 -1 4 1 4 -1 4 4 -1 -4",6,1,-256
11444,1,"1 2 3 4 -2 -3 -3 4 3 -1 4 4",48,1,-128
11445,1,"1 2 2 4 -1 -2 4 -2 4 2 4 -2",24,1,-128
11446,1,"1 2 -1 -2 4 -1 2 4 4 -2 4 1",24,1,0
11447,1,"1 2 4 -1 -1 2 4 -2 -2 1 4 4",24,1,256
11448,1,"1 2 4 3 3 -2 4 4 -3 4 -1 -3",48,1,-128
11449,1,"1 2 -4 -2 4 2 4 -1 4 4 4 -2",24,1,0
11450,1,"1 2 3 4 4 -3 4 3 -2 -1 4 -3",48,1,-128
11451,1,"1 2 3 4 -3 -3 4 4 3 4 -1 -2",48,1,-128
11452,1,"1 2 3 -2 -2 -3 4 4 4 2 -1 4",48,1,0
11453,1,"1 2 -1 4 3 -2 4 -2 4 -3 2 4",48,1,0
11454,1,"1 2 -1 -4 -2 4 3 4 4 -3 4 4",48,1,-256
11455,1,"1 2 -4 -2 4 -2 4 -1 4 4 4 2",24,1,-256
11456,1,"1 2 3 4 2 4 -3 4 -1 -2 -2 4",48,1,0
11457,1,"1 2 4 -2 -1 4 2 4 4 4 -2 -4",24,1,0
11458,1,"1 2 4 4 -1 4 4 4 -2 -2 -4 2",24,1,-512
11459,1,"1 2 -1 4 4 2 3 -2 4 -3 4 -2",48,1,0
11460,1,"1 2 3 4 4 -1 -2 4 2 -3 -2 4",48,1,128
11461,1,"1 2 1 -2 4 2 4 -1 4 -1 4 -2",24,1,128
11462,1,"1 2 -1 4 1 -2 -2 -1 2 4 4 4",24,1,256
11463,1,"1 2 3 -1 3 4 4 4 4 -2 -3 -3",48,1,-256
11464,1,"1 2 4 3 -2 3 -1 4 4 -3 -3 4",48,1,128
11465,1,"1 2 2 3 4 -1 -2 4 -2 -3 4 4",48,1,-128
11466,1,"1 2 -1 2 -4 -2 4 4 4 -2 4 4",24,1,-256
11467,1,"1 2 4 -2 3 4 4 -3 4 3 -1 -3",48,1,0
11468,1,"1 2 1 -2 4 4 -1 4 2 -1 -2 4",24,1,128
11469,1,"1 2 -4 -1 4 2 4 4 -2 -2 4 4",24,1,-256
11470,1,"1 2 4 -2 3 4 -3 -1 -3 4 3 4",48,1,64
11471,1,"1 2 1 4 2 -1 -2 4 -2 4 -1 4",24,1,0
11472,1,"1 2 3 4 -3 2 -1 4 4 -2 4 -2",48,1,0
11473,1,"1 2 1 4 -2 -1 -1 -2 4 2 4 4",24,1,256
11474,1,"1 2 4 3 4 4 -1 3 -2 4 -3 -3",48,1,0
11475,1,"1 2 4 3 4 4 -2 -3 -1 -3 4 3",48,1,128
11476,1,"1 2 4 4 4 3 -1 3 -2 -3 -3 4",48,1,0
11477,1,"1 2 -1 4 4 2 -1 4 -2 -2 4 1",24,1,-256
11478,1,"1 2 3 2 4 4 -2 4 -1 -2 -3 4",48,1,0
11479,1,"1 2 4 -1 3 4 -3 -2 3 4 4 -3",48,1,128
11480,1,"1 2 2 2 4 -2 -2 -1 4 4 4 -2",24,1,512
11481,1,"1 2 -1 -2 4 3 3 4 -3 4 4 -3",48,1,-128
11482,1,"1 2 4 4 3 4 3 -2 4 -3 -1 -3",48,1,0
11483,1,"1 2 3 -1 4 -3 -2 3 4 4 4 -3",48,1,128
11484,1,"1 2 3 -2 -1 4 4 -2 -3 4 4 2",48,1,-128
11485,1,"1 2 -4 2 4 -2 4 -1 4 4 4 -2",24,1,0
11486,1,"1 4 2 2 4 4 4 4 -1 -4 -2 -2",24,1,-512
11487,1,"1 2 4 -1 4 -2 -4 2 4 4 -2 4",24,1,-128
11488,1,"1 2 -1 4 -2 -2 4 2 3 4 -3 4",48,1,0
11489,1,"1 2 4 -2 -1 4 4 4 -2 -4 2 4",24,1,-256
11490,1,"1 2 2 2 4 -2 -1 4 -2 -2 4 4",24,1,512
11491,1,"1 2 3 4 -3 4 3 -2 4 -1 -3 4",48,1,-64
11492,1,"1 2 4 -2 4 -1 3 3 4 -3 4 -3",48,1,128
11493,1,"1 2 3 4 4 -2 -3 4 4 -3 -1 3",48,1,128
11494,1,"1 2 -1 -4 -2 4 4 4 -2 4 2 4",24,1,-256
11495,1,"1 2 4 3 4 -3 -2 3 4 -3 -1 4",48,1,-64
11496,1,"1 2 2 4 -2 -1 2 4 4 4 -2 -2",24,1,512
11497,1,"1 2 4 -1 4 4 3 3 4 -2 -3 -3",48,1,0
11498,1,"1 2 3 -2 -1 4 2 4 -2 -3 4 4",48,1,0
11499,1,"1 2 2 -1 -2 4 3 -2 4 4 -3 4",48,1,-128
11500,1,"1 2 3 -1 4 4 3 4 -3 4 -2 -3",48,1,-128
11501,1,"1 2 4 1 4 -2 -2 -1 4 2 -1 4",24,1,128
11502,1,"1 2 3 4 -3 4 -1 -3 4 -2 3 4",48,1,0
11503,1,"1 2 3 4 -3 2 4 -2 -1 -2 4 4",48,1,0
11504,1,"1 2 4 4 2 -4 -2 -1 4 4 4 -2",24,1,-256
11505,1,"1 2 4 4 4 2 -4 -2 4 -1 4 -2",24,1,0
11506,1,"1 2 -1 4 4 -2 -4 3 4 -3 4 4",48,1,0
11507,1,"1 2 3 4 -3 4 2 -1 -2 4 4 -2",48,1,-128
11508,1,"1 2 3 -2 -3 -3 4 -1 3 4 4 4",48,1,0
11509,1,"1 2 2 4 -2 4 2 4 -2 -1 -2 4",24,1,128
11510,1,"1 2 2 4 -2 4 -2 -1 2 4 -2 4",24,1,128
11511,1,"1 2 4 -1 -4 2 4 -2 4 -2 4 4",24,1,128
11512,1,"1 2 -1 -1 4 2 4 1 -2 4 4 -2",24,1,0
11513,1,"1 2 -1 4 4 4 4 -2 -2 4 2 -4",24,1,512
11514,1,"1 2 3 -2 3 4 4 4 4 -3 -1 -3",48,1,0
11515,1,"1 2 1 2 -1 4 -1 -2 4 4 4 -2",24,1,-256
11516,1,"1 2 3 4 -1 3 -2 4 4 -3 4 -3",48,1,0
11517,1,"1 2 4 3 4 -3 -2 -3 -1 4 4 3",48,1,0
11518,1,"1 2 -4 3 4 -2 4 -3 4 -1 4 4",48,1,0
11519,1,"1 2 4 4 4 4 -2 4 -2 -1 -4 2",24,1,-256
11520,1,"1 2 3 4 -3 -1 4 -3 -2 3 4 4",48,1,128
11521,1,"1 2 4 -2 -1 -2 4 2 4 2 4 -2",24,1,0
11522,1,"1 2 3 -2 4 -1 4 4 -3 -3 4 3",48,1,128
11523,1,"1 2 4 -1 -4 -2 4 -2 4 2 4 4",24,1,-128
11524,1,"1 2 3 4 -3 4 -1 -2 3 4 4 -3",48,1,128
11525,1,"1 2 3 4 -1 3 4 -3 4 -2 -3 4",48,1,0
11526,1,"1 2 2 -1 4 -2 -2 3 4 -3 4 4",48,1,0
11527,1,"1 2 -4 3 4 4 -2 4 -3 4 -1 4",48,1,0
11528,1,"1 2 3 3 4 -3 4 4 -1 4 -2 -3",48,1,-128
11529,1,"1 2 3 4 -2 -3 4 4 -1 -3 4 3",48,1,0
11530,1,"1 4 2 4 -1 -4 2 4 -2 4 4 -2",24,1,128
11531,1,"1 2 2 4 -1 -2 4 -2 -1 4 1 4",24,1,128
11532,1,"1 2 3 -2 -3 4 -1 4 3 4 4 -3",48,1,-128
11533,1,"1 2 4 4 4 -1 3 -2 -3 -3 4 3",48,1,0
11534,1,"1 2 -1 4 3 4 -2 -3 4 2 4 -2",48,1,-64
11535,1,"1 2 4 3 4 -1 4 4 -3 -3 -2 3",48,1,-128
11536,1,"1 2 4 4 3 4 -1 -3 -3 -2 3 4",48,1,-128
11537,1,"1 2 3 4 -2 -2 -3 4 4 4 -1 2",48,1,0
11538,1,"1 4 2 4 -1 -4 -2 4 -2 4 4 2",24,1,128
11539,1,"1 2 4 4 3 -2 4 -3 -3 -1 3 4",48,1,128
11540,1,"1 1 4 -1 -1 4 4 4 1 4 -1 -4",6,1,-512
11541,1,"1 2 2 -1 4 -1 4 -2 4 -2 4 1",24,1,0
11542,1,"1 2 4 -1 4 3 4 4 4 -3 -2 -4",48,1,-128
11543,1,"1 2 3 4 3 -2 4 4 -1 -3 -3 4",48,1,-128
11544,1,"1 2 3 2 -3 -2 -1 -2 4 4 4 4",48,1,0
11545,1,"1 2 3 4 4 -1 4 -3 -2 3 4 -3",48,1,128
11546,1,"1 1 1 4 -1 -1 -4 -1 4 4 4 4",6,1,1024
11547,1,"1 2 3 4 4 -1 -3 -3 4 4 3 -2",48,1,0
11548,1,"1 2 -1 4 -2 4 2 4 4 4 -2 -4",24,1,-256
11549,1,"1 2 4 3 4 -3 4 -3 -2 3 -1 4",48,1,64
11550,1,"1 4 -1 4 4 1 4 4 4 -1 -4 -4",6,1,-512
11551,1,"1 2 -1 4 4 4 3 3 -2 -3 -3 4",48,1,0
11552,1,"1 2 4 -2 3 4 2 -1 4 -3 4 -2",48,1,-64
11553,1,"1 2 2 1 4 -1 -1 4 4 -2 -2 4",24,1,512
11554,1,"1 2 4 3 4 4 -2 4 -3 -4 -1 4",48,1,0
11555,1,"1 4 2 4 4 -2 4 -1 -4 2 4 -2",24,1,128
11556,1,"1 2 1 2 4 -1 -1 4 4 -2 -2 4",24,1,256
11557,1,"1 2 3 4 -3 -3 -1 4 4 3 4 -2",48,1,128
11558,1,"1 2 -1 4 4 3 -4 -3 -2 4 4 4",48,1,0
11559,1,"1 2 -1 -4 3 4 4 -3 4 -2 4 4",48,1,0
11560,1,"1 2 2 -4 -1 4 4 -2 -2 4 4 4",24,1,-512
11561,1,"1 2 1 -2 4 4 4 2 -1 -2 -1 4",24,1,256
11562,1,"1 2 4 2 4 -2 4 4 4 -1 -2 -4",24,1,-256
11563,1,"1 2 3 4 -3 -1 -2 3 4 4 -3 4",48,1,128
11564,1,"1 2 -1 2 4 4 -2 -2 -2 4 2 4",24,1,256
11565,1,"1 2 -1 -1 -2 4 1 4 2 4 4 -2",24,1,-256
11566,1,"1 2 3 -2 -3 4 3 4 -3 -1 4 4",48,1,0
11567,1,"1 2 -1 4 4 2 3 -2 -2 4 -3 4",48,1,0
11568,1,"1 2 -4 -1 4 -2 4 -2 4 4 4 2",24,1,0
11569,1,"1 2 -1 4 4 3 4 -3 4 3 -2 -3",48,1,-128
11570,1,"1 4 2 4 -2 -2 4 4 -1 -4 2 4",24,1,0
11571,1,"1 2 4 3 4 3 -2 4 -1 -3 -3 4",48,1,0
11572,1,"1 2 -1 4 4 3 4 2 4 -3 -2 -2",48,1,-128
11573,1,"1 2 -1 4 3 -4 -3 4 4 4 -2 4",48,1,0
11574,1,"1 2 4 3 3 4 4 -2 -3 4 -1 -3",48,1,-128
11575,1,"1 2 4 -2 4 2 4 4 4 -2 -1 -4",24,1,-256
11576,1,"1 2 -1 4 4 1 2 4 -2 -2 -1 4",24,1,0
11577,1,"1 2 3 4 -1 4 -3 -2 3 4 4 -3",48,1,128
11578,1,"1 2 3 2 -1 -2 4 4 -3 -2 4 4",48,1,-128
11579,1,"1 1 4 -1 -1 4 4 4 -1 4 1 -4",6,1,512
11580,1,"1 2 2 4 -2 -2 -1 4 4 2 4 -2",24,1,256
11581,1,"1 2 4 3 4 -2 3 4 -3 -1 4 -3",48,1,64
11582,1,"1 2 4 3 4 -2 3 4 -1 -3 4 -3",48,1,64
11583,1,"1 2 -1 4 4 3 2 4 -3 -2 4 -2",48,1,0
11584,1,"1 2 -1 -2 1 2 4 4 -2 -1 4 4",24,1,-256
11585,1,"1 2 3 -2 4 3 4 -1 4 -3 4 -3",48,1,-64
11586,1,"1 2 3 -2 -2 4 4 -3 4 2 -1 4",48,1,0
11587,1,"1 2 3 -1 4 4 4 -3 -3 4 -2 3",48,1,0
11588,1,"1 2 -1 4 2 3 4 -2 4 -2 -3 4",48,1,0
11589,1,"1 2 2 4 -1 2 4 -2 4 4 -2 -2",24,1,256
11590,1,"1 2 1 4 4 2 -1 4 -2 4 -1 -2",24,1,-128
11591,1,"1 4 -1 4 4 4 2 2 -4 -2 4 -2",24,1,-256
11592,1,"1 2 -1 4 1 -2 -2 4 2 -1 4 4",24,1,0
11593,1,"1 2 3 -1 -3 4 -2 4 -3 4 4 3",48,1,0
11594,1,"1 2 4 -2 4 2 -4 -2 -1 4 4 4",24,1,-256
11595,1,"1 2 2 -1 -2 4 3 4 -3 4 -2 4",48,1,-128
11596,1,"1 2 4 2 -4 -2 4 4 4 -1 4 -2",24,1,0
11597,1,"1 2 -1 -1 -2 4 4 2 4 1 -2 4",24,1,0
11598,1,"1 2 2 -1 -1 4 4 -2 -2 1 4 4",24,1,-512
11599,1,"1 4 2 -4 -2 -1 4 4 2 4 -2 4",24,1,-128
11600,1,"1 2 -1 -1 -2 4 4 2 1 4 4 -2",24,1,-256
11601,1,"1 2 4 -2 4 -1 -1 -2 4 2 4 1",12,1,0
11602,1,"1 4 2 4 -2 -4 2 -1 4 4 -2 4",24,1,-128
11603,1,"1 4 4 2 2 4 4 4 -2 -1 -4 -2",24,1,0
11604,1,"1 2 3 4 3 4 -3 -3 -2 4 -1 4",48,1,128
11605,1,"1 2 3 3 -2 -1 4 4 -3 4 -3 4",48,1,0
11606,1,"1 2 2 4 4 -1 4 4 -2 -4 -2 4",24,1,256
11607,1,"1 2 4 3 -2 4 -1 4 4 4 -3 -4",48,1,-128
11608,1,"1 2 4 -1 4 3 3 4 -2 -3 -3 4",48,1,128
11609,1,"1 2 -1 4 2 3 4 -3 -2 4 4 -2",48,1,-128
11610,1,"1 2 4 1 4 -2 -2 4 -1 -1 2 4",24,1,256
11611,1,"1 2 -1 4 3 4 3 4 -2 -3 4 -3",48,1,-64
11612,1,"1 2 3 -4 -3 4 4 4 4 -1 4 -2",48,1,0
11613,1,"1 2 1 2 -1 4 -2 -1 -2 4 4 4",24,1,0
11614,1,"1 2 2 4 -2 4 4 -2 -2 -1 2 4",24,1,256
11615,1,"1 2 -1 4 1 4 -2 -2 4 -1 2 4",24,1,128
11616,1,"1 2 4 -1 2 4 -2 -2 4 -1 4 1",24,1,256
11617,1,"1 2 4 4 3 4 -3 -3 -1 3 -2 4",48,1,-128
11618,1,"1 2 2 3 4 -3 4 -1 -2 -2 4 4",48,1,0
11619,1,"1 2 -1 -2 4 2 -1 4 4 4 -2 1",24,1,-256
11620,1,"1 2 4 4 3 -2 3 4 -1 -3 4 -3",48,1,0
11621,1,"1 2 2 4 2 4 4 -2 -2 -1 -2 4",24,1,256
11622,1,"1 2 3 4 3 -2 -3 4 4 4 -1 -3",48,1,-128
11623,1,"1 2 3 -2 4 -1 4 -2 4 -3 4 2",48,1,0
11624,1,"1 2 3 3 4 -2 4 -1 -3 -3 4 4",48,1,0
11625,1,"1 2 3 -2 4 2 -1 -2 4 -3 4 4",48,1,0
11626,1,"1 2 -1 4 4 3 3 -2 4 4 -3 -3",48,1,-256
11627,1,"1 2 4 2 4 -2 -4 -2 -1 4 4 4",24,1,256
11628,1,"1 2 3 4 4 -2 4 -1 -3 -3 4 3",48,1,128
11629,1,"1 2 3 4 4 -3 -2 4 2 4 -1 -2",48,1,-128
11630,1,"1 2 4 4 2 -4 -2 4 4 -1 4 -2",24,1,0
11631,1,"1 2 4 3 -2 -3 4 -1 3 4 -3 4",48,1,64
11632,1,"1 2 4 3 -2 4 4 -3 -4 -1 4 4",48,1,128
11633,1,"1 2 3 -2 4 -3 4 -1 2 4 -2 4",48,1,0
11634,1,"1 4 2 4 -2 -4 -2 -1 4 4 2 4",24,1,128
11635,1,"1 2 1 -2 -1 2 4 4 -1 4 -2 4",24,1,-128
11636,1,"1 2 3 3 -1 4 -3 4 -2 -3 4 4",48,1,0
11637,1,"1 2 2 -1 -1 -2 4 1 4 -2 4 4",24,1,-256
11638,1,"1 2 4 4 4 -2 -2 4 2 -4 -1 4",24,1,-256
11639,1,"1 2 4 3 -2 4 -1 -3 -3 4 3 4",48,1,0
11640,1,"1 2 4 3 -1 4 4 -2 3 4 -3 -3",48,1,0
11641,1,"1 2 -1 4 3 2 4 -2 -3 -2 4 4",48,1,0
11642,1,"1 2 2 -1 4 2 4 4 -2 -2 4 -2",24,1,-256
11643,1,"1 4 4 4 2 4 2 -1 -4 -2 4 -2",24,1,-256
11644,1,"1 2 3 4 4 3 4 -2 -1 4 -3 -3",48,1,0
11645,1,"1 2 4 2 4 4 -1 2 4 -2 -2 -2",24,1,256
11646,1,"1 4 4 2 4 -1 -4 2 4 -2 -2 4",24,1,0
11647,1,"1 1 4 4 4 -1 -1 -4 -1 4 1 4",6,1,512
11648,1,"1 4 -1 4 4 4 2 4 2 -4 -2 -2",24,1,-256
11649,1,"1 2 3 -1 -3 4 4 -2 3 4 -3 4",48,1,-128
11650,1,"1 2 3 4 -1 -2 4 -2 4 -3 4 2",48,1,64
11651,1,"1 2 3 4 -1 -2 4 4 2 -3 -2 4",48,1,128
11652,1,"1 2 3 4 -2 4 -3 2 4 4 -1 -2",48,1,0
11653,1,"1 2 4 -1 3 3 -2 -3 4 4 4 -3",48,1,-256
11654,1,"1 2 3 4 -1 4 -2 -3 -3 4 4 3",48,1,128
11655,1,"1 2 3 3 4 4 -3 -1 4 4 -2 -3",48,1,0
11656,1,"1 2 -1 -2 4 4 -2 -2 4 2 2 4",24,1,-256
11657,1,"1 2 2 3 4 -2 4 -3 4 -1 4 -2",48,1,0
11658,1,"1 2 4 4 -2 3 4 3 4 -3 -1 -3",48,1,128
11659,1,"1 2 3 4 4 -1 3 4 -3 4 -2 -3",48,1,0
11660,1,"1 2 3 -1 3 -2 4 -3 4 4 4 -3",48,1,-128
11661,1,"1 2 4 4 -2 3 3 4 -1 -3 -3 4",48,1,256
11662,1,"1 2 4 4 -2 4 2 4 4 -1 -4 -2",24,1,-256
11663,1,"1 2 -1 4 4 3 4 -2 -3 -3 4 3",48,1,128
11664,1,"1 2 3 4 -2 -2 4 4 -3 4 -1 2",48,1,128
11665,1,"1 2 3 -1 -2 4 -3 -3 4 3 4 4",48,1,-128
11666,1,"1 2 4 4 2 4 4 -1 4 -2 -2 -4",24,1,-256
11667,1,"1 2 3 -1 -3 -2 4 4 -3 4 4 3",48,1,-128
11668,1,"1 2 -1 -4 3 -2 4 4 -3 4 4 4",48,1,-256
11669,1,"1 2 4 -2 4 4 2 -4 -1 -2 4 4",24,1,-256
11670,1,"1 2 3 4 -3 -3 4 -2 4 4 -1 3",48,1,128
11671,1,"1 1 -4 -1 4 4 4 4 4 4 -1 -4",6,1,1024
11672,1,"1 2 -1 4 4 3 -2 4 -3 -2 4 2",48,1,128
11673,1,"1 2 3 4 -1 2 4 4 -3 4 -2 -2",48,1,128
11674,1,"1 2 -1 -1 4 4 -2 -2 4 2 4 1",24,1,0
11675,1,"1 2 2 -1 -1 4 1 -2 4 -2 4 4",24,1,256
11676,1,"1 2 3 4 4 3 4 -3 -2 -3 -1 4",48,1,128
11677,1,"1 2 3 3 4 4 -2 -1 4 4 -3 -3",48,1,0
11678,1,"1 2 3 4 2 4 -3 4 -2 -2 -1 4",48,1,128
11679,1,"1 2 4 4 -1 4 3 4 -2 -4 -3 4",48,1,0
11680,1,"1 2 2 3 4 -1 4 4 -2 -2 -3 4",48,1,0
11681,1,"1 2 3 -2 -1 -3 -3 4 3 4 4 4",48,1,-256
11682,1,"1 2 -1 -2 4 4 2 2 4 4 -2 -2",24,1,-512
11683,1,"1 2 4 4 4 4 -2 -2 4 2 -1 -4",24,1,0
11684,1,"1 2 1 -2 4 -1 2 4 4 4 -1 -2",24,1,256
11685,1,"1 2 3 4 4 3 4 -3 -3 4 -1 -2",48,1,-128
11686,1,"1 2 3 2 -1 -2 4 4 -2 4 -3 4",48,1,-128
11687,1,"1 2 3 2 4 -1 4 4 -3 4 -2 -2",48,1,0
11688,1,"1 1 1 -4 -1 -1 4 4 4 4 -1 4",6,1,-1024
11689,1,"1 2 3 3 4 4 -3 -1 -3 -2 4 4",48,1,256
11690,1,"1 2 3 4 4 -3 -2 4 -1 -3 4 3",48,1,128
11691,1,"1 2 3 4 -3 -3 4 4 -1 3 4 -2",48,1,128
11692,1,"1 4 -1 -4 2 4 4 -2 -2 4 4 2",24,1,-256
11693,1,"1 2 -1 4 4 3 -4 -3 4 4 -2 4",48,1,0
11694,1,"1 2 -4 -2 4 -2 4 -1 4 4 2 4",24,1,-128
11695,1,"1 2 -1 4 2 1 4 -2 4 -2 -1 4",24,1,128
11696,1,"1 2 3 -2 -3 4 4 4 -2 -1 2 4",48,1,-128
11697,1,"1 2 2 3 4 4 -3 -2 4 -1 4 -2",48,1,0
11698,1,"1 2 3 4 -1 4 -2 -2 -3 2 4 4",48,1,-128
11699,1,"1 2 3 -1 -3 4 4 -2 4 -3 4 3",48,1,0
11700,1,"1 2 3 2 -3 4 -2 4 -2 4 -1 4",48,1,64
11701,1,"1 2 4 3 4 -1 -3 4 -3 -2 3 4",48,1,-64
11702,1,"1 2 2 2 4 -1 4 -2 -2 4 -2 4",24,1,256
11703,1,"1 2 2 -1 -2 4 3 4 4 -3 4 -2",48,1,-256
11704,1,"1 4 2 4 2 2 -1 4 4 -2 -2 -2",24,1,0
11705,1,"1 2 4 1 2 4 -1 -1 -2 4 -2 4",24,1,-128
11706,1,"1 2 2 4 4 4 4 -2 -2 4 -1 -4",24,1,-512
11707,1,"1 2 4 3 2 4 -2 -2 -3 4 -1 4",48,1,128
11708,1,"1 2 -4 -2 -1 4 4 -2 4 4 4 2",24,1,-256
11709,1,"1 2 -4 -2 4 -1 4 4 4 2 4 -2",24,1,0
11710,1,"1 2 -1 -1 4 2 1 -2 4 4 4 -2",24,1,256
11711,1,"1 2 3 -2 4 4 -3 -3 4 -1 4 3",48,1,128
11712,1,"1 2 -1 4 3 3 -2 -3 4 -3 4 4",48,1,0
11713,1,"1 4 2 2 -4 -2 4 -1 4 4 4 -2",24,1,-256
11714,1,"1 2 2 4 4 -1 -2 4 -2 -1 4 1",24,1,256
11715,1,"1 2 -1 4 -2 3 4 4 -3 2 4 -2",48,1,-128
11716,1,"1 2 2 -1 4 4 -2 4 4 4 -2 -4",24,1,-512
11717,1,"1 1 1 4 -1 -4 -1 4 -1 4 4 4",6,1,512
11718,1,"1 2 3 -1 4 4 -3 4 4 3 -2 -3",48,1,-128
11719,1,"1 2 -1 4 4 3 4 -3 4 4 -2 -4",48,1,-256
11720,1,"1 2 3 4 -3 4 4 -1 -3 4 3 -2",48,1,0
11721,1,"1 2 4 -2 4 2 -4 -2 4 4 -1 4",24,1,-128
11722,1,"1 2 4 -2 4 3 4 -1 -3 -3 4 3",48,1,128
11723,1,"1 2 -4 2 4 -2 4 -1 4 4 -2 4",24,1,128
11724,1,"1 2 3 4 3 -2 -3 -3 -1 4 4 4",48,1,0
11725,1,"1 2 4 -2 -2 -4 2 4 -1 4 4 4",24,1,-256
11726,1,"1 2 3 4 4 4 4 -3 -2 -2 -1 2",48,1,0
11727,1,"1 2 4 -2 4 -1 4 2 -4 -2 4 4",24,1,-128
11728,1,"1 2 1 -2 -1 4 4 2 4 4 -1 -2",24,1,256
11729,1,"1 2 -1 -1 2 4 4 1 -2 4 -2 4",24,1,256
11730,1,"1 2 -1 -2 4 -1 4 4 -2 1 2 4",24,1,-128
11731,1,"1 2 3 4 -3 4 3 -2 -1 4 -3 4",48,1,0
11732,1,"1 2 4 -2 3 3 4 -3 -3 -1 4 4",48,1,0
11733,1,"1 2 4 -1 3 -2 -3 -3 4 4 3 4",48,1,-128
11734,1,"1 2 2 4 4 4 -2 -1 -4 -2 4 4",24,1,0
11735,1,"1 2 4 -1 4 -2 4 2 -4 -2 4 4",24,1,-128
11736,1,"1 2 3 4 4 -3 4 3 -1 -3 4 -2",48,1,-128
11737,1,"1 2 4 3 4 -2 -4 -1 4 -3 4 4",48,1,128
11738,1,"1 2 4 -1 4 3 3 4 -3 4 -2 -3",48,1,0
11739,1,"1 2 3 -2 -2 -3 4 -1 4 4 2 4",48,1,-128
11740,1,"1 2 1 2 4 -2 -1 -1 4 -2 4 4",24,1,256
11741,1,"1 2 3 4 4 4 4 4 -1 -3 -4 -2",48,1,-256
11742,1,"1 2 3 -4 -3 4 -1 4 -2 4 4 4",48,1,-128
11743,1,"1 2 4 -2 4 3 4 3 4 -3 -1 -3",48,1,64
11744,1,"1 2 3 4 -1 4 3 4 -3 4 -2 -3",48,1,-64
11745,1,"1 2 4 -2 4 3 3 4 -1 -3 -3 4",48,1,128
11746,1,"1 2 4 3 -1 4 3 4 -3 -2 4 -3",48,1,0
11747,1,"1 2 -4 2 4 -1 4 4 4 -2 4 -2",24,1,0
11748,1,"1 2 4 2 4 -2 -1 -2 4 2 4 -2",24,1,0
11749,1,"1 2 3 3 -2 4 4 -3 -1 -3 4 4",48,1,0
11750,1,"1 2 1 -2 -1 2 4 4 -2 4 -1 4",24,1,-128
11751,1,"1 2 3 4 4 -3 -1 4 3 4 -2 -3",48,1,0
11752,1,"1 2 3 -2 -3 -2 4 4 -1 2 4 4",48,1,0
11753,1,"1 2 2 -1 -2 4 2 4 -2 4 -2 4",24,1,-128
11754,1,"1 2 1 4 4 -1 2 4 -1 -2 -2 4",24,1,256
11755,1,"1 2 4 2 4 -2 -4 -2 4 4 -1 4",24,1,128
11756,1,"1 2 4 2 4 4 4 -2 4 -1 -4 -2",24,1,-256
11757,1,"1 2 2 -1 -1 -2 -2 4 4 4 1 4",24,1,-512
11758,1,"1 2 -1 2 4 -2 -2 4 4 2 4 -2",24,1,0
11759,1,"1 2 4 -1 2 4 -2 -2 -1 4 1 4",24,1,128
11760,1,"1 2 2 4 -1 -2 -2 4 2 4 4 -2",24,1,-256
11761,1,"1 2 4 2 -1 4 4 -2 -2 -2 4 2",24,1,256
11762,1,"1 2 3 -2 3 -1 4 4 4 4 -3 -3",48,1,-256
11763,1,"1 2 1 -2 4 4 2 -1 -2 -1 4 4",24,1,256
11764,1,"1 2 4 -2 4 4 4 -2 4 -1 -4 2",24,1,0
11765,1,"1 2 4 -1 4 2 4 -2 -4 -2 4 4",24,1,128
11766,1,"1 2 3 3 4 4 4 -3 -1 -3 4 -2",48,1,0
11767,1,"1 2 4 3 4 4 -1 -3 -3 -2 3 4",48,1,-128
11768,1,"1 2 4 4 -1 -4 -2 4 -2 4 4 2",24,1,0
11769,1,"1 2 3 3 -2 4 -3 4 4 -3 -1 4",48,1,128
11770,1,"1 2 3 4 -2 3 4 -3 4 -3 -1 4",48,1,64
11771,1,"1 2 4 3 4 -2 4 -3 -3 -1 3 4",48,1,0
11772,1,"1 2 4 1 4 -1 2 4 -2 -2 -1 4",24,1,128
11773,1,"1 2 3 -1 -3 -2 4 3 4 4 -3 4",48,1,-128
11774,1,"1 2 3 2 -3 -2 -2 -1 4 4 4 4",48,1,0
11775,1,"1 2 4 4 2 4 4 -2 4 -1 -2 -4",24,1,-256
11776,1,"1 2 4 -1 3 3 4 -3 -2 4 4 -3",48,1,256
11777,1,"1 1 1 4 1 4 -1 -1 4 -1 -1 4",6,1,512
11778,1,"1 2 3 4 -2 -2 -3 4 2 -1 4 4",48,1,0
11779,1,"1 2 4 -2 -2 3 4 2 -1 4 -3 4",48,1,0
11780,1,"1 2 4 3 4 -1 3 4 -3 -2 -3 4",48,1,64
11781,1,"1 2 3 4 -3 4 4 -3 -2 -1 4 3",48,1,128
11782,1,"1 2 4 3 3 4 -2 -1 4 -3 -3 4",24,1,256
11783,1,"1 2 3 4 4 4 -2 -3 2 4 -1 -2",48,1,128
11784,1,"1 4 2 4 -1 4 4 2 4 -2 -2 -4",24,1,0
11785,1,"1 2 4 3 -1 -3 4 -3 -2 3 4 4",48,1,-128
11786,1,"1 4 2 4 -2 4 4 -1 -4 2 4 -2",24,1,128
11787,1,"1 4 2 4 -1 -4 -4 -2 4 4 4 4",24,1,0
11788,1,"1 2 3 4 4 -3 4 4 -2 -3 -1 3",48,1,128
11789,1,"1 2 3 -2 4 2 -3 -2 4 -1 4 4",48,1,128
11790,1,"1 4 2 2 -4 -1 4 4 -2 -2 4 4",24,1,0
11791,1,"1 2 2 4 -2 -2 4 2 4 -2 -1 4",24,1,256
11792,1,"1 2 4 3 3 4 4 -3 -1 4 -2 -3",48,1,0
11793,1,"1 2 -1 -4 3 4 4 -2 -3 4 4 4",48,1,-256
11794,1,"1 2 4 2 -1 4 2 4 -2 4 -2 -2",24,1,-128
11795,1,"1 2 4 -2 4 -1 3 3 4 4 -3 -3",48,1,256
11796,1,"1 2 4 -2 4 4 2 -4 -1 4 4 -2",24,1,-256
11797,1,"1 2 4 2 -1 2 4 4 -2 -2 -2 4",24,1,256
11798,1,"1 4 2 2 -4 -2 4 -2 4 -1 4 4",24,1,-256
11799,1,"1 2 3 -2 -1 4 4 4 4 4 -3 -4",48,1,-512
11800,1,"1 2 4 4 -2 -2 -4 -1 4 2 4 4",24,1,256
11801,1,"1 2 -1 4 3 4 -3 -2 -3 4 3 4",48,1,0
11802,1,"1 2 -1 4 4 3 2 4 4 -3 -2 -2",48,1,0
11803,1,"1 2 -1 -1 4 1 4 2 4 -2 -2 4",24,1,0
11804,1,"1 2 -1 -2 4 1 2 4 -2 -1 4 4",24,1,-128
11805,1,"1 4 4 2 -4 -2 -2 -1 4 4 4 2",24,1,0
11806,1,"1 4 4 2 4 4 -2 -2 4 2 -1 -4",24,1,-256
11807,1,"1 2 3 4 4 -3 -3 4 -1 4 3 -2",48,1,0
11808,1,"1 1 4 -1 -1 4 4 -1 4 4 1 -4",6,1,512
11809,1,"1 2 1 4 4 2 4 4 -2 -1 -1 -2",24,1,256
11810,1,"1 2 4 3 -2 4 -3 -3 4 -1 3 4",48,1,128
11811,1,"1 2 -4 -2 4 4 4 2 -1 4 4 -2",24,1,256
11812,1,"1 2 2 -1 4 1 4 -2 -2 -1 4 4",24,1,256
11813,1,"1 2 3 3 4 -2 -1 4 4 -3 -3 4",48,1,256
11814,1,"1 2 3 -2 4 2 4 -2 -3 4 -1 4",48,1,-64
11815,1,"1 2 3 4 -1 4 -2 -2 4 2 -3 4",48,1,128
11816,1,"1 2 3 -1 -3 4 -2 -3 4 4 4 3",48,1,128
11817,1,"1 2 4 -2 -1 4 -2 3 4 -3 4 2",48,1,64
11818,1,"1 2 4 4 -2 4 3 -1 -3 -3 4 3",48,1,128
11819,1,"1 4 4 2 -4 -2 4 4 4 4 -1 -4",24,1,512
11820,1,"1 2 -1 -2 4 2 4 1 4 -2 -1 4",24,1,0
11821,1,"1 2 2 -1 -2 4 3 4 -3 -2 4 4",48,1,-128
11822,1,"1 2 1 2 4 4 -1 -1 -2 4 4 -2",24,1,-256
11823,1,"1 2 4 -1 3 4 3 -2 -3 4 4 -3",48,1,-128
11824,1,"1 2 3 3 -1 -3 -3 4 4 -2 4 4",48,1,-256
11825,1,"1 2 3 3 4 -3 -3 -1 -2 4 4 4",48,1,256
11826,1,"1 2 2 -1 4 -1 4 -2 4 -2 1 4",24,1,-128
11827,1,"1 2 3 4 2 -1 -2 4 4 -3 -2 4",48,1,0
11828,1,"1 2 3 4 -3 4 3 -1 4 -2 -3 4",48,1,0
11829,1,"1 2 4 4 4 3 -2 -3 -3 -1 4 3",48,1,256
11830,1,"1 2 3 -2 4 -3 4 3 4 -1 -3 4",48,1,-64
11831,1,"1 4 2 2 4 4 4 -2 -2 4 -1 -4",24,1,-512
11832,1,"1 2 3 -2 -2 -1 4 4 2 4 -3 4",48,1,0
11833,1,"1 2 2 -1 4 4 3 4 -2 -3 -2 4",48,1,0
11834,1,"1 2 4 4 4 -2 -1 -2 -4 2 4 4",24,1,-256
11835,1,"1 2 -1 4 3 4 -2 4 4 4 -3 -4",48,1,0
11836,1,"1 2 -1 4 3 3 4 -3 -2 -3 4 4",48,1,0
11837,1,"1 2 -1 -1 4 4 2 4 1 -2 -2 4",24,1,256
11838,1,"1 2 4 2 1 4 -1 -1 4 -2 -2 4",24,1,256
11839,1,"1 4 -1 -4 2 4 -2 -2 4 4 2 4",24,1,0
11840,1,"1 2 -1 4 4 -2 -2 -2 4 2 2 4",24,1,0
11841,1,"1 2 3 -1 4 4 4 -2 3 4 -3 -3",48,1,0
11842,1,"1 2 3 4 2 -3 4 -2 -2 4 -1 4",48,1,128
11843,1,"1 2 4 -1 -4 2 4 4 -2 4 -2 4",24,1,128
11844,1,"1 2 2 -4 -2 4 -1 4 -2 4 4 4",24,1,-256
11845,1,"1 2 4 3 4 -3 4 4 -2 -4 -1 4",48,1,128
11846,1,"1 2 2 2 -1 -2 4 4 4 4 -2 -2",24,1,-1024
11847,1,"1 2 4 3 4 4 -3 -3 -2 4 -1 3",48,1,-128
11848,1,"1 2 3 4 3 -2 -3 -3 4 4 -1 4",48,1,-128
11849,1,"1 2 -4 2 4 4 4 -2 -1 4 4 -2",24,1,256
11850,1,"1 2 -1 -1 4 4 2 1 -2 4 -2 4",24,1,256
11851,1,"1 2 4 3 3 4 -2 -3 4 -1 4 -3",48,1,0
11852,1,"1 2 -4 -2 4 4 2 4 4 -1 4 -2",24,1,0
11853,1,"1 2 2 4 -2 4 -2 -1 -2 4 2 4",24,1,128
11854,1,"1 2 2 -1 4 -2 -1 4 4 -2 4 1",24,1,256
11855,1,"1 2 -1 -2 -2 4 3 4 -3 4 2 4",48,1,-128
11856,1,"1 2 2 2 -1 -2 -2 4 -2 4 4 4",24,1,-512
11857,1,"1 2 3 4 -2 -1 4 -3 -3 4 3 4",48,1,128
11858,1,"1 2 3 4 2 4 -2 -2 -1 4 -3 4",48,1,128
11859,1,"1 2 2 4 4 -2 -4 -2 -1 4 4 4",24,1,512
11860,1,"1 2 3 4 -3 4 3 -2 -1 4 4 -3",48,1,-128
11861,1,"1 2 3 4 4 -3 4 -3 -1 4 3 -2",48,1,0
11862,1,"1 2 3 2 4 -2 4 -1 4 -3 -2 4",48,1,64
11863,1,"1 2 2 4 2 4 -2 -1 -2 4 -2 4",24,1,128
11864,1,"1 2 4 -1 -2 4 4 2 4 4 -2 -4",24,1,-256
11865,1,"1 2 4 4 -2 -2 4 4 4 -1 2 -4",24,1,0
11866,1,"1 2 3 4 -2 -3 4 4 3 4 -1 -3",48,1,-128
11867,1,"1 2 4 4 3 -1 3 -2 4 4 -3 -3",48,1,0
11868,1,"1 2 -1 4 -2 4 -2 4 2 -1 4 1",24,1,-128
11869,1,"1 2 2 -1 -1 4 -2 4 4 -2 4 1",24,1,0
11870,1,"1 2 4 -1 4 -2 -4 -2 4 4 2 4",24,1,128
11871,1,"1 2 -1 -2 -2 3 2 4 4 -3 4 4",48,1,0
11872,1,"1 2 4 2 3 4 -3 4 -1 4 -2 -2",48,1,0
11873,1,"1 2 1 4 -2 4 2 -1 4 4 -1 -2",24,1,-128
11874,1,"1 2 4 3 4 -3 -3 -1 4 -2 3 4",48,1,128
11875,1,"1 2 4 4 -2 -4 -2 -1 4 4 2 4",24,1,256
11876,1,"1 2 -1 4 4 3 3 -2 -3 4 4 -3",48,1,-256
11877,1,"1 2 3 4 4 -1 -3 4 4 3 -2 -3",48,1,-128
11878,1,"1 2 3 4 -3 4 -2 3 -1 -3 4 4",48,1,0
11879,1,"1 2 3 4 4 3 4 -1 -3 -2 -3 4",48,1,0
11880,1,"1 2 3 3 4 4 -2 -3 -1 -3 4 4",48,1,0
11881,1,"1 2 3 -1 -3 4 3 4 4 -3 -2 4",48,1,-128
11882,1,"1 2 3 -1 4 4 -3 4 -3 4 3 -2",48,1,0
11883,1,"1 2 2 4 -2 -1 2 4 -2 4 -2 4",24,1,128
11884,1,"1 2 4 4 4 -2 4 -1 -4 -2 4 2",24,1,0
11885,1,"1 2 4 4 4 4 2 -4 -2 -1 4 -2",24,1,-256
11886,1,"1 4 -1 4 4 2 4 4 2 -4 -2 -2",24,1,-256
11887,1,"1 2 -1 -1 2 1 4 4 -2 -2 4 4",24,1,512
11888,1,"1 2 -1 4 3 4 -3 4 4 3 -2 -3",48,1,-128
11889,1,"1 2 2 4 -2 -1 -1 4 4 -2 4 1",24,1,512
11890,1,"1 2 3 4 -3 -2 4 -1 4 2 4 -2",48,1,0
11891,1,"1 2 -1 -2 4 -2 4 -2 4 2 2 4",24,1,-128
11892,1,"1 2 4 4 4 2 4 -1 -4 -2 4 -2",24,1,-256
11893,1,"1 2 -4 2 4 4 -2 4 4 -1 4 -2",24,1,0
11894,1,"1 2 3 -1 3 -2 4 -3 4 4 -3 4",48,1,0
11895,1,"1 2 -1 4 3 4 4 -2 -3 -3 4 3",48,1,128
11896,1,"1 2 3 -2 3 4 4 -1 4 -3 4 -3",48,1,0
11897,1,"1 2 3 4 -3 -1 -2 -3 4 3 4 4",48,1,0
11898,1,"1 2 3 -1 -3 -2 4 -3 4 4 4 3",48,1,-128
11899,1,"1 2 3 4 -2 4 -1 2 4 -2 -3 4",48,1,64
11900,1,"1 2 3 -2 -3 4 4 4 2 -1 4 -2",48,1,128
11901,1,"1 2 3 4 -2 4 3 4 4 -3 -1 -3",48,1,0
11902,1,"1 2 3 -1 -3 -2 -3 4 4 4 4 3",48,1,0
11903,1,"1 2 3 2 -3 -2 -2 4 4 -1 4 4",48,1,0
11904,1,"1 2 -1 4 3 2 -3 4 4 -2 -2 4",48,1,0
11905,1,"1 2 -4 -1 4 4 -2 -2 4 4 2 4",24,1,-256
11906,1,"1 2 -1 -1 -2 -2 4 4 4 2 4 1",24,1,-512
11907,1,"1 4 -1 4 4 2 -4 -2 -2 4 4 2",24,1,-256
11908,1,"1 2 4 4 3 -4 -2 4 -1 -3 4 4",48,1,-128
11909,1,"1 2 4 2 -1 4 -2 4 2 4 -2 -2",24,1,-128
11910,1,"1 2 2 4 4 2 -1 4 -2 4 -2 -2",24,1,-256
11911,1,"1 2 2 4 2 4 -2 -2 4 -1 4 -2",24,1,0
11912,1,"1 2 4 -2 -2 -1 4 -2 4 2 4 2",24,1,128
11913,1,"1 2 3 4 -3 -3 4 -2 3 -1 4 4",48,1,128
11914,1,"1 2 1 2 -1 4 -2 -2 4 -1 4 4",24,1,0
11915,1,"1 2 3 4 -1 4 3 -2 -3 4 4 -3",48,1,-128
11916,1,"1 2 3 4 4 4 -3 2 4 -2 -1 -2",48,1,0
11917,1,"1 2 -1 -1 2 4 1 -2 4 4 -2 4",24,1,256
11918,1,"1 2 4 4 3 4 -3 -2 -3 -1 4 3",48,1,0
11919,1,"1 4 2 -1 4 2 4 4 4 -2 -2 -4",24,1,-256
11920,1,"1 2 -1 4 2 4 -2 4 -2 -2 4 2",24,1,128
11921,1,"1 2 3 4 -3 -1 4 4 4 4 -2 -4",48,1,0
11922,1,"1 2 2 2 4 -1 4 -2 -2 -2 4 4",24,1,512
11923,1,"1 2 3 4 4 -1 -2 -4 -3 4 4 4",48,1,-256
11924,1,"1 2 2 3 4 -1 -2 4 4 -3 -2 4",48,1,128
11925,1,"1 2 4 4 3 4 -3 -4 -1 4 -2 4",48,1,0
11926,1,"1 2 3 4 4 -1 4 4 3 -2 -3 -3",48,1,-256
11927,1,"1 2 4 -1 3 4 -3 4 -2 -3 4 3",48,1,0
11928,1,"1 4 -1 4 4 -1 4 4 4 1 -4 -4",6,1,512
11929,1,"1 2 4 -2 -1 4 4 4 4 -2 -4 2",24,1,-256
11930,1,"1 2 4 -2 -4 2 4 4 4 -1 4 -2",24,1,0
11931,1,"1 2 3 3 -2 -3 4 -3 4 -1 4 4",48,1,-128
11932,1,"1 2 4 4 3 3 -1 4 -3 -2 -3 4",48,1,128
11933,1,"1 2 1 4 2 4 -1 -1 -2 4 -2 4",24,1,128
11934,1,"1 2 3 -2 -1 3 4 4 4 -3 4 -3",48,1,0
11935,1,"1 2 2 3 4 4 -1 4 -3 4 -2 -2",48,1,0
11936,1,"1 2 -4 -2 -1 4 4 -2 4 4 2 4",24,1,-256
11937,1,"1 2 4 -1 4 4 -2 -4 2 4 -2 4",24,1,-128
11938,1,"1 2 3 4 4 -2 -4 -1 -3 4 4 4",48,1,0
11939,1,"1 2 4 3 -1 -3 4 -2 4 3 4 -3",48,1,-64
11940,1,"1 2 3 -2 4 4 -1 2 -3 4 4 -2",48,1,-128
11941,1,"1 2 3 -2 4 4 -1 -3 -3 4 4 3",48,1,0
11942,1,"1 4 -1 -4 2 4 4 2 4 -2 -2 4",24,1,0
11943,1,"1 2 3 -4 -2 -3 4 4 -1 4 4 4",48,1,-256
11944,1,"1 2 4 4 3 4 4 -2 4 -3 -1 -4",48,1,-128
11945,1,"1 2 2 4 4 4 -2 -4 -1 4 -2 4",24,1,256
11946,1,"1 2 -1 -2 -2 4 4 4 4 4 2 -4",24,1,512
11947,1,"1 2 4 -2 3 4 4 -1 -3 -3 4 3",48,1,128
11948,1,"1 2 3 4 -1 4 -3 4 4 3 -2 -3",48,1,-128
11949,1,"1 2 3 4 4 3 -1 4 -2 -3 -3 4",48,1,0
11950,1,"1 2 4 -2 3 4 3 -1 4 -3 -3 4",48,1,128
11951,1,"1 2 3 4 -2 4 4 -3 4 -3 -1 3",48,1,0
11952,1,"1 2 2 2 4 -2 -1 4 4 -2 -2 4",24,1,512
11953,1,"1 2 4 2 -4 -1 4 4 4 4 -2 -2",24,1,-512
11954,1,"1 2 1 -2 4 2 -1 4 -1 -2 4 4",24,1,128
11955,1,"1 2 3 3 -1 4 4 4 -3 4 -2 -3",48,1,-256
11956,1,"1 2 3 -2 -2 4 4 -1 2 4 -3 4",48,1,0
11957,1,"1 2 4 3 -2 3 4 -1 -3 -3 4 4",48,1,128
11958,1,"1 2 4 3 4 -2 -3 -3 -1 4 4 3",48,1,128
11959,1,"1 2 4 2 -1 4 4 4 4 -2 -4 -2",24,1,-256
11960,1,"1 2 3 4 -3 -3 4 -1 3 4 -2 4",48,1,128
11961,1,"1 2 3 4 -2 4 4 4 -3 -4 -1 4",48,1,128
11962,1,"1 2 3 -1 -3 -2 4 4 -3 4 3 4",48,1,-128
11963,1,"1 2 3 -2 4 4 -2 -3 4 4 -1 2",48,1,-128
11964,1,"1 2 2 -1 4 -2 -2 4 -2 4 4 2",24,1,256
11965,1,"1 2 3 -2 4 4 -3 4 4 -3 -1 3",48,1,128
11966,1,"1 2 4 -2 -4 -2 4 4 4 -1 4 2",24,1,256
11967,1,"1 4 2 -1 4 4 -2 4 -2 -4 2 4",24,1,-128
11968,1,"1 2 3 2 4 -3 -2 -1 4 4 4 -2",48,1,128
11969,1,"1 2 3 4 -3 4 2 4 -2 -1 4 -2",48,1,64
11970,1,"1 4 2 -4 2 -1 4 4 -2 4 -2 4",24,1,128
11971,1,"1 2 -1 -2 4 2 1 -2 4 -1 4 4",24,1,128
11972,1,"1 2 3 4 4 -1 3 4 -3 -3 4 -2",48,1,128
11973,1,"1 2 3 4 -2 3 4 -1 4 -3 4 -3",48,1,64
11974,1,"1 2 -4 2 4 -1 4 4 4 -2 -2 4",24,1,256
11975,1,"1 2 4 -2 -1 4 4 4 3 -4 -3 4",48,1,-256
11976,1,"1 2 -1 -2 4 2 -1 4 -2 1 4 4",24,1,-128
11977,1,"1 2 3 4 -2 3 4 -3 4 -1 4 -3",48,1,64
11978,1,"1 2 3 4 4 4 -1 3 4 -3 -2 -3",48,1,128
11979,1,"1 2 3 -2 4 4 3 4 4 -3 -1 -3",48,1,-128
11980,1,"1 2 -1 -2 4 2 -1 4 1 -2 4 4",24,1,-128
11981,1,"1 2 1 -2 -2 -1 2 4 -1 4 4 4",24,1,-256
11982,1,"1 2 2 -1 -2 4 2 4 -2 -2 4 4",24,1,-256
11983,1,"1 2 1 -2 4 4 4 -2 -1 -1 2 4",24,1,-256
11984,1,"1 2 3 -2 4 -2 4 -3 2 4 -1 4",48,1,-64
11985,1,"1 2 4 -2 3 3 4 -1 -3 -3 4 4",48,1,256
11986,1,"1 2 2 4 4 -2 -4 -2 4 4 -1 4",24,1,256
11987,1,"1 2 2 -1 4 4 2 4 -2 4 -2 -2",24,1,-256
11988,1,"1 2 1 4 4 -1 2 4 -1 -2 4 -2",24,1,128
11989,1,"1 2 1 4 4 -1 -2 -2 4 -1 2 4",24,1,256
11990,1,"1 2 4 -2 4 4 -2 4 4 -1 -4 2",24,1,0
11991,1,"1 2 3 4 -3 4 -1 4 -2 -2 4 2",48,1,128
11992,1,"1 2 -1 -2 -2 4 2 3 4 -3 4 4",48,1,-128
11993,1,"1 2 3 4 2 -3 -2 4 4 4 -1 -2",48,1,-128
11994,1,"1 2 4 -1 2 4 4 -2 -4 -2 4 4",24,1,256
11995,1,"1 2 -1 4 4 3 3 4 -3 -2 4 -3",48,1,128
11996,1,"1 2 3 -2 -1 -3 4 4 3 4 -3 4",48,1,-128
11997,1,"1 2 3 2 -1 4 -2 4 4 -3 4 -2",48,1,-128
11998,1,"1 2 3 4 4 -2 4 3 4 -3 -1 -3",48,1,0
11999,1,"1 2 -1 4 2 -4 -2 4 4 -2 4 4",24,1,0
12000,1,"1 2 3 4 4 -2 3 4 -1 -3 -3 4",48,1,128
12001,1,"1 2 -1 2 4 3 4 -3 4 -2 -2 4",48,1,128
12002,1,"1 2 4 4 3 4 -1 4 -2 -4 -3 4",48,1,0
12003,1,"1 2 -1 -1 4 1 2 4 -2 -2 4 4",24,1,-256
12004,1,"1 1 1 4 1 4 -1 -1 -1 4 -1 4",3,1,512
12005,1,"1 2 3 -2 -1 4 -2 4 4 2 -3 4",48,1,0
12006,1,"1 2 4 3 4 3 -1 -3 -2 -3 4 4",48,1,0
12007,1,"1 2 2 -1 4 4 -1 4 1 -2 -2 4",24,1,256
12008,1,"1 2 3 4 3 -1 4 -3 -2 4 4 -3",48,1,0
12009,1,"1 2 4 4 -1 -4 -4 -2 4 4 4 4",24,1,-512
12010,1,"1 2 3 4 4 -3 -2 4 3 4 -1 -3",48,1,0
12011,1,"1 2 3 4 4 -3 -3 -2 4 3 -1 4",48,1,128
12012,1,"1 2 3 -2 4 2 -3 -2 -1 4 4 4",48,1,256
12013,1,"1 2 2 4 -1 4 4 4 4 -2 -2 -4",24,1,-512
12014,1,"1 2 1 -2 4 4 2 4 -1 -1 -2 4",24,1,256
12015,1,"1 2 3 3 4 4 -3 -3 -2 -1 4 4",48,1,512
12016,1,"1 2 2 4 -2 4 -1 -2 4 -2 4 2",24,1,128
12017,1,"1 2 1 4 -1 4 4 2 -1 -2 4 -2",24,1,-128
12018,1,"1 4 2 4 4 -2 -2 4 -1 -4 2 4",24,1,0
12019,1,"1 2 -1 4 -2 4 2 4 -2 -2 4 2",24,1,128
12020,1,"1 2 1 -2 4 -1 4 2 -1 -2 4 4",24,1,128
12021,1,"1 2 -1 -2 4 4 -2 -1 2 4 1 4",24,1,128
12022,1,"1 2 3 4 4 -1 -3 4 -3 4 3 -2",48,1,0
12023,1,"1 2 -1 4 3 3 -2 4 -3 4 -3 4",48,1,0
12024,1,"1 2 4 3 -2 4 4 3 -1 -3 4 -3",48,1,-128
12025,1,"1 2 3 4 -2 -1 -2 -3 4 4 2 4",48,1,0
12026,1,"1 2 4 2 -1 -2 4 4 4 4 -2 -4",24,1,-256
12027,1,"1 4 2 -4 -2 -2 4 -1 4 4 4 2",24,1,-256
12028,1,"1 2 4 2 4 -1 -1 4 -2 -2 4 1",24,1,256
12029,1,"1 2 -1 -2 4 -1 4 1 2 4 -2 4",24,1,-128
12030,1,"1 2 3 -2 4 -2 4 -1 2 4 -3 4",48,1,0
12031,1,"1 2 3 4 -2 4 -3 -3 4 -1 3 4",48,1,128
12032,1,"1 2 2 -1 4 -2 -2 1 4 4 -1 4",24,1,-256
12033,1,"1 2 3 4 -2 -3 -1 -3 4 4 3 4",48,1,0
12034,1,"1 2 2 3 4 -2 -2 -1 4 -3 4 4",48,1,256
12035,1,"1 2 4 -1 3 4 4 -3 -3 4 -2 3",48,1,0
12036,1,"1 2 3 -2 4 -2 -1 4 4 2 -3 4",48,1,0
12037,1,"1 2 3 4 -3 2 -1 4 4 -2 -2 4",48,1,0
12038,1,"1 2 -1 -1 4 4 4 2 4 -2 -2 1",24,1,-512
12039,1,"1 2 2 4 1 4 -1 -1 -2 4 -2 4",24,1,0
12040,1,"1 2 4 4 -2 4 -2 -4 2 4 -1 4",24,1,-128
12041,1,"1 4 2 2 -4 -2 -1 4 4 -2 4 4",24,1,-256
12042,1,"1 2 3 2 4 -3 4 4 -1 -2 4 -2",48,1,-128
12043,1,"1 2 3 4 -1 3 -2 -3 4 4 -3 4",48,1,-128
12044,1,"1 2 4 -2 3 -4 -1 4 4 4 -3 4",48,1,128
12045,1,"1 2 3 4 4 -1 4 -3 4 -3 -2 3",48,1,0
12046,1,"1 2 2 -1 -1 4 4 -2 4 1 -2 4",24,1,256
12047,1,"1 2 -1 4 4 4 4 2 -4 -2 4 -2",24,1,256
12048,1,"1 2 -1 -4 2 4 4 4 4 4 -2 -2",24,1,512
12049,1,"1 2 -1 -2 4 -1 4 2 1 -2 4 4",24,1,128
12050,1,"1 2 3 3 4 -3 -2 -3 4 -1 4 4",48,1,128
12051,1,"1 2 3 -2 -1 4 2 4 -3 4 4 -2",48,1,0
12052,1,"1 2 -1 4 -2 -2 -1 4 1 4 2 4",24,1,128
12053,1,"1 2 3 -2 4 -3 4 3 -1 4 -3 4",48,1,-64
12054,1,"1 2 3 -2 4 -2 -3 4 2 4 -1 4",48,1,-64
12055,1,"1 2 -1 -2 4 3 -2 4 2 4 -3 4",48,1,-64
12056,1,"1 2 -1 4 -2 4 3 3 4 -3 -3 4",48,1,0
12057,1,"1 2 4 4 -2 4 -1 -2 -4 2 4 4",24,1,0
12058,1,"1 2 4 3 -1 4 4 3 -2 -3 -3 4",48,1,128
12059,1,"1 2 3 4 4 -2 -4 -1 4 4 -3 4",48,1,128
12060,1,"1 2 4 3 -2 4 4 4 -1 4 -3 -4",48,1,-128
12061,1,"1 2 3 -2 4 4 4 4 4 -3 -1 -4",48,1,-256
12062,1,"1 2 -1 -1 4 2 4 4 1 -2 -2 4",24,1,256
12063,1,"1 1 4 -1 -1 4 1 1 4 -1 -1 4",3,2,512
12064,1,"1 2 -1 2 4 4 3 4 -3 -2 4 -2",48,1,0
12065,1,"1 2 3 -4 -2 4 4 -3 -1 4 4 4",48,1,0
12066,1,"1 2 4 4 -1 4 -2 3 -4 -3 4 4",48,1,-128
12067,1,"1 2 3 2 4 -3 4 -2 -2 4 -1 4",48,1,128
12068,1,"1 2 2 2 -1 -2 4 4 4 -2 4 -2",24,1,-512
12069,1,"1 2 1 2 -1 4 -2 4 -2 -1 4 4",24,1,128
12070,1,"1 2 3 4 4 4 -3 -3 -2 4 -1 3",48,1,0
12071,1,"1 2 -1 4 -2 -2 4 1 2 4 -1 4",24,1,-128
12072,1,"1 1 1 -4 -1 4 4 4 4 -1 -1 4",6,1,-1024
12073,1,"1 2 -4 2 4 4 4 -2 -1 4 -2 4",24,1,256
12074,1,"1 2 3 3 4 -1 4 -3 4 -2 4 -3",48,1,0
12075,1,"1 2 3 4 3 4 -1 4 4 -2 -3 -3",48,1,-128
12076,1,"1 2 3 4 4 -1 -3 4 4 4 -2 -4",48,1,-256
12077,1,"1 2 -1 -2 4 -1 -2 4 2 4 4 1",24,1,-256
12078,1,"1 2 2 3 4 -3 4 -1 4 -2 -2 4",48,1,128
12079,1,"1 4 2 4 2 4 4 -2 4 -1 -4 -2",24,1,-128
12080,1,"1 2 -1 -2 4 2 4 4 -1 4 -2 1",24,1,-256
12081,1,"1 2 3 3 4 -2 4 -1 -3 4 4 -3",48,1,-128
12082,1,"1 2 3 3 4 4 -1 4 -3 4 -2 -3",48,1,-128
12083,1,"1 2 -1 4 -2 3 -2 4 4 2 -3 4",48,1,0
12084,1,"1 2 4 3 4 -2 -3 -3 4 4 -1 3",48,1,128
12085,1,"1 2 3 4 4 -1 4 2 4 -3 -2 -2",48,1,0
12086,1,"1 2 -1 4 4 4 4 -2 -4 -2 4 2",24,1,256
12087,1,"1 2 4 4 4 4 3 3 -1 -3 -2 -3",48,1,-256
12088,1,"1 2 1 4 4 -1 2 -1 4 4 -2 -2",24,1,256
12089,1,"1 2 2 4 2 4 -2 -1 -2 -2 4 4",24,1,256
12090,1,"1 2 2 1 4 -2 4 -1 4 -2 -1 4",24,1,128
12091,1,"1 2 3 -1 -3 -3 4 -2 4 4 3 4",48,1,-128
12092,1,"1 2 3 4 -2 -3 4 3 4 4 -1 -3",48,1,-128
12093,1,"1 2 4 3 3 -1 4 4 4 -3 -2 -3",48,1,0
12094,1,"1 2 3 3 4 -3 4 -1 4 4 -3 -2",48,1,0
12095,1,"1 2 3 -2 4 -3 4 4 2 -1 -2 4",48,1,0
12096,1,"1 2 3 -1 4 -3 4 -2 3 4 -3 4",48,1,0
12097,1,"1 2 4 2 4 -1 4 -2 -4 -2 4 4",24,1,128
12098,1,"1 2 3 3 -1 4 -3 4 -2 4 4 -3",48,1,-128
12099,1,"1 4 2 -1 -4 -2 -2 4 4 2 4 4",24,1,-256
12100,1,"1 2 2 -1 4 4 -2 4 2 4 -2 -2",24,1,-256
12101,1,"1 2 3 -2 -1 2 4 4 4 -3 -2 4",48,1,-128
12102,1,"1 2 3 4 3 4 4 -1 -3 -2 -3 4",48,1,0
12103,1,"1 2 1 2 4 -2 -1 4 -2 -1 4 4",24,1,128
12104,1,"1 2 -1 4 -2 -2 4 1 4 -1 2 4",24,1,128
12105,1,"1 2 1 -2 -2 4 2 -1 -1 4 4 4",24,1,512
12106,1,"1 2 3 4 4 -2 -3 4 -1 2 4 -2",48,1,0
12107,1,"1 2 2 4 -2 4 -2 4 -1 -2 4 2",24,1,128
12108,1,"1 2 3 -2 -1 4 -2 -3 4 4 2 4",48,1,0
12109,1,"1 4 4 2 4 -2 -2 -4 2 -1 4 4",24,1,-256
12110,1,"1 2 2 4 -2 -1 2 4 -2 -2 4 4",24,1,256
12111,1,"1 2 -4 3 4 -3 4 -1 4 -2 4 4",48,1,0
12112,1,"1 2 3 4 4 4 -2 -3 4 -3 -1 3",48,1,128
12113,1,"1 2 3 4 -1 4 -3 4 -3 4 3 -2",48,1,0
12114,1,"1 4 4 2 -1 -4 -2 -2 4 4 4 2",24,1,0
12115,1,"1 2 1 -2 -1 2 -1 4 4 4 4 -2",24,1,256
12116,1,"1 2 3 4 -3 -1 -3 4 4 4 3 -2",48,1,0
12117,1,"1 2 3 4 -2 4 -1 4 -3 2 4 -2",48,1,0
12118,1,"1 2 -1 4 3 4 3 -2 4 -3 -3 4",48,1,0
12119,1,"1 2 4 -1 -2 -4 -2 4 4 2 4 4",24,1,0
12120,1,"1 2 4 4 2 4 4 -1 -4 -2 4 -2",24,1,-256
12121,1,"1 2 2 2 4 4 -1 4 4 -2 -2 -2",24,1,0
12122,1,"1 2 -1 4 4 4 3 4 -3 -4 -2 4",48,1,0
12123,1,"1 2 3 4 4 -3 4 -2 4 3 -1 -3",48,1,-128
12124,1,"1 2 2 1 4 4 -1 -2 4 -2 -1 4",24,1,256
12125,1,"1 2 1 -2 4 4 -2 -1 2 4 -1 4",24,1,-128
12126,1,"1 2 4 3 4 4 -2 -3 -1 3 4 -3",48,1,128
12127,1,"1 2 1 4 -2 -1 -1 4 2 4 4 -2",24,1,256
12128,1,"1 2 4 -2 4 3 3 -1 4 4 -3 -3",48,1,0
12129,1,"1 2 3 4 -2 3 4 4 4 -3 -1 -3",48,1,128
12130,1,"1 2 3 4 4 3 -2 -1 4 -3 4 -3",48,1,-128
12131,1,"1 2 3 4 -1 4 4 2 -3 4 -2 -2",48,1,0
12132,1,"1 1 4 1 4 4 -1 4 -1 -4 -1 4",6,1,256
12133,1,"1 2 3 4 4 3 -2 -3 4 -1 4 -3",48,1,-128
12134,1,"1 2 2 4 3 4 -1 4 -2 -3 -2 4",48,1,128
12135,1,"1 2 -1 -1 -2 -2 4 4 4 2 1 4",24,1,0
12136,1,"1 2 -1 4 4 3 -2 -3 -3 4 3 4",48,1,0
12137,1,"1 2 4 2 4 4 4 -2 -4 -1 4 -2",24,1,256
12138,1,"1 2 -1 2 4 -2 4 3 -2 4 -3 4",48,1,64
12139,1,"1 2 4 4 3 4 -1 3 -2 -3 4 -3",48,1,-128
12140,1,"1 2 -1 -2 4 4 3 3 4 -3 -3 4",48,1,-256
12141,1,"1 2 4 4 3 3 4 -2 4 -3 -1 -3",48,1,128
12142,1,"1 2 -1 4 -2 3 -2 4 -3 4 4 2",48,1,128
12143,1,"1 2 2 3 -2 4 4 -2 -1 4 -3 4",48,1,0
12144,1,"1 2 2 4 -2 4 4 -2 -4 -1 4 4",24,1,256
12145,1,"1 2 2 4 -2 4 -1 -2 4 2 4 -2",24,1,-128
12146,1,"1 2 4 3 -2 4 4 -3 -1 3 4 -3",48,1,128
12147,1,"1 2 4 4 3 3 -1 -3 -2 4 4 -3",48,1,-256
12148,1,"1 2 3 4 4 2 -3 4 -1 -2 -2 4",48,1,0
12149,1,"1 2 3 4 -2 -2 -1 2 4 4 -3 4",48,1,128
12150,1,"1 2 3 4 2 4 -2 -3 4 4 -1 -2",48,1,0
12151,1,"1 2 2 -1 2 4 -2 -2 4 4 4 -2",24,1,0
12152,1,"1 4 2 2 -1 4 4 4 4 -2 -2 -4",24,1,-512
12153,1,"1 2 4 3 3 4 -1 -3 -3 4 -2 4",48,1,128
12154,1,"1 2 3 -2 4 2 4 -1 4 -3 4 -2",48,1,0
12155,1,"1 2 2 3 4 -2 -3 4 -1 4 -2 4",48,1,0
12156,1,"1 2 2 -1 4 4 4 4 4 -2 -4 -2",24,1,-512
12157,1,"1 1 4 4 -1 4 1 4 -1 4 -1 -4",6,1,-256
12158,1,"1 2 3 4 -1 -3 4 -2 -3 4 3 4",48,1,0
12159,1,"1 2 3 4 -3 -3 -2 -1 4 4 4 3",48,1,256
12160,1,"1 2 -1 -4 2 4 -2 4 -2 4 4 4",24,1,256
12161,1,"1 2 4 3 -1 4 -3 4 -2 -3 4 3",48,1,128
12162,1,"1 2 4 -1 4 4 -2 4 -2 4 2 -4",24,1,128
12163,1,"1 2 3 -2 4 4 -1 4 2 -3 -2 4",48,1,128
12164,1,"1 4 -1 4 4 2 4 4 -2 -2 -4 2",24,1,-256
12165,1,"1 2 -1 -2 4 1 -2 4 2 4 -1 4",24,1,0
12166,1,"1 4 2 2 2 4 -2 -1 4 -2 4 -2",24,1,256
12167,1,"1 2 4 3 4 -1 4 4 4 -3 -2 -4",48,1,-128
12168,1,"1 2 3 4 -3 4 4 4 -1 -3 -2 3",48,1,-128
12169,1,"1 2 -1 4 4 2 4 -1 -2 -2 4 1",24,1,-256
12170,1,"1 2 -1 4 -2 4 2 3 -2 4 -3 4",48,1,0
12171,1,"1 2 4 4 -1 4 -2 -2 -4 2 4 4",24,1,-256
12172,1,"1 2 4 4 4 3 3 -1 -3 -2 4 -3",48,1,-256
12173,1,"1 2 -1 2 4 3 4 4 -2 -2 -3 4",48,1,128
12174,1,"1 2 1 4 4 -1 4 -2 -1 2 4 -2",24,1,128
12175,1,"1 2 2 4 -1 -1 4 -2 4 1 -2 4",24,1,256
12176,1,"1 2 4 -2 3 3 4 -1 4 -3 -3 4",48,1,128
12177,1,"1 4 2 4 -2 -1 4 4 2 -4 -2 4",24,1,-128
12178,1,"1 2 2 4 -1 -1 -2 4 -2 4 4 1",24,1,0
12179,1,"1 2 -1 -1 -2 4 2 4 -2 4 4 1",24,1,-256
12180,1,"1 2 4 3 4 -1 -3 4 -2 3 4 -3",48,1,0
12181,1,"1 2 1 2 4 -2 4 -2 -1 4 -1 4",24,1,128
12182,1,"1 2 3 4 -3 4 -1 3 4 4 -2 -3",48,1,0
12183,1,"1 2 3 4 4 -2 4 -3 4 -3 -1 3",48,1,0
12184,1,"1 2 -1 -4 -2 4 4 4 -2 4 4 2",24,1,-256
12185,1,"1 2 3 4 4 -2 -3 -3 -1 4 4 3",48,1,256
12186,1,"1 2 4 4 -2 -4 2 4 -1 4 -2 4",24,1,-128
12187,1,"1 2 4 4 -2 4 2 4 -2 4 -1 -4",24,1,-128
12188,1,"1 4 -1 4 4 4 2 -4 -2 -2 4 2",24,1,-256
12189,1,"1 2 4 1 -2 4 2 -1 4 -1 -2 4",24,1,0
12190,1,"1 2 1 4 2 -1 4 -1 4 -2 -2 4",24,1,128
12191,1,"1 2 1 4 -1 -1 4 -2 4 2 4 -2",24,1,128
12192,1,"1 4 2 -1 4 -2 4 4 -2 -4 2 4",24,1,-128
12193,1,"1 2 4 3 4 -3 4 -1 -3 4 -2 3",48,1,0
12194,1,"1 2 3 4 3 4 -2 -3 -1 -3 4 4",48,1,0
12195,1,"1 2 -1 -2 4 2 1 -2 -1 4 4 4",24,1,256
12196,1,"1 2 2 3 4 -2 -1 -2 4 4 -3 4",48,1,128
12197,1,"1 2 2 -1 4 3 -2 4 -2 4 -3 4",48,1,0
12198,1,"1 2 3 -2 -3 -3 4 3 4 -1 4 4",48,1,-128
12199,1,"1 2 3 3 -2 4 4 -3 -1 4 4 -3",48,1,0
12200,1,"1 2 3 -2 4 3 4 4 4 -3 -1 -3",48,1,-128
12201,1,"1 2 4 3 4 -3 -1 4 -2 3 4 -3",48,1,128
12202,1,"1 2 4 3 4 4 -1 -2 4 4 -3 -4",48,1,0
12203,1,"1 2 4 3 -1 -3 4 4 4 3 -2 -3",48,1,128
12204,1,"1 2 2 4 -2 4 -2 4 -1 2 4 -2",24,1,128
12205,1,"1 2 4 3 3 4 4 -1 4 -3 -2 -3",48,1,128
12206,1,"1 2 3 -1 3 4 -3 -3 -2 4 4 4",48,1,256
12207,1,"1 2 4 4 3 -1 4 4 -3 -3 -2 3",48,1,-256
12208,1,"1 2 4 4 2 2 -1 -2 4 4 -2 -2",12,1,-512
12209,1,"1 2 1 4 -1 4 -1 -2 -2 4 2 4",24,1,128
12210,1,"1 2 3 3 -2 4 -3 4 4 4 -1 -3",48,1,-256
12211,1,"1 2 -1 4 -2 -2 -2 4 4 4 2 2",24,1,512
12212,1,"1 2 1 2 4 -1 4 4 -2 -2 -1 4",24,1,256
12213,1,"1 2 4 3 3 -2 4 4 -1 4 -3 -3",48,1,0
12214,1,"1 2 4 4 3 -2 3 -1 -3 4 -3 4",48,1,0
12215,1,"1 2 3 -2 4 -3 4 4 -1 -3 4 3",48,1,0
12216,1,"1 2 4 4 -2 -2 -1 -2 4 4 2 2",12,1,512
12217,1,"1 2 3 -2 -1 4 -3 4 3 4 -3 4",48,1,0
12218,1,"1 2 3 -2 -2 4 -1 2 4 -3 4 4",48,1,0
12219,1,"1 4 4 4 2 -1 -4 -2 -2 4 2 4",24,1,-256
12220,1,"1 2 -1 4 -2 4 -1 -2 4 2 1 4",24,1,0
12221,1,"1 2 1 -2 -2 -1 -1 4 4 4 2 4",24,1,0
12222,1,"1 2 -1 4 2 -1 4 -2 4 -2 4 1",24,1,-128
12223,1,"1 2 3 4 -1 -2 4 -3 -2 4 2 4",48,1,64
12224,1,"1 2 -1 -2 4 -2 1 4 2 4 -1 4",24,1,-128
12225,1,"1 2 3 4 -1 4 4 -3 -3 -2 4 3",48,1,128
12226,1,"1 2 3 3 4 -1 -3 -3 4 4 -2 4",48,1,0
12227,1,"1 2 4 4 3 4 -3 -2 3 4 -1 -3",48,1,128
12228,1,"1 2 4 -2 4 -1 -4 3 4 -3 4 4",48,1,0
12229,1,"1 2 3 4 -3 -2 -2 -1 4 4 2 4",48,1,256
12230,1,"1 2 -1 4 4 -2 3 4 2 -3 4 -2",48,1,0
12231,1,"1 2 3 4 4 -3 -2 3 4 4 -1 -3",48,1,128
12232,1,"1 2 3 3 -2 4 -3 4 -3 -1 4 4",48,1,128
12233,1,"1 2 -1 -2 4 2 3 -2 -3 4 4 4",48,1,128
12234,1,"1 2 -1 -1 4 -2 -2 4 4 2 1 4",24,1,256
12235,1,"1 2 3 -2 -3 2 4 -2 4 -1 4 4",48,1,-128
12236,1,"1 2 -1 4 -2 1 4 2 -1 -2 4 4",24,1,-128
12237,1,"1 2 3 3 -1 4 -2 4 -3 -3 4 4",48,1,0
12238,1,"1 2 4 2 -4 -2 -2 -1 4 4 4 4",24,1,-512
12239,1,"1 2 4 -2 4 -1 -4 2 4 -2 4 4",24,1,128
12240,1,"1 2 -1 4 -2 4 3 2 -3 4 4 -2",48,1,0
12241,1,"1 2 -4 -1 4 2 4 4 -2 4 4 -2",24,1,-256
12242,1,"1 2 2 4 -2 3 4 -2 -1 4 -3 4",48,1,128
12243,1,"1 2 2 4 -2 -2 4 -1 -2 4 2 4",24,1,0
12244,1,"1 2 4 3 4 -2 4 3 -1 -3 4 -3",48,1,-64
12245,1,"1 4 2 2 4 -2 -2 -2 -1 4 4 2",24,1,0
12246,1,"1 2 -1 4 4 3 4 2 -3 -2 4 -2",48,1,0
12247,1,"1 2 2 -1 4 1 4 -2 4 -1 -2 4",24,1,-128
12248,1,"1 2 3 -2 4 3 4 4 -1 -3 4 -3",48,1,-128
12249,1,"1 2 4 -2 4 4 -2 -4 2 4 -1 4",24,1,-128
12250,1,"1 2 3 4 -2 -2 4 2 -1 4 -3 4",48,1,0
12251,1,"1 2 2 4 2 -1 -2 -2 4 4 4 -2",24,1,-512
12252,1,"1 2 -1 4 -2 3 -2 4 2 -3 4 4",48,1,0
12253,1,"1 4 4 2 4 4 4 4 -1 -4 -2 -4",24,1,-512
12254,1,"1 2 -1 4 4 2 4 -2 -2 -1 4 1",24,1,256
12255,1,"1 2 3 4 -1 2 4 -2 -3 4 4 -2",48,1,128
12256,1,"1 2 4 4 -1 3 -2 3 4 4 -3 -3",48,1,256
12257,1,"1 2 3 4 -2 -1 3 4 4 -3 4 -3",48,1,128
12258,1,"1 2 4 -2 4 4 -1 4 -2 -4 2 4",24,1,-128
12259,1,"1 2 4 3 -2 4 -3 4 4 4 -1 -4",48,1,-128
12260,1,"1 2 1 2 4 -2 4 -1 4 -2 -1 4",24,1,128
12261,1,"1 2 3 -2 4 3 4 4 4 -1 -3 -3",48,1,-256
12262,1,"1 2 4 3 -2 -3 4 -1 3 4 4 -3",48,1,0
12263,1,"1 2 -1 4 -2 3 4 3 4 -3 -3 4",48,1,0
12264,1,"1 2 4 -2 3 -1 4 3 4 -3 -3 4",48,1,128
12265,1,"1 2 3 2 4 -3 -2 4 -1 4 -2 4",48,1,64
12266,1,"1 2 2 4 -2 4 2 -1 4 4 -2 -2",24,1,-256
12267,1,"1 2 -1 -2 4 -2 4 2 4 2 4 -2",24,1,-128
12268,1,"1 2 4 3 -2 4 4 -1 4 4 -3 -4",48,1,-128
12269,1,"1 2 4 4 3 -2 4 4 -1 -4 -3 4",48,1,-128
12270,1,"1 2 3 4 -3 -1 4 4 -3 4 -2 3",48,1,128
12271,1,"1 2 3 4 4 -3 -3 -1 -2 4 3 4",48,1,128
12272,1,"1 2 2 4 -1 -1 -2 4 1 -2 4 4",24,1,256
12273,1,"1 4 4 2 -1 -4 -2 4 2 4 -2 4",24,1,-128
12274,1,"1 2 -1 4 3 4 4 3 -2 -3 4 -3",48,1,-128
12275,1,"1 4 2 -4 -2 -1 4 4 4 -2 4 2",24,1,0
12276,1,"1 2 4 4 -1 4 4 4 4 -2 -4 -4",24,1,-512
12277,1,"1 2 3 4 -2 3 4 -3 -3 4 -1 4",48,1,128
12278,1,"1 2 3 3 4 -1 4 -3 4 -2 -3 4",48,1,0
12279,1,"1 2 -1 -2 4 2 4 -1 4 4 -2 1",24,1,-256
12280,1,"1 2 4 -1 -2 4 -2 -2 4 4 2 2",24,1,256
12281,1,"1 2 1 2 -1 4 -1 4 4 -2 4 -2",24,1,-128
12282,1,"1 2 -1 4 2 3 4 -3 -2 4 -2 4",48,1,0
12283,1,"1 2 2 -1 4 -2 4 4 -1 -2 4 1",24,1,-256
12284,1,"1 2 2 2 -1 -2 -2 4 4 4 -2 4",24,1,-512
12285,1,"1 2 3 3 4 -2 4 -1 -3 4 -3 4",48,1,0
12286,1,"1 2 3 4 4 -2 -3 -3 4 4 -1 3",48,1,256
12287,1,"1 2 3 4 4 -1 2 4 4 -3 -2 -2",48,1,0
12288,1,"1 2 3 2 4 -2 -2 -3 4 -1 4 4",48,1,128
12289,1,"1 2 2 4 -2 -2 3 4 -1 4 -3 4",48,1,128
12290,1,"1 4 2 2 4 -2 -4 -2 -1 4 4 4",24,1,256
12291,1,"1 2 3 4 -3 4 -1 -3 4 3 -2 4",48,1,0
12292,1,"1 4 2 4 -2 4 4 2 -4 -2 -1 4",24,1,-128
12293,1,"1 2 -1 4 -2 -2 -1 4 2 4 4 1",24,1,256
12294,1,"1 2 1 4 -2 4 -1 -2 4 2 -1 4",24,1,0
12295,1,"1 2 4 -2 4 4 3 -4 -3 4 -1 4",48,1,-128
12296,1,"1 2 3 2 -1 4 4 4 -2 -2 -3 4",48,1,0
12297,1,"1 2 3 3 -1 4 -3 4 -2 4 -3 4",48,1,0
12298,1,"1 2 3 4 -1 -2 4 2 -3 4 -2 4",48,1,64
12299,1,"1 2 3 -2 4 4 -3 4 2 -1 -2 4",48,1,0
12300,1,"1 2 3 -1 4 4 -3 -2 3 4 -3 4",48,1,0
12301,1,"1 2 3 4 -3 4 -2 4 2 4 -1 -2",48,1,-64
12302,1,"1 2 3 3 4 4 -2 -3 -1 4 4 -3",48,1,0
12303,1,"1 2 4 4 3 4 -3 -1 -3 4 -2 3",48,1,0
12304,1,"1 2 3 4 4 4 3 -2 -1 4 -3 -3",48,1,-256
12305,1,"1 2 2 3 -2 4 -2 -3 4 4 -1 4",48,1,-128
12306,1,"1 2 1 -2 -2 -1 4 4 2 -1 4 4",24,1,256
12307,1,"1 2 1 4 -2 -1 2 -1 4 4 4 -2",24,1,256
12308,1,"1 2 -1 4 -1 -2 4 2 4 1 -2 4",24,1,0
12309,1,"1 2 3 -2 -3 4 4 -1 2 4 -2 4",48,1,-128
12310,1,"1 2 -1 4 -1 -2 4 2 4 -2 1 4",24,1,-128
12311,1,"1 2 3 4 3 4 4 -1 -3 4 -2 -3",48,1,-128
12312,1,"1 2 3 4 3 4 -2 4 -3 4 -1 -3",48,1,-64
12313,1,"1 4 2 4 4 -1 4 4 -2 -2 -4 2",24,1,-256
12314,1,"1 2 2 4 -2 -1 4 4 -1 -2 4 1",24,1,256
12315,1,"1 2 4 3 -1 4 -2 -3 -3 4 4 3",48,1,256
12316,1,"1 2 3 4 4 -1 -2 4 -2 -3 4 2",48,1,0
12317,1,"1 2 4 4 3 3 -2 -3 -3 4 -1 4",48,1,0
12318,1,"1 2 -1 4 3 3 4 -2 4 -3 -3 4",48,1,0
12319,1,"1 2 -1 -2 4 3 4 -3 4 2 4 -2",48,1,-128
12320,1,"1 2 3 -1 -2 -3 4 3 4 4 -3 4",48,1,-128
12321,1,"1 2 3 4 -3 -1 3 4 4 -3 4 -2",48,1,128
12322,1,"1 2 3 4 -3 4 -2 4 -3 4 -1 3",48,1,64
12323,1,"1 2 3 -1 3 4 -3 -3 4 4 -2 4",48,1,128
12324,1,"1 2 3 -2 4 -3 -3 4 4 3 -1 4",48,1,-128
12325,1,"1 4 -1 4 4 4 4 1 4 -1 -4 -4",6,1,-512
12326,1,"1 2 4 3 -4 -3 -2 4 4 4 -1 4",48,1,-128
12327,1,"1 2 -1 4 -1 -2 -2 4 4 4 2 1",24,1,0
12328,1,"1 2 -1 -1 4 -2 1 2 4 -2 4 4",24,1,-256
12329,1,"1 2 3 4 -2 4 -1 4 -2 -3 4 2",48,1,0
12330,1,"1 2 4 4 4 2 -1 -4 -2 4 4 -2",24,1,-256
12331,1,"1 2 4 3 3 4 -2 -3 -1 4 -3 4",48,1,128
12332,1,"1 2 4 -1 4 3 3 -2 4 -3 -3 4",48,1,128
12333,1,"1 2 -1 4 4 3 4 -2 -3 -2 4 2",48,1,128
12334,1,"1 2 3 4 -1 4 2 4 -3 4 -2 -2",48,1,0
12335,1,"1 1 1 4 -1 4 4 4 4 -1 -1 -4",6,1,-1024
12336,1,"1 2 1 -2 4 2 4 -1 4 -1 -2 4",24,1,128
12337,1,"1 2 4 4 -2 3 3 -1 4 4 -3 -3",48,1,256
12338,1,"1 2 4 3 4 3 4 -3 -2 -3 -1 4",48,1,64
12339,1,"1 2 1 -2 -2 4 -1 -1 4 4 2 4",24,1,256
12340,1,"1 2 3 4 4 2 4 -3 -2 4 -1 -2",48,1,-128
12341,1,"1 2 -1 4 4 4 4 3 -4 -3 -2 4",48,1,0
12342,1,"1 2 2 -1 -1 4 4 1 -2 4 -2 4",24,1,256
12343,1,"1 2 -1 -2 4 3 4 3 4 -3 -3 4",48,1,-128
12344,1,"1 2 3 2 -1 -2 4 4 4 -2 -3 4",48,1,-128
12345,1,"1 2 4 -1 -1 2 4 -2 4 -2 1 4",24,1,128
12346,1,"1 2 4 -1 3 -2 3 4 4 -3 4 -3",48,1,128
12347,1,"1 2 3 4 -3 -2 -2 4 4 -1 2 4",48,1,256
12348,1,"1 2 4 3 4 -3 4 -2 -4 -1 4 4",48,1,128
12349,1,"1 2 2 -1 -1 4 -2 4 1 4 -2 4",24,1,0
12350,1,"1 2 3 4 -1 3 4 -3 4 -2 4 -3",48,1,64
12351,1,"1 2 -1 2 2 4 4 -2 -2 -2 4 4",24,1,512
12352,1,"1 2 3 4 4 3 -1 -3 4 4 -2 -3",48,1,-128
12353,1,"1 2 1 -2 -2 -1 4 2 4 4 -1 4",24,1,0
12354,1,"1 2 1 4 -1 4 -2 -1 -2 4 2 4",12,1,128
12355,1,"1 2 4 1 4 2 -1 4 -2 -2 -1 4",24,1,128
12356,1,"1 2 4 3 4 -2 4 -3 -1 3 4 -3",48,1,64
12357,1,"1 2 4 4 3 -1 -3 4 -3 -2 3 4",48,1,-128
12358,1,"1 2 3 2 -3 4 -2 4 4 -2 -1 4",48,1,128
12359,1,"1 2 -1 4 4 3 4 -2 -3 2 4 -2",48,1,0
12360,1,"1 2 2 3 4 -2 -3 4 -1 -2 4 4",48,1,0
12361,1,"1 2 2 2 4 -1 4 -2 4 -2 -2 4",24,1,256
12362,1,"1 2 3 -4 -1 4 4 4 -2 -3 4 4",48,1,0
12363,1,"1 2 3 4 -1 3 4 4 4 -2 -3 -3",48,1,0
12364,1,"1 2 3 2 4 4 4 -2 -1 4 -3 -2",48,1,128
12365,1,"1 4 -1 4 4 4 4 -1 4 1 -4 -4",6,1,512
12366,1,"1 2 4 3 -1 3 4 4 -2 -3 4 -3",48,1,0
12367,1,"1 2 4 4 4 3 3 -2 4 -1 -3 -3",48,1,-256
12368,1,"1 2 3 2 4 4 -1 4 -2 -3 -2 4",48,1,128
12369,1,"1 4 2 4 -2 4 -1 -4 2 4 4 -2",24,1,128
12370,1,"1 2 3 4 -3 -1 -3 4 -2 4 4 3",48,1,128
12371,1,"1 2 4 -2 -2 -1 4 3 4 -3 4 2",48,1,128
12372,1,"1 4 2 2 2 4 -2 -1 4 -2 -2 4",24,1,256
12373,1,"1 2 4 -1 -4 -2 4 4 -2 4 4 2",24,1,0
12374,1,"1 2 4 3 3 4 -3 4 -3 -2 -1 4",48,1,128
12375,1,"1 2 3 3 4 -1 4 4 4 -2 -3 -3",48,1,-256
12376,1,"1 2 4 -2 3 4 -1 -3 -3 4 4 3",48,1,128
12377,1,"1 2 4 2 4 4 4 -1 -2 -4 -2 4",24,1,0
12378,1,"1 2 4 3 3 -2 -3 4 -1 -3 4 4",48,1,-128
12379,1,"1 2 -1 4 2 4 -2 4 4 4 -2 -4",24,1,-256
12380,1,"1 2 -1 4 3 4 4 -3 -2 3 4 -3",48,1,128
12381,1,"1 2 3 4 -3 4 2 -1 -2 4 -2 4",48,1,-64
12382,1,"1 2 -1 4 -2 -2 4 2 4 -2 4 2",24,1,128
12383,1,"1 2 4 -2 -1 4 2 2 4 -2 4 -2",24,1,128
12384,1,"1 2 4 3 -1 -3 -3 4 -2 4 3 4",48,1,0
12385,1,"1 2 3 4 4 2 4 -1 4 -3 -2 -2",48,1,0
12386,1,"1 2 -1 4 -2 3 4 2 4 -3 -2 4",48,1,0
12387,1,"1 2 -1 4 -2 -2 3 4 -3 4 4 2",48,1,128
12388,1,"1 2 4 -1 3 3 4 4 4 -2 -3 -3",48,1,0
12389,1,"1 2 1 2 -1 4 -1 -2 4 4 -2 4",24,1,-128
12390,1,"1 2 3 4 3 -2 4 4 -3 4 -1 -3",48,1,-128
12391,1,"1 2 3 -2 -2 -3 4 -1 4 4 4 2",48,1,-256
12392,1,"1 2 4 3 4 -3 -1 -3 4 -2 4 3",48,1,64
12393,1,"1 2 3 -2 4 4 4 -3 -2 4 -1 2",48,1,128
12394,1,"1 4 2 4 -2 -1 4 -2 -4 2 4 4",24,1,-128
12395,1,"1 2 3 4 -3 -2 4 4 -3 4 -1 3",48,1,0
12396,1,"1 2 3 4 4 -3 4 -3 -1 -2 4 3",48,1,0
12397,1,"1 2 4 -2 4 2 -4 -1 4 -2 4 4",24,1,-128
12398,1,"1 2 2 4 4 -2 4 -2 -1 -2 4 2",24,1,256
12399,1,"1 2 1 4 -1 -2 4 2 4 -2 -1 4",24,1,128
12400,1,"1 2 3 4 -3 4 4 3 -1 -3 4 -2",48,1,-128
12401,1,"1 2 -1 -2 1 4 2 -1 4 -2 4 4",24,1,-128
12402,1,"1 2 -4 2 4 -1 4 4 4 4 -2 -2",24,1,0
12403,1,"1 2 -1 4 -2 -4 -2 4 4 4 4 2",24,1,256
12404,1,"1 2 3 3 -2 4 4 -3 -1 4 -3 4",48,1,128
12405,1,"1 2 2 2 4 4 -2 -1 -2 4 4 -2",24,1,0
12406,1,"1 2 3 -2 -3 4 -3 4 4 4 -1 3",48,1,128
12407,1,"1 2 3 -2 4 4 4 4 -3 -3 -1 3",48,1,256
12408,1,"1 2 2 3 4 -2 4 -1 4 -3 4 -2",48,1,0
12409,1,"1 2 2 -1 -2 4 2 4 4 -2 -2 4",24,1,-256
12410,1,"1 2 3 4 4 2 -3 4 -2 4 -1 -2",48,1,-128
12411,1,"1 4 2 2 4 -2 -4 -2 4 4 -1 4",24,1,256
12412,1,"1 2 3 3 -1 4 4 4 -2 4 -3 -3",48,1,-256
12413,1,"1 2 3 3 4 4 -3 -3 -1 4 -2 4",48,1,256
12414,1,"1 2 3 4 3 -2 4 -1 4 -3 -3 4",48,1,0
12415,1,"1 4 2 4 -2 4 4 -2 4 2 -1 -4",24,1,-128
12416,1,"1 2 2 4 1 -2 4 -1 4 -1 -2 4",24,1,128
12417,1,"1 2 1 4 -1 -1 2 4 -2 4 -2 4",24,1,128
12418,1,"1 2 3 4 -3 -3 -1 -2 3 4 4 4",48,1,256
12419,1,"1 2 4 4 4 4 3 -2 -3 -3 -1 3",48,1,256
12420,1,"1 2 3 4 -1 -2 4 -3 2 4 4 -2",48,1,-128
12421,1,"1 2 3 -1 4 -3 -3 4 -2 4 4 3",48,1,128
12422,1,"1 2 3 4 -3 4 4 -2 4 -3 -1 3",48,1,0
12423,1,"1 2 3 4 4 4 3 -1 -3 -3 -2 4",48,1,-256
12424,1,"1 2 3 -2 4 4 2 -1 -2 -3 4 4",48,1,-128
12425,1,"1 2 -1 -2 1 4 4 2 4 -1 -2 4",24,1,-128
12426,1,"1 2 3 3 4 4 4 -3 -1 4 -3 -2",48,1,256
12427,1,"1 2 -1 4 4 3 4 -3 -2 -2 4 2",48,1,128
12428,1,"1 2 2 4 -1 -2 4 2 4 -2 4 -2",24,1,-128
12429,1,"1 2 1 -2 -2 4 4 -1 2 -1 4 4",24,1,256
12430,1,"1 2 3 -2 -3 -3 4 -1 4 4 4 3",48,1,0
12431,1,"1 2 4 4 4 4 2 -1 -4 -2 -2 4",24,1,-512
12432,1,"1 2 3 4 4 -2 -3 -4 -1 4 4 4",48,1,256
12433,1,"1 2 3 -1 4 3 -2 -3 4 4 -3 4",48,1,0
12434,1,"1 2 -1 -2 4 3 -2 4 4 -3 4 2",48,1,0
12435,1,"1 2 -1 -2 4 3 4 4 4 4 -3 -4",48,1,0
12436,1,"1 1 1 4 1 4 -1 4 -1 -1 -1 4",6,1,512
12437,1,"1 2 -1 -2 -2 -2 4 2 2 4 4 4",24,1,-512
12438,1,"1 2 4 4 3 -1 3 4 -3 -2 -3 4",48,1,128
12439,1,"1 2 4 4 4 -2 4 -2 4 -1 2 -4",24,1,0
12440,1,"1 2 4 4 3 -1 4 4 4 -2 -3 -4",48,1,-256
12441,1,"1 2 -1 4 2 1 4 -1 -2 4 -2 4",24,1,0
12442,1,"1 2 4 3 3 4 -2 -1 4 -3 4 -3",48,1,128
12443,1,"1 2 -1 4 -2 4 -2 4 -1 2 4 1",24,1,128
12444,1,"1 2 4 3 3 -1 -3 -2 -3 4 4 4",48,1,0
12445,1,"1 2 -1 4 4 -2 3 2 4 -3 4 -2",48,1,0
12446,1,"1 4 2 -1 -4 2 4 4 -2 4 4 -2",24,1,256
12447,1,"1 2 3 -1 -3 4 -3 4 3 4 4 -2",48,1,-128
12448,1,"1 2 2 4 1 4 -1 -2 4 -1 -2 4",24,1,-128
12449,1,"1 2 4 3 -4 -3 4 4 -2 4 -1 4",48,1,-128
12450,1,"1 2 1 -2 -2 4 4 4 2 -1 -1 4",24,1,512
12451,1,"1 2 -1 4 3 -2 4 -3 2 4 4 -2",48,1,0
12452,1,"1 2 -1 -4 2 4 4 -2 4 -2 4 4",24,1,256
12453,1,"1 2 3 2 4 -1 4 -2 4 -3 -2 4",48,1,64
12454,1,"1 2 2 -1 4 -2 3 -2 4 -3 4 4",48,1,0
12455,1,"1 2 3 -2 -3 2 4 -2 -1 4 4 4",48,1,-256
12456,1,"1 2 -1 4 1 -2 4 2 -1 -2 4 4",24,1,-128
12457,1,"1 2 2 4 -1 -1 4 1 -2 4 -2 4",24,1,256
12458,1,"1 2 4 3 4 -3 4 2 -1 4 -2 -2",48,1,-128
12459,1,"1 1 4 4 -1 4 -1 4 1 4 -1 -4",6,1,-256
12460,1,"1 4 2 4 -2 4 -1 4 4 -2 -4 2",24,1,-128
12461,1,"1 2 2 4 4 -1 -1 -2 4 -2 4 1",24,1,0
12462,1,"1 2 4 4 -1 3 -4 -2 -3 4 4 4",48,1,-256
12463,1,"1 2 3 3 4 4 -3 4 4 -1 -3 -2",48,1,-256
12464,1,"1 2 4 -1 3 -2 -3 4 -3 4 4 3",48,1,0
12465,1,"1 2 4 2 4 -2 -2 -2 -1 4 4 2",24,1,256
12466,1,"1 2 2 -1 4 4 4 4 -2 4 -2 -4",24,1,-512
12467,1,"1 4 2 -1 4 2 4 -2 -2 -2 4 2",24,1,256
12468,1,"1 2 4 4 -2 4 4 2 -1 -4 -2 4",24,1,-256
12469,1,"1 2 2 -4 -2 4 -1 4 4 4 4 -2",24,1,0
12470,1,"1 2 -1 -2 4 4 1 4 2 -1 -2 4",24,1,-128
12471,1,"1 2 3 -4 -1 4 4 4 -3 4 4 -2",48,1,-256
12472,1,"1 2 -1 -4 3 4 4 4 4 -2 -3 4",48,1,-256
12473,1,"1 2 3 4 -1 -2 -3 4 3 4 -3 4",48,1,-64
12474,1,"1 2 2 4 -1 -2 4 3 4 -3 4 -2",48,1,-128
12475,1,"1 2 3 4 4 -3 -4 -1 4 -2 4 4",48,1,128
12476,1,"1 2 3 4 3 4 -3 -1 -3 -2 4 4",48,1,128
12477,1,"1 2 -1 -1 -2 4 4 4 2 1 4 -2",24,1,-256
12478,1,"1 2 -1 -2 4 2 -1 4 4 -2 4 1",24,1,-256
12479,1,"1 2 3 2 4 -3 -2 4 -1 -2 4 4",48,1,0
12480,1,"1 2 3 -2 4 -3 4 -3 -1 3 4 4",48,1,128
12481,1,"1 2 3 4 -2 3 4 4 4 -1 -3 -3",48,1,0
12482,1,"1 2 3 4 3 -2 -3 4 4 -1 4 -3",48,1,-128
12483,1,"1 2 3 4 -3 -1 4 -3 4 4 -2 3",48,1,128
12484,1,"1 2 3 4 3 -2 -1 4 4 -3 4 -3",48,1,-128
12485,1,"1 2 3 4 4 -2 -1 4 -3 -3 4 3",48,1,256
12486,1,"1 1 4 4 -1 4 -1 4 -1 4 1 -4",6,1,256
12487,1,"1 2 2 3 -2 -2 -3 4 4 4 -1 4",48,1,-256
12488,1,"1 2 -1 -1 -2 4 4 1 4 2 4 -2",24,1,-256
12489,1,"1 2 2 4 -2 4 4 4 -2 -4 -1 4",24,1,256
12490,1,"1 2 3 -2 -3 4 4 3 4 -1 -3 4",48,1,-128
12491,1,"1 2 3 3 4 -3 -3 4 -1 4 -2 4",48,1,128
12492,1,"1 2 -1 4 2 4 1 -2 -2 -1 4 4",24,1,256
12493,1,"1 2 3 4 4 -3 -1 -4 -2 4 4 4",48,1,0
12494,1,"1 2 4 3 -2 -3 -1 4 -3 4 4 3",48,1,128
12495,1,"1 2 -1 -2 4 3 4 -2 4 -3 2 4",48,1,-64
12496,1,"1 2 2 -1 4 -2 4 -1 4 -2 4 1",24,1,0
12497,1,"1 2 -1 -2 -2 4 3 4 -3 4 4 2",48,1,0
12498,1,"1 2 2 2 -1 -2 -2 4 4 -2 4 4",24,1,-512
12499,1,"1 2 2 4 4 -2 4 -2 -1 2 4 -2",24,1,256
12500,1,"1 2 4 3 -2 -1 4 -3 -3 4 3 4",48,1,128
12501,1,"1 2 -1 -1 -2 4 -2 4 4 4 2 1",24,1,0
12502,1,"1 2 3 -2 3 4 -3 -1 -3 4 4 4",48,1,128
12503,1,"1 2 2 4 2 4 -2 -1 4 -2 -2 4",24,1,256
12504,1,"1 2 3 -2 3 4 4 -1 4 4 -3 -3",48,1,0
12505,1,"1 4 2 -1 4 -2 -4 -2 4 4 2 4",24,1,128
12506,1,"1 2 -4 -1 4 3 4 -3 4 -2 4 4",48,1,-128
12507,1,"1 1 4 -1 -1 4 1 -4 -1 4 4 4",6,1,-512
12508,1,"1 2 1 4 -2 4 2 4 -1 4 -1 -2",24,1,0
12509,1,"1 2 -1 4 3 3 4 -3 4 4 -2 -3",48,1,-128
12510,1,"1 2 -1 -2 4 4 4 -2 4 4 2 -4",24,1,256
12511,1,"1 4 2 4 2 -1 4 4 -2 -4 -2 4",24,1,128
12512,1,"1 2 -1 -1 4 2 4 -2 4 -2 1 4",24,1,-128
12513,1,"1 2 3 3 4 4 -2 -3 -1 4 -3 4",48,1,128
12514,1,"1 2 3 2 4 -1 4 4 -3 -2 4 -2",48,1,0
12515,1,"1 2 3 -2 -3 -3 4 4 4 3 -1 4",48,1,-256
12516,1,"1 2 3 -1 -2 -3 4 4 4 -3 4 3",48,1,0
12517,1,"1 2 -1 4 2 4 3 4 -2 -3 4 -2",48,1,-64
12518,1,"1 2 -1 -1 -2 4 -2 4 4 1 2 4",24,1,-256
12519,1,"1 2 3 4 4 4 4 -3 -1 -3 -2 3",48,1,0
12520,1,"1 2 3 4 -3 -1 -2 4 4 3 4 -3",48,1,128
12521,1,"1 2 3 2 -1 4 4 -2 -2 4 -3 4",48,1,0
12522,1,"1 2 2 4 -2 -1 4 -1 4 -2 4 1",24,1,256
12523,1,"1 2 3 4 -3 -2 4 4 -1 2 4 -2",48,1,128
12524,1,"1 2 4 -1 -2 4 -2 -2 4 2 2 4",24,1,0
12525,1,"1 2 3 4 -3 4 -2 -3 4 4 -1 3",48,1,128
12526,1,"1 2 3 -4 -2 -1 4 4 4 4 -3 4",48,1,-256
12527,1,"1 2 -1 4 4 4 -2 -4 2 4 4 -2",24,1,256
12528,1,"1 2 1 2 -1 -2 -2 -1 4 4 4 4",24,1,0
12529,1,"1 2 3 4 -3 -3 4 -1 -2 4 3 4",48,1,0
12530,1,"1 2 4 4 3 4 3 -2 -3 4 -1 -3",48,1,-128
12531,1,"1 4 4 4 -1 -4 2 2 4 4 -2 -2",24,1,512
12532,1,"1 2 3 2 4 4 -2 -3 4 4 -1 -2",48,1,-128
12533,1,"1 2 3 4 -2 4 -1 -2 4 -3 4 2",48,1,64
12534,1,"1 2 4 2 1 4 -1 -2 4 -2 -1 4",12,1,128
12535,1,"1 2 -1 4 4 3 4 -3 4 -3 -2 3",48,1,-128
12536,1,"1 2 4 3 4 3 4 -2 -3 -3 -1 4",48,1,128
12537,1,"1 2 3 -1 3 4 -3 4 4 -3 4 -2",48,1,0
12538,1,"1 2 1 4 -1 4 -2 -1 2 4 4 -2",24,1,128
12539,1,"1 2 4 3 4 -3 4 -2 -3 -1 3 4",48,1,64
12540,1,"1 2 3 4 -3 -2 -3 4 3 4 -1 4",48,1,64
12541,1,"1 2 3 -2 -3 2 4 -1 4 -2 4 4",48,1,-128
12542,1,"1 4 2 2 2 4 -1 4 -2 -2 4 -2",24,1,256
12543,1,"1 2 1 -2 4 -1 -2 -1 2 4 4 4",24,1,0
12544,1,"1 2 2 -1 -1 4 4 1 -2 -2 4 4",24,1,512
12545,1,"1 2 4 -1 4 3 -4 -3 4 -2 4 4",48,1,-128
12546,1,"1 2 3 2 4 -2 -1 4 -2 -3 4 4",48,1,128
12547,1,"1 2 -4 -1 4 4 2 4 -2 4 -2 4",24,1,-128
12548,1,"1 2 3 4 4 4 -1 -2 -4 -3 4 4",48,1,-256
12549,1,"1 2 2 4 -1 4 -2 -2 -1 4 1 4",24,1,256
12550,1,"1 2 4 -2 -2 -2 -1 4 4 2 2 4",24,1,512
12551,1,"1 2 4 -2 4 -1 -4 -2 4 2 4 4",24,1,-128
12552,1,"1 2 2 4 -1 -2 4 -1 -2 4 1 4",24,1,-128
12553,1,"1 2 4 4 2 4 4 4 -1 -4 -2 -2",24,1,-512
12554,1,"1 2 2 -1 -1 4 -2 4 1 -2 4 4",24,1,256
12555,1,"1 2 -1 -2 4 4 -1 4 2 4 -2 1",24,1,-256
12556,1,"1 2 3 3 4 4 4 -1 4 -3 -2 -3",48,1,0
12557,1,"1 2 3 -2 4 2 4 4 -3 -2 -1 4",48,1,128
12558,1,"1 2 3 4 2 -3 -2 -2 -1 4 4 4",48,1,256
12559,1,"1 2 4 2 4 -1 -4 -2 4 -2 4 4",24,1,-128
12560,1,"1 2 4 1 2 4 -1 4 -2 -2 -1 4",24,1,128
12561,1,"1 2 -1 -2 4 2 4 -1 -2 4 1 4",24,1,-128
12562,1,"1 2 4 3 4 -1 -2 -4 -3 4 4 4",48,1,0
12563,1,"1 2 3 -1 4 4 -3 4 3 4 -2 -3",48,1,-128
12564,1,"1 2 3 -2 -3 4 -3 -1 4 3 4 4",48,1,0
12565,1,"1 4 2 2 4 4 4 -2 -2 -4 -1 4",24,1,0
12566,1,"1 2 4 4 3 -1 3 4 4 -3 -2 -3",48,1,128
12567,1,"1 2 4 -2 4 3 -1 4 -3 -3 4 3",48,1,128
12568,1,"1 4 -1 4 4 4 -1 4 4 1 -4 -4",6,1,512
12569,1,"1 4 2 -1 4 4 4 2 -4 -2 -2 4",24,1,-256
12570,1,"1 2 4 3 -2 -3 -3 -1 4 4 3 4",48,1,128
12571,1,"1 2 3 4 2 -1 -2 -3 4 4 4 -2",48,1,-256
12572,1,"1 2 4 4 -1 3 -4 -2 4 4 -3 4",48,1,-128
12573,1,"1 2 4 -1 4 4 -2 -4 -2 4 4 2",24,1,256
12574,1,"1 2 3 -2 -3 4 3 -1 4 4 4 -3",48,1,-128
12575,1,"1 2 4 3 4 3 -2 -1 4 4 -3 -3",48,1,0
12576,1,"1 2 -1 4 3 4 4 4 -2 4 -3 -4",48,1,0
12577,1,"1 2 3 4 -3 -1 3 4 4 -2 4 -3",48,1,128
12578,1,"1 4 -1 -4 2 4 4 2 4 -2 4 -2",24,1,128
12579,1,"1 2 3 4 -2 4 -3 4 -1 -2 4 2",48,1,64
12580,1,"1 2 4 -2 4 4 4 2 -4 -2 -1 4",24,1,-256
12581,1,"1 4 2 4 4 -2 4 -2 4 -1 -4 2",24,1,-128
12582,1,"1 2 3 4 -1 4 4 2 -3 -2 -2 4",48,1,128
12583,1,"1 2 3 -2 4 4 3 4 -3 4 -1 -3",48,1,-128
12584,1,"1 2 -1 -1 4 4 -2 4 2 1 4 -2",24,1,0
12585,1,"1 2 -1 -2 4 -2 3 4 -3 4 4 2",48,1,0
12586,1,"1 2 3 4 -1 -3 -2 4 4 3 4 -3",48,1,0
12587,1,"1 2 4 3 -2 -3 4 4 3 -1 -3 4",48,1,-128
12588,1,"1 2 4 -2 4 2 4 2 -1 4 -2 -2",24,1,-128
12589,1,"1 2 1 4 -2 -2 4 -1 2 -1 4 4",24,1,256
12590,1,"1 2 3 -2 4 -3 -3 -1 4 4 4 3",48,1,256
12591,1,"1 2 2 -1 4 -2 4 -2 4 -1 4 1",24,1,0
12592,1,"1 2 4 2 -4 -2 4 -1 4 4 -2 4",24,1,-128
12593,1,"1 2 2 -1 4 -2 -2 4 4 -2 4 2",24,1,256
12594,1,"1 2 3 -2 4 4 4 -3 4 -3 -1 3",48,1,128
12595,1,"1 2 3 4 -3 -3 4 3 4 -1 -2 4",48,1,0
12596,1,"1 2 2 -1 -1 4 4 4 -2 -2 4 1",24,1,0
12597,1,"1 2 1 2 4 -2 4 4 -1 -1 -2 4",24,1,0
12598,1,"1 2 -1 -1 4 4 -2 1 4 2 4 -2",24,1,-256
12599,1,"1 2 3 4 -3 -2 4 -3 4 4 -1 3",48,1,0
12600,1,"1 1 4 4 -1 4 -1 4 -1 -4 1 4",6,1,-256
12601,1,"1 2 4 3 4 4 4 -3 4 -2 -1 -4",48,1,-256
12602,1,"1 2 4 3 -1 4 4 4 -3 -4 -2 4",48,1,-128
12603,1,"1 2 3 4 -3 -3 -2 4 -1 3 4 4",48,1,128
12604,1,"1 4 2 -1 -4 -2 4 -2 4 4 2 4",24,1,-128
12605,1,"1 4 2 -4 2 -1 4 4 -2 4 4 -2",24,1,0
12606,1,"1 2 -1 -1 4 2 4 -2 4 1 4 -2",24,1,-128
12607,1,"1 2 4 4 3 -2 -3 4 -1 -3 4 3",48,1,0
12608,1,"1 2 -4 -1 4 4 4 -2 4 -2 4 2",24,1,0
12609,1,"1 2 1 -2 4 -1 4 4 4 2 -1 -2",24,1,0
12610,1,"1 2 4 3 4 3 -2 4 -3 4 -1 -3",48,1,-64
12611,1,"1 2 3 2 4 -1 4 4 -2 4 -3 -2",48,1,0
12612,1,"1 2 4 2 4 -2 4 4 -1 -4 -2 4",24,1,-128
12613,1,"1 2 3 3 4 -3 -3 4 -2 -1 4 4",48,1,256
12614,1,"1 2 4 3 4 4 4 -2 -1 4 -3 -4",48,1,0
12615,1,"1 2 4 -2 4 3 -4 -1 -3 4 4 4",48,1,-128
12616,1,"1 2 -1 -1 2 1 4 4 -2 4 4 -2",24,1,256
12617,1,"1 2 4 -2 4 -1 4 4 4 2 -4 -2",24,1,0
12618,1,"1 2 3 3 -2 4 4 4 -3 -3 -1 4",48,1,256
12619,1,"1 2 -1 4 4 4 3 4 4 -3 -2 -4",48,1,-256
12620,1,"1 2 2 4 -2 -2 4 4 2 -1 4 -2",24,1,-256
12621,1,"1 2 3 -2 -3 -1 3 4 4 4 -3 4",48,1,128
12622,1,"1 2 -1 -2 1 4 4 2 -1 4 -2 4",24,1,-128
12623,1,"1 2 -1 4 3 3 4 4 -3 -2 4 -3",48,1,128
12624,1,"1 2 2 4 -2 -1 4 -2 4 -1 4 1",24,1,256
12625,1,"1 2 3 -2 4 4 3 4 -3 -1 -3 4",48,1,0
12626,1,"1 2 4 3 -1 3 -2 4 -3 4 -3 4",48,1,64
12627,1,"1 2 4 4 -2 4 -1 4 3 -4 -3 4",48,1,-128
12628,1,"1 2 -1 4 4 2 3 4 4 -3 -2 -2",48,1,-256
12629,1,"1 2 3 -1 4 4 -3 -3 -2 4 4 3",48,1,0
12630,1,"1 2 4 3 -4 -1 4 -2 -3 4 4 4",48,1,128
12631,1,"1 2 1 2 4 4 4 -2 4 -1 -1 -2",24,1,-256
12632,1,"1 2 1 -2 4 2 4 -1 -2 4 -1 4",24,1,128
12633,1,"1 2 -1 4 -2 4 -2 -1 4 2 4 1",24,1,128
12634,1,"1 2 3 4 4 2 -3 4 4 -1 -2 -2",48,1,-256
12635,1,"1 4 4 4 4 -1 -4 2 2 4 -2 -2",24,1,512
12636,1,"1 2 1 4 2 -1 -1 4 -2 4 -2 4",24,1,128
12637,1,"1 2 3 -4 -2 4 4 -1 4 4 -3 4",48,1,-128
12638,1,"1 2 4 3 4 -2 -4 -3 -1 4 4 4",48,1,128
12639,1,"1 2 2 -1 -1 4 -2 4 -2 4 1 4",24,1,0
12640,1,"1 2 3 4 3 -2 4 -1 4 4 -3 -3",48,1,-128
12641,1,"1 2 1 2 -1 -2 -2 4 4 -1 4 4",24,1,-256
12642,1,"1 2 4 -2 4 -1 -1 2 4 -2 4 1",12,1,256
12643,1,"1 2 3 4 2 4 -1 -2 -3 4 4 -2",48,1,-128
12644,1,"1 2 3 4 -2 -3 4 4 -1 -2 4 2",48,1,0
12645,1,"1 4 2 4 4 2 4 4 -2 -1 -4 -2",24,1,0
12646,1,"1 4 -1 4 4 2 -4 -4 -2 4 4 4",24,1,-512
12647,1,"1 2 2 4 -1 -1 4 1 -2 -2 4 4",24,1,512
12648,1,"1 2 3 4 4 4 4 -1 3 -2 -3 -3",48,1,-256
12649,1,"1 2 4 3 4 -2 -2 -3 2 4 -1 4",48,1,0
12650,1,"1 2 3 3 -1 4 -2 4 -3 4 4 -3",48,1,-128
12651,1,"1 2 4 -1 4 3 -2 -4 -3 4 4 4",48,1,-128
12652,1,"1 2 2 4 -1 -1 -2 4 -2 4 1 4",24,1,0
12653,1,"1 2 3 -1 -3 4 4 3 -2 4 -3 4",48,1,0
12654,1,"1 2 3 -1 4 -3 -2 4 4 -3 4 3",48,1,0
12655,1,"1 2 4 4 3 -1 3 -2 4 -3 -3 4",48,1,128
12656,1,"1 2 4 -1 4 -2 4 4 4 2 -4 -2",24,1,0
12657,1,"1 2 -4 -2 -2 4 2 4 4 4 -1 4",24,1,-256
12658,1,"1 4 2 4 -2 4 -1 -4 -2 4 4 2",24,1,128
12659,1,"1 2 4 -2 -4 3 4 -1 -3 4 4 4",48,1,128
12660,1,"1 2 3 4 -2 -2 -3 4 4 -1 4 2",48,1,0
12661,1,"1 2 3 4 4 -2 -3 -1 3 4 -3 4",48,1,128
12662,1,"1 2 3 4 2 -3 -2 -2 4 4 -1 4",48,1,128
12663,1,"1 2 4 4 2 4 -2 -4 -1 4 -2 4",24,1,128
12664,1,"1 2 4 4 4 4 -1 -4 2 4 -2 -2",24,1,512
12665,1,"1 2 3 -2 -3 -2 -1 4 2 4 4 4",48,1,0
12666,1,"1 4 2 2 -1 4 2 4 4 -2 -2 -2",24,1,0
12667,1,"1 2 4 -1 3 4 4 4 4 -3 -2 -4",48,1,0
12668,1,"1 2 4 -2 -2 -2 4 2 4 2 -1 4",24,1,0
12669,1,"1 2 4 3 -2 -3 -3 4 4 -1 3 4",48,1,128
12670,1,"1 2 3 -2 4 4 4 3 4 -1 -3 -3",48,1,-256
12671,1,"1 4 2 -1 4 4 -2 -2 4 4 2 -4",24,1,256
12672,1,"1 2 3 -1 -3 4 4 4 3 4 -2 -3",48,1,-128
12673,1,"1 2 4 -1 -2 4 2 3 4 -2 -3 4",48,1,0
12674,1,"1 2 3 4 -3 4 -1 -3 -2 3 4 4",48,1,0
12675,1,"1 2 -1 2 4 4 3 4 -3 4 -2 -2",48,1,0
12676,1,"1 2 4 -2 4 -1 3 3 4 -3 -3 4",48,1,128
12677,1,"1 2 -1 4 -1 2 4 -2 -2 4 4 1",24,1,256
12678,1,"1 2 4 4 4 3 3 -1 -3 -3 -2 4",48,1,-256
12679,1,"1 2 3 -2 4 -3 -2 4 4 2 -1 4",48,1,0
12680,1,"1 2 4 3 -4 -2 4 -3 -1 4 4 4",48,1,128
12681,1,"1 2 3 4 4 4 -2 4 -3 -4 -1 4",48,1,128
12682,1,"1 2 4 -2 -1 4 -2 -2 4 2 4 2",24,1,128
12683,1,"1 2 3 2 -3 4 -2 4 4 -1 4 -2",48,1,0
12684,1,"1 2 2 4 2 4 4 -1 4 -2 -2 -2",24,1,0
12685,1,"1 2 4 -1 -2 4 -2 -2 4 2 4 2",24,1,128
12686,1,"1 2 -1 4 -2 4 2 2 4 -2 4 -2",24,1,-128
12687,1,"1 2 3 4 -2 -3 2 4 4 -2 -1 4",48,1,-128
12688,1,"1 2 4 4 3 4 -2 -3 4 4 -1 -4",48,1,-128
12689,1,"1 1 4 4 -1 4 -1 -1 4 4 1 -4",6,1,512
12690,1,"1 2 4 3 4 4 -3 -1 -3 -2 4 3",48,1,0
12691,1,"1 2 4 2 -1 4 -2 -2 4 -2 4 2",24,1,128
12692,1,"1 2 3 -2 3 -1 4 4 4 -3 -3 4",48,1,0
12693,1,"1 2 3 -2 -3 4 4 3 -1 4 -3 4",48,1,-128
12694,1,"1 2 3 4 -1 -3 -3 -2 4 3 4 4",48,1,0
12695,1,"1 2 3 4 -2 -3 4 4 3 -1 4 -3",48,1,-128
12696,1,"1 2 2 4 4 4 -1 4 4 -2 -4 -2",24,1,0
12697,1,"1 1 4 4 1 4 4 -1 -1 -4 -1 4",6,1,512
12698,1,"1 2 4 -2 4 4 -1 4 3 -4 -3 4",48,1,-128
12699,1,"1 2 2 -1 4 -2 -2 4 4 2 4 -2",24,1,-256
12700,1,"1 2 1 4 4 -2 -1 -1 2 4 4 -2",24,1,256
12701,1,"1 2 3 -2 -1 -3 4 -3 4 4 3 4",48,1,-128
12702,1,"1 2 3 4 4 -1 -3 4 3 4 -2 -3",48,1,-128
12703,1,"1 2 1 4 4 -2 4 -2 -1 -1 2 4",24,1,0
12704,1,"1 2 3 2 4 -2 -3 4 4 4 -1 -2",48,1,-128
12705,1,"1 2 -1 4 3 4 2 4 -3 -2 4 -2",48,1,-64
12706,1,"1 2 4 -2 4 -2 -1 4 2 2 4 -2",24,1,128
12707,1,"1 2 3 -2 4 -3 -3 4 4 -1 4 3",48,1,128
12708,1,"1 2 3 3 4 -1 -3 4 -3 4 4 -2",48,1,-128
12709,1,"1 2 3 -2 4 -1 2 4 4 -2 -3 4",48,1,0
12710,1,"1 2 3 4 4 3 -2 -3 -3 -1 4 4",48,1,0
12711,1,"1 2 3 4 -1 -2 -2 4 -3 2 4 4",48,1,-128
12712,1,"1 2 4 4 2 -1 4 -2 -4 -2 4 4",24,1,0
12713,1,"1 2 1 -2 -1 -2 4 -1 2 4 4 4",24,1,0
12714,1,"1 2 3 4 -1 2 4 4 -2 -2 -3 4",48,1,128
12715,1,"1 2 3 4 4 -2 -2 -3 4 -1 2 4",48,1,0
12716,1,"1 2 -1 4 -2 3 -2 -3 4 4 2 4",48,1,0
12717,1,"1 2 3 2 4 -1 4 4 -3 -2 -2 4",48,1,128
12718,1,"1 2 4 -1 4 -2 4 4 2 4 -2 -4",24,1,-128
12719,1,"1 2 -1 4 4 4 3 -4 -2 4 -3 4",48,1,0
12720,1,"1 2 4 -1 4 3 4 -2 3 4 -3 -3",48,1,128
12721,1,"1 2 2 4 1 -2 -2 4 4 -1 -1 4",24,1,512
12722,1,"1 2 4 -1 -4 2 4 4 4 4 -2 -2",24,1,512
12723,1,"1 2 3 2 4 -1 4 -3 -2 4 -2 4",48,1,64
12724,1,"1 2 4 3 -1 4 -3 -3 -2 4 3 4",48,1,0
12725,1,"1 2 3 -2 -2 4 4 4 -3 4 -1 2",48,1,0
12726,1,"1 2 2 2 -1 4 4 4 -2 4 -2 -2",24,1,-512
12727,1,"1 2 1 4 -2 -1 2 4 4 -1 4 -2",24,1,128
12728,1,"1 2 4 3 4 -3 -1 -2 4 -3 4 3",24,1,-64
12729,1,"1 2 3 -2 -3 4 4 4 2 -1 -2 4",48,1,128
12730,1,"1 2 4 -2 4 3 -4 -1 4 4 -3 4",48,1,0
12731,1,"1 2 -1 -1 4 1 2 4 -2 4 4 -2",24,1,-256
12732,1,"1 2 3 4 -3 4 4 3 -2 -3 -1 4",48,1,0
12733,1,"1 2 4 3 4 4 -3 -2 3 -1 -3 4",48,1,128
12734,1,"1 2 4 4 4 2 -4 -2 -1 4 -2 4",24,1,-256
12735,1,"1 2 3 2 4 -1 -2 4 -3 4 -2 4",48,1,0
12736,1,"1 2 4 -1 4 4 4 -2 -4 2 4 -2",24,1,0
12737,1,"1 4 2 4 -2 -2 -4 -1 4 4 4 2",24,1,-256
12738,1,"1 2 4 4 3 4 4 -3 -2 -4 -1 4",48,1,128
12739,1,"1 2 1 4 2 -1 4 -2 -1 -2 4 4",24,1,128
12740,1,"1 2 -1 4 4 -1 -2 -2 1 4 2 4",24,1,-256
12741,1,"1 2 3 -1 -2 -3 4 -3 4 3 4 4",48,1,-128
12742,1,"1 2 -4 -2 4 2 4 4 -2 -1 4 4",24,1,-256
12743,1,"1 2 4 2 4 -2 -2 4 -1 -1 4 1",24,1,256
12744,1,"1 2 3 -2 4 2 -3 4 -1 -2 4 4",48,1,0
12745,1,"1 2 4 4 -2 4 -1 2 4 4 -2 -4",24,1,0
12746,1,"1 2 3 4 3 4 4 -2 4 -1 -3 -3",48,1,-128
12747,1,"1 2 3 4 -2 4 4 -3 4 4 -1 -4",48,1,-128
12748,1,"1 2 4 3 3 4 4 -2 -3 -3 -1 4",48,1,256
12749,1,"1 2 4 4 -2 -1 4 4 2 4 -2 -4",24,1,0
12750,1,"1 2 3 -1 4 4 -3 -3 4 4 -2 3",48,1,0
12751,1,"1 2 3 4 2 4 -1 -2 -2 -3 4 4",48,1,-128
12752,1,"1 2 3 -2 -1 4 4 2 4 -2 -3 4",48,1,0
12753,1,"1 4 2 2 2 4 -1 4 -2 -2 -2 4",12,1,512
12754,1,"1 2 3 -4 -1 4 -2 4 4 4 -3 4",48,1,-128
12755,1,"1 2 -1 2 4 -2 4 3 4 -2 -3 4",48,1,64
12756,1,"1 2 -1 4 -2 3 4 -2 -3 4 4 2",48,1,128
12757,1,"1 2 3 4 -3 -2 4 3 4 -3 -1 4",48,1,64
12758,1,"1 2 4 3 4 -3 -3 -2 3 4 -1 4",48,1,0
12759,1,"1 2 4 3 4 -2 -4 -3 4 4 -1 4",48,1,0
12760,1,"1 2 -1 -2 4 -1 4 4 2 1 -2 4",24,1,128
12761,1,"1 2 4 2 4 -1 4 -2 -2 -1 4 1",24,1,256
12762,1,"1 2 -1 4 2 1 -2 4 -1 -2 4 4",24,1,128
12763,1,"1 2 3 3 -1 4 -3 -2 4 -3 4 4",48,1,0
12764,1,"1 2 3 -2 4 4 -1 2 -3 4 -2 4",48,1,0
12765,1,"1 2 2 4 4 -1 -4 -2 4 -2 4 4",24,1,-256
12766,1,"1 2 1 4 -1 4 -2 4 -2 -1 2 4",24,1,0
12767,1,"1 2 -1 4 4 -1 -2 4 2 4 -2 1",24,1,-256
12768,1,"1 2 3 -2 4 -1 4 -3 -3 4 4 3",48,1,128
12769,1,"1 2 4 3 -1 -3 -2 3 4 -3 4 4",48,1,-128
12770,1,"1 2 4 2 2 4 -2 4 -2 -2 -1 4",24,1,256
12771,1,"1 2 3 4 -1 4 4 3 4 -2 -3 -3",48,1,-128
12772,1,"1 2 4 -2 3 4 -1 4 -3 -3 4 3",48,1,0
12773,1,"1 2 3 4 -1 4 -3 4 3 4 -2 -3",48,1,-64
12774,1,"1 2 3 4 4 2 -1 4 -2 -3 -2 4",48,1,0
12775,1,"1 2 -1 -2 4 4 -1 2 4 1 -2 4",24,1,128
12776,1,"1 2 -1 -2 4 4 -1 2 4 -2 1 4",24,1,-128
12777,1,"1 2 3 4 4 -3 -1 -3 -2 4 4 3",48,1,128
12778,1,"1 2 2 -1 4 -2 -2 4 -1 4 1 4",24,1,0
12779,1,"1 2 -1 -2 -2 4 4 2 3 4 -3 4",48,1,-128
12780,1,"1 2 -1 4 2 3 4 -2 -3 4 4 -2",48,1,0
12781,1,"1 2 1 4 -2 4 4 -1 4 2 -1 -2",24,1,-128
12782,1,"1 4 2 2 2 4 -2 -1 4 4 -2 -2",24,1,512
12783,1,"1 2 4 -2 -1 -4 -2 4 2 4 4 4",24,1,0
12784,1,"1 2 4 3 4 4 -1 3 -2 -3 -3 4",48,1,-128
12785,1,"1 1 4 1 -4 -1 -1 4 4 4 -1 4",6,1,-512
12786,1,"1 2 3 4 3 -1 4 -3 -2 4 -3 4",48,1,0
12787,1,"1 2 4 3 -2 3 -1 4 -3 -3 4 4",48,1,128
12788,1,"1 2 3 4 -2 -1 4 -3 4 -2 4 2",48,1,64
12789,1,"1 2 4 4 3 -1 3 4 -2 -3 4 -3",48,1,0
12790,1,"1 2 3 2 4 4 -1 4 4 -2 -3 -2",48,1,0
12791,1,"1 2 -1 4 2 3 4 4 -2 -2 -3 4",48,1,0
12792,1,"1 4 2 4 4 -2 -2 4 4 -1 -4 2",24,1,-256
12793,1,"1 2 3 -2 4 4 -2 -3 4 -1 4 2",48,1,-128
12794,1,"1 2 3 4 -3 -3 4 -2 4 -1 4 3",48,1,128
12795,1,"1 2 3 4 -2 -1 -2 4 4 2 -3 4",48,1,128
12796,1,"1 2 3 -2 4 4 -3 -3 -1 3 4 4",48,1,256
12797,1,"1 2 -1 4 3 4 -2 4 -3 -2 4 2",48,1,64
12798,1,"1 2 -1 -1 2 4 4 -2 4 1 -2 4",24,1,256
12799,1,"1 2 1 4 4 -2 -1 4 -2 -1 2 4",24,1,-128
12800,1,"1 2 2 3 4 -3 -2 4 -1 4 4 -2",48,1,0
12801,1,"1 4 2 4 4 2 -1 4 4 -2 -2 -4",24,1,-256
12802,1,"1 2 2 2 4 -2 -1 -2 -2 4 4 4",24,1,512
12803,1,"1 2 4 -1 4 -2 4 3 4 4 -3 -4",48,1,0
12804,1,"1 2 1 2 4 -2 -2 4 4 -1 -1 4",24,1,256
12805,1,"1 2 4 -1 3 4 4 3 4 -2 -3 -3",48,1,0
12806,1,"1 4 2 2 4 -2 -2 -4 -1 4 4 4",24,1,0
12807,1,"1 2 4 -2 4 2 2 4 -1 4 -2 -2",24,1,0
12808,1,"1 2 1 -2 4 4 -2 4 -1 -1 2 4",24,1,0
12809,1,"1 2 4 -1 -2 4 4 3 -4 -3 4 4",48,1,0
12810,1,"1 2 -4 -2 4 2 4 -2 -1 4 4 4",24,1,-256
12811,1,"1 1 4 4 1 -4 -1 4 -1 -1 4 4",6,1,-512
12812,1,"1 2 4 3 4 2 -1 4 -3 4 -2 -2",48,1,-128
12813,1,"1 2 3 -1 4 -3 4 4 3 -2 -3 4",48,1,0
12814,1,"1 2 2 -1 4 3 -2 4 4 -2 -3 4",48,1,0
12815,1,"1 2 4 -1 3 4 -2 3 4 -3 -3 4",48,1,128
12816,1,"1 2 3 -2 -1 2 4 -3 4 4 4 -2",48,1,0
12817,1,"1 2 2 2 4 4 -2 -1 4 4 -2 -2",24,1,512
12818,1,"1 2 3 -2 -3 4 4 4 -3 4 -1 3",48,1,128
12819,1,"1 2 4 3 4 4 -3 -2 4 4 -1 -4",48,1,-128
12820,1,"1 2 4 4 -2 4 4 4 -2 -1 -4 2",24,1,-256
12821,1,"1 2 4 -1 4 2 4 -2 -2 -1 4 1",24,1,256
12822,1,"1 2 4 -2 -2 4 4 4 4 2 -1 -4",24,1,0
12823,1,"1 2 4 2 3 4 -2 -3 4 -1 4 -2",48,1,0
12824,1,"1 2 3 4 4 -2 4 3 4 -1 -3 -3",48,1,-128
12825,1,"1 2 3 -2 4 -3 -2 -1 4 4 2 4",48,1,128
12826,1,"1 2 3 4 -1 4 -2 3 4 -3 -3 4",48,1,128
12827,1,"1 2 3 4 4 -2 3 -1 4 -3 -3 4",48,1,128
12828,1,"1 4 2 3 4 2 -3 4 -2 -2 -1 4",48,1,128
12829,1,"1 2 4 3 4 4 -3 -4 -2 -1 4 4",48,1,0
12830,1,"1 2 3 -2 4 4 -2 -3 4 2 -1 4",48,1,0
12831,1,"1 2 4 3 4 3 -1 -3 4 -3 -2 4",48,1,-64
12832,1,"1 2 3 4 -3 2 4 4 -2 4 -1 -2",48,1,0
12833,1,"1 2 -4 -4 -1 4 4 4 4 4 -2 4",24,1,-512
12834,1,"1 2 2 4 4 -2 -2 -1 2 4 4 -2",24,1,512
12835,1,"1 2 3 4 -2 4 2 -3 4 -2 -1 4",48,1,128
12836,1,"1 2 -1 4 3 4 4 -3 4 4 -2 -4",48,1,-256
12837,1,"1 2 3 4 -3 -3 4 -1 4 4 -2 3",48,1,128
12838,1,"1 2 4 -1 4 3 -2 3 4 -3 4 -3",48,1,64
12839,1,"1 2 2 -1 -2 -2 4 4 2 4 4 -2",24,1,-512
12840,1,"1 2 1 4 2 -1 4 4 -2 -2 -1 4",24,1,256
12841,1,"1 2 3 3 4 4 -1 -2 4 4 -3 -3",48,1,0
12842,1,"1 2 3 4 4 -3 -2 4 3 -1 4 -3",48,1,0
12843,1,"1 2 -1 -2 -2 3 4 -3 4 4 2 4",48,1,-128
12844,1,"1 2 4 -1 4 -2 4 4 3 -4 -3 4",48,1,-128
12845,1,"1 2 4 4 -2 4 4 -1 -2 -4 2 4",24,1,0
12846,1,"1 2 -1 -1 4 -2 4 1 -2 4 2 4",24,1,128
12847,1,"1 2 1 2 -1 -1 -2 -2 4 4 4 4",24,1,-512
12848,1,"1 2 -1 2 4 3 4 -3 -2 4 -2 4",48,1,64
12849,1,"1 2 4 4 -1 3 -2 -3 -3 4 3 4",48,1,-128
12850,1,"1 2 4 4 -2 3 3 -1 -3 4 4 -3",48,1,0
12851,1,"1 2 -1 -2 4 3 4 4 -2 -3 4 2",48,1,0
12852,1,"1 2 4 4 4 2 4 -2 -4 -1 4 -2",24,1,256
12853,1,"1 2 3 4 -3 4 -2 -2 4 -1 2 4",48,1,128
12854,1,"1 2 4 3 -1 4 4 -3 -3 -2 4 3",48,1,0
12855,1,"1 2 1 2 4 4 -1 -2 4 -1 4 -2",24,1,-128
12856,1,"1 2 2 1 4 -1 -1 -2 4 4 -2 4",24,1,256
12857,1,"1 4 2 2 -1 4 2 4 -2 -2 -2 4",24,1,256
12858,1,"1 2 4 -2 3 3 4 -1 4 -3 4 -3",48,1,128
12859,1,"1 2 3 4 3 -1 -3 4 -2 4 -3 4",48,1,-64
12860,1,"1 2 2 -4 -2 4 4 4 -2 4 -1 4",24,1,-256
12861,1,"1 2 1 4 -2 4 -1 -2 4 -1 2 4",24,1,128
12862,1,"1 2 3 4 4 -2 -4 -3 -1 4 4 4",48,1,0
12863,1,"1 2 -1 -2 4 3 4 3 4 4 -3 -3",48,1,-128
12864,1,"1 2 2 2 4 -2 4 4 -1 4 -2 -2",24,1,0
12865,1,"1 2 4 -1 4 2 2 4 -2 4 -2 -2",24,1,0
12866,1,"1 2 1 -2 4 4 -1 2 4 -2 -1 4",24,1,-128
12867,1,"1 2 3 2 4 -3 4 4 -2 -1 4 -2",48,1,128
12868,1,"1 2 4 2 4 4 -2 -4 -1 -2 4 4",24,1,256
12869,1,"1 2 1 2 4 -1 -2 4 4 4 -1 -2",24,1,-256
12870,1,"1 2 -1 -2 4 4 3 -2 4 2 -3 4",48,1,-128
12871,1,"1 2 -1 4 4 4 4 2 4 -2 -2 -4",24,1,-512
12872,1,"1 2 4 -1 4 -2 -4 3 4 4 -3 4",48,1,0
12873,1,"1 2 3 -1 4 3 4 -2 -3 -3 4 4",48,1,0
12874,1,"1 2 4 4 3 4 -1 -3 4 -3 -2 3",48,1,-128
12875,1,"1 2 3 -2 -3 4 -2 -1 4 4 4 2",48,1,-128
12876,1,"1 2 3 4 -1 -3 4 4 -3 -2 3 4",48,1,0
12877,1,"1 2 3 4 -2 -3 4 -2 4 2 -1 4",48,1,0
12878,1,"1 2 3 -2 4 -3 4 -1 3 4 -3 4",48,1,64
12879,1,"1 2 -1 2 4 3 4 4 -2 -3 4 -2",48,1,0
12880,1,"1 2 3 3 -1 4 -2 4 -3 4 -3 4",48,1,0
12881,1,"1 2 4 3 4 4 -1 4 -3 4 -2 -4",48,1,-128
12882,1,"1 2 3 -2 -1 4 -3 4 -2 4 4 2",48,1,0
12883,1,"1 2 1 4 -2 -2 -1 -1 4 4 2 4",24,1,256
12884,1,"1 2 3 2 -1 -2 4 -2 -3 4 4 4",48,1,-128
12885,1,"1 2 3 -4 -1 -3 4 4 4 -2 4 4",48,1,-256
12886,1,"1 2 3 2 -3 4 -1 -2 4 4 -2 4",48,1,0
12887,1,"1 2 3 4 4 -3 -1 3 -2 -3 4 4",48,1,-128
12888,1,"1 2 4 3 4 -3 -3 4 3 -2 -1 4",48,1,128
12889,1,"1 2 3 -2 -1 4 2 4 -3 4 -2 4",48,1,0
12890,1,"1 2 3 4 -1 -2 4 -2 -3 2 4 4",48,1,-128
12891,1,"1 2 3 4 -3 4 -3 -2 3 -1 4 4",48,1,128
12892,1,"1 2 3 -2 4 4 -2 -1 4 2 -3 4",48,1,0
12893,1,"1 4 1 -4 -4 -1 4 4 4 4 -1 4",6,1,-512
12894,1,"1 2 3 4 4 -3 -3 -1 3 4 4 -2",48,1,256
12895,1,"1 2 2 3 -2 4 -3 4 -1 4 4 -2",48,1,0
12896,1,"1 2 2 4 -2 -2 -2 4 2 -1 4 4",24,1,0
12897,1,"1 2 2 4 -2 -1 4 -2 1 4 -1 4",24,1,128
12898,1,"1 2 3 4 -2 4 2 -1 4 -2 -3 4",48,1,-64
12899,1,"1 2 4 -2 -1 -4 2 4 -2 4 4 4",24,1,0
12900,1,"1 2 4 4 4 -2 -2 -2 -1 4 2 2",24,1,512
12901,1,"1 2 4 4 3 3 -2 -3 -1 4 -3 4",48,1,128
12902,1,"1 2 4 4 4 3 -2 -4 -1 4 -3 4",48,1,128
12903,1,"1 2 3 4 -2 -1 4 3 4 -3 4 -3",48,1,0
12904,1,"1 2 3 -2 -1 2 -3 4 4 4 4 -2",48,1,-256
12905,1,"1 2 3 -2 4 -1 4 -2 4 2 -3 4",48,1,64
12906,1,"1 2 4 3 4 -3 4 -2 4 4 -1 -4",48,1,-128
12907,1,"1 2 1 2 4 -2 4 4 -1 -2 -1 4",24,1,128
12908,1,"1 2 3 -2 4 4 3 4 4 -1 -3 -3",48,1,-256
12909,1,"1 2 3 -1 -3 4 4 4 3 -2 4 -3",48,1,-128
12910,1,"1 2 4 -2 -4 2 4 -1 4 -2 4 4",24,1,-128
12911,1,"1 2 2 4 -2 4 4 4 -1 -4 -2 4",24,1,-256
12912,1,"1 2 -1 -2 4 2 4 4 -1 -2 4 1",24,1,-256
12913,1,"1 2 3 4 -2 4 4 3 4 -1 -3 -3",48,1,-128
12914,1,"1 4 2 4 4 -2 -1 4 2 -4 -2 4",24,1,-128
12915,1,"1 4 2 -4 -2 -2 4 2 -1 4 4 4",24,1,-256
12916,1,"1 2 4 4 -2 3 4 4 -3 4 -1 -4",48,1,-128
12917,1,"1 2 3 4 4 4 -3 -1 -3 -2 4 3",48,1,128
12918,1,"1 2 4 3 -2 -3 4 4 -3 -1 3 4",48,1,128
12919,1,"1 2 2 4 -1 4 -2 -2 4 -2 4 2",24,1,256
12920,1,"1 2 1 4 -2 4 2 -1 -1 -2 4 4",24,1,0
12921,1,"1 2 4 3 -2 3 4 -3 -3 4 -1 4",48,1,128
12922,1,"1 2 3 4 -2 -3 4 3 4 -1 4 -3",48,1,-64
12923,1,"1 2 4 -2 4 2 -1 4 2 4 -2 -2",24,1,-128
12924,1,"1 2 -1 4 2 3 -2 4 4 -3 -2 4",48,1,0
12925,1,"1 2 4 4 4 3 4 -1 -3 -4 -2 4",48,1,-128
12926,1,"1 2 3 -1 3 4 4 -3 -3 4 -2 4",48,1,128
12927,1,"1 2 3 -2 4 4 -3 -3 4 3 -1 4",48,1,-128
12928,1,"1 2 3 4 -3 -4 -2 -1 4 4 4 4",48,1,256
12929,1,"1 2 -1 -2 4 2 1 4 -1 -2 4 4",24,1,-128
12930,1,"1 2 2 4 -2 -2 -1 4 4 -1 4 1",24,1,512
12931,1,"1 2 4 3 4 -3 -1 -3 4 3 -2 4",48,1,64
12932,1,"1 2 4 -2 3 3 4 4 -3 -1 -3 4",48,1,128
12933,1,"1 2 3 4 4 4 -2 4 3 -1 -3 -3",48,1,-256
12934,1,"1 2 -1 4 3 3 4 -2 4 4 -3 -3",48,1,0
12935,1,"1 2 4 4 3 -1 -3 -2 3 4 4 -3",48,1,-128
12936,1,"1 2 4 2 4 4 4 -2 -4 -2 -1 4",24,1,256
12937,1,"1 2 -1 4 -2 -2 4 -1 2 4 4 1",24,1,256
12938,1,"1 2 4 3 -1 4 -2 4 -3 -3 4 3",48,1,128
12939,1,"1 4 2 2 4 4 -2 -2 -4 -1 4 4",24,1,0
12940,1,"1 2 4 -2 -4 -2 4 -1 4 2 4 4",24,1,128
12941,1,"1 2 1 -2 -1 2 -1 4 4 4 -2 4",24,1,0
12942,1,"1 2 3 4 -1 4 -3 -3 -2 4 3 4",48,1,128
12943,1,"1 2 2 -1 4 2 4 -2 -2 4 4 -2",24,1,-256
12944,1,"1 2 2 2 -1 4 4 4 -2 -2 4 -2",24,1,-512
12945,1,"1 2 1 2 4 4 -2 -1 -2 -1 4 4",12,1,256
12946,1,"1 4 2 4 4 4 2 -1 -4 -2 4 -2",24,1,-256
12947,1,"1 2 1 -2 4 -1 -1 4 2 4 4 -2",24,1,256
12948,1,"1 2 1 4 -2 -1 2 4 -1 4 4 -2",24,1,128
12949,1,"1 2 4 -2 3 4 -1 -3 4 -3 4 3",48,1,64
12950,1,"1 2 4 4 3 3 -1 4 4 -2 -3 -3",48,1,0
12951,1,"1 2 4 4 3 4 4 -3 -1 -3 -2 3",48,1,-128
12952,1,"1 4 4 4 2 2 4 -2 4 -1 -4 -2",24,1,-256
12953,1,"1 2 3 2 4 -1 -2 4 -3 -2 4 4",48,1,0
12954,1,"1 2 4 3 -2 4 4 3 4 -3 -1 -3",48,1,0
12955,1,"1 2 2 4 4 -2 -2 4 2 -1 4 -2",24,1,-256
12956,1,"1 2 -1 -1 2 4 -2 4 -2 4 4 1",24,1,256
12957,1,"1 2 4 3 -2 3 4 -3 4 -1 -3 4",48,1,64
12958,1,"1 2 -1 -2 1 2 4 -2 4 4 -1 4",24,1,-128
12959,1,"1 2 4 3 -2 4 3 4 -1 -3 -3 4",48,1,0
12960,1,"1 2 3 4 4 -3 4 4 -2 -4 -1 4",48,1,128
12961,1,"1 2 3 4 -3 4 4 4 -1 3 -2 -3",48,1,-128
12962,1,"1 2 2 -1 4 -1 -2 4 -2 1 4 4",24,1,-256
12963,1,"1 2 4 2 4 -2 -2 -1 4 -1 4 1",12,1,256
12964,1,"1 2 3 -2 -1 4 4 4 -3 2 4 -2",48,1,128
12965,1,"1 2 4 4 2 -1 4 4 4 -2 -2 -4",24,1,-512
12966,1,"1 2 4 4 2 4 -2 4 -2 4 -1 -4",24,1,-128
12967,1,"1 2 3 4 -1 -4 -3 4 4 4 -2 4",48,1,-128
12968,1,"1 2 4 3 3 4 -2 -3 -1 4 4 -3",48,1,128
12969,1,"1 2 3 4 4 4 4 -3 -4 -1 -2 4",48,1,256
12970,1,"1 2 -1 -2 4 2 3 4 -3 -2 4 4",48,1,-128
12971,1,"1 2 1 2 4 -2 -2 4 -1 4 -1 4",24,1,128
12972,1,"1 2 1 4 -1 4 -2 4 2 -1 4 -2",24,1,0
12973,1,"1 2 4 4 -1 4 3 4 -2 4 -3 -4",48,1,0
12974,1,"1 2 3 3 -1 4 4 4 -2 -3 4 -3",48,1,-256
12975,1,"1 2 3 2 4 4 -1 -2 -2 -3 4 4",48,1,0
12976,1,"1 2 1 2 -1 -1 4 -2 -2 4 4 4",24,1,0
12977,1,"1 2 3 -2 4 2 4 -1 4 -3 -2 4",48,1,64
12978,1,"1 1 4 -1 4 1 -4 -1 4 -1 4 4",6,1,-256
12979,1,"1 4 -1 -4 2 4 4 4 4 4 -2 -4",24,1,512
12980,1,"1 2 1 -2 4 -1 -2 4 2 -1 4 4",24,1,128
12981,1,"1 2 2 -1 -1 4 4 1 4 -2 -2 4",24,1,0
12982,1,"1 2 1 4 -1 -2 -2 -1 4 4 2 4",24,1,256
12983,1,"1 2 3 3 4 -1 -2 4 4 -3 -3 4",48,1,0
12984,1,"1 2 4 4 -2 3 3 4 -3 -1 4 -3",48,1,128
12985,1,"1 2 4 3 -1 -4 -2 4 -3 4 4 4",48,1,-128
12986,1,"1 2 3 -2 -1 4 4 -3 4 -2 4 2",48,1,0
12987,1,"1 2 -1 4 3 -2 4 -2 4 2 -3 4",48,1,0
12988,1,"1 2 3 2 4 -2 -1 4 4 -3 -2 4",48,1,128
12989,1,"1 2 4 -1 -1 2 4 -2 4 -2 4 1",24,1,256
12990,1,"1 2 1 -2 -1 4 2 4 4 -2 -1 4",24,1,-128
12991,1,"1 2 4 4 4 4 2 4 -1 -4 -2 -2",24,1,-512
12992,1,"1 2 2 3 4 -1 4 -2 4 -3 4 -2",48,1,0
12993,1,"1 2 3 4 4 -2 -4 -3 4 4 -1 4",48,1,-128
12994,1,"1 2 4 4 4 -1 2 -4 -2 4 -2 4",24,1,-256
12995,1,"1 2 4 3 -2 4 -3 4 -3 4 -1 3",48,1,64
12996,1,"1 2 4 2 4 4 -2 -4 -1 4 4 -2",24,1,256
12997,1,"1 2 4 4 4 -1 3 3 -2 -3 -3 4",48,1,-256
12998,1,"1 2 4 2 3 4 -3 -2 4 -2 -1 4",24,1,128
12999,1,"1 2 4 4 4 2 4 -2 -2 -4 -1 4",24,1,256
13000,1,"1 2 4 3 -1 -3 4 4 4 -3 -2 3",48,1,-128
13001,1,"1 4 2 2 2 4 -1 4 4 -2 -2 -2",24,1,512
13002,1,"1 4 2 4 3 4 -3 -4 -2 4 -1 4",48,1,0
13003,1,"1 2 4 -1 4 -2 4 4 4 -2 -4 2",24,1,-256
13004,1,"1 2 3 4 -1 2 4 4 -3 -2 4 -2",48,1,0
13005,1,"1 2 2 -1 -2 -2 4 -2 4 2 4 4",24,1,-256
13006,1,"1 2 3 4 -1 4 3 4 4 -2 -3 -3",48,1,-128
13007,1,"1 2 3 4 2 4 -1 4 -2 -3 -2 4",48,1,64
13008,1,"1 2 3 4 4 -3 -2 -2 -1 4 4 2",48,1,256
13009,1,"1 2 1 4 -2 -2 4 -1 -1 4 2 4",24,1,256
13010,1,"1 2 1 4 4 -2 -1 4 2 -1 4 -2",24,1,128
13011,1,"1 2 3 -4 -1 4 4 -3 4 -2 4 4",48,1,-128
13012,1,"1 2 3 4 3 -1 -3 -3 4 -2 4 4",48,1,-128
13013,1,"1 1 4 -1 4 -1 -4 -1 4 1 4 4",6,1,256
13014,1,"1 2 2 1 4 -1 4 -2 -2 -1 4 4",24,1,256
13015,1,"1 2 3 -2 -3 4 3 4 4 -1 4 -3",48,1,-128
13016,1,"1 2 3 4 4 4 -2 4 -3 4 -1 -4",48,1,-128
13017,1,"1 2 4 3 3 4 -1 4 -2 4 -3 -3",48,1,128
13018,1,"1 2 -1 4 4 -2 4 4 3 4 -3 -4",48,1,0
13019,1,"1 2 3 4 -2 -1 4 -3 4 3 4 -3",48,1,0
13020,1,"1 2 4 4 4 2 4 4 -2 -1 -2 -4",24,1,-256
13021,1,"1 2 1 4 4 4 -1 -2 4 2 -1 -2",24,1,-256
13022,1,"1 2 3 4 -3 -1 4 4 3 -2 4 -3",48,1,0
13023,1,"1 1 4 1 4 -1 -4 -1 4 -1 4 4",6,1,256
13024,1,"1 2 3 4 4 -3 -3 4 3 -1 4 -2",48,1,-128
13025,1,"1 2 4 4 2 -4 -1 4 4 4 -2 -2",24,1,-512
13026,1,"1 2 3 3 4 4 4 -1 -3 -2 4 -3",48,1,0
13027,1,"1 2 4 4 4 -1 -2 -4 -2 4 2 4",24,1,0
13028,1,"1 2 3 4 4 4 -1 -3 -3 4 -2 3",48,1,0
13029,1,"1 2 -4 3 4 -2 4 -3 4 4 -1 4",48,1,0
13030,1,"1 2 3 4 4 -2 4 -3 -3 4 -1 3",48,1,128
13031,1,"1 2 -1 4 4 -2 -2 4 4 4 2 -4",24,1,512
13032,1,"1 2 -1 4 2 4 -2 -2 4 -2 4 2",24,1,128
13033,1,"1 2 3 4 -2 -3 4 -1 4 3 4 -3",48,1,-64
13034,1,"1 2 3 4 -3 4 3 -1 -2 4 4 -3",48,1,-128
13035,1,"1 2 4 3 3 -2 4 -1 -3 4 -3 4",48,1,0
13036,1,"1 2 4 -1 4 2 4 4 4 -2 -4 -2",24,1,0
13037,1,"1 2 3 4 4 -3 -1 3 4 -3 4 -2",48,1,128
13038,1,"1 2 3 4 4 4 2 -1 4 -3 -2 -2",48,1,0
13039,1,"1 2 4 -1 3 4 3 4 4 -2 -3 -3",48,1,0
13040,1,"1 2 2 -4 -2 4 -2 4 4 -1 4 4",24,1,-256
13041,1,"1 2 -1 4 4 4 4 -2 -2 -4 2 4",24,1,0
13042,1,"1 4 2 4 4 -2 4 -2 -4 2 -1 4",24,1,-128
13043,1,"1 2 3 -2 4 -1 3 4 -3 4 4 -3",48,1,0
13044,1,"1 2 1 4 -2 4 2 -1 -1 4 4 -2",24,1,0
13045,1,"1 2 4 3 -1 -3 4 4 3 4 -2 -3",48,1,0
13046,1,"1 2 4 -2 -1 4 -2 4 2 2 4 -2",24,1,128
13047,1,"1 2 -1 -2 1 4 2 4 -1 -2 4 4",24,1,-128
13048,1,"1 2 4 4 -1 4 2 4 4 -2 -2 -4",24,1,-256
13049,1,"1 2 -4 -2 4 4 2 4 -2 4 -1 4",24,1,-128
13050,1,"1 2 3 4 -3 -4 -2 4 4 -1 4 4",48,1,128
13051,1,"1 2 3 -1 4 4 -3 4 3 -2 -3 4",48,1,0
13052,1,"1 2 2 4 4 4 -2 4 -1 4 -2 -4",24,1,-256
13053,1,"1 2 2 -1 -1 -2 4 -2 4 4 4 1",24,1,-512
13054,1,"1 2 2 2 4 4 -2 -1 4 -2 4 -2",24,1,256
13055,1,"1 2 3 -2 -3 4 4 -3 4 4 -1 3",48,1,128
13056,1,"1 2 2 4 -1 -4 -2 4 4 4 -2 4",24,1,-256
13057,1,"1 2 4 3 3 -1 4 -3 4 -2 -3 4",48,1,128
13058,1,"1 2 3 4 -3 4 -3 -1 -2 3 4 4",48,1,128
13059,1,"1 4 4 -1 -4 2 4 2 4 -2 -2 4",24,1,0
13060,1,"1 2 4 -2 3 4 -3 4 -1 -3 4 3",48,1,64
13061,1,"1 1 1 4 -1 -1 -1 4 1 4 -1 4",6,1,512
13062,1,"1 2 3 4 4 -2 3 4 4 -1 -3 -3",48,1,0
13063,1,"1 2 4 -1 4 -2 -2 3 4 -3 4 2",48,1,128
13064,1,"1 2 2 -4 -2 -1 4 -2 4 4 4 4",24,1,-512
13065,1,"1 2 4 -1 -2 4 4 -2 4 4 2 -4",24,1,256
13066,1,"1 2 1 2 -1 -2 4 4 4 4 -1 -2",24,1,-256
13067,1,"1 2 3 2 4 -1 -2 4 -2 4 -3 4",48,1,0
13068,1,"1 2 3 4 -2 3 4 4 -3 -3 -1 4",48,1,128
13069,1,"1 2 4 3 4 -2 4 3 -1 -3 -3 4",48,1,0
13070,1,"1 2 4 -2 3 3 -1 -3 -3 4 4 4",48,1,256
13071,1,"1 2 4 4 4 3 -1 -3 4 3 -2 -3",48,1,128
13072,1,"1 2 -4 -2 4 -2 4 2 4 -1 4 4",24,1,-128
13073,1,"1 4 2 -1 4 4 2 -4 -2 4 4 -2",24,1,0
13074,1,"1 2 3 4 -2 -1 3 4 4 -3 -3 4",48,1,256
13075,1,"1 2 -1 4 -1 -2 4 4 -2 4 2 1",24,1,0
13076,1,"1 2 4 1 2 4 -2 -2 -1 4 -1 4",24,1,128
13077,1,"1 2 3 -1 4 4 -2 4 4 4 -3 -4",48,1,-256
13078,1,"1 2 3 4 4 -3 4 -1 -3 -2 3 4",48,1,0
13079,1,"1 2 3 4 4 -3 -2 3 4 -1 4 -3",48,1,128
13080,1,"1 1 -4 -1 -4 -1 4 4 4 4 4 4",6,1,-1024
13081,1,"1 2 -1 -2 -2 3 4 4 4 2 -3 4",48,1,0
13082,1,"1 2 -1 4 4 4 3 2 4 -3 -2 -2",48,1,0
13083,1,"1 2 3 -2 -2 4 -3 4 2 4 -1 4",48,1,0
13084,1,"1 2 2 3 4 4 -1 -2 -2 4 -3 4",48,1,0
13085,1,"1 2 4 2 4 4 -2 4 4 -2 -1 -4",24,1,-256
13086,1,"1 2 -1 -1 4 4 -2 -2 4 4 2 1",24,1,512
13087,1,"1 2 4 -1 4 -1 2 4 -2 -2 1 4",24,1,128
13088,1,"1 4 2 2 4 -2 4 -1 -4 -2 4 4",24,1,0
13089,1,"1 2 -1 -2 4 3 4 -2 4 -3 4 2",48,1,0
13090,1,"1 2 2 4 -2 4 -1 2 4 -2 4 -2",24,1,128
13091,1,"1 2 3 4 -3 -3 4 -1 3 -2 4 4",48,1,0
13092,1,"1 2 1 2 4 4 -1 -2 -1 4 4 -2",24,1,0
13093,1,"1 2 3 4 4 4 -3 2 4 -1 -2 -2",48,1,0
13094,1,"1 2 3 4 -1 -3 4 4 3 -2 4 -3",48,1,-128
13095,1,"1 2 4 3 -1 -4 -3 4 -2 4 4 4",48,1,-128
13096,1,"1 2 1 4 -2 4 -1 -2 -1 4 2 4",12,1,128
13097,1,"1 2 -1 -2 4 3 3 4 4 4 -3 -3",48,1,-256
13098,1,"1 2 2 2 4 -2 4 4 -1 -2 4 -2",24,1,-256
13099,1,"1 2 1 4 -1 2 4 -1 -2 4 4 -2",24,1,128
13100,1,"1 4 4 2 2 -1 4 4 4 -2 -2 -4",24,1,-512
13101,1,"1 2 -1 4 -2 -2 1 4 -1 4 2 4",24,1,-128
13102,1,"1 2 4 3 3 4 4 -3 -1 -3 -2 4",48,1,128
13103,1,"1 4 4 2 2 4 -2 4 -2 4 -1 -4",24,1,-256
13104,1,"1 1 4 4 4 4 4 4 -1 -1 -4 -4",6,1,-2048
13105,1,"1 2 1 -2 4 -2 -1 -1 4 2 4 4",24,1,0
13106,1,"1 2 -1 4 -2 3 4 3 4 4 -3 -3",48,1,128
13107,1,"1 2 4 -2 3 -1 4 3 4 4 -3 -3",48,1,128
13108,1,"1 2 -4 2 4 -2 4 -2 4 -1 4 4",24,1,128
13109,1,"1 2 4 3 -2 -3 -1 -3 4 4 4 3",48,1,128
13110,1,"1 2 3 -2 -2 -3 4 2 4 -1 4 4",48,1,-128
13111,1,"1 2 4 3 4 -1 4 -3 -4 -2 4 4",48,1,0
13112,1,"1 2 3 -1 3 4 4 -2 -3 -3 4 4",48,1,0
13113,1,"1 2 3 3 4 4 -1 4 -2 -3 4 -3",48,1,-128
13114,1,"1 2 2 4 -1 -1 4 1 4 -2 -2 4",24,1,256
13115,1,"1 2 3 3 -2 4 4 4 4 -3 -1 -3",48,1,-256
13116,1,"1 2 1 4 -1 -2 -2 4 4 -1 2 4",24,1,256
13117,1,"1 2 -1 4 2 3 4 4 4 -3 -2 -2",48,1,-256
13118,1,"1 2 3 -2 -1 4 -3 -2 4 4 4 2",48,1,128
13119,1,"1 2 3 -2 4 -3 -2 -1 4 4 4 2",48,1,128
13120,1,"1 2 3 4 -1 4 -3 4 -3 -2 3 4",48,1,64
13121,1,"1 2 3 4 -1 2 4 -2 -3 4 -2 4",48,1,64
13122,1,"1 2 3 4 -2 4 -3 -2 4 2 -1 4",48,1,0
13123,1,"1 2 2 -1 4 -2 1 4 -2 4 -1 4",24,1,-128
13124,1,"1 1 1 4 4 4 4 -1 -4 -1 -1 4",6,1,1024
13125,1,"1 2 4 4 4 3 4 -1 4 -3 -2 -4",48,1,-128
13126,1,"1 2 3 -2 4 4 -3 -1 3 4 -3 4",48,1,128
13127,1,"1 2 3 -2 -2 4 -1 4 4 -3 2 4",48,1,-128
13128,1,"1 2 4 4 2 -1 -4 -2 -2 4 4 4",24,1,-512
13129,1,"1 2 3 2 -3 4 -1 -2 4 -2 4 4",48,1,0
13130,1,"1 2 3 -1 -3 -3 4 4 4 4 3 -2",48,1,0
13131,1,"1 2 -1 -2 1 2 -1 4 -2 4 4 4",24,1,0
13132,1,"1 2 3 -2 4 3 4 4 -1 4 -3 -3",48,1,-128
13133,1,"1 2 -1 4 -2 4 -1 -2 1 4 2 4",12,1,-128
13134,1,"1 2 3 3 4 4 4 -1 4 -2 -3 -3",48,1,-256
13135,1,"1 2 -1 4 -1 2 4 -2 4 1 -2 4",24,1,128
13136,1,"1 2 -1 4 -1 2 4 -2 4 -2 1 4",24,1,0
13137,1,"1 2 -1 4 4 3 -2 4 3 4 -3 -3",48,1,-128
13138,1,"1 2 3 -2 -1 4 2 -3 -2 4 4 4",48,1,0
13139,1,"1 2 3 3 4 -1 4 -3 4 -3 -2 4",48,1,128
13140,1,"1 2 -1 4 4 4 3 -2 -2 -3 2 4",48,1,0
13141,1,"1 2 -1 4 2 4 4 4 -2 4 -2 -4",24,1,-256
13142,1,"1 2 3 4 4 3 -2 4 -3 -1 -3 4",48,1,0
13143,1,"1 2 3 -2 -4 -1 4 4 4 4 -3 4",48,1,0
13144,1,"1 4 2 4 4 -2 -1 -4 2 4 -2 4",24,1,-128
13145,1,"1 2 3 4 4 -3 -2 -2 4 4 -1 2",48,1,256
13146,1,"1 2 3 -1 -3 4 4 4 4 -3 -2 3",48,1,-256
13147,1,"1 2 -1 -2 4 4 2 -4 -2 4 4 4",24,1,256
13148,1,"1 2 1 -2 -1 -1 2 4 4 4 -2 4",24,1,-256
13149,1,"1 2 1 4 -1 4 4 2 -1 -2 -2 4",24,1,0
13150,1,"1 2 -1 -2 4 2 4 -1 4 -2 4 1",24,1,-128
13151,1,"1 2 3 4 -2 4 3 4 4 -1 -3 -3",48,1,-128
13152,1,"1 2 4 -2 4 4 3 4 -3 -4 -1 4",48,1,0
13153,1,"1 2 4 -2 4 3 -1 -3 -3 4 3 4",48,1,0
13154,1,"1 2 -4 -1 4 4 -2 4 -2 4 4 2",24,1,0
13155,1,"1 2 2 4 4 4 2 -1 4 -2 -2 -2",24,1,-512
13156,1,"1 2 2 4 -2 -2 4 1 4 -1 -1 4",24,1,256
13157,1,"1 2 3 4 -3 -2 -3 4 -1 4 3 4",48,1,64
13158,1,"1 2 3 4 4 -3 4 3 -1 -3 -2 4",48,1,-128
13159,1,"1 1 4 -1 -4 -1 -1 4 4 1 4 4",6,1,512
13160,1,"1 2 -1 -4 -2 -2 4 2 4 4 4 4",24,1,-512
13161,1,"1 2 3 -2 4 -1 3 4 4 -3 -3 4",48,1,128
13162,1,"1 2 3 -2 -3 4 4 -3 -1 3 4 4",48,1,128
13163,1,"1 2 4 4 -2 3 4 -3 -1 -3 4 3",48,1,0
13164,1,"1 2 4 -2 -2 4 4 4 2 -4 -1 4",24,1,-256
13165,1,"1 2 4 -1 4 4 4 4 2 -4 -2 -2",24,1,0
13166,1,"1 2 4 -2 -2 4 2 4 4 4 -1 -4",24,1,-256
13167,1,"1 2 3 -1 4 3 4 4 -3 -2 4 -3",48,1,0
13168,1,"1 1 4 1 4 4 -1 4 4 -1 -1 -4",6,1,-512
13169,1,"1 2 3 3 -1 -3 4 4 4 -2 4 -3",48,1,-256
13170,1,"1 2 3 3 4 -3 4 4 -2 -1 4 -3",48,1,0
13171,1,"1 2 1 4 -2 -1 2 -1 4 4 -2 4",24,1,128
13172,1,"1 2 3 -1 4 -3 4 4 -3 -2 4 3",48,1,0
13173,1,"1 2 1 4 -2 4 -2 -1 2 -1 4 4",24,1,128
13174,1,"1 2 2 4 4 -2 -2 -1 -2 4 2 4",24,1,256
13175,1,"1 2 3 4 3 4 -2 4 -3 -1 4 -3",48,1,64
13176,1,"1 2 3 4 -3 4 3 -1 -2 -3 4 4",48,1,-128
13177,1,"1 2 3 4 3 4 -2 4 -1 -3 4 -3",48,1,-64
13178,1,"1 4 4 2 2 -1 4 4 4 -2 -4 -2",24,1,0
13179,1,"1 2 1 -2 -1 -2 4 4 2 -1 4 4",24,1,256
13180,1,"1 4 2 4 4 -2 -2 -4 -1 4 4 2",24,1,-256
13181,1,"1 2 3 4 -3 -1 3 4 4 -3 -2 4",48,1,128
13182,1,"1 4 2 2 4 4 -2 4 -1 4 -2 -4",24,1,0
13183,1,"1 2 3 4 -3 4 -2 4 -3 -1 4 3",48,1,64
13184,1,"1 4 4 4 2 2 4 4 -2 -2 -1 -4",24,1,-512
13185,1,"1 2 1 -2 -1 4 4 -2 4 2 -1 4",24,1,128
13186,1,"1 2 3 -1 -3 4 4 4 -3 4 3 -2",48,1,0
13187,1,"1 2 3 4 4 -3 -2 -1 4 3 4 -3",48,1,128
13188,1,"1 2 4 4 4 4 2 -4 -2 -2 -1 4",24,1,-512
13189,1,"1 2 1 4 -1 -1 -2 4 2 4 4 -2",24,1,0
13190,1,"1 2 4 3 4 4 4 -3 -1 -3 -2 3",48,1,-128
13191,1,"1 4 4 2 -4 -1 4 4 4 4 -2 -4",24,1,-512
13192,1,"1 4 2 4 -1 4 4 -2 4 -2 -4 2",24,1,-128
13193,1,"1 2 3 3 4 4 -3 -1 -3 4 -2 4",48,1,128
13194,1,"1 2 2 4 4 -2 -1 4 -1 -2 4 1",24,1,256
13195,1,"1 2 2 2 -1 4 -2 4 -2 4 -2 4",24,1,0
13196,1,"1 2 4 3 -2 3 4 4 -1 -3 -3 4",48,1,128
13197,1,"1 2 2 -1 4 -2 4 -1 4 1 -2 4",24,1,128
13198,1,"1 2 3 -2 -1 -3 4 3 4 -3 4 4",48,1,-128
13199,1,"1 2 1 -2 4 4 -2 4 2 -1 -1 4",24,1,256
13200,1,"1 2 2 3 4 -2 -3 4 -2 -1 4 4",48,1,0
13201,1,"1 2 4 4 -2 4 4 2 -1 4 -2 -4",24,1,-256
13202,1,"1 2 4 -2 3 -1 -3 4 4 -3 4 3",48,1,128
13203,1,"1 2 2 4 -1 4 -2 4 -1 -2 4 1",24,1,0
13204,1,"1 2 -4 -4 -1 4 -2 4 4 4 4 4",24,1,-512
13205,1,"1 2 4 4 3 3 4 -2 -3 -3 -1 4",48,1,256
13206,1,"1 2 3 -1 3 4 -3 4 4 4 -3 -2",48,1,0
13207,1,"1 2 -1 -2 -2 4 4 3 4 2 -3 4",48,1,-128
13208,1,"1 2 4 4 4 4 -2 4 2 -1 -2 -4",24,1,-256
13209,1,"1 2 3 4 -3 4 4 -2 -2 4 -1 2",48,1,128
13210,1,"1 2 3 3 -1 4 4 4 -2 -3 -3 4",48,1,0
13211,1,"1 2 3 -2 -3 2 4 4 -1 -2 4 4",48,1,0
13212,1,"1 2 4 3 -1 4 4 4 -2 -4 -3 4",48,1,128
13213,1,"1 4 2 2 2 4 -1 4 -2 4 -2 -2",24,1,256
13214,1,"1 2 -1 -1 4 2 4 4 -2 -2 1 4",24,1,-256
13215,1,"1 2 1 4 -1 2 4 -2 4 -2 -1 4",24,1,0
13216,1,"1 2 3 3 4 -3 4 4 -3 -2 -1 4",48,1,256
13217,1,"1 2 4 3 -2 4 2 -3 -2 4 -1 4",48,1,64
13218,1,"1 2 3 2 -3 4 4 -2 4 4 -1 -2",48,1,-128
13219,1,"1 2 3 -1 4 -3 4 3 4 4 -3 -2",48,1,-128
13220,1,"1 4 4 -1 4 4 4 4 1 -4 -1 -4",6,1,512
13221,1,"1 2 2 4 4 -2 -2 4 4 4 -1 -4",24,1,-512
13222,1,"1 2 4 -2 -2 -2 -1 4 4 2 4 2",24,1,256
13223,1,"1 2 2 4 -1 -2 4 -1 4 -2 1 4",24,1,-128
13224,1,"1 2 4 4 4 2 4 4 -1 -4 -2 -2",24,1,-512
13225,1,"1 2 -4 -2 4 3 4 -3 4 -1 4 4",48,1,-128
13226,1,"1 2 -1 -2 4 4 4 -1 2 4 -2 1",24,1,-256
13227,1,"1 2 3 4 -3 4 -3 -1 3 -2 4 4",48,1,0
13228,1,"1 2 3 -2 -3 4 -1 4 -2 4 2 4",48,1,-64
13229,1,"1 2 3 3 -1 4 -3 -2 4 4 4 -3",48,1,0
13230,1,"1 1 -4 -1 4 4 -1 4 1 4 -1 4",6,1,-256
13231,1,"1 2 4 4 3 3 -2 -3 4 4 -1 -3",48,1,-256
13232,1,"1 4 2 2 4 -1 -4 -2 4 -2 4 4",24,1,0
13233,1,"1 2 3 4 3 4 -3 -1 4 -2 4 -3",48,1,64
13234,1,"1 2 -1 4 -2 3 4 -3 -3 4 4 3",48,1,-128
13235,1,"1 2 4 -2 3 -1 4 -3 -3 4 4 3",48,1,128
13236,1,"1 2 4 3 4 -2 -3 4 -3 4 -1 3",48,1,64
13237,1,"1 2 3 -2 -3 4 -3 4 -1 3 4 4",48,1,0
13238,1,"1 4 -1 4 1 -4 -4 -1 4 4 4 4",6,1,-512
13239,1,"1 2 -1 -2 4 -1 -2 1 4 4 2 4",24,1,-128
13240,1,"1 2 3 3 4 4 -2 4 4 -3 -1 -3",48,1,0
13241,1,"1 2 2 4 -1 -1 4 4 -2 -2 1 4",24,1,0
13242,1,"1 2 3 -1 -3 -3 4 4 3 4 -2 4",48,1,-128
13243,1,"1 2 3 4 3 4 -1 -3 4 -2 4 -3",48,1,-64
13244,1,"1 2 3 4 4 4 4 -3 -3 -1 3 -2",48,1,0
13245,1,"1 2 -1 2 4 4 4 4 4 -2 -2 -4",24,1,-512
13246,1,"1 2 4 3 3 -1 -3 -3 4 4 -2 4",48,1,0
13247,1,"1 2 4 -1 -4 3 4 -2 4 4 -3 4",48,1,0
13248,1,"1 2 -4 3 4 4 -2 4 -1 4 -3 4",48,1,0
13249,1,"1 2 -1 -2 1 4 4 -2 -1 2 4 4",24,1,0
13250,1,"1 2 3 -2 -4 -3 4 4 4 4 -1 4",48,1,-256
13251,1,"1 2 3 -2 -3 4 3 4 -1 4 4 -3",48,1,-128
13252,1,"1 2 -4 -4 -2 4 4 -1 4 4 4 4",24,1,-512
13253,1,"1 2 3 4 -3 -1 4 3 4 -2 4 -3",48,1,64
13254,1,"1 2 4 4 3 -1 -3 -2 -3 4 3 4",48,1,0
13255,1,"1 2 3 -4 -3 -1 4 4 4 4 -2 4",48,1,-256
13256,1,"1 1 1 4 4 -1 -4 -1 4 -1 4 4",6,1,512
13257,1,"1 2 -1 -2 4 2 4 -2 4 -1 4 1",24,1,-128
13258,1,"1 2 3 4 3 -2 4 4 -3 -1 4 -3",48,1,0
13259,1,"1 2 3 4 3 -2 4 4 -1 -3 4 -3",48,1,-128
13260,1,"1 2 4 3 4 -1 -3 -3 4 -2 4 3",48,1,128
13261,1,"1 2 1 4 -2 -1 4 -1 4 2 4 -2",24,1,128
13262,1,"1 4 -1 -4 1 4 4 4 4 4 -1 -4",6,1,512
13263,1,"1 2 -1 2 4 -2 4 -2 4 2 4 -2",24,1,0
13264,1,"1 2 3 -2 4 4 4 -1 -3 -3 4 3",48,1,0
13265,1,"1 2 3 3 4 4 4 -1 -3 -2 -3 4",48,1,0
13266,1,"1 2 2 4 4 4 -2 4 -2 -4 -1 4",24,1,256
13267,1,"1 2 4 3 4 4 -3 -2 4 -3 -1 3",48,1,-128
13268,1,"1 2 3 -2 4 4 -1 4 -3 -2 4 2",48,1,128
13269,1,"1 2 3 -2 4 4 4 -3 -2 -1 4 2",48,1,128
13270,1,"1 4 2 4 4 4 -2 -2 4 -1 -4 2",24,1,-256
13271,1,"1 2 3 3 4 4 -1 4 -2 -3 -3 4",48,1,0
13272,1,"1 2 3 4 -3 -2 4 4 -3 -1 4 3",48,1,0
13273,1,"1 2 3 4 -2 -3 4 4 4 -3 -1 3",48,1,128
13274,1,"1 2 3 4 -3 4 4 3 -1 -3 -2 4",48,1,-128
13275,1,"1 2 2 -4 -1 4 -2 4 4 -2 4 4",24,1,-256
13276,1,"1 2 2 2 4 -2 -1 -2 4 4 -2 4",24,1,256
13277,1,"1 2 3 -1 -3 4 3 4 -3 4 4 -2",48,1,-128
13278,1,"1 2 -1 2 4 -2 3 4 -2 4 -3 4",48,1,64
13279,1,"1 2 1 -2 -1 -1 4 4 2 4 -2 4",24,1,0
13280,1,"1 2 3 -2 -3 4 -3 4 4 -1 4 3",48,1,0
13281,1,"1 2 -1 -1 -2 4 4 4 -2 4 2 1",24,1,0
13282,1,"1 2 4 4 4 -2 -1 4 4 2 -4 -2",24,1,-256
13283,1,"1 4 2 4 -2 4 4 -2 -4 2 -1 4",24,1,-128
13284,1,"1 2 -1 4 -2 4 -2 1 4 2 -1 4",24,1,-128
13285,1,"1 2 4 4 4 -1 4 3 3 -2 -3 -3",48,1,-256
13286,1,"1 2 4 3 -1 -2 4 4 3 4 -3 -3",48,1,-128
13287,1,"1 4 1 4 -1 -4 -4 -1 4 4 4 4",6,1,512
13288,1,"1 2 4 -2 4 4 2 2 -1 4 -2 -2",24,1,-256
13289,1,"1 2 3 4 -2 -3 -3 4 -1 3 4 4",48,1,128
13290,1,"1 1 4 1 -4 -1 4 -1 -1 4 4 4",6,1,-512
13291,1,"1 2 3 4 -2 -2 -1 2 4 -3 4 4",48,1,128
13292,1,"1 2 4 4 -2 -4 2 -1 -2 4 4 4",24,1,256
13293,1,"1 2 3 4 -1 -2 4 -3 2 4 -2 4",48,1,-64
13294,1,"1 2 1 -2 -1 -1 4 -2 4 2 4 4",24,1,0
13295,1,"1 2 3 -2 3 4 -1 -3 -3 4 4 4",48,1,0
13296,1,"1 2 -1 4 2 4 -2 3 4 -3 4 -2",48,1,-64
13297,1,"1 2 2 4 4 4 -2 -1 4 4 -2 -4",24,1,0
13298,1,"1 2 -4 2 4 -1 4 4 -2 -2 4 4",24,1,256
13299,1,"1 2 -1 4 4 4 -2 -4 3 4 -3 4",48,1,0
13300,1,"1 2 1 2 4 -1 4 4 -1 -2 -2 4",24,1,0
13301,1,"1 2 -4 -2 -1 4 2 4 -2 4 4 4",24,1,-256
13302,1,"1 2 3 3 4 -3 -1 4 4 -2 4 -3",48,1,128
13303,1,"1 2 4 -2 4 4 -1 -4 -2 4 2 4",24,1,-128
13304,1,"1 2 3 -2 4 -3 -2 4 4 -1 2 4",48,1,128
13305,1,"1 2 1 -2 4 4 4 2 -1 4 -1 -2",24,1,0
13306,1,"1 2 3 3 4 4 -3 -2 4 -1 4 -3",48,1,128
13307,1,"1 2 -1 4 -2 4 1 -2 4 2 -1 4",24,1,0
13308,1,"1 2 3 -1 3 4 -2 4 4 -3 -3 4",48,1,128
13309,1,"1 2 -1 4 4 2 -4 -2 4 4 4 -2",24,1,256
13310,1,"1 2 3 -1 3 -2 -3 -3 4 4 4 4",48,1,-256
13311,1,"1 2 4 -1 2 4 -2 -2 3 4 -3 4",48,1,128
13312,1,"1 2 4 3 -2 -4 -3 -1 4 4 4 4",48,1,0
13313,1,"1 2 2 4 4 -2 -2 4 -2 -1 2 4",24,1,256
13314,1,"1 2 4 -2 -2 4 4 4 4 -1 -4 2",24,1,0
13315,1,"1 2 2 -1 4 4 4 -2 -4 -2 4 4",24,1,0
13316,1,"1 2 2 3 4 -1 4 -3 -2 4 4 -2",48,1,0
13317,1,"1 2 3 4 -1 4 -2 -3 4 2 4 -2",48,1,0
13318,1,"1 2 4 4 -1 4 -2 -4 2 4 4 -2",24,1,0
13319,1,"1 2 4 3 -1 3 -2 4 -3 4 4 -3",48,1,0
13320,1,"1 2 3 4 4 4 -2 -3 -2 4 -1 2",48,1,128
13321,1,"1 2 -1 -1 -2 4 2 1 -2 4 4 4",24,1,256
13322,1,"1 2 3 -2 4 -1 -2 -3 4 2 4 4",48,1,-128
13323,1,"1 2 4 4 4 4 -2 -1 -2 -4 2 4",24,1,-256
13324,1,"1 4 2 -4 -2 4 4 -2 4 2 -1 4",24,1,-128
13325,1,"1 4 4 2 4 4 -2 -4 -4 -1 4 4",24,1,0
13326,1,"1 2 3 3 -1 -3 4 -3 -2 4 4 4",48,1,-256
13327,1,"1 2 3 4 -2 -1 2 -3 4 -2 4 4",48,1,0
13328,1,"1 2 4 4 3 3 4 -1 4 -3 -2 -3",48,1,128
13329,1,"1 2 2 3 4 -1 -2 4 -3 4 4 -2",48,1,-128
13330,1,"1 2 3 -2 -3 -1 -3 4 3 4 4 4",48,1,-128
13331,1,"1 2 -1 4 -2 -2 4 3 2 4 -3 4",48,1,0
13332,1,"1 2 4 -1 4 3 4 -2 -2 -3 4 2",48,1,128
13333,1,"1 2 2 3 4 -3 -2 4 -2 4 -1 4",48,1,128
13334,1,"1 2 4 -1 -1 4 -2 -2 4 2 1 4",24,1,256
13335,1,"1 2 3 4 2 -1 -2 -2 -3 4 4 4",48,1,-256
13336,1,"1 2 4 -2 4 3 4 -3 4 4 -1 -4",48,1,-128
13337,1,"1 2 -1 4 2 4 -1 -2 -2 1 4 4",24,1,-256
13338,1,"1 2 3 4 -1 -3 4 3 4 -2 4 -3",48,1,-64
13339,1,"1 2 2 4 -2 -2 -2 4 -1 4 2 4",24,1,256
13340,1,"1 2 4 4 4 -2 -4 -4 -1 4 4 4",24,1,512
13341,1,"1 2 4 3 -1 3 4 4 -2 4 -3 -3",48,1,128
13342,1,"1 2 2 -1 -1 4 -2 4 4 -2 1 4",24,1,-256
13343,1,"1 2 1 2 4 -1 -2 -2 4 -1 4 4",24,1,0
13344,1,"1 2 3 4 -3 -3 -1 -2 4 4 4 3",48,1,0
13345,1,"1 2 -1 4 -2 3 3 4 4 4 -3 -3",48,1,256
13346,1,"1 2 4 -2 3 -1 3 4 4 4 -3 -3",48,1,256
13347,1,"1 2 3 3 -1 -3 -3 4 4 4 -2 4",48,1,-256
13348,1,"1 4 2 4 4 4 2 4 -2 -1 -4 -2",24,1,0
13349,1,"1 2 -4 -1 4 4 -2 4 4 2 4 -2",24,1,-256
13350,1,"1 2 1 4 -1 4 -1 2 4 -2 4 -2",24,1,128
13351,1,"1 2 3 -2 -3 4 4 -1 -2 4 4 2",48,1,-128
13352,1,"1 2 2 2 4 -2 -2 4 -1 4 -2 4",24,1,256
13353,1,"1 2 3 -2 4 -3 4 4 3 -1 -3 4",48,1,-128
13354,1,"1 2 3 4 -3 -1 4 -3 -2 4 3 4",48,1,128
13355,1,"1 2 3 4 -3 -1 4 4 -3 4 3 -2",48,1,0
13356,1,"1 4 2 4 4 -1 4 2 -4 -2 -2 4",24,1,-256
13357,1,"1 2 3 -1 -3 -3 -2 4 4 3 4 4",48,1,-256
13358,1,"1 2 3 2 4 -3 -2 4 -2 -1 4 4",48,1,128
13359,1,"1 2 3 -1 -3 4 4 3 4 -2 -3 4",48,1,0
13360,1,"1 4 2 2 4 -2 -2 4 4 4 -1 -4",24,1,-512
13361,1,"1 4 2 4 3 -1 4 3 -2 4 -3 -3",48,1,0
13362,1,"1 2 3 2 -3 4 -1 4 4 -2 -2 4",48,1,128
13363,1,"1 2 -1 4 -2 -2 4 3 4 -3 2 4",48,1,0
13364,1,"1 2 -1 2 4 3 -2 4 -2 -3 4 4",48,1,0
13365,1,"1 2 -1 -2 -2 -2 4 4 2 4 2 4",24,1,-256
13366,1,"1 2 3 4 -2 3 4 4 -1 4 -3 -3",48,1,128
13367,1,"1 2 3 2 4 -2 -2 -1 4 4 -3 4",48,1,256
13368,1,"1 2 4 4 3 3 4 -3 -2 4 -1 -3",48,1,128
13369,1,"1 2 4 -2 -4 3 4 -3 4 -1 4 4",48,1,0
13370,1,"1 2 3 2 4 -3 4 -2 -1 4 4 -2",48,1,128
13371,1,"1 2 3 4 3 4 -2 4 -3 -1 -3 4",48,1,64
13372,1,"1 2 3 4 -3 4 -2 -3 4 3 -1 4",48,1,-64
13373,1,"1 2 3 4 -3 4 3 -1 4 4 -2 -3",48,1,-128
13374,1,"1 2 4 3 4 -3 -3 -1 -2 4 4 3",48,1,-128
13375,1,"1 2 3 -2 -2 4 -1 2 -3 4 4 4",48,1,0
13376,1,"1 2 -1 -4 2 4 4 4 4 -2 -2 4",24,1,512
13377,1,"1 2 4 4 4 -2 4 2 -4 -2 -1 4",24,1,-256
13378,1,"1 2 4 3 -1 -3 -3 4 4 4 -2 3",48,1,0
13379,1,"1 2 3 -2 4 -3 -1 3 4 4 -3 4",48,1,128
13380,1,"1 2 4 4 -1 -4 2 4 -2 4 -2 4",24,1,128
13381,1,"1 2 -1 4 2 1 4 -2 -2 -1 4 4",24,1,256
13382,1,"1 2 3 4 -1 4 -3 4 -3 4 -2 3",48,1,64
13383,1,"1 2 4 4 -2 -2 4 2 4 4 -1 -4",24,1,-256
13384,1,"1 2 2 -1 4 4 3 -2 -2 -3 4 4",24,1,0
13385,1,"1 4 2 4 -2 -2 4 4 2 -4 -1 4",24,1,0
13386,1,"1 2 3 -4 -3 4 4 -1 4 4 -2 4",48,1,-128
13387,1,"1 2 2 4 4 2 4 -1 4 -2 -2 -2",24,1,0
13388,1,"1 2 4 2 2 4 -2 4 -2 -1 4 -2",24,1,128
13389,1,"1 2 -1 2 4 4 3 -2 -3 4 4 -2",48,1,0
13390,1,"1 2 3 -1 4 -2 3 4 -3 4 -3 4",48,1,0
13391,1,"1 2 -1 2 4 3 4 -2 4 -2 -3 4",48,1,64
13392,1,"1 2 2 2 -1 -2 4 -2 4 4 4 -2",24,1,-512
13393,1,"1 2 4 3 4 4 -1 4 -3 -4 -2 4",48,1,0
13394,1,"1 2 2 4 -2 -2 -1 2 4 -2 4 4",24,1,256
13395,1,"1 2 4 -2 4 4 2 4 -1 -4 -2 4",24,1,-128
13396,1,"1 2 2 4 -2 -2 4 4 -1 -1 4 1",24,1,512
13397,1,"1 2 3 -2 -3 4 -2 4 4 2 -1 4",48,1,0
13398,1,"1 1 4 4 4 1 4 -1 -1 -4 -1 4",6,1,512
13399,1,"1 2 2 4 4 4 -1 4 -2 4 -2 -4",24,1,-256
13400,1,"1 2 3 -1 4 4 4 -3 -2 -3 4 3",48,1,128
13401,1,"1 2 1 4 4 -1 -1 -2 4 2 4 -2",24,1,0
13402,1,"1 2 3 4 -1 4 4 4 4 -2 -3 -4",48,1,-256
13403,1,"1 2 3 -4 -2 4 4 4 -3 -1 4 4",48,1,0
13404,1,"1 2 4 -1 4 -2 3 -4 -3 4 4 4",48,1,-128
13405,1,"1 2 -1 4 -2 3 2 4 4 -3 4 -2",48,1,0
13406,1,"1 2 3 3 -1 -3 4 4 4 -2 -3 4",48,1,0
13407,1,"1 4 4 2 -1 4 4 -2 -4 2 4 -2",24,1,0
13408,1,"1 2 1 4 2 -1 4 -1 4 4 -2 -2",24,1,0
13409,1,"1 2 3 3 4 -3 4 4 -2 -1 -3 4",48,1,0
13410,1,"1 2 -1 4 3 4 4 2 -3 -2 4 -2",48,1,0
13411,1,"1 2 3 -2 4 4 -1 -2 -3 2 4 4",24,1,-256
13412,1,"1 2 3 -1 4 -3 4 -3 4 -2 4 3",48,1,64
13413,1,"1 2 4 3 -2 -3 -1 3 4 4 -3 4",48,1,128
13414,1,"1 2 4 -2 4 4 4 -1 4 2 -4 -2",24,1,0
13415,1,"1 2 4 3 4 3 -2 -3 -3 -1 4 4",48,1,128
13416,1,"1 2 -1 4 2 3 -2 -2 4 -3 4 4",48,1,0
13417,1,"1 2 4 4 4 2 4 -2 -4 -2 -1 4",24,1,256
13418,1,"1 2 3 3 4 -3 4 -1 -3 4 4 -2",48,1,-128
13419,1,"1 2 3 4 3 -1 4 -2 4 -3 4 -3",48,1,-64
13420,1,"1 2 4 4 -1 3 -2 4 -3 -3 4 3",48,1,0
13421,1,"1 2 4 4 -2 -4 2 4 -2 -1 4 4",24,1,-256
13422,1,"1 1 -4 -1 4 1 4 -1 4 -1 4 4",6,1,-256
13423,1,"1 2 4 4 3 -1 3 -2 -3 4 -3 4",48,1,0
13424,1,"1 2 3 3 4 4 -2 4 4 -1 -3 -3",48,1,-256
13425,1,"1 2 4 -1 4 4 3 -2 3 4 -3 -3",48,1,128
13426,1,"1 4 2 2 4 4 -2 -1 4 4 -2 -4",24,1,256
13427,1,"1 2 3 4 -3 4 -2 -3 4 -1 4 3",48,1,64
13428,1,"1 2 3 4 -1 -2 -2 4 2 4 -3 4",48,1,0
13429,1,"1 2 3 -1 -3 4 3 -2 4 -3 4 4",48,1,0
13430,1,"1 2 -4 2 4 4 -2 -2 4 4 -1 4",24,1,256
13431,1,"1 2 2 3 -2 4 -3 4 -2 4 -1 4",48,1,0
13432,1,"1 2 -1 4 1 -2 -2 4 -1 2 4 4",24,1,256
13433,1,"1 2 -1 -2 4 -2 -2 4 2 2 4 4",24,1,-256
13434,1,"1 2 3 4 4 -3 -2 4 4 -3 -1 3",48,1,-128
13435,1,"1 2 3 4 -2 -1 2 4 4 -3 4 -2",48,1,128
13436,1,"1 2 4 4 3 4 -1 3 4 -2 -3 -3",48,1,0
13437,1,"1 2 1 4 -1 4 -2 -1 2 4 -2 4",24,1,0
13438,1,"1 4 2 4 -1 4 -2 4 4 -2 -4 2",24,1,-128
13439,1,"1 2 4 3 -2 -4 -3 4 4 -1 4 4",48,1,-128
13440,1,"1 2 2 4 1 4 -2 -2 -1 -1 4 4",24,1,512
13441,1,"1 2 2 2 -1 4 -2 4 -2 -2 4 4",24,1,0
13442,1,"1 2 2 4 4 4 4 -1 -4 -2 4 -2",24,1,-512
13443,1,"1 2 -4 2 4 4 -2 4 -2 -1 4 4",24,1,256
13444,1,"1 2 2 -1 4 -1 -2 4 4 1 -2 4",24,1,0
13445,1,"1 2 3 4 2 4 -1 4 -3 -2 4 -2",48,1,0
13446,1,"1 2 2 4 -1 4 -2 -1 4 -2 4 1",24,1,256
13447,1,"1 2 4 -2 3 3 4 -1 4 4 -3 -3",48,1,256
13448,1,"1 2 3 -2 -3 4 -1 4 2 4 4 -2",48,1,0
13449,1,"1 2 2 -1 4 3 4 -3 -2 4 4 -2",48,1,-128
13450,1,"1 2 2 -1 4 -2 -4 -2 4 4 4 4",24,1,0
13451,1,"1 2 3 3 4 -3 -1 -3 -2 4 4 4",48,1,256
13452,1,"1 2 3 3 -2 -3 4 -3 4 4 -1 4",48,1,-128
13453,1,"1 2 -1 -1 -2 -2 4 4 1 2 4 4",24,1,-512
13454,1,"1 2 4 -2 4 4 4 -2 4 2 -1 -4",24,1,0
13455,1,"1 2 -1 -1 2 4 4 4 -2 -2 1 4",24,1,0
13456,1,"1 2 4 4 -1 3 4 -3 -3 -2 3 4",48,1,128
13457,1,"1 4 2 4 4 4 4 -2 -4 -4 -1 4",24,1,0
13458,1,"1 4 2 4 4 4 -2 4 2 -1 -4 -2",24,1,-256
13459,1,"1 2 3 4 4 4 4 3 -2 -3 -1 -3",48,1,-256
13460,1,"1 2 3 -2 4 4 -2 -3 4 -1 2 4",48,1,-128
13461,1,"1 2 3 4 2 -1 -2 -2 4 4 -3 4",48,1,-128
13462,1,"1 2 3 4 2 -1 -2 -3 4 4 -2 4",48,1,-128
13463,1,"1 2 3 4 -1 -3 4 3 4 4 -3 -2",48,1,-128
13464,1,"1 2 3 2 4 4 -3 4 -1 -2 -2 4",48,1,0
13465,1,"1 2 4 -1 4 4 4 -2 4 2 -4 -2",24,1,0
13466,1,"1 2 3 3 -1 4 -3 -2 4 4 -3 4",48,1,0
13467,1,"1 2 1 -2 4 2 -1 4 4 -1 4 -2",24,1,128
13468,1,"1 2 2 -1 -2 -4 -2 4 4 4 4 4",24,1,-512
13469,1,"1 2 3 4 -1 4 -2 4 -2 -3 2 4",48,1,-64
13470,1,"1 2 3 -1 4 -2 4 4 3 4 -3 -3",48,1,-128
13471,1,"1 2 2 3 4 -1 -2 -2 4 -3 4 4",48,1,0
13472,1,"1 2 4 -1 4 4 4 -2 4 -2 -4 2",24,1,-256
13473,1,"1 2 3 -1 -3 -3 4 4 -2 3 4 4",48,1,-256
13474,1,"1 2 3 4 -1 -3 4 3 -2 4 -3 4",48,1,0
13475,1,"1 2 2 3 4 4 -2 -3 4 -1 -2 4",48,1,0
13476,1,"1 4 2 -1 4 4 4 -2 -2 4 2 -4",24,1,256
13477,1,"1 2 2 1 4 -1 4 -2 4 -1 -2 4",24,1,128
13478,1,"1 2 4 4 3 3 -2 -3 -3 -1 4 4",48,1,256
13479,1,"1 2 3 4 -3 -2 -3 4 4 4 -1 3",48,1,128
13480,1,"1 2 3 4 4 -3 -1 4 3 4 -3 -2",48,1,128
13481,1,"1 4 2 4 -2 4 -2 4 -1 4 2 -4",24,1,0
13482,1,"1 2 4 -1 3 -2 3 4 -3 -3 4 4",48,1,128
13483,1,"1 4 2 4 4 2 -1 -4 -2 4 -2 4",24,1,-128
13484,1,"1 2 3 3 4 -3 4 -3 4 -1 4 -2",48,1,0
13485,1,"1 2 4 3 -4 -3 -2 4 4 -1 4 4",48,1,-128
13486,1,"1 2 4 3 4 4 3 -2 4 -3 -1 -3",48,1,0
13487,1,"1 2 -1 4 4 3 4 -3 2 4 -2 -2",48,1,-128
13488,1,"1 2 3 4 4 -1 -3 -3 4 -2 4 3",48,1,128
13489,1,"1 4 2 -4 -1 4 4 4 -2 -2 4 2",24,1,256
13490,1,"1 2 2 4 4 -1 4 2 4 -2 -2 -2",24,1,0
13491,1,"1 2 -4 -2 4 2 4 4 -1 4 -2 4",24,1,-128
13492,1,"1 2 4 -2 -2 4 2 4 2 -1 4 -2",24,1,-128
13493,1,"1 2 3 4 4 3 4 -3 -1 -3 4 -2",48,1,0
13494,1,"1 2 -1 4 3 4 4 -2 -3 -2 4 2",48,1,128
13495,1,"1 2 4 4 -1 2 4 4 -2 4 -2 -4",24,1,0
13496,1,"1 2 3 4 -3 -2 4 -3 4 -1 4 3",48,1,64
13497,1,"1 2 4 4 3 4 -1 -3 -3 4 -2 3",48,1,0
13498,1,"1 4 2 4 -2 4 4 2 4 -2 -1 -4",24,1,-128
13499,1,"1 2 2 4 4 -2 4 2 -1 -2 4 -2",24,1,-256
13500,1,"1 2 3 4 -2 -3 4 -2 4 -1 2 4",48,1,0
13501,1,"1 4 2 -1 -4 -2 4 4 4 -2 4 2",24,1,0
13502,1,"1 2 4 4 3 -2 4 -3 -3 4 -1 3",48,1,128
13503,1,"1 4 2 2 -4 -1 4 -2 4 4 -2 4",24,1,0
13504,1,"1 2 2 2 4 -2 -1 -2 4 -2 4 4",24,1,256
13505,1,"1 2 2 4 -2 -2 4 -2 4 2 -1 4",24,1,0
13506,1,"1 2 1 2 4 -2 -1 -2 4 4 -1 4",24,1,128
13507,1,"1 2 4 3 -2 -3 4 -3 -1 4 4 3",48,1,128
13508,1,"1 2 3 4 4 -2 -1 4 -2 -3 2 4",48,1,0
13509,1,"1 2 4 4 -2 -1 -4 2 4 4 4 -2",24,1,256
13510,1,"1 2 -4 -2 4 4 4 4 4 4 -1 -4",24,1,512
13511,1,"1 2 3 4 4 -3 -2 -3 -1 3 4 4",48,1,128
13512,1,"1 2 3 -2 4 -3 4 2 4 -2 -1 4",48,1,0
13513,1,"1 2 4 -1 4 4 4 2 4 -2 -4 -2",24,1,0
13514,1,"1 2 -1 -2 4 4 2 3 4 -3 -2 4",48,1,-128
13515,1,"1 2 4 3 4 3 -2 4 -3 -1 4 -3",48,1,64
13516,1,"1 2 4 3 4 3 -2 4 -1 -3 4 -3",48,1,-64
13517,1,"1 2 -1 4 4 -2 4 2 2 4 -2 -2",24,1,-256
13518,1,"1 2 4 4 4 -1 3 4 3 -2 -3 -3",48,1,-256
13519,1,"1 1 4 4 -1 -4 -4 -1 4 4 4 4",6,1,1024
13520,1,"1 2 3 -1 4 -3 4 -3 4 3 4 -2",48,1,-64
13521,1,"1 2 -1 4 1 2 4 -2 -2 4 -1 4",24,1,-128
13522,1,"1 2 4 -2 4 4 4 2 -4 -1 4 -2",24,1,-256
13523,1,"1 2 2 -1 4 4 -2 -4 -2 4 4 4",24,1,0
13524,1,"1 2 4 -2 4 -2 -2 -1 4 4 2 2",24,1,256
13525,1,"1 2 4 3 -1 -3 -3 -2 3 4 4 4",48,1,-256
13526,1,"1 2 4 3 4 -2 4 4 -3 4 -1 -4",48,1,-128
13527,1,"1 2 2 4 -2 -2 4 2 -1 -2 4 4",24,1,-256
13528,1,"1 4 2 -4 -2 4 -2 4 2 -1 4 4",24,1,-128
13529,1,"1 2 -1 4 3 4 4 -2 -3 2 4 -2",48,1,0
13530,1,"1 2 -1 -2 4 4 2 1 4 -1 -2 4",24,1,-128
13531,1,"1 4 2 2 4 4 -1 4 -2 4 -2 -4",24,1,0
13532,1,"1 2 4 4 3 -2 4 4 4 -1 -3 -4",48,1,-256
13533,1,"1 2 4 -1 4 3 -2 3 4 -3 -3 4",48,1,128
13534,1,"1 2 3 -2 4 4 -3 -1 -3 4 4 3",48,1,128
13535,1,"1 2 3 -1 4 3 4 4 -2 4 -3 -3",48,1,-128
13536,1,"1 2 4 4 3 3 -1 -3 -3 4 -2 4",48,1,0
13537,1,"1 2 3 3 4 -3 -1 4 4 -2 -3 4",48,1,0
13538,1,"1 2 3 4 -3 -2 -1 4 -3 4 3 4",48,1,128
13539,1,"1 2 3 4 -3 4 -2 -1 4 -3 4 3",48,1,128
13540,1,"1 2 3 -2 4 -3 -2 4 -1 4 2 4",48,1,64
13541,1,"1 2 3 3 4 4 -3 -2 4 -1 -3 4",48,1,128
13542,1,"1 2 4 4 4 -1 4 -2 -4 2 4 -2",24,1,0
13543,1,"1 2 4 3 -4 -3 -1 4 4 4 -2 4",48,1,-128
13544,1,"1 2 -1 -2 4 2 2 4 -2 -2 4 4",24,1,-256
13545,1,"1 2 4 -1 4 4 2 4 -2 4 -2 -4",24,1,-128
13546,1,"1 2 4 2 -4 -2 4 4 -2 -1 4 4",24,1,-256
13547,1,"1 2 3 4 4 -1 4 4 -3 -3 -2 3",48,1,0
13548,1,"1 4 2 4 2 -4 -2 -2 4 4 -1 4",24,1,-256
13549,1,"1 2 3 4 4 2 -3 4 -1 4 -2 -2",48,1,0
13550,1,"1 2 1 2 4 -1 -1 4 -2 4 -2 4",24,1,128
13551,1,"1 2 1 -2 4 -1 4 2 4 -1 4 -2",24,1,128
13552,1,"1 2 1 4 2 4 -2 -2 -1 -1 4 4",24,1,256
13553,1,"1 2 3 -2 -3 4 -2 -1 4 4 2 4",48,1,-128
13554,1,"1 2 -1 -2 -2 -4 2 4 4 4 4 4",24,1,512
13555,1,"1 2 3 -1 -3 4 4 4 -3 -2 3 4",48,1,-128
13556,1,"1 2 2 -1 4 4 -2 4 -2 -2 4 2",24,1,256
13557,1,"1 2 -1 -2 -2 3 4 -3 4 4 4 2",48,1,0
13558,1,"1 2 2 4 -1 4 -1 4 -2 -2 4 1",24,1,256
13559,1,"1 2 4 4 4 -2 4 -1 -2 -4 2 4",24,1,0
13560,1,"1 4 2 -4 2 4 -2 4 -2 -1 4 4",24,1,128
13561,1,"1 2 -1 -4 -2 4 4 2 4 -2 4 4",24,1,-256
13562,1,"1 2 3 -1 -2 4 4 4 3 4 -3 -3",48,1,-256
13563,1,"1 2 3 3 4 -2 4 4 -1 -3 -3 4",48,1,0
13564,1,"1 2 3 4 2 4 -1 -2 -3 4 -2 4",24,1,-64
13565,1,"1 2 3 4 -3 4 4 2 4 -2 -1 -2",48,1,0
13566,1,"1 2 3 4 -3 4 2 4 -1 -2 -2 4",48,1,0
13567,1,"1 2 2 4 -1 4 -2 -2 4 -1 4 1",24,1,256
13568,1,"1 2 4 3 4 4 -3 4 -2 -3 -1 3",48,1,0
13569,1,"1 2 1 4 2 4 4 -1 -1 -2 4 -2",24,1,0
13570,1,"1 2 3 4 3 4 -3 -1 4 -3 4 -2",48,1,64
13571,1,"1 2 4 -2 4 4 3 4 4 -1 -3 -4",48,1,-128
13572,1,"1 2 2 4 1 4 -2 -2 4 -1 -1 4",24,1,256
13573,1,"1 2 4 3 4 -1 4 -2 -3 2 4 -2",48,1,0
13574,1,"1 4 -1 4 4 4 4 4 -1 -4 1 -4",6,1,-512
13575,1,"1 2 -1 4 2 4 -1 -2 4 1 -2 4",24,1,0
13576,1,"1 2 1 4 4 2 -1 -1 -2 4 4 -2",24,1,-256
13577,1,"1 2 -1 4 2 4 -1 -2 4 -2 1 4",24,1,-128
13578,1,"1 2 -1 -1 2 4 -2 4 4 -2 1 4",24,1,0
13579,1,"1 2 2 4 -2 -2 4 2 4 -1 -2 4",24,1,0
13580,1,"1 2 -1 -2 4 4 3 3 4 4 -3 -3",48,1,-256
13581,1,"1 2 4 4 4 3 3 -2 4 -3 -1 -3",48,1,0
13582,1,"1 2 3 -1 4 3 4 -3 4 4 -3 -2",48,1,-128
13583,1,"1 2 3 4 -2 4 -1 -2 4 -3 2 4",48,1,-64
13584,1,"1 2 1 4 -1 2 4 4 -2 -1 4 -2",24,1,128
13585,1,"1 4 2 4 2 4 -2 -2 4 4 -1 -4",24,1,-256
13586,1,"1 2 -1 -1 -2 4 1 4 2 4 -2 4",24,1,-128
13587,1,"1 2 4 3 4 3 -1 -3 4 -2 4 -3",48,1,-64
13588,1,"1 2 4 4 -1 -4 3 4 -2 4 -3 4",48,1,0
13589,1,"1 2 -1 2 2 4 -2 4 4 -2 -2 4",24,1,256
13590,1,"1 2 3 3 4 -3 -2 -3 4 4 -1 4",48,1,128
13591,1,"1 2 -1 -1 4 -2 -2 4 1 2 4 4",24,1,-256
13592,1,"1 2 2 3 4 -2 -1 4 4 -3 4 -2",48,1,128
13593,1,"1 2 4 4 3 4 -3 4 4 -1 -2 -4",48,1,-256
13594,1,"1 2 2 2 4 -2 -2 4 -1 -2 4 4",24,1,0
13595,1,"1 2 -1 4 4 -2 3 4 -3 -3 4 3",48,1,-128
13596,1,"1 2 4 3 4 4 4 -1 -3 4 -2 -4",48,1,-128
13597,1,"1 2 3 -2 4 -3 4 -1 -2 4 4 2",48,1,0
13598,1,"1 1 4 -1 4 4 4 4 4 -1 -4 -4",6,1,-1024
13599,1,"1 2 3 -2 4 4 -3 4 3 -1 -3 4",48,1,-128
13600,1,"1 4 4 2 2 -1 -4 -2 -2 4 4 4",24,1,-512
13601,1,"1 2 3 4 -3 4 -3 -1 4 -2 4 3",48,1,64
13602,1,"1 2 4 3 4 -2 -2 -1 4 -3 4 2",48,1,128
13603,1,"1 2 3 -2 4 3 -1 4 4 -3 4 -3",48,1,-128
13604,1,"1 2 3 -2 4 4 4 3 -1 4 -3 -3",48,1,-256
13605,1,"1 2 2 -1 4 -2 -2 3 4 4 -3 4",48,1,0
13606,1,"1 4 1 4 4 4 4 4 -1 -4 -1 -4",6,1,-512
13607,1,"1 4 2 -4 2 4 -2 -2 4 4 -1 4",24,1,256
13608,1,"1 2 3 -2 4 4 -2 4 -1 2 -3 4",48,1,0
13609,1,"1 2 3 -2 -3 4 4 -1 3 4 -3 4",48,1,0
13610,1,"1 2 -1 4 4 4 -2 3 3 4 -3 -3",48,1,256
13611,1,"1 2 2 4 3 4 -2 -1 -2 4 -3 4",48,1,128
13612,1,"1 2 4 4 4 -1 -4 -2 -2 4 4 2",24,1,0
13613,1,"1 2 3 3 4 -1 4 -3 4 4 -2 -3",48,1,-128
13614,1,"1 2 3 4 -1 -2 -3 4 2 4 -2 4",48,1,-64
13615,1,"1 2 4 -1 4 3 4 -2 4 4 -3 -4",48,1,0
13616,1,"1 2 1 4 4 -1 4 2 4 -1 -2 -2",24,1,0
13617,1,"1 2 -1 -1 4 4 1 2 4 -2 4 -2",24,1,-256
13618,1,"1 2 3 -1 4 -3 4 -3 4 -2 3 4",48,1,0
13619,1,"1 2 3 4 -3 4 3 -2 4 4 -1 -3",48,1,-128
13620,1,"1 2 -1 -1 -2 4 4 2 1 4 -2 4",24,1,0
13621,1,"1 2 3 -1 4 -3 -3 4 4 3 4 -2",48,1,-128
13622,1,"1 2 -1 4 3 2 4 -3 -2 -2 4 4",48,1,0
13623,1,"1 2 3 3 -2 4 4 4 -3 -1 4 -3",48,1,0
13624,1,"1 2 3 4 3 -1 4 4 4 -3 -3 -2",48,1,-256
13625,1,"1 2 3 4 2 4 4 -3 4 -2 -1 -2",48,1,0
13626,1,"1 2 3 4 4 4 4 4 -3 -4 -1 -2",48,1,256
13627,1,"1 2 1 4 -2 4 -1 -1 2 4 4 -2",24,1,256
13628,1,"1 2 3 -1 4 4 3 4 -3 -3 4 -2",48,1,-128
13629,1,"1 2 3 4 -3 -2 4 -1 4 -3 4 3",48,1,64
13630,1,"1 2 3 4 4 4 4 -1 -4 -3 -2 4",48,1,-256
13631,1,"1 2 -4 -1 4 -2 4 4 -2 4 2 4",24,1,-128
13632,1,"1 2 4 2 4 -2 4 -2 -1 2 4 -2",24,1,128
13633,1,"1 2 3 4 -1 4 4 3 4 -3 -2 -3",48,1,0
13634,1,"1 2 4 4 4 3 4 -1 3 -2 -3 -3",48,1,-256
13635,1,"1 2 1 4 4 -2 -2 4 -1 -1 2 4",24,1,256
13636,1,"1 2 3 -2 -3 4 -3 4 3 4 -1 4",48,1,-64
13637,1,"1 2 4 -1 3 3 4 -2 -3 4 4 -3",48,1,0
13638,1,"1 2 4 3 -4 -3 4 4 -2 -1 4 4",48,1,-256
13639,1,"1 1 4 -1 4 -1 4 4 1 -4 -1 4",6,1,-256
13640,1,"1 2 2 -1 4 4 -2 1 4 -2 -1 4",24,1,0
13641,1,"1 2 -4 -2 -2 4 4 4 4 2 -1 4",24,1,0
13642,1,"1 2 -4 -2 4 4 2 -1 4 4 -2 4",24,1,0
13643,1,"1 2 3 4 4 -3 -1 -3 4 4 3 -2",48,1,0
13644,1,"1 2 4 -2 4 2 4 4 -1 -4 -2 4",24,1,-128
13645,1,"1 2 4 4 -2 4 -2 -4 -1 4 4 2",24,1,0
13646,1,"1 2 2 4 -2 -2 4 -1 4 -1 4 1",24,1,256
13647,1,"1 2 3 4 -3 -4 -1 4 -2 4 4 4",48,1,128
13648,1,"1 2 4 3 -2 4 -3 -1 -3 4 3 4",48,1,64
13649,1,"1 2 4 4 4 -2 -1 4 4 -2 -4 2",24,1,-256
13650,1,"1 2 -4 3 4 -3 4 -1 4 4 -2 4",48,1,0
13651,1,"1 4 -1 -4 2 2 4 -2 -2 4 4 4",24,1,0
13652,1,"1 2 4 -1 4 3 4 4 -3 -3 -2 3",48,1,-128
13653,1,"1 2 2 4 -2 1 4 -1 -1 4 -2 4",24,1,0
13654,1,"1 2 3 4 2 -1 4 4 4 -3 -2 -2",48,1,0
13655,1,"1 1 1 -4 -1 -1 4 -1 4 4 4 4",6,1,-1024
13656,1,"1 2 4 4 3 4 -1 4 4 -3 -2 -4",48,1,-128
13657,1,"1 2 -1 4 3 4 3 -2 4 4 -3 -3",48,1,-128
13658,1,"1 2 4 -2 -2 -1 4 3 4 2 -3 4",48,1,128
13659,1,"1 2 -1 -1 4 4 4 1 2 4 -2 -2",24,1,-512
13660,1,"1 2 3 -4 -3 4 -2 -1 4 4 4 4",48,1,-256
13661,1,"1 2 1 4 -2 -1 2 4 4 -1 -2 4",24,1,128
13662,1,"1 2 4 -2 4 3 4 3 4 -1 -3 -3",48,1,0
13663,1,"1 2 4 4 2 4 4 -2 -4 -2 -1 4",24,1,256
13664,1,"1 2 4 3 -1 -3 -3 4 3 -2 4 4",48,1,128
13665,1,"1 2 3 4 -3 4 3 4 -2 -3 -1 4",48,1,64
13666,1,"1 2 4 3 4 -3 4 -2 3 -1 -3 4",48,1,64
13667,1,"1 2 4 2 2 4 -2 -2 -2 4 -1 4",24,1,256
13668,1,"1 2 -1 4 4 4 3 -2 -4 -3 4 4",48,1,0
13669,1,"1 2 -1 4 -1 4 -2 -2 1 4 2 4",24,1,-128
13670,1,"1 2 3 4 4 -3 4 -2 4 2 -1 -2",48,1,-128
13671,1,"1 2 3 4 -1 4 -2 -2 4 -3 2 4",48,1,0
13672,1,"1 2 2 -1 4 2 4 -2 4 -2 4 -2",24,1,-128
13673,1,"1 2 1 -2 -1 4 -2 -1 4 2 4 4",24,1,-128
13674,1,"1 2 1 4 2 4 -1 -2 4 -2 -1 4",24,1,128
13675,1,"1 2 3 4 3 -1 -2 -3 4 4 4 -3",48,1,-256
13676,1,"1 2 4 -1 4 2 2 4 -2 -2 -2 4",24,1,256
13677,1,"1 2 -1 -1 2 1 -2 4 -2 4 4 4",24,1,256
13678,1,"1 2 3 4 3 4 4 -2 -1 4 -3 -3",48,1,0
13679,1,"1 2 4 4 4 2 -1 4 4 -2 -4 -2",24,1,-256
13680,1,"1 2 3 4 2 -3 4 -2 -1 -2 4 4",48,1,128
13681,1,"1 2 3 4 4 -3 4 2 -1 -2 -2 4",48,1,-128
13682,1,"1 2 4 -2 3 4 -1 2 4 -2 -3 4",24,1,64
13683,1,"1 2 4 4 4 -1 4 -2 -2 -4 2 4",24,1,-256
13684,1,"1 2 4 -1 3 3 -2 -3 4 4 -3 4",48,1,-128
13685,1,"1 2 -4 2 -1 4 -2 -2 4 4 4 4",24,1,0
13686,1,"1 4 4 2 2 -4 -2 -2 -1 4 4 4",24,1,-512
13687,1,"1 2 4 3 -4 -3 4 4 -1 4 -2 4",48,1,-128
13688,1,"1 2 3 3 4 4 -1 4 -3 -3 4 -2",48,1,0
13689,1,"1 2 2 -1 4 4 -1 -2 -2 4 1 4",24,1,-256
13690,1,"1 2 4 3 -2 3 4 -3 4 -1 4 -3",48,1,64
13691,1,"1 2 -1 -1 2 4 -2 4 4 1 4 -2",24,1,0
13692,1,"1 2 3 4 3 4 4 -1 4 -3 -2 -3",48,1,0
13693,1,"1 2 3 4 4 -2 -3 4 -2 -1 2 4",48,1,0
13694,1,"1 2 -1 4 3 -2 -2 -3 4 2 4 4",48,1,0
13695,1,"1 2 3 2 4 4 -3 4 -2 4 -1 -2",48,1,-128
13696,1,"1 2 -1 4 4 -2 -2 1 4 -1 2 4",24,1,0
13697,1,"1 2 1 4 2 4 -2 -2 4 -1 -1 4",24,1,256
13698,1,"1 2 -1 4 3 3 4 -2 -3 -3 4 4",48,1,0
13699,1,"1 2 2 3 4 -2 -3 4 4 -1 -2 4",48,1,0
13700,1,"1 2 3 -2 4 3 4 -3 4 -1 4 -3",48,1,-64
13701,1,"1 2 4 3 4 -3 4 4 -1 -4 -2 4",48,1,-128
13702,1,"1 2 3 4 -3 -2 4 -1 -2 4 2 4",48,1,0
13703,1,"1 2 4 4 4 -2 -1 4 2 4 -2 -4",24,1,0
13704,1,"1 2 3 4 -1 4 -2 4 2 -3 4 -2",48,1,0
13705,1,"1 2 3 4 -1 -3 -2 3 4 -3 4 4",48,1,0
13706,1,"1 2 2 4 1 4 -2 4 -2 -1 -1 4",24,1,256
13707,1,"1 2 3 -2 4 -1 -2 4 2 -3 4 4",48,1,128
13708,1,"1 2 4 4 4 4 4 -1 -4 -4 -2 4",24,1,-512
13709,1,"1 2 1 2 -1 4 4 4 -2 4 -1 -2",24,1,-256
13710,1,"1 2 3 2 -1 -2 4 -2 4 4 -3 4",48,1,-128
13711,1,"1 2 4 3 -2 -3 -1 4 4 3 4 -3",48,1,0
13712,1,"1 2 4 3 4 -2 3 -1 -3 4 4 -3",48,1,0
13713,1,"1 2 4 3 3 -1 4 -2 4 -3 -3 4",48,1,128
13714,1,"1 2 4 4 -1 4 -2 4 2 4 -2 -4",24,1,-128
13715,1,"1 2 3 -1 4 4 4 3 4 -3 -2 -3",48,1,-128
13716,1,"1 2 4 -1 -1 4 2 4 -2 -2 4 1",24,1,256
13717,1,"1 2 1 -2 4 2 -1 4 -1 4 4 -2",24,1,128
13718,1,"1 2 3 4 4 4 -3 -2 -2 -1 4 2",48,1,256
13719,1,"1 4 2 2 4 2 -1 4 4 -2 -2 -2",24,1,0
13720,1,"1 2 4 -2 -4 -1 4 3 4 -3 4 4",48,1,128
13721,1,"1 2 4 4 -1 -4 2 4 4 -2 4 -2",24,1,256
13722,1,"1 2 4 2 -1 -2 4 -2 4 -2 4 2",24,1,0
13723,1,"1 2 4 -1 4 4 -2 4 4 -2 -4 2",24,1,-256
13724,1,"1 2 4 -2 4 4 3 -1 -4 -3 4 4",48,1,-128
13725,1,"1 2 4 4 3 3 4 -2 4 -1 -3 -3",48,1,0
13726,1,"1 2 -1 4 4 3 4 4 -3 -3 -2 3",48,1,-256
13727,1,"1 2 3 -1 4 -3 -3 -2 4 4 3 4",48,1,0
13728,1,"1 2 3 4 4 -2 -1 4 2 -3 4 -2",48,1,0
13729,1,"1 2 2 4 4 -1 4 -2 -2 -2 4 2",24,1,512
13730,1,"1 2 3 4 4 -3 4 -1 3 -2 4 -3",48,1,0
13731,1,"1 2 -4 -2 4 -1 4 4 2 4 4 -2",24,1,0
13732,1,"1 2 2 4 4 4 -2 4 -1 -4 -2 4",24,1,-256
13733,1,"1 4 2 4 -2 4 -2 -1 4 4 2 -4",24,1,-128
13734,1,"1 2 -1 4 4 -2 3 -2 4 2 -3 4",48,1,0
13735,1,"1 1 4 -1 -4 -1 4 -1 4 4 1 4",6,1,256
13736,1,"1 2 4 3 4 3 4 -2 4 -3 -1 -3",48,1,64
13737,1,"1 2 -1 4 4 -2 3 3 4 4 -3 -3",48,1,256
13738,1,"1 2 4 -2 3 4 -3 -4 -1 4 4 4",48,1,-128
13739,1,"1 2 4 -2 -1 2 4 -2 4 2 4 -2",24,1,128
13740,1,"1 2 4 3 4 -1 4 -3 4 -3 -2 3",48,1,-64
13741,1,"1 2 3 -2 4 -1 -2 4 -3 4 4 2",48,1,0
13742,1,"1 2 4 3 4 4 -1 -3 -3 4 -2 3",48,1,0
13743,1,"1 2 3 4 -2 -3 4 -2 -1 4 2 4",48,1,0
13744,1,"1 2 4 2 4 4 -1 -2 4 4 -2 -4",24,1,-256
13745,1,"1 2 4 3 4 -2 4 -3 -3 4 -1 3",48,1,0
13746,1,"1 2 4 3 -2 4 -3 4 2 -1 4 -2",48,1,-64
13747,1,"1 2 1 -2 4 2 4 4 4 -1 -1 -2",24,1,256
13748,1,"1 2 3 4 -3 -2 -3 4 3 -1 4 4",48,1,0
13749,1,"1 2 3 3 4 4 -2 4 -3 -1 4 -3",48,1,128
13750,1,"1 2 4 3 3 -2 4 -1 -3 4 4 -3",48,1,-128
13751,1,"1 2 4 3 3 4 -1 4 -3 4 -2 -3",48,1,0
13752,1,"1 2 4 4 -1 4 3 4 -3 -3 -2 3",48,1,-128
13753,1,"1 2 2 3 4 4 -3 4 -1 -2 -2 4",48,1,0
13754,1,"1 2 3 4 -2 4 -3 -2 4 -1 2 4",48,1,128
13755,1,"1 2 4 -1 4 4 2 4 4 -2 -4 -2",24,1,0
13756,1,"1 4 2 4 3 4 -2 4 -3 4 -1 -4",48,1,-128
13757,1,"1 2 3 -2 -1 2 4 -3 4 4 -2 4",48,1,0
13758,1,"1 2 2 4 -2 4 4 4 4 -2 -1 -4",24,1,-512
13759,1,"1 2 3 -2 -3 4 4 4 -3 -1 4 3",48,1,128
13760,1,"1 2 3 -2 4 4 -3 2 4 -2 -1 4",48,1,-128
13761,1,"1 4 4 2 4 -2 4 4 -2 -1 -4 2",24,1,-256
13762,1,"1 2 4 4 -1 3 4 3 4 -2 -3 -3",48,1,0
13763,1,"1 2 3 -2 -2 -3 4 -1 4 2 4 4",48,1,-128
13764,1,"1 2 -1 4 4 2 3 -2 4 -2 -3 4",48,1,0
13765,1,"1 2 4 -2 -4 -1 -2 4 4 4 4 2",24,1,256
13766,1,"1 2 3 4 4 -2 4 3 -1 4 -3 -3",48,1,-128
13767,1,"1 2 -1 4 2 1 4 -1 -2 -2 4 4",24,1,0
13768,1,"1 2 3 4 -3 4 -1 3 4 -3 4 -2",48,1,64
13769,1,"1 2 4 3 4 -1 4 3 4 -2 -3 -3",48,1,0
13770,1,"1 4 4 2 -1 4 4 2 -4 -2 4 -2",24,1,0
13771,1,"1 2 -4 2 4 -1 4 4 -2 4 4 -2",24,1,0
13772,1,"1 2 4 3 3 -1 4 -3 4 -2 4 -3",48,1,0
13773,1,"1 2 4 -1 2 4 -2 -2 -2 4 2 4",24,1,256
13774,1,"1 2 4 3 4 4 -2 -1 -4 -3 4 4",48,1,0
13775,1,"1 1 -4 -1 4 -1 4 -1 4 1 4 4",6,1,-256
13776,1,"1 2 -1 4 2 4 -2 -2 -1 4 1 4",24,1,128
13777,1,"1 2 4 3 4 -3 4 -3 -2 4 -1 3",48,1,-64
13778,1,"1 2 -1 4 -2 4 2 -1 -2 4 4 1",24,1,-256
13779,1,"1 2 4 2 -4 -2 4 4 4 -2 -1 4",24,1,-256
13780,1,"1 4 -1 -4 2 4 2 4 4 4 -2 -2",24,1,256
13781,1,"1 2 3 2 4 -1 -2 4 4 -2 -3 4",48,1,0
13782,1,"1 2 -1 4 -2 3 2 -3 4 4 -2 4",48,1,0
13783,1,"1 2 4 3 4 -3 -2 4 -2 -1 4 2",48,1,64
13784,1,"1 2 3 4 4 -3 -4 -2 -1 4 4 4",48,1,256
13785,1,"1 2 -1 -2 1 2 4 4 4 -2 -1 4",24,1,-256
13786,1,"1 2 1 2 4 4 -1 -2 4 -1 -2 4",24,1,-128
13787,1,"1 2 4 4 2 -4 -2 -2 4 4 -1 4",24,1,-256
13788,1,"1 2 1 -2 4 -1 4 2 -1 4 4 -2",24,1,128
13789,1,"1 2 3 3 -2 4 -3 4 -3 4 -1 4",48,1,0
13790,1,"1 2 1 4 -1 -1 -2 4 -2 4 2 4",24,1,128
13791,1,"1 2 -1 2 4 2 4 -2 -2 4 4 -2",24,1,0
13792,1,"1 2 3 4 -3 -1 -3 4 3 4 -2 4",48,1,64
13793,1,"1 2 -1 4 3 2 -3 4 -2 4 4 -2",48,1,0
13794,1,"1 2 3 -1 4 -2 -3 -3 4 4 4 3",48,1,256
13795,1,"1 2 3 -2 4 3 4 4 -3 4 -1 -3",48,1,-128
13796,1,"1 2 3 2 4 -3 4 4 -2 -2 -1 4",48,1,256
13797,1,"1 2 4 4 -1 4 -2 3 4 4 -3 -4",48,1,128
13798,1,"1 2 2 -4 -2 4 4 4 -1 4 -2 4",24,1,-256
13799,1,"1 4 4 2 -1 4 4 -2 -4 -2 4 2",24,1,256
13800,1,"1 2 3 4 -3 2 4 4 -1 -2 -2 4",48,1,0
13801,1,"1 2 3 2 4 4 4 -1 -2 -2 -3 4",48,1,0
13802,1,"1 2 2 3 4 4 -1 -2 4 -2 -3 4",48,1,-128
13803,1,"1 2 -1 -1 4 2 4 4 1 4 -2 -2",24,1,-256
13804,1,"1 2 4 -1 3 3 4 -3 -2 4 -3 4",48,1,128
13805,1,"1 2 3 4 4 -1 3 4 -3 -2 -3 4",48,1,128
13806,1,"1 2 3 4 -1 2 -3 4 -2 4 4 -2",48,1,0
13807,1,"1 2 3 4 3 4 4 -3 4 -3 -1 -2",48,1,0
13808,1,"1 2 4 -2 3 -1 -3 4 3 4 4 -3",48,1,0
13809,1,"1 2 2 1 4 -1 4 -1 -2 4 -2 4",24,1,128
13810,1,"1 2 4 3 -1 4 4 3 -2 4 -3 -3",48,1,0
13811,1,"1 2 3 4 -1 4 4 4 -3 -4 -2 4",48,1,128
13812,1,"1 2 3 4 -3 4 -1 3 -2 -3 4 4",48,1,-128
13813,1,"1 2 -1 4 -2 4 3 3 4 4 -3 -3",48,1,0
13814,1,"1 2 3 4 -1 3 4 -3 4 4 -3 -2",48,1,128
13815,1,"1 2 2 3 -2 -2 4 -1 4 4 -3 4",48,1,0
13816,1,"1 2 3 4 4 -1 -2 -2 -3 4 4 2",48,1,0
13817,1,"1 2 2 -1 -2 -2 4 2 4 4 -2 4",24,1,-256
13818,1,"1 2 1 -2 -1 4 4 -2 4 -1 2 4",24,1,-128
13819,1,"1 2 4 3 -1 4 4 -3 4 -3 -2 3",48,1,-128
13820,1,"1 2 2 4 -1 2 4 4 -2 -2 -2 4",24,1,512
13821,1,"1 2 2 1 4 -1 -2 4 -1 4 -2 4",24,1,128
13822,1,"1 2 3 4 4 4 4 -2 -1 -4 -3 4",48,1,-256
13823,1,"1 4 2 4 -2 -4 -1 4 4 2 4 -2",24,1,128
13824,1,"1 2 3 -2 -3 2 -1 -2 4 4 4 4",48,1,256
13825,1,"1 2 -1 4 4 -2 3 4 2 -3 -2 4",48,1,0
13826,1,"1 4 4 2 4 -1 4 4 2 -4 -2 -2",24,1,-256
13827,1,"1 2 4 3 4 3 -1 -2 4 4 -3 -3",48,1,-128
13828,1,"1 2 3 2 4 -3 -2 4 4 -1 -2 4",48,1,0
13829,1,"1 2 4 2 2 -1 4 4 -2 -2 4 -2",24,1,-256
13830,1,"1 2 2 -1 4 -2 1 4 4 -2 -1 4",24,1,0
13831,1,"1 2 3 3 4 4 -3 4 -3 -1 4 -2",48,1,128
13832,1,"1 2 3 -2 -1 2 -3 4 4 4 -2 4",48,1,-128
13833,1,"1 2 3 -2 -2 4 -1 4 4 -3 4 2",48,1,0
13834,1,"1 4 2 4 2 -1 -4 -2 -2 4 4 4",24,1,-256
13835,1,"1 4 2 4 -2 4 2 -4 -1 4 4 -2",24,1,-128
13836,1,"1 2 3 -2 4 4 3 4 -1 4 -3 -3",48,1,-128
13837,1,"1 2 -1 2 4 3 -2 4 4 -3 -2 4",48,1,128
13838,1,"1 2 -1 4 4 3 -2 4 -2 -3 4 2",48,1,0
13839,1,"1 4 2 4 -2 4 -1 4 -2 4 2 -4",24,1,0
13840,1,"1 2 3 4 -2 4 4 3 -1 4 -3 -3",48,1,-128
13841,1,"1 2 3 3 -1 4 4 -3 -3 -2 4 4",48,1,0
13842,1,"1 2 -1 4 -1 4 1 2 4 -2 -2 4",24,1,-128
13843,1,"1 2 1 4 4 -1 2 4 4 -1 -2 -2",24,1,256
13844,1,"1 2 3 -1 4 -3 -2 4 -3 4 3 4",48,1,0
13845,1,"1 2 -1 -2 -2 4 3 2 4 -3 4 4",48,1,-128
13846,1,"1 2 -1 4 4 3 3 4 -2 -3 4 -3",48,1,-128
13847,1,"1 2 -1 4 4 -2 4 4 -2 4 2 -4",24,1,256
13848,1,"1 2 3 3 -2 4 4 4 -3 -1 -3 4",48,1,0
13849,1,"1 2 3 -1 4 -3 -3 4 4 -2 3 4",48,1,0
13850,1,"1 2 -1 4 3 4 -3 4 -3 4 -2 3",48,1,-64
13851,1,"1 4 4 -1 -4 2 4 -2 -2 4 4 2",24,1,-256
13852,1,"1 2 2 -1 4 4 3 -2 4 -3 -2 4",48,1,0
13853,1,"1 2 4 3 3 -1 -2 4 4 4 -3 -3",48,1,-256
13854,1,"1 2 3 -4 -2 4 -3 4 4 4 -1 4",48,1,-128
13855,1,"1 2 4 -1 3 -4 -3 4 -2 4 4 4",48,1,-128
13856,1,"1 2 3 4 -3 -3 -1 4 -2 3 4 4",48,1,256
13857,1,"1 2 -1 -1 4 2 1 4 -2 -2 4 4",24,1,256
13858,1,"1 2 3 -2 4 -3 4 4 4 3 -1 -3",48,1,-128
13859,1,"1 2 4 3 4 -1 -3 -2 3 4 4 -3",48,1,0
13860,1,"1 2 3 4 -3 -1 4 3 -2 -3 4 4",48,1,-128
13861,1,"1 2 3 4 -2 4 -3 -1 -3 4 3 4",48,1,64
13862,1,"1 2 -1 4 4 -2 4 -2 -2 4 2 2",24,1,256
13863,1,"1 2 2 4 -2 -2 -2 4 4 -1 4 2",24,1,512
13864,1,"1 2 4 -1 3 4 4 -3 -2 -3 4 3",48,1,0
13865,1,"1 2 3 4 4 -2 -3 -2 4 2 -1 4",48,1,0
13866,1,"1 2 4 -1 3 4 4 4 -3 -3 -2 3",48,1,0
13867,1,"1 2 3 4 -3 2 -1 4 4 4 -2 -2",48,1,0
13868,1,"1 2 -1 -2 -2 4 3 4 -3 2 4 4",48,1,-128
13869,1,"1 4 4 4 2 4 -2 -2 -1 -4 2 4",24,1,-256
13870,1,"1 2 2 2 -1 -2 -2 -2 4 4 4 4",24,1,-1024
13871,1,"1 2 -1 -2 4 4 2 -1 4 1 -2 4",24,1,-128
13872,1,"1 2 -1 -2 4 4 2 -1 4 -2 1 4",24,1,-128
13873,1,"1 2 -1 4 -2 3 4 4 2 -3 4 -2",48,1,0
13874,1,"1 1 4 1 4 4 4 -1 4 -1 -1 -4",6,1,-512
13875,1,"1 2 -1 -2 4 4 2 1 -2 4 -1 4",24,1,128
13876,1,"1 2 4 -2 4 4 -2 -1 -4 2 4 4",24,1,0
13877,1,"1 2 3 4 -3 4 4 -3 -1 4 3 -2",48,1,0
13878,1,"1 2 4 4 4 3 -2 -3 -1 3 4 -3",48,1,128
13879,1,"1 2 1 4 -2 -1 2 4 -1 4 -2 4",24,1,0
13880,1,"1 2 3 -1 -2 -3 4 4 3 4 -3 4",48,1,-128
13881,1,"1 2 4 -2 4 3 3 4 4 -1 -3 -3",48,1,0
13882,1,"1 2 4 -2 -4 -1 4 4 -2 4 4 2",24,1,0
13883,1,"1 2 4 -2 3 4 -3 -1 3 4 4 -3",48,1,0
13884,1,"1 2 3 4 -2 4 4 -3 -3 -1 3 4",48,1,128
13885,1,"1 2 3 4 -2 4 -2 -1 2 -3 4 4",48,1,0
13886,1,"1 2 4 3 -1 3 4 4 -3 -3 -2 4",48,1,128
13887,1,"1 2 -1 4 -2 4 -2 3 4 -3 2 4",48,1,0
13888,1,"1 2 4 4 -2 3 4 3 4 -1 -3 -3",48,1,128
13889,1,"1 2 2 4 2 4 -2 -2 -2 4 -1 4",24,1,256
13890,1,"1 4 2 4 -1 4 2 -4 -2 -2 4 4",24,1,-256
13891,1,"1 2 1 4 4 2 -1 -2 -2 4 -1 4",24,1,0
13892,1,"1 2 4 -2 3 4 -3 -3 -1 4 4 3",48,1,-128
13893,1,"1 2 3 4 4 -2 -3 4 2 -1 4 -2",48,1,0
13894,1,"1 2 4 3 -2 4 3 -1 4 -3 -3 4",48,1,0
13895,1,"1 2 3 -1 4 4 4 4 -2 4 -3 -4",48,1,-256
13896,1,"1 2 3 2 4 -1 4 -2 -3 4 4 -2",48,1,0
13897,1,"1 2 3 4 3 4 4 -3 -1 4 -2 -3",48,1,0
13898,1,"1 2 -1 4 4 3 -2 -2 4 -3 4 2",48,1,128
13899,1,"1 2 4 2 -1 4 -1 -2 4 -2 4 1",24,1,-128
13900,1,"1 2 3 3 -2 4 -1 4 4 -3 4 -3",48,1,-128
13901,1,"1 2 4 -1 2 4 2 4 -2 -2 -2 4",24,1,256
13902,1,"1 2 3 4 4 4 -3 -2 4 2 -1 -2",48,1,-256
13903,1,"1 2 4 3 -2 -4 -1 4 -3 4 4 4",48,1,128
13904,1,"1 2 -1 -2 4 -2 4 2 3 4 -3 4",48,1,-64
13905,1,"1 2 4 3 -2 4 4 -3 4 3 -1 -3",48,1,-128
13906,1,"1 2 3 4 -3 -2 4 -1 2 4 4 -2",48,1,128
13907,1,"1 2 4 2 4 4 4 4 -2 -2 -1 -4",24,1,-512
13908,1,"1 2 -1 -2 4 3 2 4 4 -2 -3 4",48,1,-128
13909,1,"1 2 -1 -1 4 4 4 -2 -2 4 2 1",24,1,512
13910,1,"1 2 1 4 -1 4 -2 4 2 -1 -2 4",24,1,0
13911,1,"1 2 -1 4 -2 -1 2 4 1 4 -2 4",24,1,128
13912,1,"1 2 -1 4 -2 4 -2 1 4 -1 2 4",24,1,0
13913,1,"1 2 3 4 -3 -2 -1 4 4 2 4 -2",48,1,128
13914,1,"1 2 1 2 4 4 -1 4 -1 -2 4 -2",24,1,-128
13915,1,"1 2 3 -1 3 4 4 -3 4 -2 4 -3",48,1,0
13916,1,"1 2 3 3 4 -2 -3 -3 4 -1 4 4",48,1,0
13917,1,"1 2 2 4 4 -2 4 -1 -1 -2 4 1",24,1,0
13918,1,"1 2 3 4 4 -3 -4 -2 4 4 -1 4",48,1,128
13919,1,"1 2 2 2 -1 4 -2 4 4 -2 -2 4",24,1,0
13920,1,"1 2 4 -2 -2 4 2 2 -1 4 4 -2",24,1,-256
13921,1,"1 2 -1 4 -2 4 -2 4 -1 4 2 1",24,1,128
13922,1,"1 2 4 -2 4 3 3 4 4 -3 -1 -3",48,1,128
13923,1,"1 2 4 4 4 3 -2 4 3 -1 -3 -3",48,1,-256
13924,1,"1 2 3 -2 3 4 4 -1 -3 4 4 -3",48,1,-128
13925,1,"1 2 -1 -1 2 4 4 4 1 -2 4 -2",24,1,256
13926,1,"1 2 3 3 4 -1 -2 -3 4 -3 4 4",48,1,-128
13927,1,"1 2 4 -1 3 4 4 -3 -4 -2 4 4",48,1,128
13928,1,"1 2 3 -2 4 3 4 -3 -1 4 4 -3",48,1,0
13929,1,"1 2 4 3 -2 4 -3 4 -3 -1 4 3",48,1,64
13930,1,"1 2 3 -1 -3 -2 -3 4 4 4 3 4",48,1,-128
13931,1,"1 2 3 4 3 -1 4 -2 -3 -3 4 4",48,1,0
13932,1,"1 2 4 3 -1 -3 4 4 -3 4 -2 3",48,1,0
13933,1,"1 2 2 4 2 4 -1 4 -2 4 -2 -2",24,1,0
13934,1,"1 2 -1 4 -2 4 1 -2 4 -1 2 4",24,1,128
13935,1,"1 2 2 4 2 4 -2 4 -1 4 -2 -2",24,1,0
13936,1,"1 2 -1 2 4 4 4 3 -2 -2 -3 4",48,1,0
13937,1,"1 2 3 4 -2 3 4 -3 4 -1 -3 4",48,1,64
13938,1,"1 2 -1 -2 4 4 1 2 4 -2 -1 4",24,1,-128
13939,1,"1 2 1 4 4 -2 -1 4 2 -1 -2 4",24,1,128
13940,1,"1 2 2 -1 4 4 4 4 -2 -4 -2 4",24,1,0
13941,1,"1 2 2 -1 -1 4 -2 -2 1 4 4 4",24,1,-512
13942,1,"1 2 3 4 -1 3 4 -2 -3 4 4 -3",48,1,0
13943,1,"1 2 -1 -2 -2 4 -2 4 4 2 2 4",24,1,-256
13944,1,"1 2 3 4 3 4 4 -3 -1 -3 -2 4",48,1,128
13945,1,"1 2 1 4 4 -2 -2 -1 -1 2 4 4",24,1,0
13946,1,"1 2 -1 -1 -2 4 2 4 4 4 -2 1",24,1,-512
13947,1,"1 2 -4 -2 -1 4 4 4 2 4 -2 4",24,1,-256
13948,1,"1 2 4 -2 -2 -1 4 4 2 2 4 -2",24,1,256
13949,1,"1 4 2 2 4 4 -2 4 4 -1 -4 -2",24,1,-256
13950,1,"1 2 2 1 4 4 -1 4 -2 -2 -1 4",24,1,256
13951,1,"1 2 3 -2 4 4 -1 4 3 4 -3 -3",48,1,-128
13952,1,"1 2 3 4 -3 4 -1 4 4 3 -2 -3",48,1,-128
13953,1,"1 2 3 2 -1 4 4 -3 -2 -2 4 4",48,1,0
13954,1,"1 2 3 4 -1 -3 4 -2 -3 4 4 3",48,1,128
13955,1,"1 4 2 4 3 -1 4 -3 -3 -2 4 3",48,1,128
13956,1,"1 2 1 4 4 2 4 -1 4 -1 -2 -2",24,1,0
13957,1,"1 2 3 -2 4 -3 2 -1 -2 4 4 4",48,1,128
13958,1,"1 2 4 3 4 3 -1 4 -3 -2 -3 4",48,1,64
13959,1,"1 2 -1 4 -2 4 -2 -4 2 4 4 4",24,1,0
13960,1,"1 2 -1 4 3 4 -2 3 4 -3 4 -3",48,1,64
13961,1,"1 2 3 4 -3 -1 3 -2 -3 4 4 4",48,1,-128
13962,1,"1 4 1 4 4 4 4 -1 -4 -4 -1 4",6,1,512
13963,1,"1 2 -1 -1 4 -2 4 2 4 -2 1 4",24,1,-128
13964,1,"1 2 4 -1 -2 4 2 -4 -2 4 4 4",24,1,0
13965,1,"1 2 -1 4 3 4 4 4 -3 -3 -2 3",48,1,-256
13966,1,"1 2 4 -2 -1 4 2 -4 -2 4 4 4",24,1,-256
13967,1,"1 2 3 4 -1 -3 4 -3 -2 3 4 4",48,1,0
13968,1,"1 2 3 4 4 4 -2 -4 -3 -1 4 4",48,1,0
13969,1,"1 2 3 -2 -1 3 4 4 -3 4 4 -3",48,1,0
13970,1,"1 2 1 -2 -2 4 -1 2 -1 4 4 4",24,1,256
13971,1,"1 4 4 -1 -4 2 4 4 2 4 -2 -2",24,1,256
13972,1,"1 2 3 4 4 -3 -1 3 4 -3 -2 4",48,1,128
13973,1,"1 2 3 4 -1 4 -2 -3 4 -2 4 2",48,1,0
13974,1,"1 4 4 4 2 2 -1 -4 -2 4 -2 4",24,1,-256
13975,1,"1 2 1 -2 4 4 2 -1 4 -2 -1 4",24,1,128
13976,1,"1 2 1 4 -2 -1 4 4 -1 2 4 -2",24,1,128
13977,1,"1 2 -1 -2 4 2 4 3 4 -2 -3 4",48,1,-64
13978,1,"1 2 -1 4 3 -4 -2 4 4 4 -3 4",48,1,0
13979,1,"1 4 4 4 2 4 2 4 -1 -4 -2 -2",24,1,-256
13980,1,"1 2 2 -1 -4 -2 4 4 4 -2 4 4",24,1,-512
13981,1,"1 2 4 3 -2 4 -3 2 4 -1 4 -2",48,1,0
13982,1,"1 2 4 -2 4 4 -2 4 2 -4 -1 4",24,1,-128
13983,1,"1 2 1 2 -1 -1 -2 4 4 4 4 -2",24,1,-512
13984,1,"1 2 3 3 4 4 -2 4 -3 -1 -3 4",48,1,128
13985,1,"1 2 -1 2 4 3 4 -3 4 4 -2 -2",48,1,0
13986,1,"1 2 3 4 -2 4 -3 -2 -1 4 2 4",24,1,128
13987,1,"1 2 -1 2 4 -2 3 4 4 -2 -3 4",48,1,128
13988,1,"1 2 3 4 -2 3 4 -1 -3 -3 4 4",48,1,128
13989,1,"1 4 2 2 3 4 -3 4 -2 -2 -1 4",24,1,128
13990,1,"1 2 3 -2 -3 4 4 -3 4 -1 4 3",48,1,0
13991,1,"1 2 4 4 -1 3 3 4 4 -2 -3 -3",48,1,0
13992,1,"1 1 4 -1 -4 -4 -1 4 4 4 4 4",6,1,1024
13993,1,"1 2 4 3 4 -3 4 -3 -1 3 -2 4",48,1,-64
13994,1,"1 2 3 -2 4 -2 4 -3 4 4 -1 2",48,1,0
13995,1,"1 2 3 -2 4 -3 4 4 4 -3 -1 3",48,1,128
13996,1,"1 2 3 4 4 -2 3 4 -1 4 -3 -3",48,1,128
13997,1,"1 2 4 -1 2 4 -2 -4 -2 4 4 4",24,1,256
13998,1,"1 2 3 4 3 -1 4 4 -3 4 -2 -3",48,1,-128
13999,1,"1 2 3 4 -2 -3 -3 4 3 4 -1 4",48,1,0
14000,1,"1 4 2 -4 2 -1 4 4 -2 -2 4 4",24,1,256
14001,1,"1 2 1 4 -2 -1 2 4 -2 4 -1 4",24,1,0
14002,1,"1 1 1 4 4 -1 4 4 -1 -4 -1 4",6,1,512
14003,1,"1 2 -1 2 4 -2 4 2 4 4 -2 -2",24,1,0
14004,1,"1 2 4 3 4 -1 3 4 4 -2 -3 -3",48,1,0
14005,1,"1 2 -4 2 4 -1 4 4 -2 4 -2 4",24,1,128
14006,1,"1 2 4 4 -1 3 3 -2 -3 4 -3 4",48,1,-128
14007,1,"1 2 -4 -1 4 -2 4 2 4 4 4 -2",24,1,-256
14008,1,"1 2 -4 -2 -2 4 -1 4 4 2 4 4",24,1,-256
14009,1,"1 2 4 3 4 -2 -3 -4 -1 4 4 4",48,1,128
14010,1,"1 2 4 2 4 -1 2 4 -2 -2 -2 4",24,1,256
14011,1,"1 2 3 -1 4 4 4 3 -2 4 -3 -3",48,1,-256
14012,1,"1 2 -1 -1 4 -2 -2 4 4 2 4 1",24,1,0
14013,1,"1 2 -1 -2 4 1 2 4 4 -2 -1 4",24,1,-128
14014,1,"1 2 3 -1 4 3 -2 4 4 -3 -3 4",48,1,0
14015,1,"1 2 1 4 2 4 -1 4 -2 -1 4 -2",24,1,128
14016,1,"1 2 4 -2 -2 3 4 -3 4 -1 4 2",48,1,128
14017,1,"1 2 4 4 4 -2 -2 4 4 2 -1 -4",24,1,0
14018,1,"1 2 -4 -2 4 4 4 2 4 -2 -1 4",24,1,-256
14019,1,"1 2 1 2 4 4 -1 -2 -1 4 -2 4",24,1,128
14020,1,"1 2 -1 -2 1 4 -1 2 4 4 -2 4",24,1,-128
14021,1,"1 2 2 3 4 -1 4 -3 4 -2 4 -2",48,1,0
14022,1,"1 2 4 -2 3 4 -3 -3 4 4 -1 3",48,1,-128
14023,1,"1 2 3 4 -2 -2 -3 2 -1 4 4 4",48,1,0
14024,1,"1 2 3 4 4 -1 4 -3 2 4 -2 -2",48,1,0
14025,1,"1 2 4 -2 -2 4 -1 -1 2 4 4 1",24,1,512
14026,1,"1 2 2 4 -2 -2 -1 -1 4 4 1 4",24,1,512
14027,1,"1 2 3 -2 -3 4 -2 4 4 -1 2 4",48,1,-128
14028,1,"1 2 3 -2 4 4 4 -3 4 3 -1 -3",48,1,-128
14029,1,"1 2 1 4 -1 2 4 -1 -2 4 -2 4",24,1,128
14030,1,"1 2 4 -2 4 3 4 -3 -4 -1 4 4",48,1,0
14031,1,"1 2 4 3 4 -1 -4 -3 4 -2 4 4",48,1,0
14032,1,"1 2 -1 4 3 -2 4 3 4 -3 4 -3",48,1,-64
14033,1,"1 2 3 -2 -1 4 -2 4 2 4 -3 4",48,1,0
14034,1,"1 2 3 4 3 4 -3 4 -3 -2 -1 4",48,1,128
14035,1,"1 2 4 3 4 4 -1 4 -2 -4 -3 4",48,1,0
14036,1,"1 2 1 2 4 4 4 -1 -1 -2 -2 4",24,1,0
14037,1,"1 2 -1 4 -2 -4 2 4 4 4 -2 4",24,1,0
14038,1,"1 2 3 4 -3 -2 3 4 -3 -1 4 4",48,1,0
14039,1,"1 2 4 -1 3 4 -3 4 -3 -2 3 4",48,1,64
14040,1,"1 2 4 4 -1 4 3 3 -2 -3 4 -3",48,1,-128
14041,1,"1 2 2 3 4 -3 -2 4 4 -2 -1 4",48,1,256
14042,1,"1 2 1 4 4 -1 4 -2 -2 -1 2 4",24,1,0
14043,1,"1 2 -1 -1 -2 1 4 4 -2 4 2 4",24,1,-256
14044,1,"1 2 2 4 4 -2 4 4 -2 4 -1 -4",24,1,-256
14045,1,"1 2 2 1 4 -1 4 -1 -2 -2 4 4",24,1,256
14046,1,"1 1 1 -4 -1 4 4 -1 4 -1 4 4",6,1,-512
14047,1,"1 2 4 3 -1 4 3 4 -2 4 -3 -3",48,1,0
14048,1,"1 2 4 4 -2 -2 -4 2 4 -1 4 4",24,1,-256
14049,1,"1 2 -1 -1 4 4 2 4 1 -2 4 -2",24,1,0
14050,1,"1 2 4 4 -2 4 -1 -2 4 4 2 -4",24,1,256
14051,1,"1 2 1 2 4 -2 4 -1 4 4 -1 -2",24,1,-128
14052,1,"1 2 4 -1 -2 -4 3 4 4 -3 4 4",48,1,0
14053,1,"1 2 4 3 4 4 4 -3 -4 -2 -1 4",48,1,0
14054,1,"1 2 3 -2 4 -1 -2 4 -3 4 2 4",48,1,0
14055,1,"1 2 2 -1 -2 -2 4 2 4 -2 4 4",24,1,-256
14056,1,"1 2 1 -2 -1 4 4 -2 -1 4 2 4",24,1,-128
14057,1,"1 2 4 -2 3 3 -1 -3 4 4 4 -3",48,1,0
14058,1,"1 2 2 1 4 -1 -2 4 -1 -2 4 4",24,1,0
14059,1,"1 2 3 4 3 4 4 -1 -3 -2 4 -3",48,1,0
14060,1,"1 2 4 -2 4 3 3 -1 -3 -3 4 4",48,1,0
14061,1,"1 2 -1 4 -2 4 3 4 2 -3 -2 4",48,1,0
14062,1,"1 2 3 3 -1 4 -3 -3 4 4 4 -2",48,1,-256
14063,1,"1 2 -1 4 4 3 4 -2 -2 -3 2 4",48,1,0
14064,1,"1 2 3 4 3 4 4 -3 -1 -2 4 -3",48,1,128
14065,1,"1 2 -1 -2 4 -1 -2 4 4 1 2 4",24,1,-128
14066,1,"1 2 4 3 4 4 -2 -3 4 3 -1 -3",48,1,-128
14067,1,"1 2 3 -2 4 -2 -1 4 2 4 -3 4",48,1,0
14068,1,"1 2 4 -2 3 -4 -3 -1 4 4 4 4",48,1,0
14069,1,"1 2 3 4 -3 4 4 -1 -3 -2 4 3",48,1,0
14070,1,"1 2 -1 4 3 4 -2 -3 4 3 4 -3",48,1,-64
14071,1,"1 2 3 2 4 -2 4 -1 4 4 -3 -2",48,1,0
14072,1,"1 2 -4 -2 4 4 -1 4 2 4 -2 4",24,1,-128
14073,1,"1 2 -1 -2 -2 -2 4 4 2 4 4 2",24,1,0
14074,1,"1 2 3 4 -2 4 3 4 -1 4 -3 -3",48,1,0
14075,1,"1 2 3 4 -3 -3 4 -1 4 -2 4 3",48,1,128
14076,1,"1 4 4 2 -1 4 4 -2 -2 -4 2 4",24,1,-256
14077,1,"1 2 3 -2 -3 4 4 4 3 -1 -3 4",48,1,-128
14078,1,"1 2 4 3 4 4 -1 -3 -2 3 4 -3",48,1,0
14079,1,"1 4 4 2 4 -1 -4 -2 -2 4 4 2",24,1,256
14080,1,"1 2 2 -1 4 3 4 4 -3 -2 4 -2",48,1,-128
14081,1,"1 2 4 3 4 -3 -1 -4 -2 4 4 4",48,1,-128
14082,1,"1 2 3 4 -3 4 4 -2 3 4 -1 -3",48,1,0
14083,1,"1 2 -1 -4 2 4 4 4 4 -2 4 -2",24,1,256
14084,1,"1 2 -4 -1 4 4 4 4 2 4 -2 -2",24,1,-512
14085,1,"1 2 3 4 4 -1 3 4 4 -3 -3 -2",48,1,256
14086,1,"1 2 3 4 4 4 2 -3 4 -2 -1 -2",48,1,0
14087,1,"1 2 4 -2 4 2 4 4 4 -1 -2 -4",24,1,-256
14088,1,"1 2 3 -2 -2 -3 4 4 4 -1 2 4",48,1,-256
14089,1,"1 2 4 -2 -2 3 4 2 -3 4 -1 4",48,1,0
14090,1,"1 2 4 3 4 -3 -2 3 4 -1 -3 4",48,1,64
14091,1,"1 2 -1 4 4 3 4 4 4 -2 -3 -4",48,1,-256
14092,1,"1 2 4 4 3 4 3 4 -1 -3 -2 -3",48,1,0
14093,1,"1 2 4 3 4 4 -2 4 4 -1 -3 -4",48,1,-128
14094,1,"1 1 1 1 4 -1 4 -1 -1 -1 4 4",6,1,1024
14095,1,"1 2 -4 -1 4 3 4 -3 4 4 -2 4",48,1,-128
14096,1,"1 2 1 4 2 4 4 -2 -1 4 -1 -2",24,1,128
14097,1,"1 1 1 4 4 4 -1 -4 -1 -1 4 4",6,1,1024
14098,1,"1 2 4 -2 -4 2 -1 -2 4 4 4 4",24,1,256
14099,1,"1 2 3 -2 -3 4 4 -1 4 -3 4 3",48,1,0
14100,1,"1 2 2 4 4 -2 4 4 4 -1 -4 -2",24,1,-512
14101,1,"1 2 4 -2 4 4 -1 4 3 4 -3 -4",48,1,0
14102,1,"1 2 4 -1 3 4 -3 4 -3 -2 4 3",48,1,0
14103,1,"1 2 4 4 4 4 -2 -1 4 2 -4 -2",24,1,-256
14104,1,"1 2 3 -2 -3 4 -1 3 4 4 -3 4",48,1,0
14105,1,"1 2 -1 2 -4 -2 -2 4 4 4 4 4",24,1,-512
14106,1,"1 2 4 -1 -2 4 -2 -1 4 2 1 4",12,1,128
14107,1,"1 2 4 3 4 -3 -3 4 -1 4 -2 3",48,1,0
14108,1,"1 2 -1 -2 4 3 4 -2 4 2 -3 4",48,1,-64
14109,1,"1 2 4 -2 4 4 -2 -4 -1 4 2 4",24,1,128
14110,1,"1 2 4 3 4 3 4 -1 4 -2 -3 -3",48,1,0
14111,1,"1 2 3 4 4 -2 -1 4 3 4 -3 -3",48,1,0
14112,1,"1 1 4 -1 -1 -4 1 4 -1 4 4 4",6,1,-512
14113,1,"1 2 4 2 -4 -2 -1 -2 4 4 4 4",24,1,-256
14114,1,"1 2 -1 4 4 -2 -2 4 -2 4 2 2",24,1,256
14115,1,"1 2 3 -2 4 4 -3 4 4 3 -1 -3",48,1,-128
14116,1,"1 2 2 4 4 4 4 -1 -2 4 -2 -4",24,1,-512
14117,1,"1 2 4 4 -1 4 -2 -4 3 4 -3 4",48,1,0
14118,1,"1 2 2 -1 -2 -2 4 3 4 -3 4 4",48,1,-256
14119,1,"1 4 2 -1 4 -2 4 2 2 4 -2 -2",24,1,0
14120,1,"1 2 1 2 -1 -1 4 4 -2 4 4 -2",24,1,-256
14121,1,"1 2 4 4 -2 4 -1 -4 2 4 -2 4",24,1,128
14122,1,"1 2 4 4 -2 -1 4 -2 -2 4 2 2",24,1,256
14123,1,"1 2 -1 4 2 3 -2 -3 4 -2 4 4",48,1,0
14124,1,"1 2 -1 4 -2 3 4 2 4 -3 4 -2",48,1,-64
14125,1,"1 2 3 -4 -1 -3 4 4 -2 4 4 4",48,1,-256
14126,1,"1 2 3 4 -3 4 -3 4 -1 4 3 -2",48,1,0
14127,1,"1 2 -1 4 3 4 -3 4 -3 -2 3 4",48,1,0
14128,1,"1 4 2 4 -1 -4 -2 -2 4 2 4 4",24,1,0
14129,1,"1 4 2 4 4 4 -2 -2 -1 4 2 -4",24,1,-256
14130,1,"1 2 3 -1 -4 -3 -2 4 4 4 4 4",48,1,-512
14131,1,"1 2 3 -1 -2 4 -3 4 3 4 -3 4",48,1,-64
14132,1,"1 2 3 4 4 -3 -3 -1 3 4 -2 4",48,1,128
14133,1,"1 2 4 4 -2 3 3 4 4 -1 -3 -3",48,1,256
14134,1,"1 2 2 4 3 -2 4 -2 -1 4 -3 4",48,1,128
14135,1,"1 2 2 4 4 -1 4 -2 -4 -2 4 4",24,1,256
14136,1,"1 2 2 -1 4 3 4 4 -2 -2 -3 4",48,1,0
14137,1,"1 4 2 2 2 -1 4 -2 4 -2 4 -2",24,1,0
14138,1,"1 2 4 -1 3 4 3 4 -3 -2 -3 4",48,1,64
14139,1,"1 2 3 4 2 4 -2 -3 -2 4 -1 4",48,1,64
14140,1,"1 2 4 3 -2 3 4 -1 4 -3 -3 4",48,1,128
14141,1,"1 2 1 4 -2 -2 -1 4 2 4 -1 4",24,1,128
14142,1,"1 2 -1 -4 -2 -2 4 4 4 4 2 4",24,1,-512
14143,1,"1 2 3 4 -2 -2 4 -1 2 4 -3 4",48,1,128
14144,1,"1 2 2 3 -2 4 -3 4 4 -2 -1 4",48,1,0
14145,1,"1 2 4 4 -1 3 3 4 -3 -2 -3 4",48,1,128
14146,1,"1 2 3 -2 -2 4 4 4 -3 2 -1 4",48,1,0
14147,1,"1 2 3 3 -2 4 -1 4 4 -3 -3 4",48,1,0
14148,1,"1 2 4 -2 -4 -2 -1 2 4 4 4 4",24,1,256
14149,1,"1 2 -1 2 4 2 4 4 -2 -2 -2 4",24,1,256
14150,1,"1 2 3 -2 -2 -1 4 -3 2 4 4 4",48,1,0
14151,1,"1 2 -1 4 1 -2 -2 4 2 4 -1 4",24,1,128
14152,1,"1 2 3 4 -2 3 4 -3 -1 -3 4 4",48,1,128
14153,1,"1 2 4 3 4 -3 -2 4 -2 -1 2 4",48,1,64
14154,1,"1 2 3 -2 4 -3 4 -3 4 -1 3 4",48,1,64
14155,1,"1 2 4 4 4 2 -4 -2 -2 -1 4 4",24,1,-512
14156,1,"1 2 4 3 4 -2 4 -3 4 3 -1 -3",48,1,-64
14157,1,"1 2 3 -1 3 4 4 -3 4 -2 -3 4",48,1,0
14158,1,"1 4 4 2 4 -2 -2 4 4 2 -1 -4",24,1,-256
14159,1,"1 2 3 4 4 3 -1 4 -3 -3 4 -2",48,1,-128
14160,1,"1 2 -1 4 -2 4 3 4 4 4 -3 -4",48,1,0
14161,1,"1 2 1 2 4 4 4 4 -2 -1 -1 -2",24,1,0
14162,1,"1 2 -1 4 3 -2 4 -3 4 3 4 -3",48,1,-64
14163,1,"1 2 4 3 -2 4 2 -1 4 -3 4 -2",48,1,-64
14164,1,"1 2 -1 4 -2 4 -2 -1 4 4 2 1",24,1,256
14165,1,"1 2 3 4 4 4 3 -1 4 -3 -2 -3",48,1,-128
14166,1,"1 2 3 -2 3 4 4 -1 -3 4 -3 4",48,1,0
14167,1,"1 2 4 -1 3 4 -3 4 3 -2 -3 4",48,1,-64
14168,1,"1 2 2 4 -2 -2 4 -1 -1 4 1 4",24,1,256
14169,1,"1 2 4 4 -1 -2 -4 2 4 4 -2 4",24,1,0
14170,1,"1 4 2 4 -1 4 4 4 2 -4 -2 -2",24,1,-256
14171,1,"1 2 4 4 3 4 -3 -1 4 -3 -2 3",48,1,0
14172,1,"1 2 4 -2 3 4 3 -1 4 4 -3 -3",48,1,128
14173,1,"1 2 3 3 4 4 4 -2 -3 -3 -1 4",48,1,256
14174,1,"1 2 2 -1 4 3 4 -3 4 -2 4 -2",48,1,-128
14175,1,"1 2 4 -2 -1 -4 3 4 4 4 -3 4",48,1,0
14176,1,"1 2 3 4 -3 -2 4 4 -2 -1 2 4",48,1,128
14177,1,"1 2 2 1 4 -1 -2 4 -2 4 -1 4",24,1,128
14178,1,"1 2 1 -2 4 -2 4 -1 2 -1 4 4",24,1,128
14179,1,"1 2 3 4 4 3 -1 4 -2 4 -3 -3",48,1,-128
14180,1,"1 2 2 4 3 4 -1 -2 4 -3 -2 4",48,1,0
14181,1,"1 2 4 3 4 -2 -3 4 -3 -1 4 3",48,1,64
14182,1,"1 2 4 4 -1 4 3 3 4 -3 -2 -3",48,1,128
14183,1,"1 2 -1 4 -2 4 1 -2 -1 4 2 4",12,1,128
14184,1,"1 2 -1 -1 4 1 -2 4 -2 4 2 4",24,1,128
14185,1,"1 2 3 4 -2 3 4 -3 -1 4 -3 4",48,1,64
14186,1,"1 4 2 2 4 -2 4 4 -2 4 -1 -4",24,1,-256
14187,1,"1 2 -1 -1 -2 4 1 -2 4 4 2 4",24,1,0
14188,1,"1 2 -1 4 3 4 -2 4 2 -3 -2 4",48,1,0
14189,1,"1 2 4 4 3 3 -1 -3 -2 4 -3 4",48,1,-128
14190,1,"1 2 3 -2 4 2 -1 4 4 -3 4 -2",48,1,0
14191,1,"1 4 2 -1 -4 2 4 -2 4 -2 4 4",24,1,128
14192,1,"1 2 4 -2 3 3 4 -3 -1 4 4 -3",48,1,128
14193,1,"1 2 3 4 2 -3 4 -1 -2 4 4 -2",48,1,-128
14194,1,"1 2 1 4 2 -1 -1 -2 4 4 4 -2",24,1,-256
14195,1,"1 2 4 3 4 -2 -2 -1 4 2 -3 4",48,1,128
14196,1,"1 2 3 4 -2 4 -1 4 3 4 -3 -3",48,1,0
14197,1,"1 2 3 4 -3 -3 -2 -1 4 4 3 4",48,1,256
14198,1,"1 2 -1 -2 4 4 -2 -4 2 4 4 4",24,1,256
14199,1,"1 2 4 3 -1 -3 4 4 -2 -3 4 3",48,1,128
14200,1,"1 2 3 -1 4 4 4 -3 4 4 -2 -4",48,1,-256
14201,1,"1 2 3 -2 4 4 -1 4 -3 -3 4 3",48,1,128
14202,1,"1 2 3 -2 -1 3 4 4 -3 4 -3 4",48,1,128
14203,1,"1 2 4 -2 3 -4 -3 4 4 -1 4 4",48,1,-128
14204,1,"1 2 1 4 -1 -2 4 2 4 4 -1 -2",24,1,-128
14205,1,"1 2 4 4 2 -1 4 -2 -2 -2 4 2",24,1,256
14206,1,"1 4 4 2 -1 -4 2 4 -2 4 4 -2",24,1,256
14207,1,"1 4 2 4 4 -2 -2 4 2 -4 -1 4",24,1,0
14208,1,"1 2 -1 -4 -2 4 4 4 4 2 4 -2",24,1,-256
14209,1,"1 2 4 3 -2 3 4 -3 -1 4 -3 4",48,1,64
14210,1,"1 4 4 2 4 2 -1 -4 -2 4 -2 4",24,1,-128
14211,1,"1 4 2 4 -2 -2 4 4 4 -1 -4 2",24,1,-256
14212,1,"1 4 4 4 2 2 4 4 -1 -4 -2 -2",24,1,-512
14213,1,"1 2 -1 4 3 4 3 4 -3 -2 -3 4",48,1,0
14214,1,"1 2 -1 -2 4 1 4 -2 4 2 -1 4",24,1,-128
14215,1,"1 2 4 2 4 4 4 -2 -1 4 -2 -4",24,1,0
14216,1,"1 2 3 3 -1 4 4 -2 4 -3 4 -3",48,1,-128
14217,1,"1 2 3 -2 3 -1 4 -3 -3 4 4 4",48,1,0
14218,1,"1 2 3 -2 -2 4 4 -3 4 -1 2 4",48,1,0
14219,1,"1 2 4 3 4 4 4 -2 -3 -4 -1 4",48,1,128
14220,1,"1 4 4 2 4 4 4 -2 -2 -1 -4 2",24,1,-512
14221,1,"1 2 3 -1 -3 -3 4 4 4 4 -2 3",48,1,-256
14222,1,"1 2 -1 4 -2 4 3 -2 -3 4 2 4",24,1,0
14223,1,"1 2 -1 4 4 4 4 3 4 -3 -2 -4",48,1,-256
14224,1,"1 2 1 2 4 -1 4 -1 4 -2 -2 4",24,1,128
14225,1,"1 2 3 4 4 4 -3 -2 -4 -1 4 4",48,1,256
14226,1,"1 2 4 -2 -4 2 4 -2 -1 4 4 4",24,1,-256
14227,1,"1 2 -1 4 3 4 -3 -3 -2 4 4 3",48,1,-128
14228,1,"1 2 3 4 -1 4 -3 2 4 -2 4 -2",48,1,0
14229,1,"1 1 4 -1 -1 4 4 4 -1 -4 1 4",6,1,-512
14230,1,"1 4 2 -4 -2 4 2 -1 4 4 4 -2",24,1,0
14231,1,"1 2 3 -2 -3 4 4 2 4 -2 -1 4",48,1,-128
14232,1,"1 2 2 3 -2 -2 -1 4 -3 4 4 4",48,1,0
14233,1,"1 2 3 4 -3 4 4 -1 3 -2 -3 4",48,1,-128
14234,1,"1 2 -1 4 3 4 -3 4 3 -2 -3 4",48,1,0
14235,1,"1 2 -1 4 2 -1 4 4 4 -2 -2 1",24,1,-512
14236,1,"1 2 4 -2 3 4 3 -1 -3 4 4 -3",48,1,0
14237,1,"1 2 4 3 4 -3 2 4 -2 -1 -2 4",48,1,64
14238,1,"1 2 4 -2 -2 -1 4 2 3 4 -3 4",48,1,128
14239,1,"1 2 2 -1 4 3 -2 -2 4 4 -3 4",48,1,0
14240,1,"1 2 4 2 -4 -2 4 -2 -1 4 4 4",24,1,-256
14241,1,"1 2 4 2 -4 -1 4 -2 -2 4 4 4",24,1,-256
14242,1,"1 2 3 4 -3 -1 4 4 -2 -3 4 3",48,1,0
14243,1,"1 2 3 3 -2 -3 -1 -3 4 4 4 4",48,1,-256
14244,1,"1 4 2 -1 4 2 2 4 -2 -2 4 -2",24,1,0
14245,1,"1 2 -1 -2 4 4 3 -4 -3 4 4 4",48,1,256
14246,1,"1 2 3 -1 4 4 3 4 -2 4 -3 -3",48,1,-128
14247,1,"1 2 4 3 4 -1 3 -2 4 -3 4 -3",48,1,0
14248,1,"1 2 3 -4 -1 4 4 -3 -2 4 4 4",48,1,-256
14249,1,"1 2 4 3 -2 -1 4 3 4 -3 -3 4",48,1,128
14250,1,"1 2 2 4 3 4 -1 4 -3 -2 4 -2",48,1,0
14251,1,"1 1 1 -4 -1 4 -1 4 -1 4 4 4",6,1,-512
14252,1,"1 2 2 4 -2 -2 1 4 -1 4 -1 4",24,1,0
14253,1,"1 2 4 3 4 -1 4 -2 4 4 -3 -4",48,1,0
14254,1,"1 2 2 2 4 4 -1 -2 -2 4 -2 4",24,1,0
14255,1,"1 2 2 4 -1 2 4 4 -2 4 -2 -2",24,1,256
14256,1,"1 2 3 -1 -4 -3 4 4 -2 4 4 4",48,1,-256
14257,1,"1 2 4 -1 4 4 -2 -2 -2 4 2 2",24,1,512
14258,1,"1 2 4 -1 -4 -2 3 4 4 4 -3 4",48,1,-128
14259,1,"1 2 -1 4 -2 4 -2 -1 4 1 2 4",24,1,0
14260,1,"1 2 3 4 4 -3 -3 4 3 -1 -2 4",48,1,-128
14261,1,"1 2 3 4 -2 -1 4 -2 -3 4 2 4",48,1,64
14262,1,"1 2 -1 4 4 -2 3 -2 -3 4 4 2",24,1,128
14263,1,"1 2 -1 4 -2 4 -1 4 -2 4 2 1",24,1,128
14264,1,"1 2 1 2 -1 4 4 4 -2 -2 -1 4",24,1,256
14265,1,"1 2 -1 -2 4 2 3 4 -2 -3 4 4",48,1,0
14266,1,"1 2 -1 -1 2 4 1 -2 -2 4 4 4",24,1,512
14267,1,"1 2 -1 4 2 -1 4 -2 -2 1 4 4",24,1,-256
14268,1,"1 2 4 3 -1 -3 -2 -3 4 4 3 4",48,1,0
14269,1,"1 2 3 -2 -3 4 -2 4 -1 4 2 4",48,1,-64
14270,1,"1 2 3 -2 4 -1 4 2 4 -3 4 -2",48,1,0
14271,1,"1 2 -4 -2 -1 4 4 2 4 -2 4 4",24,1,-256
14272,1,"1 2 -1 -2 4 -2 4 1 4 2 -1 4",24,1,-128
14273,1,"1 2 2 4 -1 -1 -2 -2 4 1 4 4",24,1,0
14274,1,"1 2 1 2 -1 4 4 -2 -2 -1 4 4",24,1,256
14275,1,"1 2 -1 -4 3 4 -3 4 4 4 -2 4",48,1,0
14276,1,"1 2 -1 4 -2 -1 4 -2 4 1 2 4",24,1,0
14277,1,"1 2 4 -2 -4 -2 4 2 -1 4 4 4",24,1,0
14278,1,"1 2 3 4 4 -1 -4 -3 4 -2 4 4",48,1,-128
14279,1,"1 2 3 4 4 -3 -3 -2 3 -1 4 4",48,1,256
14280,1,"1 2 3 4 4 2 4 -1 -2 -2 -3 4",48,1,-128
14281,1,"1 2 1 -2 -2 -1 -1 4 4 2 4 4",24,1,0
14282,1,"1 2 -1 -1 4 4 4 2 1 4 -2 -2",24,1,0
14283,1,"1 2 -1 4 2 -1 4 4 -2 -2 1 4",24,1,-256
14284,1,"1 2 3 4 3 4 -3 4 -1 -3 4 -2",48,1,-64
14285,1,"1 2 3 -2 4 2 4 -3 4 -1 4 -2",48,1,0
14286,1,"1 2 4 3 -2 4 -3 -1 4 -3 4 3",48,1,64
14287,1,"1 2 -1 4 2 3 4 -3 4 -2 4 -2",48,1,-64
14288,1,"1 4 2 -1 4 -2 -2 -2 4 2 2 4",24,1,256
14289,1,"1 2 -1 4 4 2 3 -2 -3 4 4 -2",24,1,128
14290,1,"1 2 3 -2 -2 -3 2 4 4 4 -1 4",48,1,-256
14291,1,"1 2 4 -1 3 4 -2 -3 4 -3 4 3",48,1,0
14292,1,"1 1 -4 -1 4 4 -1 4 -1 4 1 4",6,1,-256
14293,1,"1 2 2 4 4 -2 4 -2 -2 -1 2 4",24,1,256
14294,1,"1 2 3 4 -1 2 4 4 -2 -3 4 -2",48,1,128
14295,1,"1 2 4 4 3 -2 4 4 4 -3 -1 -4",48,1,-256
14296,1,"1 2 2 3 4 4 -2 -1 4 -3 -2 4",48,1,128
14297,1,"1 2 4 3 -2 4 -2 -3 4 -1 4 2",48,1,0
14298,1,"1 2 1 2 -1 4 -2 4 4 -2 -1 4",24,1,128
14299,1,"1 2 4 3 3 -1 4 -3 -2 4 -3 4",48,1,0
14300,1,"1 2 3 -1 4 -3 -2 -3 4 4 4 3",48,1,128
14301,1,"1 2 3 4 2 -3 4 -2 4 -2 -1 4",48,1,128
14302,1,"1 2 -1 4 3 2 -3 4 4 4 -2 -2",48,1,0
14303,1,"1 2 -1 2 4 -2 4 2 4 -2 4 -2",24,1,0
14304,1,"1 2 3 -1 -3 4 -2 4 4 3 4 -3",48,1,-128
14305,1,"1 2 3 -2 -3 -1 -3 4 4 4 4 3",48,1,0
14306,1,"1 2 3 2 -3 4 -2 -2 4 -1 4 4",48,1,128
14307,1,"1 2 2 4 3 4 -2 -1 4 -2 -3 4",48,1,128
14308,1,"1 4 2 4 4 -1 -4 -2 -2 4 4 2",24,1,256
14309,1,"1 2 1 4 2 -1 -1 4 4 -2 4 -2",24,1,0
14310,1,"1 2 4 3 -2 3 4 -1 4 -3 4 -3",48,1,64
14311,1,"1 2 4 4 3 -2 3 -1 4 4 -3 -3",48,1,0
14312,1,"1 2 3 -2 4 -3 -3 4 -1 4 3 4",48,1,0
14313,1,"1 4 4 4 2 -1 -4 2 4 -2 -2 4",24,1,256
14314,1,"1 2 1 2 4 -2 -1 4 4 -2 -1 4",24,1,128
14315,1,"1 2 3 -2 3 4 4 4 4 -1 -3 -3",48,1,-256
14316,1,"1 2 3 -1 -3 4 4 -2 3 4 4 -3",48,1,-128
14317,1,"1 2 3 2 -3 -2 4 4 -1 4 4 -2",48,1,0
14318,1,"1 2 3 3 -1 -3 4 4 4 -3 -2 4",48,1,-256
14319,1,"1 2 3 4 4 2 4 -3 4 -2 -1 -2",48,1,0
14320,1,"1 4 4 4 4 2 2 4 -2 -1 -4 -2",24,1,0
14321,1,"1 2 3 3 4 4 -3 -1 -2 -3 4 4",48,1,0
14322,1,"1 2 4 -2 4 4 3 4 4 -3 -1 -4",48,1,-128
14323,1,"1 2 3 3 4 -3 4 4 -2 -3 -1 4",48,1,128
14324,1,"1 2 2 -1 4 3 -2 4 -3 4 -2 4",48,1,0
14325,1,"1 2 3 4 -3 4 -2 -1 -2 4 4 2",48,1,128
14326,1,"1 2 4 3 4 -2 4 4 -1 -4 -3 4",48,1,0
14327,1,"1 2 4 4 4 4 3 -1 3 -2 -3 -3",48,1,-256
14328,1,"1 2 -1 -1 -2 4 2 1 4 4 4 -2",24,1,-256
14329,1,"1 2 3 2 -1 4 4 -2 -3 4 -2 4",48,1,0
14330,1,"1 2 1 4 2 4 -2 -1 4 -1 4 -2",24,1,128
14331,1,"1 2 4 3 -1 4 -3 4 -3 -2 4 3",48,1,0
14332,1,"1 2 3 4 -2 -3 -1 3 4 4 -3 4",48,1,128
14333,1,"1 2 4 4 -1 3 3 -2 4 -3 4 -3",48,1,0
14334,1,"1 2 4 -1 3 3 4 -3 4 -2 4 -3",48,1,128
14335,1,"1 2 4 3 4 -3 -4 -1 -2 4 4 4",48,1,0
14336,1,"1 4 2 4 3 4 -3 4 -1 -4 -2 4",48,1,0
14337,1,"1 2 3 -2 -2 -3 4 2 -1 4 4 4",48,1,0
14338,1,"1 2 3 3 4 4 -1 -2 4 -3 4 -3",48,1,0
14339,1,"1 2 3 3 4 4 -2 4 -1 4 -3 -3",48,1,0
14340,1,"1 2 3 4 2 -1 -2 4 -2 4 -3 4",48,1,-64
14341,1,"1 2 1 4 2 -1 4 -2 4 -1 4 -2",24,1,0
14342,1,"1 2 4 -2 4 4 -1 -4 2 4 -2 4",24,1,128
14343,1,"1 2 -1 2 4 2 4 -2 4 4 -2 -2",24,1,0
14344,1,"1 2 3 2 -1 4 -2 -3 4 4 4 -2",48,1,-128
14345,1,"1 2 4 2 4 -2 -2 -1 -2 4 4 2",24,1,256
14346,1,"1 2 3 4 -3 4 -1 2 4 4 -2 -2",48,1,128
14347,1,"1 2 3 -1 3 -2 -3 4 4 -3 4 4",48,1,-128
14348,1,"1 2 4 3 4 3 -1 4 -3 4 -2 -3",48,1,0
14349,1,"1 2 4 4 3 4 4 -1 4 -3 -2 -4",48,1,-128
14350,1,"1 2 3 -2 -2 4 -1 4 -3 4 2 4",48,1,0
14351,1,"1 2 4 4 4 -2 -2 -1 -4 2 4 4",24,1,0
14352,1,"1 2 -1 4 -2 -2 -1 2 4 4 4 1",24,1,512
14353,1,"1 2 3 -2 4 2 -3 4 4 -1 4 -2",48,1,0
14354,1,"1 2 4 4 4 3 4 -3 -2 -4 -1 4",48,1,128
14355,1,"1 2 -1 2 4 -2 -2 -2 4 4 4 2",24,1,512
14356,1,"1 2 -1 -2 4 -2 4 -2 4 4 2 2",24,1,0
14357,1,"1 2 4 4 -1 -4 -2 -2 4 2 4 4",24,1,-256
14358,1,"1 2 4 -2 4 4 3 3 4 -1 -3 -3",48,1,0
14359,1,"1 2 3 4 -2 -1 2 4 4 -3 -2 4",48,1,0
14360,1,"1 2 -1 4 3 4 -3 -3 4 4 -2 3",48,1,-128
14361,1,"1 4 2 4 -2 4 2 4 -1 -4 -2 4",24,1,0
14362,1,"1 2 4 -1 3 -2 4 -3 4 -3 4 3",48,1,0
14363,1,"1 4 2 2 2 4 -2 -2 -2 4 -1 4",24,1,512
14364,1,"1 2 -1 -2 4 -1 2 1 -2 4 4 4",24,1,256
14365,1,"1 2 4 3 4 -1 -3 4 3 -2 4 -3",48,1,0
14366,1,"1 2 3 -2 -3 2 4 -1 4 4 4 -2",48,1,0
14367,1,"1 2 -1 2 4 -2 4 3 4 -3 4 -2",48,1,0
14368,1,"1 2 4 -1 4 3 4 4 -3 4 -2 -4",48,1,-128
14369,1,"1 4 2 2 2 -1 4 -2 4 -2 -2 4",24,1,256
14370,1,"1 2 -1 4 3 4 4 -3 -3 -2 4 3",48,1,-128
14371,1,"1 4 4 4 2 4 -2 -2 4 2 -1 -4",24,1,-256
14372,1,"1 2 -1 4 -2 3 4 -3 4 -2 4 2",48,1,64
14373,1,"1 2 2 4 -1 4 -2 3 4 -3 -2 4",48,1,0
14374,1,"1 2 1 4 -2 -2 -1 4 -1 2 4 4",24,1,0
14375,1,"1 2 1 -2 -1 4 -2 4 -1 2 4 4",24,1,-128
14376,1,"1 2 2 2 -1 4 4 -2 -2 4 4 -2",24,1,-512
14377,1,"1 2 4 3 4 -1 -4 -2 4 -3 4 4",48,1,-128
14378,1,"1 2 -1 2 2 4 4 4 -2 -2 -2 4",24,1,512
14379,1,"1 2 3 -1 -4 -2 4 -3 4 4 4 4",48,1,-256
14380,1,"1 2 3 -2 -3 4 -1 4 2 4 -2 4",48,1,-64
14381,1,"1 2 3 -2 4 -3 -4 -1 4 4 4 4",48,1,256
14382,1,"1 2 3 -1 4 -2 4 -3 -3 4 3 4",48,1,0
14383,1,"1 2 3 4 -3 -2 4 4 2 -1 4 -2",48,1,-128
14384,1,"1 2 2 4 4 4 4 -2 4 -2 -1 -4",24,1,-512
14385,1,"1 1 4 -1 -1 -4 -1 4 1 4 4 4",6,1,512
14386,1,"1 2 2 4 -1 4 4 -2 -2 -1 4 1",24,1,512
14387,1,"1 2 3 -2 4 2 4 4 -3 4 -1 -2",48,1,0
14388,1,"1 2 3 -2 4 -3 4 -3 -1 4 3 4",48,1,64
14389,1,"1 2 3 4 3 4 -1 4 -3 -3 4 -2",48,1,0
14390,1,"1 2 3 4 -3 4 4 -2 4 2 -1 -2",48,1,-128
14391,1,"1 2 4 -1 -4 -2 4 4 3 4 -3 4",48,1,-128
14392,1,"1 2 2 -1 4 4 -1 -2 4 -2 1 4",24,1,-256
14393,1,"1 2 4 2 4 -2 4 -2 4 4 -1 -4",24,1,-128
14394,1,"1 2 1 -2 -1 -1 -2 4 2 4 4 4",24,1,256
14395,1,"1 2 3 4 4 3 4 -1 4 -3 -2 -3",48,1,0
14396,1,"1 2 4 4 4 4 -2 3 3 -1 -3 -3",48,1,0
14397,1,"1 2 4 3 4 -3 -1 4 3 -2 4 -3",48,1,0
14398,1,"1 1 4 4 -1 4 -1 -4 1 4 -1 4",6,1,-256
14399,1,"1 2 3 3 4 -1 4 4 -3 4 -3 -2",48,1,0
14400,1,"1 2 3 3 4 -1 -2 -3 4 4 4 -3",48,1,-256
14401,1,"1 2 4 3 -2 4 2 -3 4 -2 -1 4",48,1,128
14402,1,"1 4 2 4 2 4 4 -2 -2 4 -1 -4",24,1,-256
14403,1,"1 2 4 -2 4 4 -1 2 -4 -2 4 4",24,1,-256
14404,1,"1 4 4 2 -1 4 4 4 -2 -2 -4 2",24,1,-512
14405,1,"1 2 4 3 3 4 -2 -3 -1 -3 4 4",48,1,128
14406,1,"1 2 2 -4 -1 4 4 4 4 -2 -2 4",24,1,-512
14407,1,"1 2 -1 4 -1 2 4 -2 -2 4 1 4",24,1,128
14408,1,"1 2 1 -2 4 2 -1 4 4 -1 -2 4",24,1,128
14409,1,"1 2 4 3 4 3 -2 4 4 -1 -3 -3",48,1,-128
14410,1,"1 2 4 -2 4 4 4 -2 -4 -1 4 2",24,1,0
14411,1,"1 2 4 -2 -4 -1 2 4 4 4 -2 4",24,1,0
14412,1,"1 2 1 -2 -2 4 -1 -1 4 2 4 4",24,1,256
14413,1,"1 2 4 -2 4 4 -1 -4 3 4 -3 4",48,1,0
14414,1,"1 4 4 4 4 4 4 4 -1 -4 -4 -4",6,1,-2048
14415,1,"1 2 4 4 3 -2 -4 -1 4 -3 4 4",48,1,128
14416,1,"1 2 1 -2 4 -2 -1 4 -1 2 4 4",24,1,-128
14417,1,"1 2 3 4 -2 4 -3 4 4 -2 -1 2",48,1,0
14418,1,"1 2 -4 2 4 4 4 -2 4 -2 -1 4",24,1,256
14419,1,"1 2 -1 4 4 2 4 3 -2 -2 -3 4",48,1,0
14420,1,"1 2 4 3 3 -1 4 -2 4 -3 4 -3",48,1,0
14421,1,"1 2 3 -2 -2 4 2 -3 4 4 -1 4",48,1,128
14422,1,"1 2 -1 4 4 4 -2 3 -4 -3 4 4",48,1,0
14423,1,"1 2 3 4 4 -2 -1 2 -3 4 4 -2",24,1,0
14424,1,"1 2 3 4 -1 2 4 -3 -2 -2 4 4",48,1,128
14425,1,"1 2 3 -2 4 -3 2 4 -2 -1 4 4",48,1,-128
14426,1,"1 2 2 3 4 -3 -2 4 4 -1 4 -2",48,1,0
14427,1,"1 2 4 -1 4 2 -4 -2 4 4 -2 4",24,1,-128
14428,1,"1 2 3 4 4 3 -2 -3 -1 4 -3 4",48,1,0
14429,1,"1 2 -1 -2 4 -2 -1 4 1 2 4 4",24,1,-128
14430,1,"1 2 4 4 3 4 3 -2 4 -1 -3 -3",48,1,-128
14431,1,"1 2 -1 -1 -2 1 4 2 4 4 4 -2",24,1,-256
14432,1,"1 2 -1 -2 4 4 -1 -2 4 2 4 1",24,1,-256
14433,1,"1 2 4 3 -2 4 -2 -1 4 2 -3 4",48,1,64
14434,1,"1 2 4 2 4 4 4 4 -2 -1 -4 -2",24,1,-256
14435,1,"1 2 4 4 3 4 -2 -4 -3 -1 4 4",48,1,128
14436,1,"1 2 3 4 -3 -1 -3 4 -2 4 3 4",48,1,64
14437,1,"1 2 2 -1 4 3 -2 4 4 -3 4 -2",48,1,-128
14438,1,"1 2 4 2 4 -1 4 -2 -2 -2 4 2",24,1,256
14439,1,"1 2 4 -1 -4 -2 4 4 -2 4 2 4",24,1,-128
14440,1,"1 2 4 4 3 -2 -3 4 4 -3 -1 3",48,1,128
14441,1,"1 2 3 -2 4 4 4 2 -1 -2 -3 4",48,1,-128
14442,1,"1 2 4 4 4 -1 -4 -4 -2 4 4 4",24,1,-512
14443,1,"1 2 3 -1 4 -3 4 -3 4 3 -2 4",48,1,0
14444,1,"1 2 3 -1 -3 -2 4 3 4 4 4 -3",48,1,-128
14445,1,"1 2 3 -2 4 -1 4 -2 -3 4 4 2",48,1,-128
14446,1,"1 2 -4 -2 4 4 -2 4 4 -1 4 2",24,1,-256
14447,1,"1 2 4 3 -2 4 2 -1 4 -2 -3 4",48,1,-64
14448,1,"1 2 2 4 -1 4 3 -2 -2 4 -3 4",24,1,128
14449,1,"1 2 1 4 -1 4 2 -1 4 -2 4 -2",24,1,0
14450,1,"1 2 3 3 -1 4 4 -2 4 -3 -3 4",48,1,0
14451,1,"1 2 4 3 4 -1 -3 -3 -2 3 4 4",48,1,-128
14452,1,"1 2 3 3 4 -3 -1 4 4 -3 -2 4",48,1,256
14453,1,"1 4 4 2 2 4 -2 -1 -4 -2 4 4",24,1,256
14454,1,"1 2 4 -2 -2 -1 -2 4 4 2 2 4",24,1,256
14455,1,"1 2 1 -2 4 -1 2 -1 4 -2 4 4",24,1,128
14456,1,"1 2 3 3 4 4 -3 -2 4 -3 -1 4",48,1,128
14457,1,"1 2 3 4 2 4 4 -1 4 -3 -2 -2",48,1,0
14458,1,"1 2 -1 4 -2 -2 3 4 -3 4 2 4",48,1,0
14459,1,"1 4 4 2 4 4 -2 4 -2 -1 -4 2",24,1,-256
14460,1,"1 2 4 4 -1 4 3 3 4 -2 -3 -3",48,1,0
14461,1,"1 2 3 -2 3 -1 4 -3 4 -3 4 4",48,1,0
14462,1,"1 2 4 2 -1 4 3 -2 4 -2 -3 4",24,1,0
14463,1,"1 2 2 4 -2 -4 -1 4 -2 4 4 4",24,1,256
14464,1,"1 2 -1 4 -1 -2 -2 1 4 4 2 4",24,1,-256
14465,1,"1 2 3 4 -3 4 -1 3 4 4 -3 -2",48,1,128
14466,1,"1 2 3 2 -3 -2 -2 4 4 4 -1 4",48,1,0
14467,1,"1 2 2 -1 -2 4 4 4 2 4 -2 -2",24,1,-512
14468,1,"1 2 -1 4 -2 4 -2 3 2 4 -3 4",48,1,0
14469,1,"1 2 -1 4 -1 4 2 1 4 -2 -2 4",24,1,128
14470,1,"1 2 4 4 3 3 -2 -3 4 -1 4 -3",48,1,-128
14471,1,"1 2 4 3 4 -3 -4 -1 4 4 -2 4",48,1,0
14472,1,"1 2 4 -1 4 3 4 -3 -3 -2 4 3",48,1,0
14473,1,"1 4 -1 4 4 4 4 2 4 -2 -4 -4",24,1,0
14474,1,"1 2 4 4 4 -2 -2 -4 2 -1 4 4",24,1,0
14475,1,"1 2 3 -2 -3 4 -3 -1 4 4 3 4",48,1,0
14476,1,"1 2 4 2 4 -2 -2 4 -2 -1 4 2",24,1,128
14477,1,"1 2 4 -2 -2 -2 4 2 4 -1 4 2",24,1,256
14478,1,"1 2 1 -2 4 -1 4 2 4 -1 -2 4",24,1,128
14479,1,"1 2 3 4 -1 -2 4 -2 -3 4 4 2",48,1,0
14480,1,"1 2 -4 -2 -2 4 -1 4 4 4 4 2",24,1,-512
14481,1,"1 4 2 4 2 -1 4 2 4 -2 -2 -2",24,1,0
14482,1,"1 2 4 4 3 4 -2 -1 -4 -3 4 4",48,1,0
14483,1,"1 1 -4 -1 4 -1 4 -1 4 4 1 4",6,1,-256
14484,1,"1 2 -1 -2 4 4 4 4 4 2 -4 -2",24,1,512
14485,1,"1 2 3 4 3 -2 4 4 4 -1 -3 -3",48,1,-256
14486,1,"1 2 3 4 3 4 -1 -3 -3 4 -2 4",48,1,0
14487,1,"1 2 3 3 4 -2 4 -1 4 -3 -3 4",48,1,128
14488,1,"1 2 3 4 -2 -3 4 4 4 -2 -1 2",48,1,0
14489,1,"1 2 3 4 3 -2 4 -3 -3 4 -1 4",48,1,0
14490,1,"1 2 2 -4 -2 -2 -1 4 4 4 4 4",24,1,-1024
14491,1,"1 2 2 2 4 4 -1 -2 -2 -2 4 4",12,1,0
14492,1,"1 2 3 4 -3 4 2 -1 4 -2 -2 4",48,1,0
14493,1,"1 2 3 2 4 -2 -1 4 -3 4 4 -2",48,1,128
14494,1,"1 4 1 4 4 -1 4 4 4 -1 -4 -4",6,1,-512
14495,1,"1 2 3 4 3 4 -3 -1 4 -3 -2 4",48,1,128
14496,1,"1 2 1 4 2 4 -1 -1 -2 4 4 -2",24,1,0
14497,1,"1 2 3 4 -1 2 4 -3 4 4 -2 -2",48,1,128
14498,1,"1 2 -1 4 -2 -2 4 2 2 4 -2 4",24,1,0
14499,1,"1 2 4 -1 3 4 3 -2 4 -3 4 -3",48,1,0
14500,1,"1 2 4 -1 -4 3 4 4 -3 4 -2 4",48,1,0
14501,1,"1 2 3 4 2 -3 4 4 -2 -2 -1 4",48,1,256
14502,1,"1 2 3 -2 -3 -3 4 -1 4 4 3 4",48,1,-128
14503,1,"1 2 2 2 4 -2 -2 4 4 -1 4 -2",24,1,0
14504,1,"1 2 -1 2 -4 -2 4 4 4 4 -2 4",24,1,-256
14505,1,"1 2 3 4 2 4 4 -1 -2 -2 -3 4",48,1,-128
14506,1,"1 4 2 2 4 4 4 -2 4 -2 -1 -4",24,1,-256
14507,1,"1 2 3 2 4 -1 4 -3 4 4 -2 -2",48,1,0
14508,1,"1 2 -1 -1 4 4 2 4 1 4 -2 -2",24,1,-256
14509,1,"1 2 2 4 -1 -2 4 -2 -1 4 4 1",24,1,256
14510,1,"1 2 4 4 3 -2 -3 -1 3 4 -3 4",48,1,128
14511,1,"1 2 3 -2 4 -1 4 -3 4 3 4 -3",48,1,-64
14512,1,"1 2 4 -1 4 -2 -2 -2 4 2 2 4",24,1,256
14513,1,"1 2 4 3 -2 -3 4 4 -1 3 4 -3",48,1,0
14514,1,"1 2 3 4 4 3 4 -3 4 -3 -1 -2",48,1,0
14515,1,"1 2 2 4 4 -2 -2 -2 -1 2 4 4",24,1,512
14516,1,"1 2 4 3 -1 4 -2 -3 4 -3 4 3",48,1,128
14517,1,"1 2 4 3 4 -2 -3 -1 4 -3 4 3",48,1,64
14518,1,"1 2 4 4 3 3 -1 -3 4 4 -2 -3",48,1,0
14519,1,"1 2 2 1 4 -1 4 -1 4 -2 -2 4",24,1,256
14520,1,"1 4 2 -1 -4 2 4 4 -2 4 -2 4",24,1,128
14521,1,"1 2 3 4 3 -1 -3 4 -3 -2 4 4",48,1,-128
14522,1,"1 2 4 4 4 -2 3 3 4 -1 -3 -3",48,1,256
14523,1,"1 2 3 3 4 4 4 4 -3 -3 -1 -2",48,1,0
14524,1,"1 2 2 3 -2 4 -3 4 4 -1 4 -2",48,1,0
14525,1,"1 2 2 2 4 -2 4 -2 -1 4 4 -2",24,1,256
14526,1,"1 2 3 4 4 3 -1 -3 4 -2 -3 4",48,1,0
14527,1,"1 2 -1 -2 4 3 -2 -3 4 2 4 4",48,1,0
14528,1,"1 2 -1 -4 -2 4 4 4 2 4 -2 4",24,1,-256
14529,1,"1 2 4 4 -2 4 4 -2 -1 4 2 -4",24,1,0
14530,1,"1 2 4 3 3 -2 4 -3 -3 -1 4 4",48,1,256
14531,1,"1 4 2 4 -1 -4 -2 4 4 2 4 -2",24,1,-128
14532,1,"1 2 -1 4 4 4 -2 -2 -4 2 4 4",24,1,0
14533,1,"1 2 -1 4 -1 2 4 -2 4 4 -2 1",24,1,0
14534,1,"1 2 4 -1 4 3 4 3 -2 -3 4 -3",48,1,-64
14535,1,"1 2 3 -2 -1 4 4 -2 4 -3 2 4",48,1,0
14536,1,"1 2 4 -2 -4 -1 4 4 2 4 -2 4",24,1,128
14537,1,"1 2 2 4 -2 4 -2 -1 -2 4 4 2",24,1,256
14538,1,"1 2 3 4 -2 -3 2 4 4 4 -1 -2",48,1,128
14539,1,"1 2 4 4 4 -2 -4 2 4 -1 4 -2",24,1,0
14540,1,"1 1 4 4 -1 -1 4 4 1 4 -1 -4",6,1,-512
14541,1,"1 2 3 4 4 4 -2 4 -1 4 -3 -4",48,1,-128
14542,1,"1 2 1 4 4 -1 4 2 -1 4 -2 -2",24,1,0
14543,1,"1 2 3 2 -1 4 4 4 4 -2 -3 -2",48,1,-256
14544,1,"1 2 3 4 -3 4 3 -2 4 -1 4 -3",48,1,-64
14545,1,"1 2 2 4 -2 4 -2 4 2 -1 -2 4",24,1,-128
14546,1,"1 2 3 4 4 3 4 -3 -3 -1 -2 4",48,1,128
14547,1,"1 2 4 3 4 -2 3 4 -3 -3 -1 4",48,1,0
14548,1,"1 2 4 4 -1 -2 -4 -2 4 4 2 4",24,1,0
14549,1,"1 2 -1 4 4 4 -2 -2 -1 4 2 1",24,1,512
14550,1,"1 2 4 -2 -4 -1 4 -2 4 2 4 4",24,1,128
14551,1,"1 2 -1 2 4 -2 -2 4 2 4 -2 4",24,1,128
14552,1,"1 2 3 4 2 4 -3 -2 4 -2 -1 4",48,1,128
14553,1,"1 2 3 2 -1 -2 -3 4 4 4 4 -2",48,1,-256
14554,1,"1 2 4 -1 4 2 4 -2 -2 -2 4 2",24,1,256
14555,1,"1 2 -1 -1 -2 4 4 4 2 1 -2 4",24,1,256
14556,1,"1 2 4 4 4 4 -2 -1 -4 -2 4 2",24,1,256
14557,1,"1 2 -1 4 4 3 3 4 -3 4 -2 -3",48,1,-128
14558,1,"1 2 -1 4 2 4 -2 3 -2 4 -3 4",48,1,0
14559,1,"1 2 3 -1 4 -2 -4 -3 4 4 4 4",48,1,0
14560,1,"1 2 2 -1 4 3 -2 4 -3 -2 4 4",48,1,0
14561,1,"1 2 3 4 4 -3 -1 -2 3 4 4 -3",24,1,256
14562,1,"1 2 2 3 4 4 -1 4 -2 -3 4 -2",48,1,0
14563,1,"1 2 4 -2 3 4 4 -3 4 4 -1 -4",48,1,-128
14564,1,"1 2 4 -2 -2 4 2 -4 -1 4 4 4",24,1,-256
14565,1,"1 2 4 3 4 -2 -1 4 4 4 -3 -4",48,1,0
14566,1,"1 2 3 2 4 4 -2 -3 -2 -1 4 4",48,1,256
14567,1,"1 2 3 2 -1 4 4 -2 -3 -2 4 4",48,1,0
14568,1,"1 1 4 4 1 4 -1 -4 -1 -1 4 4",6,1,512
14569,1,"1 2 4 -2 -1 2 4 4 4 4 -2 -4",24,1,256
14570,1,"1 2 4 -2 4 3 4 3 -1 4 -3 -3",48,1,0
14571,1,"1 2 2 -1 4 4 -2 3 -2 4 -3 4",48,1,0
14572,1,"1 2 4 3 4 4 -2 3 -1 -3 4 -3",48,1,0
14573,1,"1 2 3 -2 -3 4 -1 -3 4 3 4 4",48,1,-128
14574,1,"1 2 4 3 -1 4 -2 4 4 4 -3 -4",48,1,-128
14575,1,"1 2 1 4 2 -1 4 -2 -1 4 4 -2",24,1,128
14576,1,"1 2 4 3 4 -1 -3 -3 4 3 -2 4",48,1,128
14577,1,"1 2 3 -2 4 4 2 -3 -2 -1 4 4",48,1,256
14578,1,"1 2 -1 -2 -4 3 4 4 -3 4 4 4",48,1,0
14579,1,"1 2 4 -2 -2 4 -2 -1 4 2 2 4",24,1,256
14580,1,"1 2 -1 -2 4 4 2 4 -1 -2 1 4",24,1,-128
14581,1,"1 2 3 4 4 -1 -4 -2 -3 4 4 4",48,1,-256
14582,1,"1 2 4 2 2 -1 4 -2 4 4 -2 -2",24,1,-256
14583,1,"1 2 4 -2 4 4 -2 4 -1 4 2 -4",24,1,128
14584,1,"1 2 3 -2 -3 4 4 4 4 3 -1 -3",48,1,0
14585,1,"1 2 4 4 -2 4 -2 -1 -4 2 4 4",24,1,0
14586,1,"1 2 3 3 4 -2 -1 4 4 4 -3 -3",48,1,0
14587,1,"1 2 3 -2 4 2 -3 4 -1 4 4 -2",48,1,0
14588,1,"1 1 4 4 -1 -4 1 4 -1 4 -1 4",6,1,-256
14589,1,"1 2 -1 -2 4 -2 -2 4 4 4 2 2",24,1,0
14590,1,"1 2 3 -2 4 -1 -3 4 4 3 4 -3",48,1,-128
14591,1,"1 2 -1 4 -1 -2 -2 4 4 1 2 4",24,1,-256
14592,1,"1 2 3 4 -1 4 3 -2 4 -3 4 -3",48,1,-64
14593,1,"1 2 4 -2 -2 -1 4 -2 4 4 2 2",24,1,256
14594,1,"1 2 4 3 -1 -2 4 -3 4 -3 4 3",48,1,64
14595,1,"1 2 4 3 -2 4 4 -3 -3 -1 3 4",48,1,128
14596,1,"1 2 4 3 -2 -1 4 4 -3 -3 4 3",48,1,256
14597,1,"1 2 4 4 -2 4 3 3 4 -1 -3 -3",48,1,0
14598,1,"1 2 4 -2 4 4 4 2 4 -2 -1 -4",24,1,-256
14599,1,"1 4 2 2 4 -1 4 4 -2 -4 -2 4",24,1,256
14600,1,"1 4 2 -4 -2 -2 4 4 -1 4 4 2",24,1,-256
14601,1,"1 2 3 4 -3 4 -2 4 4 4 -1 -4",48,1,-128
14602,1,"1 2 3 4 4 4 -3 -3 -1 4 3 -2",48,1,0
14603,1,"1 2 2 4 -1 -1 4 -2 -2 1 4 4",24,1,0
14604,1,"1 2 4 2 -1 2 4 -2 -2 4 4 -2",24,1,0
14605,1,"1 2 3 4 3 -2 4 -3 4 -3 -1 4",48,1,64
14606,1,"1 2 4 3 3 -2 4 -3 4 4 -1 -3",48,1,-128
14607,1,"1 2 4 -1 -4 3 -2 4 4 -3 4 4",48,1,-128
14608,1,"1 2 -1 -1 4 1 4 2 4 4 -2 -2",24,1,-256
14609,1,"1 2 -1 -1 4 2 4 -2 -2 1 4 4",24,1,-256
14610,1,"1 2 3 2 4 -3 4 -2 4 -2 -1 4",48,1,128
14611,1,"1 2 -1 -1 -2 4 -2 4 1 4 2 4",24,1,-128
14612,1,"1 2 4 -2 1 4 -1 -1 2 4 -2 4",24,1,128
14613,1,"1 4 4 2 4 2 -4 -2 -2 -1 4 4",24,1,-256
14614,1,"1 2 3 4 -1 4 -2 4 2 -3 -2 4",48,1,64
14615,1,"1 4 -1 -4 2 2 4 4 -2 4 -2 4",24,1,0
14616,1,"1 2 4 3 4 -3 -1 3 4 -2 4 -3",48,1,64
14617,1,"1 1 4 -1 4 4 -1 -4 1 4 -1 4",6,1,-256
14618,1,"1 2 3 4 4 4 -1 4 -3 -4 -2 4",48,1,128
14619,1,"1 2 3 3 4 -1 -2 -3 4 4 -3 4",48,1,-128
14620,1,"1 2 3 -2 -1 2 4 4 -2 4 -3 4",48,1,0
14621,1,"1 2 3 4 4 3 4 -2 -3 -3 -1 4",48,1,128
14622,1,"1 2 3 4 4 -3 4 3 4 -3 -1 -2",48,1,0
14623,1,"1 2 3 -1 4 4 -3 -4 -2 4 4 4",48,1,0
14624,1,"1 2 3 -1 3 4 -3 4 -3 4 4 -2",48,1,0
14625,1,"1 4 2 2 -4 -1 4 4 4 4 -2 -2",24,1,-512
14626,1,"1 2 1 -2 4 2 -1 4 -1 4 -2 4",24,1,128
14627,1,"1 2 3 4 4 4 -1 3 -2 4 -3 -3",48,1,0
14628,1,"1 2 3 -2 -3 2 -1 4 4 -2 4 4",48,1,0
14629,1,"1 2 3 2 4 -2 4 4 -1 -2 -3 4",48,1,0
14630,1,"1 2 4 -1 4 3 4 -3 -2 3 4 -3",48,1,64
14631,1,"1 2 -1 4 3 4 -2 -3 2 4 -2 4",48,1,0
14632,1,"1 2 -1 4 2 4 4 3 -2 -2 -3 4",48,1,0
14633,1,"1 2 -1 -2 4 4 -1 2 4 4 -2 1",24,1,-256
14634,1,"1 2 4 3 3 -2 -1 4 4 -3 -3 4",48,1,256
14635,1,"1 2 4 4 3 3 4 -3 -1 4 -2 -3",48,1,0
14636,1,"1 2 2 4 -1 4 3 4 -2 -3 4 -2",48,1,0
14637,1,"1 2 4 2 4 4 4 4 -1 -4 -2 -2",24,1,-512
14638,1,"1 2 -1 -2 -2 4 -2 4 4 2 4 2",24,1,0
14639,1,"1 2 -1 -2 4 -1 4 4 2 4 -2 1",24,1,-256
14640,1,"1 2 3 4 4 -2 -1 4 2 -3 -2 4",48,1,0
14641,1,"1 2 -4 2 -1 4 4 -2 4 -2 4 4",24,1,0
14642,1,"1 2 3 3 4 4 4 -1 -3 4 -2 -3",48,1,-256
14643,1,"1 2 2 -1 2 4 4 4 -2 4 -2 -2",24,1,0
14644,1,"1 2 1 2 4 -2 4 4 -2 -1 -1 4",24,1,256
14645,1,"1 2 1 4 4 -2 -2 -1 2 4 -1 4",24,1,0
14646,1,"1 2 -1 -2 4 2 -1 4 -2 4 1 4",24,1,-128
14647,1,"1 2 3 -2 -1 4 4 3 4 -3 -3 4",48,1,0
14648,1,"1 2 3 4 2 -3 4 4 -2 -1 4 -2",48,1,128
14649,1,"1 1 1 4 -1 -4 -1 4 4 4 -1 4",6,1,512
14650,1,"1 2 -1 -2 4 2 -1 4 1 4 -2 4",24,1,-128
14651,1,"1 2 4 3 -2 4 -2 -1 2 4 -3 4",48,1,64
14652,1,"1 2 1 4 4 4 2 -1 4 -1 -2 -2",24,1,-256
14653,1,"1 2 4 3 4 -1 3 4 4 -3 -2 -3",48,1,128
14654,1,"1 2 -1 4 3 3 4 -2 4 -3 4 -3",48,1,0
14655,1,"1 2 4 3 -2 -3 4 -1 -3 4 3 4",48,1,-64
14656,1,"1 2 2 3 4 4 -3 4 -2 -1 -2 4",48,1,128
14657,1,"1 2 -1 4 4 3 -4 -2 4 -3 4 4",48,1,0
14658,1,"1 2 4 3 4 4 -2 -4 -3 -1 4 4",48,1,128
14659,1,"1 2 -1 -2 1 4 -1 -2 4 2 4 4",24,1,-128
14660,1,"1 2 3 4 4 -3 4 -3 -2 3 -1 4",48,1,128
14661,1,"1 2 4 3 2 4 -1 4 -3 -2 4 -2",48,1,0
14662,1,"1 2 -1 4 4 -1 -2 -2 4 2 4 1",24,1,-256
14663,1,"1 2 4 3 -2 4 -3 -2 4 2 -1 4",48,1,0
14664,1,"1 2 3 3 -2 4 -1 4 4 4 -3 -3",48,1,-256
14665,1,"1 2 4 3 3 4 -2 -1 4 4 -3 -3",48,1,256
14666,1,"1 2 3 -2 -3 4 2 -1 -2 4 4 4",48,1,128
14667,1,"1 2 4 3 4 -3 -2 4 -1 3 4 -3",48,1,64
14668,1,"1 2 4 -1 -4 2 4 -2 -2 4 4 4",24,1,256
14669,1,"1 2 -1 -1 4 2 1 4 -2 4 4 -2",24,1,0
14670,1,"1 2 1 2 4 4 4 -1 -2 4 -1 -2",24,1,-256
14671,1,"1 2 3 -1 -2 -3 4 -3 4 4 3 4",48,1,-128
14672,1,"1 2 1 -2 4 4 2 4 -1 -2 -1 4",24,1,128
14673,1,"1 2 4 4 3 4 4 -3 -1 -4 -2 4",48,1,-128
14674,1,"1 2 3 4 -1 4 3 -2 -3 4 -3 4",48,1,-64
14675,1,"1 4 2 4 -2 4 4 -2 4 -1 -4 2",24,1,-128
14676,1,"1 4 4 4 4 2 2 4 -1 -4 -2 -2",24,1,-512
14677,1,"1 2 4 -1 2 -4 -2 4 4 -2 4 4",24,1,-256
14678,1,"1 4 -1 -4 2 4 4 4 -2 -2 4 2",24,1,-256
14679,1,"1 2 -1 -2 4 1 -2 -1 4 2 4 4",24,1,128
14680,1,"1 2 3 4 3 -2 -3 4 4 -3 -1 4",48,1,0
14681,1,"1 2 4 3 -1 -3 4 -3 4 -2 3 4",48,1,-64
14682,1,"1 2 -1 -1 4 4 -2 4 2 1 -2 4",24,1,256
14683,1,"1 2 3 4 -3 4 -1 3 4 -3 -2 4",48,1,128
14684,1,"1 2 4 4 3 4 4 -1 -2 -4 -3 4",48,1,0
14685,1,"1 2 1 4 2 -1 4 -1 4 -2 4 -2",24,1,0
14686,1,"1 2 3 4 4 -1 -3 -3 -2 3 4 4",48,1,0
14687,1,"1 2 -1 4 4 3 4 4 3 -2 -3 -3",48,1,-256
14688,1,"1 2 4 3 -1 4 3 -2 -3 4 -3 4",48,1,64
14689,1,"1 2 3 4 -2 4 2 -3 4 4 -1 -2",48,1,-128
14690,1,"1 2 4 3 -1 4 3 -2 -3 -3 4 4",48,1,128
14691,1,"1 2 -1 -2 4 4 2 4 1 -2 -1 4",24,1,128
14692,1,"1 2 4 3 -2 -1 4 3 4 -3 4 -3",48,1,0
14693,1,"1 1 4 -1 4 4 -1 4 -1 -4 1 4",6,1,-256
14694,1,"1 2 -1 4 -1 2 4 1 4 -2 -2 4",24,1,128
14695,1,"1 2 3 2 4 -3 4 -1 -2 -2 4 4",48,1,0
14696,1,"1 2 4 3 4 -3 -1 4 4 4 -2 -4",48,1,-128
14697,1,"1 2 -1 4 2 4 -2 1 4 -2 -1 4",24,1,0
14698,1,"1 2 1 -2 4 -1 4 4 2 4 -1 -2",24,1,128
14699,1,"1 2 -1 -1 4 2 4 -2 1 4 4 -2",24,1,-256
14700,1,"1 2 -1 4 4 -1 2 4 4 -2 -2 1",24,1,0
14701,1,"1 2 4 -1 3 3 4 4 4 -3 -2 -3",48,1,256
14702,1,"1 4 2 4 2 4 -2 4 -1 -4 -2 4",24,1,0
14703,1,"1 2 2 4 4 -1 -2 4 4 4 -2 -4",24,1,-512
14704,1,"1 2 4 3 4 -1 3 4 -3 -2 4 -3",48,1,128
14705,1,"1 2 3 2 4 -1 4 -2 4 4 -3 -2",48,1,0
14706,1,"1 2 -1 4 -2 1 4 2 4 -1 -2 4",24,1,-128
14707,1,"1 2 1 -2 4 -1 4 2 -1 4 -2 4",24,1,128
14708,1,"1 2 -4 -2 -2 4 -1 4 4 4 2 4",24,1,-256
14709,1,"1 2 4 -2 -2 -2 4 -1 2 4 4 2",24,1,256
14710,1,"1 2 4 3 4 -3 4 4 -2 3 -1 -3",48,1,0
14711,1,"1 2 3 4 4 -1 -4 -2 4 4 -3 4",48,1,-128
14712,1,"1 2 3 3 4 4 -1 -3 -3 4 -2 4",48,1,0
14713,1,"1 2 3 4 -3 -3 -1 4 3 4 4 -2",48,1,128
14714,1,"1 2 1 -2 4 4 -1 2 4 4 -1 -2",24,1,256
14715,1,"1 2 3 3 4 -2 4 -3 -3 4 -1 4",48,1,128
14716,1,"1 2 -1 4 -2 4 2 2 4 4 -2 -2",24,1,-256
14717,1,"1 2 3 4 -3 -2 -3 4 4 -1 4 3",48,1,128
14718,1,"1 2 3 4 -3 2 4 -1 4 -2 -2 4",48,1,0
14719,1,"1 2 3 4 2 4 -1 4 -2 -3 4 -2",48,1,0
14720,1,"1 2 -1 4 3 3 4 4 -3 -2 -3 4",48,1,0
14721,1,"1 2 -1 4 -2 4 4 4 2 -4 -2 4",24,1,0
14722,1,"1 2 1 4 -1 2 4 4 -2 -2 -1 4",24,1,0
14723,1,"1 2 -1 4 2 4 1 -2 4 -2 -1 4",24,1,128
14724,1,"1 2 3 -1 -2 -3 -3 4 4 4 3 4",48,1,-256
14725,1,"1 2 3 4 4 -3 4 3 -1 4 -2 -3",48,1,-128
14726,1,"1 2 4 -1 -4 3 4 4 -2 -3 4 4",48,1,-128
14727,1,"1 2 -1 -2 4 -1 4 2 1 4 -2 4",24,1,0
14728,1,"1 2 2 4 -2 -2 -1 4 2 4 4 -2",24,1,256
14729,1,"1 2 -1 4 2 4 3 4 4 -3 -2 -2",48,1,-128
14730,1,"1 2 3 4 4 -1 4 3 -2 -3 -3 4",48,1,-128
14731,1,"1 2 2 4 -2 4 4 2 -1 4 -2 -2",24,1,-256
14732,1,"1 2 2 4 -2 4 -2 -2 4 -1 4 2",24,1,256
14733,1,"1 2 1 -2 4 2 -1 4 -2 4 -1 4",24,1,128
14734,1,"1 2 -1 2 4 4 -2 -2 4 2 4 -2",24,1,0
14735,1,"1 2 3 4 2 4 -3 4 4 -1 -2 -2",48,1,-128
14736,1,"1 2 2 4 -1 4 -1 -2 4 1 -2 4",24,1,128
14737,1,"1 2 4 3 2 4 -2 -1 -2 4 -3 4",48,1,64
14738,1,"1 2 -4 -2 -1 4 4 4 -2 4 4 2",24,1,-256
14739,1,"1 2 2 -1 -1 4 -2 -2 4 4 1 4",24,1,0
14740,1,"1 4 2 4 4 -2 4 -1 4 2 -4 -2",24,1,-128
14741,1,"1 2 1 2 4 -2 4 4 -1 4 -1 -2",24,1,-128
14742,1,"1 2 4 4 -1 -4 -2 4 4 2 4 -2",24,1,-256
14743,1,"1 2 3 4 -2 -3 -2 4 -1 2 4 4",48,1,128
14744,1,"1 2 4 3 -2 4 -1 4 -3 -2 4 2",48,1,128
14745,1,"1 4 2 4 2 4 4 4 -2 -1 -4 -2",24,1,0
14746,1,"1 4 2 4 -2 -4 2 -1 4 -2 4 4",24,1,-128
14747,1,"1 2 2 -1 -2 4 -2 4 3 4 -3 4",48,1,-128
14748,1,"1 2 4 4 3 3 -1 -3 -3 -2 4 4",48,1,-256
14749,1,"1 2 3 4 4 4 -2 -1 4 4 -3 -4",48,1,-256
14750,1,"1 2 1 4 4 -1 2 4 -1 4 -2 -2",24,1,256
14751,1,"1 2 3 4 -3 -1 -3 4 4 4 -2 3",48,1,128
14752,1,"1 2 3 4 4 3 4 -1 -3 4 -3 -2",48,1,-128
14753,1,"1 2 4 3 4 -1 3 -2 4 -3 -3 4",48,1,0
14754,1,"1 2 4 4 3 -2 -3 -3 4 -1 4 3",48,1,128
14755,1,"1 2 -1 4 4 4 3 -2 4 4 -3 -4",48,1,-256
14756,1,"1 2 4 3 -4 -3 -1 4 4 -2 4 4",48,1,-128
14757,1,"1 2 4 4 -2 4 -1 -4 -2 4 4 2",24,1,0
14758,1,"1 2 3 4 2 -3 -2 -1 4 -2 4 4",48,1,128
14759,1,"1 2 -1 4 3 4 -3 2 4 4 -2 -2",48,1,-128
14760,1,"1 2 4 2 4 4 -1 -2 -4 -2 4 4",24,1,0
14761,1,"1 2 1 4 4 -1 2 4 -2 4 -1 -2",24,1,128
14762,1,"1 2 3 4 -1 2 4 -2 -2 -3 4 4",48,1,128
14763,1,"1 2 3 4 -2 -2 -3 4 4 -1 2 4",48,1,0
14764,1,"1 2 2 -1 -2 4 -2 4 2 4 -2 4",24,1,-128
14765,1,"1 2 -1 -2 4 2 4 -2 3 4 -3 4",48,1,-64
14766,1,"1 2 1 4 4 -2 -2 4 2 -1 -1 4",24,1,256
14767,1,"1 2 3 4 -3 4 -2 -1 -2 4 2 4",48,1,64
14768,1,"1 2 4 3 3 4 4 4 -1 -3 -2 -3",48,1,0
14769,1,"1 2 4 -2 3 -1 3 4 4 -3 4 -3",48,1,128
14770,1,"1 2 3 3 4 4 4 -3 4 -3 -1 -2",48,1,0
14771,1,"1 2 3 -2 4 -3 -2 4 2 4 -1 4",48,1,64
14772,1,"1 2 2 3 -2 4 4 -1 -2 4 -3 4",48,1,0
14773,1,"1 2 3 3 -1 -3 4 4 4 4 -2 -3",48,1,-256
14774,1,"1 2 3 3 4 4 -3 -1 -2 4 4 -3",48,1,256
14775,1,"1 2 3 3 4 -3 4 4 -2 4 -1 -3",48,1,-128
14776,1,"1 2 2 4 -2 4 -1 -1 4 1 -2 4",24,1,256
14777,1,"1 2 3 -2 -2 -3 4 4 4 -1 4 2",48,1,-256
14778,1,"1 4 2 4 -2 -4 -2 -1 4 2 4 4",24,1,128
14779,1,"1 2 2 2 4 4 4 -1 4 -2 -2 -2",24,1,0
14780,1,"1 2 4 -1 4 2 3 4 -2 -3 4 -2",48,1,0
14781,1,"1 4 2 4 -2 -2 4 4 4 2 -1 -4",24,1,-256
14782,1,"1 2 3 4 -1 4 4 -2 3 4 -3 -3",48,1,128
14783,1,"1 1 4 1 4 4 -1 -4 -1 -1 4 4",6,1,512
14784,1,"1 2 4 4 3 4 -2 -3 -1 3 4 -3",48,1,128
14785,1,"1 2 4 -2 4 4 4 -1 3 4 -3 -4",48,1,128
14786,1,"1 2 4 -2 4 3 3 4 -1 4 -3 -3",48,1,128
14787,1,"1 2 4 -2 3 4 -2 -3 4 2 -1 4",48,1,0
14788,1,"1 2 4 3 4 4 3 -1 4 -2 -3 -3",48,1,0
14789,1,"1 1 4 1 4 4 4 -1 -1 -4 -1 4",6,1,512
14790,1,"1 2 4 4 -2 3 4 3 -1 4 -3 -3",48,1,128
14791,1,"1 2 3 4 -3 -1 -2 4 -3 4 3 4",48,1,64
14792,1,"1 2 3 4 4 -1 -3 -3 4 3 -2 4",48,1,0
14793,1,"1 2 -1 -1 2 4 -2 4 4 4 -2 1",24,1,0
14794,1,"1 2 3 4 4 -2 -3 4 2 -1 -2 4",48,1,0
14795,1,"1 2 3 -1 3 -2 -3 4 4 4 4 -3",48,1,-256
14796,1,"1 2 -1 -2 -2 4 3 4 4 -3 2 4",48,1,-128
14797,1,"1 2 -1 4 3 4 -2 -2 4 -3 4 2",48,1,128
14798,1,"1 2 3 3 -1 -3 4 4 -3 -2 4 4",48,1,-256
14799,1,"1 2 4 -2 4 4 -2 -1 4 4 2 -4",24,1,0
14800,1,"1 2 1 2 4 -2 4 -1 -1 -2 4 4",24,1,0
14801,1,"1 2 -1 4 -2 -2 4 2 -1 4 4 1",24,1,-256
14802,1,"1 2 -1 4 3 2 4 4 -3 -2 4 -2",48,1,0
14803,1,"1 4 2 2 -4 -2 -2 4 -1 4 4 4",24,1,-512
14804,1,"1 2 -1 -4 3 -2 4 -3 4 4 4 4",48,1,-256
14805,1,"1 2 3 4 -3 -2 4 -1 2 4 -2 4",48,1,128
14806,1,"1 2 4 -1 4 -2 4 2 4 4 -2 -4",24,1,-128
14807,1,"1 2 4 -2 -2 -1 -2 4 4 4 2 2",24,1,512
14808,1,"1 2 -1 -1 4 -2 4 -2 4 2 1 4",24,1,128
14809,1,"1 2 -1 4 4 -2 -2 4 2 -1 4 1",24,1,-256
14810,1,"1 2 -1 -2 -2 4 3 4 2 4 -3 4",48,1,-128
14811,1,"1 2 3 -2 -3 2 4 4 4 -1 4 -2",48,1,0
14812,1,"1 2 4 3 4 -3 -3 4 -2 3 -1 4",48,1,128
14813,1,"1 4 2 2 2 -1 4 -2 4 4 -2 -2",24,1,0
14814,1,"1 2 -1 -2 -4 2 4 4 4 -2 4 4",24,1,256
14815,1,"1 2 -1 4 4 -2 -2 -2 4 4 2 2",24,1,512
14816,1,"1 2 4 -1 3 4 4 -2 3 4 -3 -3",48,1,256
14817,1,"1 2 4 4 4 2 -4 -1 4 -2 -2 4",24,1,-256
14818,1,"1 2 4 -1 3 4 4 -2 4 4 -3 -4",48,1,128
14819,1,"1 2 -1 -2 4 1 4 -2 4 -1 2 4",24,1,0
14820,1,"1 2 3 4 -1 4 -3 -2 -2 4 2 4",48,1,128
14821,1,"1 2 3 4 4 -3 -2 4 4 4 -1 -4",48,1,-256
14822,1,"1 2 3 4 4 -3 -2 4 -1 2 4 -2",48,1,128
14823,1,"1 2 -1 -4 -2 -2 4 4 4 4 4 2",24,1,-512
14824,1,"1 2 1 -2 -1 4 2 4 4 4 -1 -2",24,1,256
14825,1,"1 2 2 2 -1 4 4 -2 4 4 -2 -2",24,1,-512
14826,1,"1 2 2 4 -1 -2 4 -2 1 4 -1 4",24,1,-128
14827,1,"1 2 -1 4 2 2 4 4 -2 -2 -2 4",24,1,0
14828,1,"1 2 -1 -1 4 1 2 4 4 4 -2 -2",24,1,-512
14829,1,"1 2 3 -2 -3 4 -1 4 4 -2 4 2",48,1,-128
14830,1,"1 2 4 -1 3 -2 4 -3 -3 4 3 4",48,1,0
14831,1,"1 2 4 3 4 4 -2 4 4 -3 -1 -4",48,1,-128
14832,1,"1 2 4 3 3 -1 -3 4 -3 -2 4 4",48,1,-128
14833,1,"1 2 -4 -2 4 4 4 4 2 -1 4 -2",24,1,256
14834,1,"1 4 2 4 4 2 -4 -2 -2 -1 4 4",24,1,-256
14835,1,"1 2 3 -1 3 4 4 -3 -2 -3 4 4",48,1,128
14836,1,"1 2 -4 -2 4 3 4 -3 4 4 -1 4",48,1,-128
14837,1,"1 2 3 2 -3 -2 4 4 -2 4 -1 4",48,1,0
14838,1,"1 4 2 4 -1 -4 2 4 4 -2 -2 4",24,1,0
14839,1,"1 2 2 2 -1 4 -2 -2 -2 4 4 4",24,1,0
14840,1,"1 2 3 4 -3 4 -2 -1 4 2 4 -2",48,1,64
14841,1,"1 2 4 4 2 2 -1 4 4 -2 -2 -2",24,1,-512
14842,1,"1 2 3 4 -3 -2 3 -1 4 4 4 -3",48,1,128
14843,1,"1 2 -1 2 4 4 3 4 -2 -2 -3 4",48,1,128
14844,1,"1 2 4 -2 4 -2 4 2 -4 -1 4 4",24,1,-128
14845,1,"1 2 4 4 -2 -1 4 2 4 4 -2 -4",24,1,0
14846,1,"1 2 2 4 -1 -1 -2 4 4 -2 4 1",24,1,0
14847,1,"1 2 3 -2 -3 4 4 -3 4 -1 3 4",48,1,0
14848,1,"1 2 3 4 3 4 4 -2 -3 -3 -1 4",48,1,128
14849,1,"1 2 4 3 4 -3 4 3 -2 -3 -1 4",48,1,64
14850,1,"1 2 -1 -1 -2 4 2 4 4 -2 4 1",24,1,-256
14851,1,"1 2 2 1 4 -1 -2 4 4 -2 -1 4",24,1,256
14852,1,"1 2 4 3 4 4 -2 3 4 -1 -3 -3",48,1,128
14853,1,"1 2 3 4 -3 4 -1 4 3 4 -2 -3",48,1,-64
14854,1,"1 2 3 -2 4 -2 4 -1 2 -3 4 4",48,1,0
14855,1,"1 2 3 -2 4 4 -3 -3 4 -1 3 4",48,1,128
14856,1,"1 2 -1 4 3 3 -2 -3 -3 4 4 4",48,1,0
14857,1,"1 2 -1 -2 4 -2 4 3 4 -3 2 4",48,1,-64
14858,1,"1 2 4 4 -2 4 2 4 4 -2 -1 -4",24,1,-256
14859,1,"1 2 3 4 4 4 -1 4 -2 4 -3 -4",48,1,-128
14860,1,"1 2 1 4 4 2 4 -1 -1 4 -2 -2",24,1,256
14861,1,"1 2 -1 -2 -4 -2 4 4 4 2 4 4",24,1,-256
14862,1,"1 2 1 -2 4 4 4 -2 -1 2 -1 4",24,1,0
14863,1,"1 2 -4 -2 4 4 -1 4 -2 4 4 2",24,1,-256
14864,1,"1 2 3 -4 -3 -1 4 4 4 4 4 -2",48,1,-256
14865,1,"1 2 -1 4 4 4 4 3 -2 -4 -3 4",48,1,0
14866,1,"1 2 2 4 -2 4 -2 4 -2 -1 2 4",24,1,128
14867,1,"1 2 1 4 4 -1 -1 4 2 4 -2 -2",24,1,256
14868,1,"1 2 -1 4 4 4 -1 -2 -2 4 2 1",24,1,0
14869,1,"1 2 -1 -1 2 4 1 4 -2 4 -2 4",24,1,128
14870,1,"1 2 3 3 -1 4 -3 -2 -3 4 4 4",48,1,0
14871,1,"1 2 2 -4 -2 4 -1 4 4 -2 4 4",24,1,-256
14872,1,"1 2 2 -1 2 4 4 4 -2 -2 4 -2",24,1,0
14873,1,"1 2 -4 2 4 4 4 4 -2 -1 4 -2",24,1,256
14874,1,"1 2 2 4 2 4 -2 4 -2 -1 -2 4",24,1,128
14875,1,"1 2 -1 -2 4 -2 4 1 4 -1 2 4",24,1,0
14876,1,"1 2 3 4 3 4 -3 -2 -1 4 4 -3",48,1,128
14877,1,"1 2 2 4 -2 -1 -2 4 3 4 -3 4",48,1,128
14878,1,"1 2 3 4 2 -1 4 -3 4 -2 -2 4",48,1,0
14879,1,"1 2 3 4 -2 -3 4 2 -1 -2 4 4",48,1,0
14880,1,"1 2 3 -2 4 -3 4 3 -1 -3 4 4",48,1,-128
14881,1,"1 2 -1 -2 4 3 -2 4 2 -3 4 4",48,1,-128
14882,1,"1 2 2 4 2 4 -2 4 -2 -2 -1 4",24,1,256
14883,1,"1 2 3 4 3 4 -1 -2 -3 4 4 -3",48,1,-128
14884,1,"1 2 3 4 2 4 -3 4 -2 -1 4 -2",48,1,64
14885,1,"1 2 1 4 -2 4 4 -1 2 4 -1 -2",24,1,128
14886,1,"1 2 -1 2 4 3 4 -2 -3 4 -2 4",48,1,64
14887,1,"1 2 -1 -2 4 4 4 -2 -1 2 4 1",24,1,256
14888,1,"1 2 3 -2 4 4 4 -3 -3 -1 4 3",48,1,256
14889,1,"1 2 3 -2 4 4 4 4 -3 4 -1 -4",48,1,0
14890,1,"1 2 1 4 -2 4 -1 4 4 2 -1 -2",24,1,-128
14891,1,"1 2 4 3 -4 -3 4 4 -1 -2 4 4",48,1,0
14892,1,"1 2 4 4 3 -2 4 4 -3 -4 -1 4",48,1,128
14893,1,"1 2 3 4 -3 4 -1 -2 -3 4 4 3",48,1,0
14894,1,"1 2 3 2 -3 4 4 -2 -2 4 -1 4",48,1,128
14895,1,"1 2 4 3 -2 3 4 -3 -1 4 4 -3",48,1,128
14896,1,"1 2 3 -4 -2 -1 4 -3 4 4 4 4",48,1,-256
14897,1,"1 2 3 -1 4 -2 3 4 -3 -3 4 4",48,1,0
14898,1,"1 2 3 4 -2 3 -1 4 -3 -3 4 4",48,1,128
14899,1,"1 4 2 -4 -4 -1 4 4 4 -2 4 4",24,1,0
14900,1,"1 2 2 4 -2 -1 -2 4 2 4 -2 4",24,1,128
14901,1,"1 2 4 4 2 2 -1 4 -2 4 -2 -2",24,1,-256
14902,1,"1 2 3 3 -2 4 -3 4 -1 -3 4 4",48,1,-128
14903,1,"1 4 2 4 -2 4 -2 4 4 -1 -4 2",24,1,-128
14904,1,"1 2 4 -2 3 4 -3 4 4 -3 -1 3",48,1,-128
14905,1,"1 2 3 -2 4 -2 4 -3 4 -1 4 2",48,1,0
14906,1,"1 2 2 4 4 -2 -2 4 -1 2 4 -2",24,1,256
14907,1,"1 2 3 4 -3 -3 4 -2 4 -1 3 4",48,1,128
14908,1,"1 2 -1 -2 4 -2 4 4 4 4 2 -4",24,1,256
14909,1,"1 2 4 4 4 -2 -4 -2 4 -1 4 2",24,1,256
14910,1,"1 2 -1 4 3 -2 4 4 -3 -2 4 2",48,1,128
14911,1,"1 2 3 4 4 -3 4 4 -1 -4 -2 4",48,1,-128
14912,1,"1 2 -1 -1 2 4 4 -2 1 4 -2 4",24,1,0
14913,1,"1 2 2 4 4 4 4 -2 4 -1 -4 -2",24,1,-512
14914,1,"1 2 4 -2 4 3 -1 4 3 4 -3 -3",48,1,0
14915,1,"1 2 2 4 -2 3 4 -1 -2 4 -3 4",48,1,0
14916,1,"1 2 3 -1 3 4 -3 -3 4 4 4 -2",48,1,0
14917,1,"1 2 3 3 4 -3 -1 4 4 4 -2 -3",48,1,0
14918,1,"1 2 3 4 -2 -3 4 -1 -3 4 3 4",48,1,-64
14919,1,"1 2 3 3 4 4 -3 -2 4 4 -1 -3",48,1,0
14920,1,"1 2 3 -2 -2 4 4 -3 4 -1 4 2",48,1,0
14921,1,"1 2 4 -1 4 -2 4 3 3 4 -3 -3",48,1,128
14922,1,"1 2 3 3 4 4 -3 4 -1 -3 4 -2",48,1,-128
14923,1,"1 2 4 -2 4 4 -1 4 -2 4 2 -4",24,1,128
14924,1,"1 2 4 4 3 -1 4 4 3 -2 -3 -3",48,1,0
14925,1,"1 2 -1 -1 -2 4 -2 4 2 1 4 4",24,1,0
14926,1,"1 2 4 -1 -2 4 2 3 -2 4 -3 4",48,1,0
14927,1,"1 1 4 4 4 -1 -4 -4 -1 4 4 4",6,1,1024
14928,1,"1 2 3 -2 3 -1 4 -3 4 4 4 -3",48,1,-128
14929,1,"1 2 -1 4 -2 4 3 3 4 -3 4 -3",48,1,0
14930,1,"1 2 4 4 -2 3 3 4 -1 -3 4 -3",48,1,128
14931,1,"1 2 4 3 3 -1 -3 4 4 4 -2 -3",48,1,0
14932,1,"1 1 4 -1 4 -1 4 4 -1 -4 1 4",6,1,-256
14933,1,"1 2 1 -2 -2 4 -1 4 -1 4 2 4",24,1,128
14934,1,"1 2 4 3 2 4 -1 4 -3 4 -2 -2",48,1,0
14935,1,"1 2 1 4 2 4 -1 4 -2 -1 -2 4",24,1,128
14936,1,"1 2 -1 -1 -2 4 -2 1 4 2 4 4",24,1,-256
14937,1,"1 2 3 4 3 -1 -3 -2 -3 4 4 4",48,1,-128
14938,1,"1 2 -1 4 2 2 4 -2 4 -2 -2 4",24,1,0
14939,1,"1 2 3 -2 -3 4 -3 4 4 -1 3 4",48,1,0
14940,1,"1 2 -1 4 1 -2 4 2 4 -1 -2 4",24,1,0
14941,1,"1 2 -1 4 -2 1 4 2 -1 4 -2 4",24,1,-128
14942,1,"1 2 2 4 -2 -2 -2 -1 4 2 4 4",24,1,512
14943,1,"1 2 3 2 4 -2 -1 -2 -3 4 4 4",48,1,128
14944,1,"1 4 2 -1 4 4 4 2 4 -2 -2 -4",24,1,-256
14945,1,"1 2 3 3 4 -3 -1 4 -3 -2 4 4",48,1,256
14946,1,"1 2 1 2 4 -2 4 -1 -1 4 4 -2",24,1,0
14947,1,"1 2 3 -2 4 4 -2 -3 2 4 -1 4",48,1,-128
14948,1,"1 2 3 3 4 4 -3 -2 -3 -1 4 4",48,1,256
14949,1,"1 2 2 2 4 4 -1 -2 4 -2 -2 4",24,1,0
14950,1,"1 2 3 4 4 4 -1 -3 4 3 -2 -3",48,1,-128
14951,1,"1 4 1 4 4 4 4 -1 4 -1 -4 -4",6,1,-512
14952,1,"1 2 2 4 -1 4 2 4 -2 4 -2 -2",24,1,0
14953,1,"1 2 3 4 4 4 -1 -3 -2 -3 4 3",48,1,128
14954,1,"1 4 2 -1 4 4 -2 -2 -2 4 2 2",24,1,512
14955,1,"1 2 4 -2 -2 4 2 1 4 -1 -1 4",12,1,256
14956,1,"1 2 3 4 4 -2 4 -3 -1 -3 4 3",48,1,128
14957,1,"1 2 4 -1 3 4 -3 4 -2 3 4 -3",48,1,128
14958,1,"1 2 -1 4 -2 4 4 -1 -2 4 2 1",24,1,0
14959,1,"1 4 4 4 2 -4 -2 -4 -1 4 4 4",24,1,0
14960,1,"1 4 2 4 4 4 -1 4 2 -4 -2 -2",24,1,-256
14961,1,"1 2 3 -1 -3 4 4 -2 -3 4 3 4",48,1,0
14962,1,"1 2 -1 -2 -2 3 4 -3 4 2 4 4",48,1,-128
14963,1,"1 4 2 4 -2 4 2 4 -1 4 -2 -4",24,1,0
14964,1,"1 2 4 -2 4 4 4 -1 -2 -4 2 4",24,1,0
14965,1,"1 2 3 4 4 -3 -3 4 -1 3 4 -2",48,1,128
14966,1,"1 2 -1 4 3 4 4 2 -3 -2 -2 4",48,1,0
14967,1,"1 2 3 -2 4 -1 -3 4 -3 4 3 4",48,1,-64
14968,1,"1 2 -4 -2 4 4 2 4 -1 4 4 -2",24,1,0
14969,1,"1 2 2 4 -2 4 2 4 -1 4 -2 -2",24,1,0
14970,1,"1 2 4 3 -1 -3 4 3 4 -3 -2 4",48,1,-64
14971,1,"1 2 4 3 3 4 -3 -1 -3 -2 4 4",48,1,128
14972,1,"1 2 4 -1 4 3 4 3 -2 4 -3 -3",48,1,0
14973,1,"1 2 -4 -2 -1 4 4 4 -2 4 2 4",24,1,-256
14974,1,"1 2 -1 -1 2 4 -2 4 1 -2 4 4",24,1,256
14975,1,"1 2 4 4 4 -2 4 4 4 -1 -4 -4",24,1,-512
14976,1,"1 2 3 4 4 3 4 4 -3 -3 -1 -2",48,1,0
14977,1,"1 2 4 -1 2 4 2 4 -2 4 -2 -2",24,1,128
14978,1,"1 2 3 2 4 -3 4 -2 4 -1 4 -2",48,1,0
14979,1,"1 2 3 -2 -2 -1 4 2 4 4 -3 4",48,1,0
14980,1,"1 2 4 3 3 -1 4 -3 -2 4 4 -3",48,1,0
14981,1,"1 2 3 -2 -3 -2 4 -1 4 4 4 2",48,1,0
14982,1,"1 2 4 -2 -1 4 -2 -4 2 4 4 4",24,1,-256
14983,1,"1 2 3 -2 4 -3 -1 4 3 4 -3 4",48,1,64
14984,1,"1 2 3 4 -3 -1 -2 4 3 4 -3 4",48,1,64
14985,1,"1 2 -1 2 4 3 4 -2 4 -3 4 -2",48,1,0
14986,1,"1 2 4 3 4 -1 4 4 -3 4 -2 -4",48,1,-128
14987,1,"1 2 3 4 4 -3 -2 -3 4 -1 3 4",48,1,128
14988,1,"1 2 3 4 -3 4 -1 4 -2 3 4 -3",48,1,64
14989,1,"1 2 3 4 -3 4 4 -2 3 -1 4 -3",48,1,0
14990,1,"1 2 4 -1 -2 4 4 3 3 4 -3 -3",48,1,0
14991,1,"1 2 3 4 4 4 4 4 -3 -1 -4 -2",48,1,-256
14992,1,"1 2 3 -4 -3 4 4 -1 4 4 4 -2",48,1,0
14993,1,"1 2 3 -2 4 4 -2 -1 2 4 -3 4",48,1,0
14994,1,"1 2 2 4 -2 4 2 4 -2 -2 -1 4",24,1,256
14995,1,"1 2 -4 2 4 4 -2 4 -1 4 4 -2",24,1,0
14996,1,"1 2 3 -2 -3 -2 4 4 2 4 -1 4",48,1,0
14997,1,"1 2 -1 -1 4 2 1 4 4 -2 -2 4",24,1,256
14998,1,"1 2 3 4 -3 -1 -3 4 3 -2 4 4",48,1,0
14999,1,"1 2 4 1 2 4 -2 4 -1 -1 -2 4",24,1,-128
15000,1,"1 2 3 4 4 -3 -3 -2 4 4 -1 3",48,1,0
15001,1,"1 1 1 1 4 4 -1 -1 4 -1 -1 4",6,1,1024
15002,1,"1 2 3 4 -3 -2 4 3 4 -1 -3 4",48,1,64
15003,1,"1 2 3 3 4 4 -3 -1 -2 4 -3 4",48,1,128
15004,1,"1 2 2 4 3 4 -3 4 -1 4 -2 -2",48,1,0
15005,1,"1 2 4 4 -2 -4 -2 -1 4 2 4 4",24,1,256
15006,1,"1 2 4 3 3 4 -3 -3 4 -1 -2 4",48,1,0
15007,1,"1 2 2 2 4 4 -2 4 -1 -2 -2 4",24,1,0
15008,1,"1 2 3 3 -1 4 4 -3 4 -3 4 -2",48,1,-128
15009,1,"1 2 4 3 4 -2 4 4 -1 4 -3 -4",48,1,0
15010,1,"1 2 4 4 -2 3 4 3 -1 -3 4 -3",48,1,0
15011,1,"1 2 1 -2 4 4 2 -1 -1 -2 4 4",24,1,256
15012,1,"1 2 4 4 4 3 4 -3 4 -2 -1 -4",48,1,-256
15013,1,"1 2 3 4 -3 -3 -2 4 4 3 -1 4",48,1,128
15014,1,"1 2 3 4 2 4 -2 -1 4 -3 4 -2",48,1,64
15015,1,"1 4 -1 4 4 2 2 -4 -2 4 4 -2",24,1,-256
15016,1,"1 2 2 3 -2 -2 -1 4 4 4 -3 4",48,1,0
15017,1,"1 2 3 4 4 -2 -2 4 -3 4 -1 2",48,1,128
15018,1,"1 2 -1 -1 -2 4 2 4 4 -2 1 4",24,1,-256
15019,1,"1 2 3 2 4 4 4 -1 -2 4 -3 -2",48,1,-128
15020,1,"1 2 3 -2 -3 4 3 4 4 -3 -1 4",48,1,0
15021,1,"1 2 3 4 4 -3 4 4 3 -1 -3 -2",48,1,-256
15022,1,"1 2 4 4 -2 3 3 4 -1 4 -3 -3",48,1,256
15023,1,"1 2 3 4 2 -1 4 -2 4 -3 4 -2",48,1,-64
15024,1,"1 2 4 3 -4 -3 4 4 4 -2 -1 4",48,1,-256
15025,1,"1 2 4 3 -4 -2 -1 4 4 4 -3 4",48,1,0
15026,1,"1 2 3 -1 3 -2 -3 4 4 4 -3 4",48,1,-128
15027,1,"1 2 3 4 -1 4 -3 4 -2 3 4 -3",48,1,64
15028,1,"1 2 -1 4 3 -2 -3 4 -3 4 3 4",48,1,0
15029,1,"1 2 3 -2 -2 4 -1 4 -3 4 4 2",48,1,0
15030,1,"1 2 3 -1 3 4 4 -3 4 -3 -2 4",48,1,128
15031,1,"1 2 -1 -2 4 4 -2 -2 4 4 2 2",24,1,0
15032,1,"1 2 4 4 3 4 -2 -3 4 -3 -1 3",48,1,0
15033,1,"1 2 4 -2 4 3 -1 -3 4 3 4 -3",48,1,-64
15034,1,"1 2 4 3 3 4 -3 -1 4 4 -2 -3",48,1,0
15035,1,"1 2 2 4 4 4 4 -2 -4 -2 -1 4",24,1,512
15036,1,"1 2 -1 4 3 4 -2 4 -2 -3 4 2",48,1,64
15037,1,"1 2 3 4 -1 4 -2 4 -3 -3 4 3",48,1,128
15038,1,"1 2 3 -2 -3 2 4 4 -1 4 4 -2",48,1,0
15039,1,"1 2 3 -2 -3 -1 4 4 4 3 4 -3",48,1,-128
15040,1,"1 2 3 -2 4 -2 4 4 -3 2 -1 4",48,1,0
15041,1,"1 4 -1 4 4 2 -4 -2 -2 4 2 4",24,1,-256
15042,1,"1 2 1 4 -1 2 4 -2 4 4 -1 -2",24,1,128
15043,1,"1 2 -1 -2 4 1 4 -2 -1 4 2 4",24,1,0
15044,1,"1 2 2 4 -1 4 -2 4 2 4 -2 -2",24,1,0
15045,1,"1 2 2 2 -1 4 4 -2 4 -2 4 -2",24,1,-256
15046,1,"1 2 4 3 -4 -1 4 -2 4 4 -3 4",48,1,0
15047,1,"1 2 -4 -2 -1 4 4 2 4 4 4 -2",24,1,-256
15048,1,"1 4 2 4 -2 -2 -4 2 -1 4 4 4",24,1,-256
15049,1,"1 2 3 4 -3 4 -3 -1 3 4 4 -2",48,1,128
15050,1,"1 4 4 2 4 -2 -2 4 -1 -4 2 4",24,1,0
15051,1,"1 2 1 -2 -2 4 4 2 -1 4 -1 4",24,1,256
15052,1,"1 2 -1 4 3 2 4 4 -2 -3 -2 4",48,1,0
15053,1,"1 2 4 4 3 4 -3 -2 -3 -1 3 4",48,1,0
15054,1,"1 2 -1 4 4 3 -2 -2 -3 2 4 4",48,1,0
15055,1,"1 2 2 4 -2 4 -1 4 2 4 -2 -2",24,1,0
15056,1,"1 2 4 -1 3 4 3 -2 4 -3 -3 4",48,1,0
15057,1,"1 2 2 -1 4 -2 4 -2 3 4 -3 4",48,1,0
15058,1,"1 2 4 3 4 4 -3 4 -1 4 -2 -4",48,1,-128
15059,1,"1 2 2 -1 4 -1 -2 -2 4 1 4 4",24,1,-256
15060,1,"1 2 4 -1 4 4 3 4 -3 -4 -2 4",48,1,0
15061,1,"1 2 2 -1 4 1 4 4 -2 -2 -1 4",24,1,256
15062,1,"1 2 3 3 -2 -3 -3 4 4 -1 4 4",48,1,-256
15063,1,"1 2 4 -2 4 4 4 4 2 -1 -2 -4",24,1,-256
15064,1,"1 4 2 2 -4 -2 -1 4 4 4 -2 4",24,1,-256
15065,1,"1 2 3 -2 -3 4 4 -3 -1 4 3 4",48,1,0
15066,1,"1 2 4 2 3 4 -1 -2 4 -2 -3 4",24,1,-64
15067,1,"1 2 3 4 -1 4 3 -2 4 -3 -3 4",48,1,0
15068,1,"1 2 3 4 4 -3 -2 3 4 -3 -1 4",48,1,0
15069,1,"1 2 3 -2 4 2 -1 4 4 -3 -2 4",48,1,128
15070,1,"1 2 4 -1 2 4 -2 4 2 4 -2 -2",24,1,128
15071,2,"1 4 2 4 -1 4 -2 4 4 4 4 4",24,1,512
15072,2,"1 2 4 4 -2 4 4 4 4 4 -1 4",24,1,512
15073,2,"1 1 4 4 -1 4 -1 4 4 4 4 4",6,1,1024
15074,2,"1 4 1 4 -1 4 4 4 -1 4 4 4",6,1,512
15075,2,"1 4 -1 4 1 4 -1 4 4 4 4 4",6,1,512
15076,2,"1 2 -1 -2 4 4 4 4 4 4 4 4",24,1,-1024
15077,2,"1 2 4 4 4 4 4 -1 4 4 -2 4",24,1,512
15078,2,"1 4 2 4 -2 4 4 -1 4 4 4 4",24,1,512
15079,2,"1 2 4 4 4 -2 4 4 -1 4 4 4",24,1,512
15080,2,"1 2 4 4 -2 4 4 4 4 -1 4 4",24,1,512
15081,2,"1 2 4 4 4 4 -1 4 -2 4 4 4",24,1,512
15082,2,"1 4 2 4 4 4 -1 4 4 -2 4 4",24,1,512
15083,2,"1 1 4 4 -1 -1 4 4 4 4 4 4",6,1,2048
15084,2,"1 1 4 4 4 4 4 -1 4 4 -1 4",6,1,1024
15085,2,"1 4 -1 4 4 1 4 -1 4 4 4 4",6,1,512
15086,2,"1 2 -1 4 4 4 4 -2 4 4 4 4",24,1,0
15087,2,"1 2 -1 4 4 4 4 4 4 4 -2 4",24,1,0
15088,2,"1 2 4 4 4 -1 4 4 -2 4 4 4",24,1,512
15089,2,"1 4 2 4 4 -1 4 4 4 -2 4 4",24,1,512
15090,2,"1 1 4 4 -1 4 4 4 -1 4 4 4",6,1,1024
15091,2,"1 1 4 4 4 4 4 -1 4 -1 4 4",6,1,1024
15092,2,"1 4 1 4 -1 4 4 4 4 4 -1 4",6,1,512
15093,2,"1 4 1 4 4 4 -1 4 -1 4 4 4",3,1,512
15094,2,"1 4 -1 4 1 4 4 4 -1 4 4 4",6,1,512
15095,2,"1 2 4 -2 -1 4 4 4 4 4 4 4",24,1,1024
15096,2,"1 4 2 4 4 4 4 -2 4 4 -1 4",24,1,512
15097,2,"1 2 4 4 4 -2 4 4 4 4 -1 4",24,1,512
15098,2,"1 2 4 4 4 4 4 -1 4 -2 4 4",24,1,512
15099,2,"1 2 4 -1 -2 4 4 4 4 4 4 4",24,1,0
15100,2,"1 4 2 4 4 -2 4 -1 4 4 4 4",24,1,512
15101,2,"1 4 1 4 4 -1 4 4 -1 4 4 4",6,1,512
15102,2,"1 1 4 4 4 -1 -1 4 4 4 4 4",6,1,2048
15103,2,"1 4 1 4 -1 4 4 4 4 -1 4 4",6,1,512
15104,2,"1 2 4 4 -1 4 4 -2 4 4 4 4",24,1,512
15105,2,"1 2 4 4 -1 4 4 4 4 4 -2 4",24,1,512
15106,2,"1 2 4 4 4 4 -2 -1 4 4 4 4",12,1,1024
15107,2,"1 4 4 2 4 4 -1 4 4 -2 4 4",6,1,512
15108,2,"1 2 -1 4 4 4 4 4 4 -2 4 4",24,1,0
15109,2,"1 2 4 4 4 -2 4 4 4 -1 4 4",24,1,512
15110,2,"1 4 2 4 4 4 -2 4 -1 4 4 4",12,1,512
15111,2,"1 4 -1 4 4 4 2 4 4 -2 4 4",24,1,512
15112,2,"1 1 4 -1 4 4 4 -1 4 4 4 4",6,1,1024
15113,2,"1 1 4 4 -1 4 4 4 4 4 -1 4",6,1,1024
15114,2,"1 1 4 4 4 4 -1 4 -1 4 4 4",6,1,1024
15115,2,"1 4 1 4 4 4 -1 4 4 4 -1 4",6,1,512
15116,2,"1 4 4 -1 4 4 1 4 4 -1 4 4",3,2,512
15117,2,"1 2 -1 4 4 4 -2 4 4 4 4 4",24,1,0
15118,2,"1 2 4 -2 4 4 -1 4 4 4 4 4",24,1,512
15119,2,"1 2 4 4 4 4 4 4 -2 4 -1 4",24,1,512
15120,2,"1 1 4 4 -1 4 4 4 4 -1 4 4",6,1,1024
15121,2,"1 1 4 4 4 -1 4 4 -1 4 4 4",6,1,1024
15122,2,"1 4 1 4 4 -1 4 4 4 4 -1 4",6,1,512
15123,2,"1 4 1 4 4 4 -1 4 4 -1 4 4",6,1,512
15124,2,"1 4 -1 4 1 4 4 4 4 -1 4 4",6,1,512
15125,2,"1 2 4 -2 4 -1 4 4 4 4 4 4",24,1,512
15126,2,"1 2 4 4 4 4 -1 -2 4 4 4 4",12,1,0
15127,2,"1 2 4 4 4 4 -1 4 4 4 -2 4",24,1,512
15128,2,"1 2 4 -1 4 -2 4 4 4 4 4 4",24,1,512
15129,2,"1 2 4 4 -1 4 4 4 4 -2 4 4",24,1,512
15130,2,"1 4 2 4 -2 4 -1 4 4 4 4 4",24,1,512
15131,2,"1 4 2 4 4 4 -2 4 4 4 -1 4",24,1,512
15132,2,"1 1 4 4 4 4 -1 4 4 4 -1 4",6,1,1024
15133,2,"1 4 1 4 4 -1 4 4 4 -1 4 4",6,1,512
15134,2,"1 4 -1 4 4 4 1 4 -1 4 4 4",6,2,512
15135,2,"1 2 4 -2 4 4 4 4 -1 4 4 4",24,1,512
15136,2,"1 2 4 4 -1 4 -2 4 4 4 4 4",24,1,512
15137,2,"1 2 4 4 4 -1 4 -2 4 4 4 4",24,1,512
15138,2,"1 2 4 4 4 -1 4 4 4 4 -2 4",24,1,512
15139,2,"1 4 2 4 4 4 -2 4 4 -1 4 4",24,1,512
15140,2,"1 2 4 4 -2 4 4 -1 4 4 4 4",24,1,512
15141,2,"1 1 4 -1 -1 4 4 4 4 4 4 4",6,1,2048
15142,2,"1 1 4 4 4 -1 4 4 4 4 -1 4",6,1,1024
15143,2,"1 1 4 4 4 4 -1 4 4 -1 4 4",6,1,1024
15144,2,"1 4 2 4 -2 4 4 4 -1 4 4 4",24,1,512
15145,2,"1 2 4 4 4 4 4 4 -1 4 -2 4",24,1,512
15146,2,"1 2 4 4 4 4 -1 4 4 -2 4 4",24,1,512
15147,2,"1 2 -1 4 -2 4 4 4 4 4 4 4",24,1,0
15148,2,"1 2 4 -1 4 4 4 4 -2 4 4 4",24,1,512
15149,2,"1 4 -1 4 4 2 4 4 -2 4 4 4",24,1,512
15150,2,"1 1 4 4 4 -1 4 4 4 -1 4 4",6,1,1024
15151,2,"1 1 4 4 4 4 4 4 -1 4 -1 4",6,1,1024
15152,2,"1 4 -1 4 4 1 4 4 -1 4 4 4",6,1,512
15153,2,"1 4 -1 4 4 4 -1 4 1 4 4 4",3,1,512
15154,2,"1 2 4 -2 4 4 4 4 4 4 -1 4",24,1,512
15155,2,"1 4 2 4 -1 4 4 4 -2 4 4 4",24,1,512
15156,2,"1 2 4 4 4 -1 4 4 4 -2 4 4",24,1,512
15157,2,"1 4 4 2 4 4 -2 4 4 -1 4 4",12,1,512
15158,2,"1 4 4 4 4 4 4 4 4 4 -1 -4",6,1,-2048
15159,2,"1 1 4 -1 4 4 -1 4 4 4 4 4",6,1,1024
15160,2,"1 4 1 4 -1 4 4 -1 4 4 4 4",6,1,512
15161,2,"1 4 -1 4 4 -1 4 4 1 4 4 4",6,1,512
15162,2,"1 4 -1 4 4 4 1 4 4 -1 4 4",6,1,512
15163,2,"1 2 4 -2 4 4 4 4 4 -1 4 4",24,1,512
15164,2,"1 2 4 4 4 -1 -2 4 4 4 4 4",24,1,0
15165,2,"1 2 4 4 4 4 4 -2 4 4 -1 4",24,1,512
15166,2,"1 4 2 4 -2 4 4 4 4 4 -1 4",24,1,512
15167,2,"1 2 4 4 4 -2 4 -1 4 4 4 4",24,1,512
15168,2,"1 4 2 4 4 -2 4 4 -1 4 4 4",24,1,512
15169,2,"1 1 4 -1 4 -1 4 4 4 4 4 4",6,1,1024
15170,2,"1 2 4 4 4 4 4 -2 4 -1 4 4",24,1,512
15171,2,"1 4 2 4 -2 4 4 4 4 -1 4 4",24,1,512
15172,2,"1 4 2 4 4 4 -1 4 -2 4 4 4",12,1,512
15173,2,"1 2 4 4 4 4 -2 4 -1 4 4 4",24,1,512
15174,2,"1 2 -1 4 4 -2 4 4 4 4 4 4",24,1,0
15175,2,"1 4 -1 4 1 4 4 -1 4 4 4 4",6,1,512
15176,2,"1 1 4 4 -1 4 4 -1 4 4 4 4",6,1,1024
15177,2,"1 1 4 -1 4 4 4 4 -1 4 4 4",6,1,1024
15178,2,"1 4 -1 4 4 1 4 4 4 -1 4 4",6,1,512
15179,2,"1 4 -1 4 4 -1 4 1 4 4 4 4",6,1,512
15180,2,"1 4 4 1 4 4 -1 4 4 -1 4 4",3,1,512
15181,2,"1 4 2 4 4 -1 4 4 -2 4 4 4",24,1,512
15182,2,"1 2 4 4 -2 4 -1 4 4 4 4 4",24,1,512
15183,2,"1 4 2 4 4 -2 4 4 4 4 -1 4",24,1,512
15184,2,"1 4 1 4 4 -1 4 -1 4 4 4 4",6,1,512
15185,2,"1 2 4 -1 4 4 4 -2 4 4 4 4",24,1,512
15186,2,"1 4 -1 4 4 2 4 -2 4 4 4 4",24,1,512
15187,2,"1 2 4 -1 4 4 4 4 4 4 -2 4",24,1,512
15188,2,"1 2 4 4 4 4 -2 4 4 4 -1 4",24,1,512
15189,2,"1 4 2 4 -1 4 4 -2 4 4 4 4",24,1,512
15190,2,"1 2 4 4 -1 -2 4 4 4 4 4 4",24,1,0
15191,2,"1 2 -1 4 4 4 4 4 -2 4 4 4",24,1,0
15192,2,"1 2 4 4 -2 -1 4 4 4 4 4 4",24,1,1024
15193,2,"1 4 2 4 4 -2 4 4 4 -1 4 4",24,1,512
15194,2,"1 1 4 -1 4 4 4 4 4 4 -1 4",6,1,1024
15195,2,"1 1 4 4 4 4 -1 -1 4 4 4 4",3,1,2048
15196,2,"1 4 -1 4 4 4 2 4 -2 4 4 4",12,1,512
15197,2,"1 2 4 4 4 4 -2 4 4 -1 4 4",24,1,512
15198,2,"1 2 4 4 -2 4 4 4 -1 4 4 4",24,1,512
15199,2,"1 1 4 -1 4 4 4 4 4 -1 4 4",6,1,1024
15200,2,"1 1 4 4 4 -1 4 -1 4 4 4 4",6,1,1024
15201,2,"1 4 1 4 -1 4 -1 4 4 4 4 4",6,1,512
15202,2,"1 4 -1 4 4 4 -1 4 4 1 4 4",6,1,512
15203,2,"1 2 4 -1 4 4 4 4 4 -2 4 4",24,1,512
15204,2,"1 2 4 4 4 -2 -1 4 4 4 4 4",24,1,1024
15205,2,"1 4 -1 4 4 2 4 4 4 -2 4 4",24,1,512
15206,2,"1 2 4 4 -1 4 4 4 -2 4 4 4",24,1,512
15207,2,"1 4 2 4 -1 4 4 4 4 -2 4 4",24,1,512
15208,2,"1 4 1 4 4 4 4 -1 4 4 -1 4",6,1,512
15209,2,"1 4 -1 4 4 -1 4 4 4 1 4 4",6,1,512
15210,2,"1 2 4 -2 4 4 4 -1 4 4 4 4",24,1,512
15211,2,"1 2 4 -1 4 4 -2 4 4 4 4 4",24,1,512
15212,2,"1 4 2 4 4 -1 4 -2 4 4 4 4",24,1,512
15213,3,"4 4 4 4 4 4 4 4 4 4 4 4",1,12,8192
