j,trajectory,M,S,D
1,"1 2 2 2 2 2 -1 -2 -2 -2 -2 -2",12,1,-2048
2,"1 2 1 2 -1 -2 -2 -2 -2 -1 2 2",48,1,512
3,"1 2 1 2 2 -1 2 -1 -2 -2 -2 -2",24,1,-512
4,"1 2 1 -2 -2 -1 2 2 2 -1 -2 -2",24,1,512
5,"1 2 -1 -1 -2 -2 -2 -2 1 2 2 2",48,1,-1024
6,"1 2 2 -1 -2 -2 1 2 2 -1 -2 -2",12,2,512
7,"1 2 1 2 2 2 -1 -2 -1 -2 -2 -2",24,1,-512
8,"1 2 -1 2 2 2 1 -2 -1 -2 -2 -2",24,1,512
9,"1 2 -1 2 2 2 1 -2 -2 -2 -1 -2",24,1,512
10,"1 2 1 2 -1 2 2 -1 -2 -2 -2 -2",48,1,-512
11,"1 2 -1 -1 2 2 2 1 -2 -2 -2 -2",48,1,1024
12,"1 2 -1 2 2 1 2 -1 -2 -2 -2 -2",24,1,-512
13,"1 2 -1 -2 -2 -1 2 2 2 1 -2 -2",24,1,512
14,"1 2 2 2 2 -1 -1 -2 -2 -2 -2 1",12,1,-2048
15,"1 2 1 2 2 2 -1 -2 -2 -1 -2 -2",48,1,-512
16,"1 2 1 -2 -1 2 2 2 -1 -2 -2 -2",48,1,512
17,"1 2 1 2 2 2 -1 -1 -2 -2 -2 -2",48,1,-1024
18,"1 2 2 1 2 2 -1 -2 -2 -1 -2 -2",24,1,-512
19,"1 2 1 2 2 2 -1 -2 -2 -2 -1 -2",48,1,-512
20,"1 2 -1 2 2 2 1 -2 -2 -1 -2 -2",48,1,512
21,"1 2 -1 2 2 2 -1 -2 1 -2 -2 -2",24,1,-512
22,"1 2 -1 2 1 2 2 -1 -2 -2 -2 -2",48,1,-512
23,"1 2 -1 2 2 -1 2 1 -2 -2 -2 -2",24,1,512
24,"1 2 -1 -2 -2 1 2 2 2 -1 -2 -2",24,1,512
25,"1 2 2 1 2 2 -1 -1 -2 -2 -2 -2",48,1,-1024
26,"1 2 2 1 -2 -2 -1 2 2 -1 -2 -2",12,1,512
27,"1 2 2 -1 -1 2 2 1 -2 -2 -2 -2",24,1,1024
28,"1 2 2 -1 2 2 1 -2 -2 -1 -2 -2",12,1,512
29,"1 2 -1 2 2 2 -1 -2 -2 1 -2 -2",48,1,-512
30,"1 2 -1 -2 1 2 2 2 -1 -2 -2 -2",24,1,512
31,"1 2 1 1 -2 -1 2 2 -1 -2 -1 -2",48,1,256
32,"1 2 1 1 -2 -2 -1 2 2 -1 -1 -2",48,1,512
33,"1 2 1 -2 -1 2 1 -2 -1 2 -1 -2",24,1,-128
34,"1 2 1 1 2 -1 -1 2 -1 -2 -2 -2",24,1,-512
35,"1 2 -1 -1 -2 -2 1 1 2 2 -1 -2",24,1,512
36,"1 2 1 1 2 2 -1 -1 -2 -1 -2 -2",48,1,-512
37,"1 2 1 1 -2 -1 2 2 -1 -1 -2 -2",48,1,512
38,"1 2 1 -2 1 2 -1 -2 -1 2 -1 -2",12,1,-128
39,"1 2 1 2 -1 -1 -2 -2 1 2 -1 -2",48,1,256
40,"1 2 1 1 -2 -1 -2 -1 -2 -1 2 2",24,1,-256
41,"1 2 1 1 2 -1 -1 -2 -2 -2 -1 2",48,1,512
42,"1 2 1 2 -1 -1 -2 -2 -1 2 1 -2",48,1,256
43,"1 2 -1 -1 -1 -2 -2 -2 1 2 2 1",24,1,-1024
44,"1 2 1 1 -2 -1 2 -1 2 -1 -2 -2",48,1,256
45,"1 2 1 2 1 2 -1 -2 -1 -2 -1 -2",12,1,-128
46,"1 2 1 2 -1 -2 -1 2 1 -2 -1 -2",24,1,128
47,"1 2 1 -2 -1 -1 -2 1 2 2 -1 -2",48,1,-256
48,"1 2 1 1 2 2 -1 -1 -2 -2 -1 -2",24,1,-512
49,"1 2 1 1 2 2 -1 -1 -1 -2 -2 -2",48,1,-1024
50,"1 2 -1 -1 -1 2 2 1 1 -2 -2 -2",24,1,1024
51,"1 2 1 1 -2 -1 2 -1 -2 -2 -1 2",48,1,-256
52,"1 2 -1 -1 -2 1 1 2 2 -1 -2 -2",24,1,512
53,"1 2 1 2 1 2 -1 -1 -1 -2 -2 -2",24,1,-512
54,"1 2 1 1 2 -1 2 -1 -2 -2 -1 -2",24,1,-256
55,"1 2 1 1 2 -1 -2 -2 -1 -2 -1 2",24,1,256
56,"1 2 1 1 2 2 -1 -2 -2 -1 -1 -2",48,1,-512
57,"1 2 1 1 -2 -2 -1 -2 -1 2 -1 2",24,1,-256
58,"1 2 1 2 -1 -2 1 -2 -1 2 -1 -2",24,1,-128
59,"1 2 1 2 1 2 -1 -2 -2 -1 -1 -2",24,1,-256
60,"1 2 1 2 -1 -2 -2 1 2 -1 -1 -2",24,1,256
61,"1 2 -1 -1 -1 -2 1 2 2 1 -2 -2",24,1,-512
62,"1 2 1 1 2 -1 2 -1 -2 -1 -2 -2",48,1,-256
63,"1 2 1 1 2 -1 -2 -2 -1 2 -1 -2",48,1,-256
64,"1 2 1 1 -2 -2 -1 2 -1 -2 -1 2",48,1,-256
65,"1 2 1 1 -2 -2 -1 -2 -1 -1 2 2",12,1,-512
66,"1 2 1 2 -1 2 -1 -2 -1 -2 1 -2",6,1,-128
67,"1 2 1 -2 -1 -1 2 1 2 -1 -2 -2",24,1,256
68,"1 2 1 -2 -1 -1 -1 2 2 1 -2 -2",48,1,-512
69,"1 2 1 -2 -1 2 1 2 -1 -1 -2 -2",24,1,256
70,"1 2 1 2 -1 2 -1 -2 1 -2 -1 -2",24,1,-128
71,"1 2 1 1 2 -1 -2 -2 -2 -1 -1 2",48,1,512
72,"1 2 1 1 -2 -2 -2 -1 -1 2 -1 2",24,1,-512
73,"1 2 1 1 -2 -2 -1 2 -1 2 -1 -2",48,1,256
74,"1 2 1 1 2 -1 2 -1 -1 -2 -2 -2",48,1,-512
75,"1 2 1 2 -1 -1 -1 2 1 -2 -2 -2",24,1,512
76,"1 2 1 1 2 2 -1 -2 -1 -2 -1 -2",48,1,-256
77,"1 2 -1 -1 2 1 -2 -1 2 1 -2 -2",24,1,-256
78,"1 2 1 1 -2 -2 -2 -1 -1 -1 2 2",24,1,-1024
79,"1 2 1 -2 1 2 2 -1 -1 -1 -2 -2",24,1,-512
80,"1 2 1 -2 -1 -1 2 2 1 -2 -1 -2",24,1,-256
81,"1 2 1 1 2 2 -1 -2 -1 -1 -2 -2",24,1,-512
82,"1 2 1 1 -2 -2 -1 -1 2 2 -1 -2",48,1,512
83,"1 2 1 2 -1 -2 1 2 -1 -2 -1 -2",24,1,128
84,"1 2 1 2 -1 2 1 -2 -2 -1 -1 -2",48,1,256
85,"1 2 1 1 2 -1 -2 -1 2 -1 -2 -2",48,1,-256
86,"1 2 1 1 -2 -1 -1 2 2 -1 -2 -2",48,1,512
87,"1 2 1 1 -2 -1 -2 -1 2 2 -1 -2",48,1,256
88,"1 2 1 2 1 -2 -1 2 -1 -2 -1 -2",48,1,128
89,"1 2 -1 -1 2 2 -1 -2 1 1 -2 -2",12,1,-512
90,"1 2 -1 -2 1 2 -1 -2 1 2 -1 -2",6,3,-128
91,"1 2 2 2 -1 -1 -1 -2 -2 -2 1 1",6,1,-2048
92,"1 2 1 1 2 -1 -2 -1 -2 -2 -1 2",24,1,256
93,"1 2 1 1 -2 -1 -1 -2 -2 -1 2 2",24,1,-512
94,"1 2 1 2 -1 -1 -2 1 2 -1 -2 -2",24,1,256
95,"1 2 -1 -1 -1 2 2 1 -2 -2 -2 1",24,1,1024
96,"1 2 3 -1 3 3 3 -2 -3 -3 -3 -3",192,1,-512
97,"1 2 3 2 2 2 -3 -2 -1 -2 -2 -2",96,1,0
98,"1 2 3 2 -3 2 2 -1 -2 -2 -2 -2",192,1,-512
99,"1 2 -1 2 2 3 2 -3 -2 -2 -2 -2",96,1,0
100,"1 2 3 2 -1 2 2 -3 -2 -2 -2 -2",192,1,0
101,"1 2 3 -2 -2 -1 2 2 2 -3 -2 -2",96,1,-512
102,"1 2 -1 -2 -2 3 2 2 2 -3 -2 -2",96,1,512
103,"1 2 3 -2 -3 -3 -3 -3 -1 3 3 3",192,1,512
104,"1 2 3 2 2 2 -1 -2 -3 -2 -2 -2",96,1,-512
105,"1 2 3 -2 -2 -2 -3 2 2 2 -1 -2",192,1,512
106,"1 2 3 3 3 3 -1 -2 -3 -3 -3 -3",48,1,-1024
107,"1 2 3 3 3 3 -1 -3 -3 -3 -3 -2",96,1,-1024
108,"1 2 3 -1 -3 -3 -3 -3 -2 3 3 3",192,1,-512
109,"1 2 3 2 2 2 -3 -2 -2 -1 -2 -2",192,1,0
110,"1 2 3 3 3 -2 3 -1 -3 -3 -3 -3",192,1,-512
111,"1 2 3 2 2 2 -1 -2 -2 -3 -2 -2",192,1,-512
112,"1 2 3 2 2 2 -3 -2 -2 -2 -1 -2",192,1,0
113,"1 2 3 -2 -1 2 2 2 -3 -2 -2 -2",96,1,-512
114,"1 2 2 3 2 2 -3 -2 -2 -1 -2 -2",96,1,0
115,"1 2 3 3 3 -1 3 -2 -3 -3 -3 -3",192,1,-512
116,"1 2 2 3 2 2 -1 -2 -2 -3 -2 -2",48,1,-512
117,"1 2 3 3 -1 -3 -3 -3 -3 -2 3 3",96,1,-512
118,"1 2 3 2 2 2 -1 -2 -2 -2 -3 -2",96,1,-512
119,"1 2 3 3 -2 3 3 -1 -3 -3 -3 -3",192,1,-512
120,"1 2 3 3 -2 -3 -3 -3 -3 -1 3 3",96,1,512
121,"1 2 3 2 2 -3 2 -1 -2 -2 -2 -2",96,1,-512
122,"1 2 2 3 -2 -2 -3 2 2 -1 -2 -2",48,1,512
123,"1 2 3 -2 3 3 3 -1 -3 -3 -3 -3",192,1,-512
124,"1 2 3 3 -1 3 3 -2 -3 -3 -3 -3",192,1,-512
125,"1 2 2 3 -2 -2 -1 2 2 -3 -2 -2",24,1,-512
126,"1 2 3 3 3 3 -2 -1 -3 -3 -3 -3",48,1,-1024
127,"1 2 3 2 2 -1 2 -3 -2 -2 -2 -2",96,1,0
128,"1 2 -1 2 2 2 3 -2 -2 -3 -2 -2",192,1,0
129,"1 2 -1 2 2 2 3 -2 -3 -2 -2 -2",96,1,0
130,"1 2 3 2 2 -3 -2 -2 -2 -2 -1 2",192,1,0
131,"1 2 3 -2 -2 -3 2 2 2 -1 -2 -2",96,1,512
132,"1 2 3 -1 3 2 3 -2 -2 -3 -3 -3",192,1,-256
133,"1 2 3 -2 3 3 -1 -3 2 -3 -3 -2",192,1,-256
134,"1 2 3 3 -1 -3 2 -3 -3 -2 -2 3",192,1,-256
135,"1 2 3 3 2 -3 -3 -3 -2 3 -1 -2",192,1,256
136,"1 2 3 -1 -3 -3 2 3 -2 3 -2 -3",192,1,128
137,"1 2 3 -1 3 -2 3 -2 -3 2 -3 -3",192,1,-128
138,"1 2 3 -2 -2 -1 -2 3 2 -3 -3 2",192,1,256
139,"1 2 3 -2 -2 -3 -3 2 -3 -1 3 3",192,1,256
140,"1 2 3 -2 3 2 -3 -3 -1 3 -2 -3",192,1,-128
141,"1 2 3 -2 -3 2 -3 -3 -1 3 -2 3",192,1,128
142,"1 2 3 -2 -3 -3 2 3 -1 -3 -2 3",192,1,128
143,"1 2 3 -1 3 3 -2 -3 2 -3 -3 -2",192,1,0
144,"1 2 3 -2 -3 -1 3 2 -3 -3 -2 3",192,1,-128
145,"1 2 3 -1 -3 -2 3 2 3 -2 -3 -3",192,1,-128
146,"1 2 3 2 3 -2 -3 -1 3 -2 -3 -3",192,1,128
147,"1 2 3 -2 3 2 3 -2 -3 -1 -3 -3",192,1,-128
148,"1 2 3 -2 -3 -3 -1 -3 2 3 -2 3",192,1,-128
149,"1 2 3 3 3 -1 -3 -3 2 -3 -2 -2",192,1,-512
150,"1 2 3 -2 3 -1 -3 -3 -2 3 2 -3",192,1,128
151,"1 2 3 2 3 -2 -3 -2 -3 -3 -1 3",192,1,128
152,"1 2 3 3 -2 3 -2 -3 2 -3 -1 -3",192,1,-128
153,"1 2 -1 3 -2 -3 -2 3 3 2 -3 -3",192,1,256
154,"1 2 3 -1 3 3 2 -3 -3 -3 -2 -2",192,1,0
155,"1 2 3 2 -3 -2 -2 3 3 -1 -3 -3",192,1,256
156,"1 2 3 3 -2 -3 -2 -3 -1 -3 2 3",192,1,-128
157,"1 2 3 -2 -3 2 -3 -2 3 2 -1 -2",96,1,-128
158,"1 2 3 -2 -3 2 -1 -2 3 2 -3 -2",48,1,-128
159,"1 2 3 2 3 3 -2 -3 -2 -1 -3 -3",192,1,-256
160,"1 2 3 -2 -3 -1 -2 3 3 2 -3 -3",192,1,0
161,"1 2 3 -1 -3 -3 2 3 -2 -3 -2 3",192,1,128
162,"1 2 3 3 -1 -2 -3 -3 -2 -3 2 3",192,1,0
163,"1 2 3 3 3 2 -1 -3 -2 -2 -3 -3",192,1,0
164,"1 2 3 -2 -1 -2 -2 3 2 -3 -3 2",192,1,256
165,"1 2 3 3 -1 3 -2 -2 -3 2 -3 -3",192,1,-256
166,"1 2 3 2 3 3 -2 -3 -3 -2 -1 -3",192,1,-256
167,"1 2 3 2 -3 2 -3 -2 3 -2 -1 -2",192,1,0
168,"1 2 3 -2 3 2 -3 -2 -3 2 -1 -2",96,1,-128
169,"1 2 3 3 3 -2 -1 2 -3 -3 -3 -2",48,1,-512
170,"1 2 3 3 -1 3 -2 -3 -2 -3 2 -3",192,1,-128
171,"1 2 -1 3 3 -2 3 2 -3 -2 -3 -3",96,1,256
172,"1 2 3 2 -3 -2 -3 -2 -3 -1 3 3",192,1,-128
173,"1 2 3 3 -1 2 -3 -3 -3 -2 -2 3",192,1,-512
174,"1 2 3 3 -2 -2 -3 2 -3 -3 -1 3",192,1,256
175,"1 2 3 -2 3 3 -1 -2 -3 -3 -3 2",192,1,-256
176,"1 2 3 3 2 -3 -3 -1 -3 -2 -2 3",192,1,-256
177,"1 2 3 -1 3 -2 -3 2 3 -2 -3 -3",192,1,128
178,"1 2 3 -1 -3 -3 -3 2 3 -2 -2 3",192,1,256
179,"1 2 3 -2 -3 -1 2 3 3 -2 -3 -3",192,1,256
180,"1 2 3 -2 3 -2 -3 -3 -3 2 -1 3",192,1,0
181,"1 2 3 -2 -3 -3 -2 3 -1 -3 2 3",192,1,128
182,"1 2 3 -2 -3 -3 -1 -2 3 3 2 -3",192,1,0
183,"1 2 3 -2 -1 -3 -2 3 3 2 -3 -3",192,1,256
184,"1 2 3 3 2 -3 -3 -2 -2 3 -1 -3",192,1,256
185,"1 2 3 -1 -3 -3 2 -3 -2 3 3 -2",192,1,-256
186,"1 2 3 2 3 -2 -3 -3 -1 3 -2 -3",192,1,128
187,"1 2 3 2 -3 -3 -2 3 -2 -3 -1 3",192,1,-128
188,"1 2 3 -2 -3 -2 3 3 2 -3 -1 -3",192,1,128
189,"1 2 3 3 3 2 -1 -2 -2 -3 -3 -3",192,1,-512
190,"1 2 3 2 -3 -3 -1 3 3 -2 -2 -3",192,1,-256
191,"1 2 3 -1 3 3 2 -3 -2 -3 -3 -2",192,1,0
192,"1 2 3 -2 3 3 2 -3 -1 -3 -2 -3",192,1,128
193,"1 2 3 -1 -3 -2 3 -2 3 2 -3 -3",192,1,128
194,"1 2 3 -2 -2 -3 -3 -3 -1 3 3 2",192,1,0
195,"1 2 3 -2 -3 -3 -1 -3 -2 3 2 3",192,1,128
196,"1 2 3 3 -1 -2 -3 -3 -2 3 2 -3",192,1,256
197,"1 2 3 -2 -3 -1 3 -2 -3 -3 2 3",192,1,-128
198,"1 2 3 3 2 3 -2 -2 -3 -3 -1 -3",192,1,-256
199,"1 2 -1 3 2 -3 -2 3 3 -2 -3 -3",192,1,256
200,"1 2 3 -2 3 2 -3 -3 -2 -3 -1 3",192,1,-128
201,"1 2 3 -2 3 3 2 -3 -2 -3 -1 -3",192,1,128
202,"1 2 3 -1 2 -3 -3 -3 -2 3 -2 3",192,1,-256
203,"1 2 3 -1 -2 3 2 3 -2 -3 -3 -3",192,1,-256
204,"1 2 3 3 3 2 -1 -2 -3 -3 -3 -2",48,1,-512
205,"1 2 2 3 -1 -3 -3 -2 -3 -2 3 3",192,1,-256
206,"1 2 3 -2 -3 -3 2 -3 -2 3 -1 3",192,1,128
207,"1 2 3 -2 -3 -3 -3 2 -1 3 -2 3",192,1,0
208,"1 2 3 3 -1 -3 -2 -3 -2 -3 2 3",192,1,128
209,"1 2 3 2 3 -1 3 -2 -3 -2 -3 -3",192,1,-128
210,"1 2 3 -2 3 -1 3 2 -3 -3 -2 -3",192,1,128
211,"1 2 3 3 -2 -3 -2 -3 2 -3 -1 3",192,1,128
212,"1 2 3 -1 3 -2 -3 2 -3 -3 -2 3",192,1,128
213,"1 2 3 -1 3 3 -2 -2 -3 2 -3 -3",192,1,-256
214,"1 2 3 -2 3 -1 2 -3 -3 -3 -2 3",192,1,-256
215,"1 2 3 -2 -2 3 3 -1 2 -3 -3 -3",192,1,0
216,"1 2 3 -2 -1 -2 -3 2 3 -2 -3 2",96,1,128
217,"1 2 3 -1 3 -2 3 2 -3 -3 -2 -3",192,1,128
218,"1 2 3 2 3 3 -1 -3 -3 -2 -2 -3",192,1,-256
219,"1 2 3 3 -1 -3 -3 -2 -2 -3 2 3",192,1,256
220,"1 2 3 3 -2 -3 -1 -2 -3 -3 2 3",96,1,-256
221,"1 2 3 -2 3 -2 3 -1 -3 2 -3 -3",192,1,-128
222,"1 2 3 2 -3 -2 3 3 -2 -1 -3 -3",192,1,256
223,"1 2 3 2 -3 -1 -3 -2 -3 -2 3 3",192,1,-128
224,"1 2 3 2 -1 -2 3 2 -3 -2 -3 -2",192,1,128
225,"1 2 3 -2 -1 -2 3 3 2 -3 -3 -3",192,1,256
226,"1 2 3 3 -2 -2 -3 -3 -1 -3 2 3",192,1,-256
227,"1 2 3 2 -3 -1 3 3 -2 -2 -3 -3",192,1,-256
228,"1 2 3 -1 3 -2 -3 -2 3 2 -3 -3",192,1,128
229,"1 2 3 -2 -3 2 -1 -3 -3 -2 3 3",96,1,256
230,"1 2 3 -2 3 3 2 -1 -2 -3 -3 -3",192,1,-256
231,"1 2 2 3 3 3 -2 -2 -3 -1 -3 -3",192,1,-512
232,"1 2 3 -2 -3 -3 -3 2 3 -2 -1 3",96,1,-256
233,"1 2 -1 3 -2 -2 3 3 2 -3 -3 -3",192,1,512
234,"1 2 3 -1 -3 -3 -2 3 -2 3 2 -3",192,1,128
235,"1 2 2 -1 3 3 -2 3 -2 -3 -3 -3",192,1,-512
236,"1 2 3 -2 -3 2 3 -1 3 -2 -3 -3",192,1,128
237,"1 2 3 -1 -3 -3 -3 -2 -2 3 3 2",192,1,0
238,"1 2 3 2 -3 -1 -3 -2 3 3 -2 -3",192,1,128
239,"1 2 3 -2 3 2 3 -1 -3 -3 -3 -2",192,1,-256
240,"1 2 3 2 -3 -3 -3 -2 3 3 -1 -2",192,1,256
241,"1 2 3 3 -2 -3 -1 3 2 -3 -3 -2",96,1,-256
242,"1 2 3 3 3 -2 -3 2 -3 -3 -1 -2",192,1,256
243,"1 2 3 -2 -1 2 -3 -2 3 -2 -3 2",192,1,0
244,"1 2 3 -2 -3 2 -3 -3 -2 -1 3 3",192,1,256
245,"1 2 3 2 3 -2 -3 -3 -2 -3 -1 3",192,1,128
246,"1 2 3 -2 3 3 -2 -3 2 -3 -1 -3",192,1,-128
247,"1 2 3 2 -1 -2 -2 -3 -3 2 3 -2",192,1,256
248,"1 2 3 2 3 -2 -2 -1 2 -3 -3 -2",192,1,-256
249,"1 2 3 2 -3 -2 -3 -3 -2 3 -1 3",192,1,-128
250,"1 2 3 -2 -3 -3 -2 -3 2 3 -1 3",192,1,-128
251,"1 2 3 -2 -3 -3 -3 -2 -1 3 2 3",192,1,256
252,"1 2 3 2 -3 -3 -1 -3 -2 3 -2 3",192,1,-128
253,"1 2 3 3 3 2 -3 -3 -3 -2 -1 -2",192,1,0
254,"1 2 3 2 -3 -3 -3 -1 3 -2 -2 3",192,1,-256
255,"1 2 3 -2 -3 -2 -3 -2 3 2 -1 2",96,1,128
256,"1 2 3 -1 -2 -3 -3 -3 -2 3 3 2",192,1,256
257,"1 2 2 3 3 3 -2 -3 -2 -3 -1 -3",192,1,-256
258,"1 2 3 -1 3 2 3 -2 -3 -3 -2 -3",192,1,-128
259,"1 2 3 -2 3 3 -1 -3 -2 -3 2 -3",192,1,-128
260,"1 2 3 3 -2 3 -1 2 -3 -3 -2 -3",96,1,0
261,"1 2 3 -1 -2 3 -2 3 2 -3 -3 -3",192,1,256
262,"1 2 3 2 -3 -3 -3 -2 -2 3 -1 3",192,1,-256
263,"1 2 3 -2 -2 -3 -3 -3 2 3 -1 3",192,1,-256
264,"1 2 2 3 -2 -3 -3 -2 -3 -1 3 3",192,1,256
265,"1 2 3 2 -3 -3 -3 -2 -1 -2 3 3",192,1,-256
266,"1 2 3 -2 3 2 -3 -1 3 -2 -3 -3",192,1,-128
267,"1 2 3 2 -3 2 3 -2 -3 -2 -1 -2",192,1,0
268,"1 2 3 2 3 -2 -1 -2 -3 2 -3 -2",192,1,0
269,"1 2 3 -1 -2 3 3 -2 -3 -3 -3 2",192,1,-256
270,"1 2 3 2 3 -2 3 -1 -3 -3 -2 -3",192,1,-128
271,"1 2 3 -2 3 -1 -2 -3 -3 -3 2 3",192,1,0
272,"1 2 2 3 3 -2 3 -2 -3 -1 -3 -3",192,1,-256
273,"1 2 3 2 -1 -2 3 3 -2 -3 -3 -3",192,1,-256
274,"1 2 3 2 3 3 -2 -3 -1 -3 -2 -3",192,1,-128
275,"1 2 3 -2 -3 -3 -3 -2 3 2 -1 3",96,1,0
276,"1 2 2 3 -2 -3 -3 -3 -2 3 -1 3",192,1,256
277,"1 2 2 3 3 -2 -2 3 -1 -3 -3 -3",192,1,-512
278,"1 2 3 -2 -1 2 -3 -2 -3 -2 3 2",192,1,0
279,"1 2 3 -2 -2 -3 -3 -2 3 2 -1 2",192,1,256
280,"1 2 3 3 -2 3 -1 -3 2 -3 -3 -2",96,1,-256
281,"1 2 3 2 -1 3 3 -2 -2 -3 -3 -3",192,1,-512
282,"1 2 3 3 3 2 -3 -2 -3 -3 -1 -2",192,1,-256
283,"1 2 3 3 -2 -2 -1 -2 -3 -3 2 2",96,1,-512
284,"1 2 3 -2 3 2 2 -1 -2 -3 -3 -2",192,1,-256
285,"1 2 3 -2 -3 2 -3 -2 -3 -1 3 3",192,1,128
286,"1 2 3 3 3 2 -3 -2 -2 -3 -1 -3",192,1,256
287,"1 2 3 -2 3 2 -1 2 -3 -3 -2 -2",192,1,0
288,"1 2 3 -1 3 3 -2 -3 -3 2 -3 -2",192,1,0
289,"1 2 3 3 -1 -3 2 3 -2 -3 -3 -2",192,1,256
290,"1 2 2 3 3 -2 -3 -2 3 -1 -3 -3",192,1,-256
291,"1 2 3 -2 -1 3 3 -2 -3 2 -3 -3",192,1,0
292,"1 2 -1 3 2 -3 -3 -3 -2 3 -2 3",192,1,0
293,"1 2 3 -2 -1 2 -3 -3 -2 -2 3 2",192,1,0
294,"1 2 3 2 -1 -2 -2 3 2 -3 -3 -2",192,1,256
295,"1 2 3 -2 -3 -3 2 -1 3 3 -2 -3",192,1,256
296,"1 2 3 -2 -2 3 3 2 -3 -1 -3 -3",192,1,256
297,"1 2 2 3 3 -1 3 -2 -2 -3 -3 -3",192,1,-512
298,"1 2 3 -2 -1 2 3 -2 -3 -2 -3 2",192,1,0
299,"1 2 3 -2 3 -2 -3 -3 -1 3 2 -3",192,1,-128
300,"1 2 3 -2 3 3 -2 -3 -1 2 -3 -3",192,1,-256
301,"1 2 3 3 2 -3 -1 -3 -2 3 -2 -3",192,1,128
302,"1 2 2 3 3 3 -1 -3 -2 -3 -2 -3",192,1,-256
303,"1 2 3 -1 2 -3 -3 -2 -3 -2 3 3",192,1,-256
304,"1 2 3 -1 3 2 -3 -3 -2 3 -2 -3",192,1,128
305,"1 2 2 3 -1 -3 -3 -2 3 3 -2 -3",192,1,-256
306,"1 2 3 -1 3 -2 3 2 -3 -2 -3 -3",192,1,128
307,"1 2 3 -2 -3 2 3 -1 -3 -3 -2 3",192,1,128
308,"1 2 2 3 3 -1 -3 -3 -3 -2 -2 3",192,1,-512
309,"1 2 3 3 -1 -2 -2 -3 -3 -3 2 3",192,1,0
310,"1 2 3 3 2 3 -1 -3 -2 -3 -3 -2",96,1,-256
311,"1 2 3 2 -3 2 -1 -2 -3 -2 3 -2",48,1,-128
312,"1 2 3 -1 3 -2 -3 -3 2 3 -2 -3",192,1,128
313,"1 2 3 -2 -2 3 3 -1 -3 -3 -3 2",192,1,0
314,"1 2 3 3 2 -1 3 -2 -3 -3 -2 -3",192,1,-256
315,"1 2 -1 3 2 3 -2 3 -2 -3 -3 -3",192,1,-256
316,"1 2 3 3 -2 -3 -1 3 -2 -3 -3 2",96,1,0
317,"1 2 3 -1 -3 -3 -2 3 -2 -3 2 3",192,1,128
318,"1 2 3 2 -3 -3 -3 -1 -2 3 3 -2",192,1,-256
319,"1 2 3 2 3 -2 -3 -3 2 -1 -2 -2",192,1,256
320,"1 2 2 3 -1 3 3 -2 -3 -3 -2 -3",192,1,-256
321,"1 2 3 -2 -1 2 3 -2 -2 -3 -3 2",192,1,0
322,"1 2 3 -2 3 -2 3 2 -1 -3 -3 -3",96,1,0
323,"1 2 3 3 -1 3 -2 -3 -2 -3 -3 2",192,1,-256
324,"1 2 3 3 2 3 -2 -3 -3 -2 -1 -3",192,1,-256
325,"1 2 3 2 -3 -2 -3 -3 -1 3 3 -2",192,1,-256
326,"1 2 3 -2 -3 -3 -1 3 2 3 -2 -3",192,1,128
327,"1 2 -1 3 -2 3 3 2 -3 -3 -2 -3",96,1,256
328,"1 2 3 2 -3 -2 -3 -2 3 2 -1 -2",192,1,128
329,"1 2 3 3 2 -3 -1 3 -2 -3 -2 -3",192,1,-128
330,"1 2 3 -1 -3 -3 2 -3 -2 3 -2 3",192,1,-128
331,"1 2 3 2 -3 -2 -3 -2 3 3 -1 -3",192,1,128
332,"1 2 3 3 -2 -3 -3 2 -1 3 -2 -3",96,1,256
333,"1 2 3 -2 -3 2 3 3 -2 -1 -3 -3",192,1,256
334,"1 2 3 3 -2 -2 -3 -3 -3 2 -1 3",192,1,0
335,"1 2 2 3 3 -2 -2 -3 -3 -3 -1 3",192,1,512
336,"1 2 3 -2 3 2 3 -1 -3 -2 -3 -3",192,1,-128
337,"1 2 3 2 -1 -2 -3 -3 -3 -2 3 3",192,1,-256
338,"1 2 3 2 3 -2 -3 -2 -3 2 -1 -2",192,1,128
339,"1 2 3 2 -3 -1 -3 -3 -2 -2 3 3",192,1,-256
340,"1 2 3 -2 3 3 -1 2 -3 -3 -3 -2",192,1,-256
341,"1 2 2 3 3 -2 -3 -3 -1 -3 -2 3",192,1,256
342,"1 2 3 3 -1 -2 -2 3 2 -3 -3 -3",192,1,512
343,"1 2 3 2 -3 -3 -2 -2 3 3 -1 -3",192,1,256
344,"1 2 3 2 -1 2 -3 -2 3 -2 -3 -2",192,1,0
345,"1 2 3 2 -3 -3 -2 -2 3 2 -1 -2",192,1,256
346,"1 2 3 3 -1 -3 -3 -3 2 3 -2 -2",192,1,512
347,"1 2 3 -1 3 -2 -3 -3 -2 3 2 -3",192,1,128
348,"1 2 3 -1 -3 -3 -3 2 3 3 -2 -2",192,1,512
349,"1 2 3 2 -3 -3 -2 -1 3 3 -2 -3",192,1,0
350,"1 2 3 -2 3 2 -3 -3 2 -1 -2 -2",192,1,-256
351,"1 2 3 -2 3 -2 -3 -3 2 2 -1 -2",192,1,256
352,"1 2 3 -1 3 -2 -3 -3 -2 -3 2 3",192,1,-128
353,"1 2 3 3 3 2 -3 -1 -3 -2 -2 -3",192,1,256
354,"1 2 3 -2 -2 -1 2 3 -2 -3 -3 2",192,1,0
355,"1 2 3 2 3 3 -1 -3 -3 -2 -3 -2",96,1,-256
356,"1 2 3 2 -3 -2 -1 3 3 -2 -3 -3",192,1,0
357,"1 2 3 3 -1 -2 -3 -3 2 3 -2 -3",192,1,256
358,"1 2 3 3 -2 -2 -3 2 3 -1 -3 -3",192,1,256
359,"1 2 3 -2 -3 -2 3 3 2 -1 -3 -3",192,1,0
360,"1 2 3 -2 -2 -3 2 3 3 -1 -3 -3",192,1,256
361,"1 2 3 -1 3 2 -3 -3 -3 -2 -2 3",192,1,-256
362,"1 2 3 2 -3 -2 3 3 -1 -3 -3 -2",192,1,256
363,"1 2 3 -2 3 -1 3 -2 -3 -3 -3 2",192,1,-256
364,"1 2 3 3 -1 -3 -2 -3 2 -3 -2 3",192,1,-128
365,"1 2 3 2 3 -2 -3 -1 -3 -3 -2 3",192,1,128
366,"1 2 3 -2 3 2 -1 3 -2 -3 -3 -3",192,1,-256
367,"1 2 2 3 -2 -3 -1 -3 -3 -2 3 3",192,1,256
368,"1 2 3 -2 -3 -3 -1 3 -2 3 2 -3",192,1,-128
369,"1 2 -1 3 -2 -3 2 -3 -3 -2 3 3",192,1,0
370,"1 2 3 -1 -3 -3 -3 -2 -2 3 2 3",192,1,-256
371,"1 2 3 -2 -3 2 -3 -3 -1 3 3 -2",192,1,256
372,"1 2 3 -2 -3 -2 -3 -3 -1 2 3 3",192,1,0
373,"1 2 3 2 -3 -3 2 3 -2 -1 -2 -2",192,1,0
374,"1 2 3 -2 -3 -1 3 3 -2 -3 -3 2",192,1,0
375,"1 2 3 2 -3 -3 -2 -3 -1 3 3 -2",192,1,-256
376,"1 2 3 3 -1 -3 -3 -2 -2 3 2 -3",192,1,256
377,"1 2 3 -2 -1 2 2 3 -2 -3 -3 -2",192,1,256
378,"1 2 3 -1 -2 -3 -3 -3 2 3 3 -2",192,1,256
379,"1 2 3 -2 -3 -2 -3 -1 3 3 2 -3",192,1,-128
380,"1 2 3 -1 -3 -3 2 3 3 -2 -2 -3",192,1,256
381,"1 2 3 2 3 -2 3 -1 -3 -2 -3 -3",192,1,-128
382,"1 2 3 2 -3 -3 -2 -1 -3 -2 3 3",192,1,0
383,"1 2 3 -2 -2 -3 -3 -1 3 3 2 -3",192,1,-256
384,"1 2 3 -1 3 3 -2 -2 -3 -3 -3 2",192,1,-512
385,"1 2 3 -2 -3 -3 -1 2 3 3 -2 -3",192,1,256
386,"1 2 3 3 2 -3 -3 -2 -1 -3 -2 3",192,1,0
387,"1 2 3 -1 -3 -3 -2 -2 -3 2 3 3",192,1,256
388,"1 2 3 2 3 3 -2 -1 -3 -3 -3 -2",192,1,-256
389,"1 2 3 3 3 -2 -2 -1 -3 2 -3 -3",192,1,-512
390,"1 2 3 3 -2 -3 -2 -3 -1 3 2 -3",192,1,-128
391,"1 2 3 -2 -1 3 3 2 -3 -2 -3 -3",192,1,0
392,"1 2 3 -2 -3 -3 -3 2 3 3 -1 -2",192,1,256
393,"1 2 3 3 2 3 -1 -3 -3 -2 -2 -3",192,1,-256
394,"1 2 3 -2 -3 -3 2 -1 -3 -2 3 3",192,1,256
395,"1 2 3 2 -1 -2 3 -2 -3 2 -3 -2",192,1,-128
396,"1 2 2 3 3 -2 3 -1 -3 -3 -2 -3",192,1,-256
397,"1 2 3 -2 -3 -3 -1 3 2 -3 -2 3",192,1,-128
398,"1 2 3 3 3 2 -3 -3 -3 -1 -2 -2",192,1,-512
399,"1 2 3 3 3 -2 -3 -3 -3 2 -1 -2",96,1,512
400,"1 2 3 2 -3 -1 3 3 -2 -3 -2 -3",192,1,-128
401,"1 2 3 2 -3 -2 3 -2 -3 -3 -1 3",192,1,-128
402,"1 2 3 2 3 3 -2 -3 -1 -3 -3 -2",192,1,0
403,"1 2 3 2 -3 -2 3 -2 3 -1 -3 -3",192,1,128
404,"1 2 3 2 -3 -3 -2 -1 -2 -2 3 2",192,1,-256
405,"1 2 3 3 -1 3 2 -3 -3 -2 -2 -3",192,1,256
406,"1 2 3 3 -2 -1 3 2 -3 -2 -3 -3",192,1,0
407,"1 2 3 -1 -3 -2 3 3 -2 -3 -3 2",192,1,0
408,"1 2 3 -2 3 -2 -3 -1 -3 -3 2 3",192,1,-128
409,"1 2 3 -2 3 -2 -3 -3 -1 -3 2 3",192,1,-128
410,"1 2 3 -2 -3 2 3 3 -1 -3 -3 -2",192,1,256
411,"1 2 2 3 -2 3 3 -1 -3 -2 -3 -3",192,1,-256
412,"1 2 3 3 -2 -3 -2 3 -1 -3 2 -3",192,1,-128
413,"1 2 3 -2 3 2 3 -2 -3 -3 -1 -3",192,1,-128
414,"1 2 3 -2 -3 -1 -3 -3 2 3 -2 3",192,1,-128
415,"1 2 3 -1 -2 -3 -3 -2 3 3 2 -3",192,1,256
416,"1 2 3 -2 3 3 2 -3 -2 -1 -3 -3",192,1,256
417,"1 2 3 2 3 3 -1 -2 -3 -2 -3 -3",96,1,-256
418,"1 2 3 2 -3 -3 -3 -2 -1 3 -2 3",192,1,-256
419,"1 2 3 -2 -3 2 -3 -3 -2 3 -1 3",192,1,128
420,"1 2 3 3 2 -3 -2 -3 -2 -2 -1 2",192,1,0
421,"1 2 3 -2 3 3 2 -3 -1 -2 -3 -3",192,1,0
422,"1 2 3 -1 2 -3 -3 -3 -2 3 3 -2",192,1,-256
423,"1 2 3 2 3 -2 -3 -2 3 -1 -3 -3",192,1,-128
424,"1 2 3 3 2 3 -1 -2 -3 -3 -3 -2",192,1,-256
425,"1 2 2 3 -1 -3 -2 -3 -3 -2 3 3",192,1,-256
426,"1 2 3 -1 3 3 -2 -2 -3 -3 2 -3",192,1,-256
427,"1 2 3 -1 3 3 -2 -3 2 -3 -2 -3",192,1,-128
428,"1 2 3 -2 3 -2 3 -1 2 -3 -3 -3",192,1,0
429,"1 2 3 -1 -3 2 -3 -2 -3 -2 3 3",192,1,-128
430,"1 2 2 3 3 -2 3 -1 -3 -2 -3 -3",192,1,-256
431,"1 2 3 -2 -3 -3 2 -3 -1 -2 3 3",192,1,256
432,"1 2 3 3 2 3 -1 -3 -3 -3 -2 -2",192,1,-512
433,"1 2 3 -2 -3 -3 -1 -3 2 3 3 -2",192,1,0
434,"1 2 2 3 -2 -2 3 3 -1 -3 -3 -3",192,1,-512
435,"1 2 3 3 -2 -1 3 2 -3 -3 -2 -3",192,1,0
436,"1 2 3 3 -1 -3 -2 -3 -2 3 2 -3",192,1,128
437,"1 2 -1 3 -2 -3 -2 -3 -3 2 3 3",192,1,0
438,"1 2 3 -2 -1 3 3 -2 -3 -3 2 -3",192,1,0
439,"1 2 3 3 -2 -3 -2 -3 2 3 -1 -3",192,1,128
440,"1 2 3 -1 -3 -2 -2 -3 -3 2 3 3",192,1,256
441,"1 2 2 -1 3 -2 -3 -3 -3 -2 3 3",192,1,0
442,"1 2 2 -1 3 3 3 -2 -2 -3 -3 -3",96,1,-1024
443,"1 2 3 -2 -3 -3 -1 3 -2 -3 2 3",192,1,-128
444,"1 2 3 -2 3 -2 -2 -1 2 -3 -3 2",192,1,0
445,"1 2 3 -2 3 -1 -3 -3 -3 2 3 -2",192,1,256
446,"1 2 3 -1 -3 -3 -2 3 3 2 -3 -2",192,1,256
447,"1 2 3 3 -2 -2 3 -1 -3 -3 2 -3",192,1,-256
448,"1 2 3 -2 -2 3 -1 3 2 -3 -3 -3",192,1,256
449,"1 2 3 -2 3 2 -3 -3 -2 3 -1 -3",192,1,128
450,"1 2 3 2 -3 -1 3 -2 3 -2 -3 -3",192,1,-128
451,"1 2 3 3 2 2 -1 -2 -3 -3 -2 -2",96,1,-512
452,"1 2 3 3 -2 -1 2 2 -3 -3 -2 -2",96,1,-512
453,"1 2 3 -2 -3 -3 2 3 -2 -3 -1 3",192,1,-128
454,"1 2 3 3 2 3 -2 -3 -2 -3 -1 -3",192,1,-128
455,"1 2 3 3 -2 3 2 -3 -3 -3 -1 -2",192,1,-256
456,"1 2 3 -2 -3 2 -1 3 3 -2 -3 -3",96,1,256
457,"1 2 3 -2 3 -1 2 3 -2 -3 -3 -3",192,1,0
458,"1 2 3 -2 3 2 3 -2 -1 -3 -3 -3",96,1,-256
459,"1 2 3 -2 3 3 -2 -3 2 -1 -3 -3",192,1,0
460,"1 2 -1 3 3 -2 -3 2 3 -2 -3 -3",96,1,256
461,"1 2 3 2 -3 2 -1 -2 3 -2 -3 -2",48,1,-128
462,"1 2 3 2 -3 -3 -1 -3 -2 -2 3 3",192,1,-256
463,"1 2 3 2 3 -2 -2 -3 -3 -3 -1 3",192,1,256
464,"1 2 3 3 3 -2 -2 -3 2 -3 -1 -3",192,1,-256
465,"1 2 3 2 -1 2 -3 -3 -2 3 -2 -2",192,1,0
466,"1 2 3 -2 3 3 -2 -3 -3 2 -1 -3",192,1,0
467,"1 2 3 3 -1 -3 -2 3 -2 -3 2 -3",192,1,-128
468,"1 2 3 3 3 2 -3 -3 -1 -3 -2 -2",192,1,0
469,"1 2 2 3 3 -2 -3 -3 -2 -3 -1 3",192,1,256
470,"1 2 3 2 -3 -2 -1 -2 -3 -2 3 2",96,1,-128
471,"1 2 3 3 -2 -3 -2 3 2 -3 -1 -3",192,1,128
472,"1 2 3 -2 3 -2 3 2 -3 -3 -1 -3",192,1,128
473,"1 2 3 -2 -3 -1 -3 -3 -2 3 2 3",192,1,128
474,"1 2 3 2 -3 -3 -3 -2 -2 -1 3 3",192,1,-512
475,"1 2 3 -2 -3 -3 -2 -3 -1 2 3 3",192,1,0
476,"1 2 3 -1 3 -2 -2 3 2 -3 -3 -3",192,1,256
477,"1 2 3 -2 -3 -2 3 3 -1 2 -3 -3",192,1,0
478,"1 2 3 2 -3 -3 2 3 -2 -2 -1 -2",192,1,0
479,"1 2 3 3 3 -1 -2 -2 -3 2 -3 -3",192,1,-512
480,"1 2 3 3 2 -3 -3 -3 -2 -2 -1 3",192,1,-512
481,"1 2 3 -1 2 3 3 -2 -3 -3 -2 -3",192,1,0
482,"1 2 3 2 -3 -3 -1 -2 3 3 -2 -3",192,1,0
483,"1 2 3 3 2 -1 3 -2 -3 -2 -3 -3",192,1,-256
484,"1 2 3 2 3 -1 -3 -2 3 -2 -3 -3",192,1,-128
485,"1 2 3 3 2 -3 -2 -2 -3 -3 -1 3",192,1,-256
486,"1 2 3 -1 3 3 2 -3 -2 -3 -2 -3",192,1,128
487,"1 2 3 -2 3 3 -2 -1 -3 -3 2 -3",192,1,-256
488,"1 2 3 -2 -3 -2 -3 -1 -3 2 3 3",192,1,-128
489,"1 2 3 -2 -3 2 -3 2 3 -2 -1 -2",192,1,0
490,"1 2 3 -2 -2 -3 -3 -1 -3 2 3 3",192,1,-256
491,"1 2 3 -2 3 3 -2 -3 -1 -3 -3 2",192,1,-256
492,"1 2 3 -2 -3 -3 -1 -3 -2 3 3 2",192,1,256
493,"1 2 3 3 2 -3 -3 -3 -1 -2 -2 3",192,1,-512
494,"1 2 -1 3 2 -3 -3 -2 -3 -2 3 3",192,1,0
495,"1 2 3 3 -2 -3 -1 -3 -2 -3 2 3",192,1,-128
496,"1 2 3 3 -2 -2 3 -1 -3 2 -3 -3",192,1,-256
497,"1 2 3 2 3 -2 -3 -3 -2 3 -1 -3",192,1,-128
498,"1 2 3 3 -2 3 -1 -3 -2 -3 -3 2",96,1,0
499,"1 2 3 -2 -3 -3 -1 2 -3 -2 3 3",96,1,0
500,"1 2 3 -2 -3 -3 -2 3 2 -3 -1 3",192,1,-128
501,"1 2 -1 3 -2 -3 -3 2 3 3 -2 -3",96,1,256
502,"1 2 3 2 -3 -2 3 2 -3 -2 -1 -2",192,1,0
503,"1 2 3 -2 -2 3 2 -3 -3 -3 -1 3",192,1,-256
504,"1 2 3 -2 3 -1 -3 -3 -3 -2 3 2",192,1,0
505,"1 2 3 2 -3 -3 -2 -1 2 3 -2 -2",192,1,-256
506,"1 2 3 3 2 3 -2 -2 -3 -1 -3 -3",192,1,-256
507,"1 2 -1 3 2 3 3 -2 -3 -2 -3 -3",192,1,-256
508,"1 2 3 3 3 2 -3 -3 -2 -3 -1 -2",192,1,-256
509,"1 2 3 -2 -2 -3 -3 2 3 -2 -1 2",192,1,0
510,"1 2 3 2 3 -2 3 -2 -3 -1 -3 -3",192,1,-128
511,"1 2 3 3 2 3 -2 -3 -3 -3 -1 -2",192,1,256
512,"1 2 3 -2 3 -1 -2 3 2 -3 -3 -3",192,1,256
513,"1 2 2 3 3 3 -1 -2 -2 -3 -3 -3",96,1,-1024
514,"1 2 3 -1 -2 -3 2 3 3 -2 -3 -3",192,1,256
515,"1 2 3 -2 3 2 -3 -3 -3 -2 -1 3",192,1,-256
516,"1 2 3 -2 -3 2 3 -2 3 -1 -3 -3",192,1,128
517,"1 2 2 3 -1 -3 -3 -3 -2 -2 3 3",192,1,-512
518,"1 2 3 2 -3 -1 -3 -3 -2 3 -2 3",192,1,-128
519,"1 2 3 2 3 -1 3 -2 -2 -3 -3 -3",192,1,-256
520,"1 2 3 2 3 -1 -3 -3 -3 -2 3 -2",192,1,-256
521,"1 2 3 -2 3 -1 3 2 -3 -3 -3 -2",192,1,0
522,"1 2 3 -2 -3 2 3 2 -3 -2 -1 -2",192,1,0
523,"1 2 3 2 3 3 -2 -1 -2 -3 -3 -3",192,1,-256
524,"1 2 3 2 -3 -3 -1 3 3 -2 -3 -2",96,1,-256
525,"1 2 3 -1 3 -2 3 2 -3 -3 -3 -2",192,1,0
526,"1 2 2 3 3 3 -1 -3 -3 -2 -2 -3",192,1,-512
527,"1 2 3 -1 -2 3 -2 -3 -3 -3 2 3",192,1,0
528,"1 2 3 -2 3 -1 3 -2 -3 2 -3 -3",192,1,-128
529,"1 2 3 -2 -3 2 3 3 -1 -3 -2 -3",192,1,128
530,"1 2 3 3 3 -1 2 -3 -3 -3 -2 -2",192,1,-512
531,"1 2 3 3 2 3 -1 -3 -2 -3 -2 -3",192,1,-128
532,"1 2 3 3 2 2 -3 -3 -2 -2 -1 -2",192,1,0
533,"1 2 3 -2 -3 2 -3 -1 3 3 -2 -3",192,1,128
534,"1 2 3 3 -2 -1 -3 -2 3 2 -3 -3",192,1,256
535,"1 2 3 -2 3 2 -3 -2 3 -1 -3 -3",192,1,128
536,"1 2 3 -2 -3 -3 -1 -2 -3 2 3 3",96,1,-256
537,"1 2 3 2 -1 2 -3 -2 -3 -2 3 -2",192,1,0
538,"1 2 3 3 2 -3 -2 -2 3 -1 -3 -3",192,1,256
539,"1 2 3 3 -2 3 -2 -3 -1 -3 2 -3",192,1,-128
540,"1 2 3 3 -2 -3 2 -3 -2 -3 -1 3",192,1,128
541,"1 2 3 -1 -3 -3 -2 -3 2 3 -2 3",192,1,128
542,"1 2 3 3 -2 3 -1 -2 -3 -3 2 -3",96,1,-256
543,"1 2 3 2 -1 -3 -2 3 3 -2 -3 -3",192,1,0
544,"1 2 3 2 -3 -3 -2 3 -2 3 -1 -3",192,1,128
545,"1 2 3 3 -2 -1 -2 -2 -3 -3 2 2",96,1,-512
546,"1 2 3 3 -2 -3 -3 2 2 -1 -2 -2",192,1,512
547,"1 2 3 2 3 -2 -3 -3 -3 -2 -1 3",192,1,256
548,"1 2 3 3 -2 3 -2 -3 -3 -3 -1 2",192,1,-256
549,"1 2 2 3 -2 -3 -3 -1 3 3 -2 -3",192,1,256
550,"1 2 3 -1 -2 -3 -3 2 3 3 -2 -3",192,1,256
551,"1 2 3 -2 -3 -1 -3 -3 2 3 3 -2",192,1,0
552,"1 2 3 2 3 -1 -2 3 -2 -3 -3 -3",192,1,-256
553,"1 2 2 3 -1 -3 -2 3 3 -2 -3 -3",192,1,-256
554,"1 2 2 3 -2 -3 -2 -3 -3 -1 3 3",192,1,256
555,"1 2 3 -1 3 2 3 -2 -3 -3 -3 -2",192,1,0
556,"1 2 3 3 -2 3 -1 2 -3 -3 -3 -2",192,1,-256
557,"1 2 3 -1 -2 3 3 2 -3 -2 -3 -3",192,1,256
558,"1 2 3 3 3 2 -3 -2 -2 -1 -3 -3",192,1,512
559,"1 2 2 3 -2 -3 -3 -2 3 3 -1 -3",192,1,-256
560,"1 2 3 -2 3 3 -2 -3 -1 -3 2 -3",192,1,-128
561,"1 2 3 2 3 -2 3 -1 -3 -3 -3 -2",192,1,-256
562,"1 2 3 2 -3 -2 3 3 -1 -3 -2 -3",192,1,128
563,"1 2 3 -2 3 -2 -3 -3 2 3 -1 -3",192,1,128
564,"1 2 3 2 -1 -2 -3 2 3 -2 -3 -2",192,1,128
565,"1 2 3 3 -2 -2 -3 -3 2 -3 -1 3",192,1,256
566,"1 2 2 3 3 3 -2 -3 -1 -3 -2 -3",192,1,-256
567,"1 2 3 2 3 -1 3 -2 -3 -3 -2 -3",192,1,-128
568,"1 2 3 3 2 -3 -2 -3 -2 -3 -1 3",192,1,-128
569,"1 2 2 3 3 -1 -3 -2 -3 -3 -2 3",192,1,-256
570,"1 2 3 -2 -3 2 3 -2 -3 2 -1 -2",96,1,-128
571,"1 2 3 -2 3 -2 -3 2 -3 -3 -1 3",192,1,128
572,"1 2 3 -1 -2 -3 2 -3 -3 -2 3 3",192,1,0
573,"1 2 3 -2 3 3 2 -3 -3 -3 -1 -2",192,1,-256
574,"1 2 3 2 3 -2 -1 2 -3 -2 -3 -2",96,1,-128
575,"1 2 3 2 -3 -3 -1 3 -2 3 -2 -3",192,1,-128
576,"1 2 3 -2 3 3 2 -3 -3 -2 -1 -3",192,1,256
577,"1 2 3 3 -1 -3 -2 -3 2 3 -2 -3",192,1,128
578,"1 2 3 -2 -1 3 3 2 -3 -3 -2 -3",192,1,0
579,"1 2 3 -1 -2 -3 -3 -2 -3 2 3 3",192,1,0
580,"1 2 3 -1 -3 2 -3 -3 -2 -2 3 3",192,1,-256
581,"1 2 3 -1 -2 3 3 2 -3 -3 -2 -3",192,1,256
582,"1 2 3 -1 2 -3 -3 -3 -2 -2 3 3",192,1,-512
583,"1 2 3 3 2 -3 -1 3 -2 -3 -3 -2",96,1,-256
584,"1 2 3 2 -3 -1 -2 -3 -3 -2 3 3",192,1,-256
585,"1 2 2 3 3 -2 -3 -1 3 -2 -3 -3",192,1,256
586,"1 2 3 2 -3 -2 3 -1 -3 -3 -2 3",192,1,128
587,"1 2 3 -2 -3 -2 -3 -3 -1 3 2 3",192,1,128
588,"1 2 3 2 3 -2 -1 2 -3 -3 -2 -2",192,1,-256
589,"1 2 -1 3 2 3 3 -2 -3 -3 -2 -3",192,1,-256
590,"1 2 3 3 -2 -2 -3 -3 -1 3 2 -3",192,1,-256
591,"1 2 3 3 2 -1 -2 -3 -3 -3 -2 3",192,1,-256
592,"1 2 3 3 2 -3 -3 -2 -1 3 -2 -3",192,1,0
593,"1 2 3 2 -3 -3 -1 3 -2 -3 -2 3",192,1,-128
594,"1 2 3 2 2 -1 -2 -3 -3 -2 3 -2",192,1,-256
595,"1 2 3 2 -3 -3 -2 -2 -1 -2 3 2",192,1,-256
596,"1 2 3 3 -1 -3 -2 3 2 -3 -2 -3",192,1,128
597,"1 2 2 3 -2 3 3 -2 -3 -3 -1 -3",192,1,-256
598,"1 2 2 -1 3 -2 3 3 -2 -3 -3 -3",192,1,-512
599,"1 2 3 -1 -3 -3 -2 -2 3 3 2 -3",192,1,256
600,"1 2 3 -1 -3 -2 -3 -3 2 3 -2 3",192,1,128
601,"1 2 3 3 -1 3 -2 -2 -3 -3 -3 2",192,1,-512
602,"1 2 3 3 -2 -2 -3 -1 -3 -3 2 3",192,1,-256
603,"1 2 3 3 3 -2 -1 -2 -3 -3 -3 2",48,1,-512
604,"1 2 3 3 3 -2 -3 -3 2 -3 -1 -2",192,1,256
605,"1 2 3 -1 2 3 3 -2 -3 -2 -3 -3",192,1,0
606,"1 2 3 -1 3 3 -2 -3 -3 -2 -3 2",192,1,-256
607,"1 2 3 -2 -2 -3 -1 -3 -3 2 3 3",192,1,-256
608,"1 2 3 3 -1 3 -2 -3 2 -3 -3 -2",192,1,0
609,"1 2 3 3 2 -3 -3 -1 3 -2 -2 -3",192,1,-256
610,"1 2 3 -2 -2 3 -1 -3 -3 -3 2 3",192,1,256
611,"1 2 3 -2 3 3 2 -1 -3 -3 -2 -3",192,1,0
612,"1 2 3 -2 3 2 -3 -2 -3 -3 -1 3",192,1,-128
613,"1 2 3 3 -2 3 2 -3 -2 -3 -1 -3",192,1,128
614,"1 2 -1 3 3 2 3 -2 -3 -2 -3 -3",192,1,-256
615,"1 2 3 -2 3 -1 3 2 -3 -2 -3 -3",192,1,128
616,"1 2 -1 3 -2 3 2 -3 -3 -3 -2 3",192,1,0
617,"1 2 3 -1 -2 -2 3 3 2 -3 -3 -3",192,1,512
618,"1 2 3 -2 -3 -3 -2 -1 3 3 2 -3",192,1,0
619,"1 2 3 3 -2 -3 -1 -3 2 -3 -2 3",192,1,128
620,"1 2 3 2 3 3 -2 -2 -3 -3 -1 -3",192,1,-256
621,"1 2 3 3 -2 -3 2 -3 -1 -3 -2 3",192,1,128
622,"1 2 2 3 3 -2 -3 -1 -3 -3 -2 3",192,1,256
623,"1 2 3 -2 3 -1 -3 -3 2 -3 -2 3",192,1,-128
624,"1 2 3 -2 3 -2 -2 -3 -3 2 -1 2",192,1,-256
625,"1 2 3 3 -1 -3 2 3 -2 -2 -3 -3",192,1,256
626,"1 2 3 3 -1 3 -2 -2 -3 -3 2 -3",192,1,-256
627,"1 2 3 2 3 2 -3 -2 -3 -2 -1 -2",192,1,0
628,"1 2 3 -1 -2 -3 -2 -3 -3 2 3 3",192,1,0
629,"1 2 3 -2 -3 -1 -3 -2 3 3 2 -3",192,1,128
630,"1 2 3 -2 -3 -2 3 -1 -3 -3 2 3",192,1,128
631,"1 2 3 2 3 3 -1 -3 -3 -3 -2 -2",192,1,-512
632,"1 2 3 -1 -3 -2 -3 -3 -2 3 2 3",192,1,-128
633,"1 2 3 3 -2 3 -1 -3 2 -3 -2 -3",192,1,-128
634,"1 2 3 2 3 -2 -3 2 -3 -2 -1 -2",192,1,0
635,"1 2 3 -1 -3 2 3 -2 3 -2 -3 -3",192,1,128
636,"1 2 3 2 3 3 -1 -3 -2 -2 -3 -3",192,1,-256
637,"1 2 3 -2 -3 -1 3 3 2 -3 -2 -3",192,1,-128
638,"1 2 3 -1 -3 -3 -3 -2 3 -2 3 2",192,1,0
639,"1 2 3 -2 -1 2 3 -2 -3 2 -3 -2",192,1,128
640,"1 2 3 -1 3 -2 3 -2 -3 -3 2 -3",192,1,-128
641,"1 2 3 2 3 -2 -1 -3 -3 -3 -2 3",192,1,0
642,"1 2 3 2 2 -1 -2 3 -2 -3 -3 -2",192,1,-256
643,"1 2 3 2 -3 -1 3 3 -2 -3 -3 -2",192,1,-256
644,"1 2 -1 3 2 3 -2 -3 -3 -3 -2 3",192,1,0
645,"1 2 2 3 3 -2 -3 -3 -1 3 -2 -3",192,1,256
646,"1 2 3 2 3 -2 -2 -3 -3 -2 -1 2",192,1,0
647,"1 2 3 -2 -2 -1 3 3 2 -3 -3 -3",192,1,0
648,"1 2 3 -1 -3 -2 -2 3 3 2 -3 -3",192,1,256
649,"1 2 3 2 3 -2 -3 -2 -1 -2 -3 2",192,1,-128
650,"1 2 3 -2 -2 -3 -3 -3 -1 2 3 3",192,1,0
651,"1 2 3 3 -1 3 2 -3 -2 -3 -3 -2",192,1,0
652,"1 2 3 -1 -3 2 3 3 -2 -3 -2 -3",192,1,128
653,"1 2 3 -2 -2 3 2 3 -1 -3 -3 -3",192,1,-256
654,"1 2 3 -2 3 2 -3 -3 -2 -2 -1 2",192,1,0
655,"1 2 3 2 -3 -3 -3 -2 -1 3 3 -2",192,1,-256
656,"1 2 3 3 2 -3 -2 -3 -1 -3 -2 3",192,1,-128
657,"1 2 3 2 3 2 -3 -3 -2 -1 -2 -2",192,1,0
658,"1 2 2 3 -1 3 3 -2 -3 -2 -3 -3",192,1,-256
659,"1 2 2 3 -2 3 -1 -3 -3 -3 -2 3",192,1,-256
660,"1 2 -1 2 2 3 3 -2 -3 -3 -2 -2",192,1,0
661,"1 2 3 2 3 -2 3 -1 -2 -3 -3 -3",192,1,-256
662,"1 2 3 3 -2 -1 -3 2 3 -2 -3 -3",192,1,256
663,"1 2 3 -2 3 -2 -3 -3 -2 -1 2 2",192,1,0
664,"1 2 3 2 -3 -2 -3 -3 -1 -2 3 3",192,1,-256
665,"1 2 3 2 -3 -3 -3 -2 3 -2 -1 3",96,1,-256
666,"1 2 3 3 -2 -2 3 2 -3 -3 -1 -3",192,1,256
667,"1 2 3 -1 3 2 -3 -2 3 -2 -3 -3",192,1,128
668,"1 2 3 -2 3 -2 -3 -2 -3 2 -1 2",96,1,-128
669,"1 2 3 2 3 3 -1 -2 -3 -3 -2 -3",192,1,-256
670,"1 2 3 3 -1 -3 2 -3 -2 -3 -2 3",192,1,-128
671,"1 2 3 3 3 -1 -2 -2 -3 -3 2 -3",192,1,-512
672,"1 2 3 3 3 -2 -3 -2 -3 -3 -1 2",192,1,-256
673,"1 2 3 3 -2 -3 2 -3 -2 -2 -1 2",192,1,0
674,"1 2 3 -2 -2 -3 -3 2 3 3 -1 -3",192,1,256
675,"1 2 3 2 -3 -2 -1 -2 -3 2 3 -2",192,1,0
676,"1 2 3 -1 3 3 2 -3 -2 -2 -3 -3",192,1,256
677,"1 2 3 2 3 3 -1 -2 -3 -3 -3 -2",192,1,-256
678,"1 2 3 -2 -3 -3 -2 -1 -3 2 3 3",192,1,0
679,"1 2 3 2 3 2 -1 -2 -3 -2 -3 -2",48,1,-128
680,"1 2 3 3 2 -3 -3 2 -1 -2 -2 -2",96,1,-512
681,"1 2 3 -2 -3 -2 -3 -3 2 -1 3 3",192,1,0
682,"1 2 3 3 3 -1 -3 2 -3 -3 -2 -2",192,1,-512
683,"1 2 3 -2 -3 -3 2 -3 -1 3 3 -2",192,1,256
684,"1 2 3 -1 -3 2 3 3 -2 -3 -3 -2",192,1,256
685,"1 2 2 3 3 -2 -3 -3 -2 3 -1 -3",192,1,-256
686,"1 2 3 -2 -3 -2 -3 2 -3 -1 3 3",192,1,128
687,"1 2 3 -2 -3 -2 3 -1 3 2 -3 -3",192,1,128
688,"1 2 3 3 -1 3 2 -3 -3 -3 -2 -2",192,1,0
689,"1 2 3 3 -2 3 -1 -3 -2 -3 2 -3",192,1,-128
690,"1 2 2 3 -2 3 -1 3 -2 -3 -3 -3",192,1,-256
691,"1 2 2 3 3 -1 3 -2 -3 -3 -2 -3",192,1,-256
692,"1 2 3 -2 -3 -1 3 3 -2 -3 2 -3",192,1,128
693,"1 2 3 -1 2 3 -2 3 -2 -3 -3 -3",192,1,0
694,"1 2 3 2 3 -1 -3 -2 -3 -3 -2 3",192,1,-128
695,"1 2 3 2 3 -1 -3 -3 -2 -3 -2 3",192,1,-128
696,"1 2 3 2 3 -2 -1 3 -2 -3 -3 -3",192,1,0
697,"1 2 3 3 -2 -3 -1 -3 -2 3 2 -3",192,1,128
698,"1 2 3 3 2 -3 2 -3 -2 -2 -1 -2",192,1,0
699,"1 2 3 -2 3 -2 3 -1 -3 -3 2 -3",192,1,-128
700,"1 2 3 -2 -3 -3 -2 3 2 2 -1 -2",192,1,-256
701,"1 2 3 -1 3 -2 -3 -3 -3 2 3 -2",192,1,0
702,"1 2 3 -2 -2 3 2 -1 2 -3 -3 -2",192,1,0
703,"1 2 3 2 3 2 -1 -2 -2 -3 -3 -2",192,1,-256
704,"1 2 3 2 -3 -2 -1 2 -3 -2 3 -2",96,1,128
705,"1 2 3 -1 -2 -3 -3 2 -3 -2 3 3",192,1,0
706,"1 2 3 -1 3 -2 -3 -2 -3 -3 2 3",192,1,-128
707,"1 2 3 3 -2 -1 3 -2 -3 -3 2 -3",192,1,0
708,"1 2 3 -2 -1 3 2 3 -2 -3 -3 -3",192,1,0
709,"1 2 3 2 -1 3 -2 -3 -3 -3 -2 3",96,1,0
710,"1 2 3 3 -1 -3 -2 -2 -3 -3 2 3",192,1,256
711,"1 2 3 3 -2 -2 3 2 -3 -1 -3 -3",192,1,256
712,"1 2 3 2 3 -2 -2 -1 -2 -3 -3 2",192,1,-256
713,"1 2 3 2 3 3 -1 -2 -2 -3 -3 -3",192,1,-512
714,"1 2 3 3 2 -3 -3 -2 -2 -2 -1 2",192,1,0
715,"1 2 3 3 -2 -2 -3 -3 2 3 -1 -3",192,1,256
716,"1 2 3 2 -3 -3 -2 3 3 -2 -1 -3",192,1,256
717,"1 2 3 -2 3 -2 -3 -1 3 2 -3 -3",192,1,-128
718,"1 2 3 3 3 2 -3 -3 -1 -2 -2 -3",192,1,0
719,"1 2 -1 3 2 -3 -2 -3 -3 -2 3 3",192,1,0
720,"1 2 -1 3 -2 3 2 3 -2 -3 -3 -3",192,1,-256
721,"1 2 3 2 -3 -2 -1 -2 3 -2 -3 2",96,1,128
722,"1 2 3 3 -1 -2 -3 -3 2 -3 -2 3",192,1,0
723,"1 2 3 3 2 -3 -1 -2 -3 -3 -2 3",96,1,-256
724,"1 2 3 2 -3 -3 -3 -1 3 3 -2 -2",192,1,-512
725,"1 2 3 -2 3 3 -1 -2 -3 2 -3 -3",96,1,-256
726,"1 2 3 -2 -3 -3 -3 2 -1 -2 3 3",192,1,256
727,"1 2 3 3 -1 2 -3 -3 -2 3 -2 -3",192,1,0
728,"1 2 3 -2 -3 -3 -3 -1 2 3 3 -2",192,1,256
729,"1 2 3 -2 -3 -3 -2 -3 -1 3 3 2",192,1,0
730,"1 2 3 3 -2 -3 -1 3 -2 -3 2 -3",192,1,128
731,"1 2 3 3 -2 -1 2 -3 -3 -3 -2 3",192,1,-256
732,"1 2 3 -2 3 3 -1 -3 -2 -3 -3 2",192,1,0
733,"1 2 -1 3 -2 -2 -3 -3 -3 2 3 3",192,1,0
734,"1 2 3 2 3 -2 -3 -3 -2 -2 -1 2",192,1,0
735,"1 2 3 3 -2 -2 -1 2 2 -3 -3 -2",96,1,-512
736,"1 2 3 -2 -1 -2 -3 -3 -3 2 3 3",192,1,-256
737,"1 2 3 -2 -3 2 -1 -2 -3 2 3 -2",48,1,-128
738,"1 2 3 -2 3 3 -2 -1 -3 2 -3 -3",192,1,-256
739,"1 2 3 2 -3 -2 3 -2 -3 2 -1 -2",192,1,-128
740,"1 2 3 3 2 -1 2 -3 -3 -2 -2 -2",192,1,0
741,"1 2 3 -1 3 -2 -3 -3 -3 -2 3 2",192,1,256
742,"1 2 3 2 3 3 -2 -1 -3 -2 -3 -3",192,1,-256
743,"1 2 3 3 -2 -2 3 -1 -3 -3 -3 2",192,1,0
744,"1 2 3 -2 -3 -1 -3 2 -3 -2 3 3",192,1,128
745,"1 2 3 -2 -3 -3 -3 -2 3 3 -1 2",192,1,256
746,"1 2 3 3 2 -3 -1 -3 -3 -2 -2 3",192,1,-256
747,"1 2 2 3 -2 3 -2 -3 -3 -3 -1 3",192,1,256
748,"1 2 3 3 -1 3 -2 -3 2 -3 -2 -3",192,1,-128
749,"1 2 3 -1 3 2 3 -2 -3 -2 -3 -3",192,1,-128
750,"1 2 3 2 -3 -3 -3 -1 -2 -2 3 3",192,1,-512
751,"1 2 3 3 -2 -3 2 -3 -2 3 -1 -3",192,1,-128
752,"1 2 3 3 3 2 -3 -3 -2 -2 -1 -3",192,1,512
753,"1 2 3 -2 -1 3 -2 3 2 -3 -3 -3",192,1,0
754,"1 2 3 3 3 -2 -2 -3 -3 -3 -1 2",192,1,-512
755,"1 2 3 -2 3 3 -1 -3 -3 -2 -3 2",96,1,0
756,"1 2 3 -2 -3 -3 -3 -2 -1 2 3 3",192,1,256
757,"1 2 3 -2 -2 3 -2 -3 -3 2 -1 2",192,1,-256
758,"1 2 -1 3 2 -3 -3 -2 3 3 -2 -3",192,1,256
759,"1 2 -1 3 -2 -3 -3 -2 -3 2 3 3",192,1,0
760,"1 2 3 -1 2 3 3 -2 -3 -3 -3 -2",192,1,256
761,"1 2 3 3 2 -1 3 -2 -2 -3 -3 -3",192,1,-512
762,"1 2 2 3 3 3 -2 -2 -1 -3 -3 -3",96,1,-1024
763,"1 2 3 -2 3 3 -2 -1 -3 -3 -3 2",192,1,-256
764,"1 2 -1 3 -2 3 -2 3 2 -3 -3 -3",192,1,256
765,"1 2 2 3 -2 3 3 -1 -3 -3 -2 -3",192,1,-256
766,"1 2 3 -2 -3 -3 -3 -1 -2 3 3 2",192,1,256
767,"1 2 -1 3 2 -3 -3 -3 -2 -2 3 3",192,1,0
768,"1 2 3 -1 3 3 2 -3 -3 -2 -3 -2",192,1,0
769,"1 2 3 -1 3 2 -3 -3 -3 -2 3 -2",192,1,0
770,"1 2 3 3 -2 -1 3 -2 -3 2 -3 -3",192,1,0
771,"1 2 3 3 -2 -2 3 -1 2 -3 -3 -3",192,1,0
772,"1 2 -1 3 -2 -3 2 3 3 -2 -3 -3",192,1,256
773,"1 2 3 3 -2 -3 2 3 -2 -3 -1 -3",192,1,128
774,"1 2 3 -1 -3 -3 -2 3 3 -2 -3 2",192,1,0
775,"1 2 3 -1 -3 -3 -2 -3 2 3 3 -2",192,1,256
776,"1 2 3 3 2 3 -1 -3 -2 -2 -3 -3",192,1,-256
777,"1 2 3 2 2 -3 -3 -2 3 -2 -1 -2",192,1,0
778,"1 2 2 3 3 -1 -3 -3 -2 3 -2 -3",192,1,-256
779,"1 2 3 -2 -3 -1 -3 -2 -3 2 3 3",192,1,-128
780,"1 2 3 -2 -3 -3 2 3 -2 3 -1 -3",192,1,128
781,"1 2 3 3 2 3 -2 -2 -1 -3 -3 -3",192,1,-512
782,"1 2 -1 3 2 3 3 -2 -2 -3 -3 -3",192,1,-512
783,"1 2 3 2 3 -2 3 -2 -1 -3 -3 -3",96,1,-256
784,"1 2 3 3 -1 2 -3 -3 -2 -3 -2 3",192,1,-256
785,"1 2 3 3 2 -3 -2 -3 -2 3 -1 -3",192,1,128
786,"1 2 3 -2 -3 -1 -3 2 3 3 -2 -3",192,1,128
787,"1 2 3 -2 3 3 -1 -2 -3 -3 2 -3",192,1,-256
788,"1 2 3 -2 -2 -1 2 -3 -3 -2 3 2",192,1,0
789,"1 2 3 -1 -2 -3 -2 3 3 2 -3 -3",192,1,256
790,"1 2 3 -2 3 -2 -3 -3 2 -3 -1 3",192,1,128
791,"1 2 2 3 -2 3 3 -2 -3 -1 -3 -3",192,1,-256
792,"1 2 3 -1 -3 -2 -3 2 3 3 -2 -3",192,1,128
793,"1 2 3 -2 -2 -3 -1 3 3 2 -3 -3",192,1,-256
794,"1 2 3 2 -1 2 -3 -3 -2 -2 3 -2",192,1,0
795,"1 2 3 2 -1 3 -2 3 -2 -3 -3 -3",192,1,-256
796,"1 2 3 3 -1 -3 -2 -2 3 2 -3 -3",192,1,256
797,"1 2 3 -2 -1 -3 2 3 3 -2 -3 -3",192,1,256
798,"1 2 3 2 -3 -2 3 3 -1 -2 -3 -3",192,1,256
799,"1 2 3 -2 3 3 -1 -3 -3 2 -3 -2",96,1,-256
800,"1 2 3 -2 -3 -2 3 2 -3 -3 -1 3",192,1,-128
801,"1 2 3 -2 -3 2 3 3 -2 -3 -1 -3",192,1,128
802,"1 2 3 2 3 -2 -3 -2 -1 2 -3 -2",192,1,-128
803,"1 2 3 -2 -3 -2 -3 -3 -1 3 3 2",192,1,0
804,"1 2 3 3 2 -3 -2 3 -2 -3 -1 -3",192,1,128
805,"1 2 3 -1 -3 -2 3 3 2 -3 -3 -2",192,1,256
806,"1 2 3 2 -3 -2 -3 -1 -3 -2 3 3",192,1,-128
807,"1 2 3 3 2 3 -2 -3 -1 -3 -2 -3",192,1,-128
808,"1 2 3 3 3 2 -1 -3 -2 -3 -2 -3",96,1,0
809,"1 2 3 -1 -3 2 -3 -3 -2 3 -2 3",192,1,-128
810,"1 2 3 2 -3 -1 -2 3 3 -2 -3 -3",192,1,0
811,"1 2 3 -2 3 2 -3 -3 -1 -3 -2 3",192,1,-128
812,"1 2 3 3 3 -1 -2 -2 -3 -3 -3 2",192,1,-512
813,"1 2 3 -1 -3 -2 3 2 -3 -3 -2 3",192,1,128
814,"1 2 3 -2 -3 -3 2 -3 -1 3 -2 3",192,1,128
815,"1 2 3 -2 -3 -3 -2 3 2 3 -1 -3",192,1,-128
816,"1 2 3 3 -2 -3 -2 -3 2 2 -1 -2",192,1,256
817,"1 2 3 -1 2 -3 -3 -2 3 3 -2 -3",192,1,0
818,"1 2 3 -2 3 -1 -3 2 -3 -3 -2 3",192,1,-128
819,"1 2 3 3 -1 3 2 -3 -2 -2 -3 -3",192,1,256
820,"1 2 3 3 3 -2 -2 -3 -1 -3 2 -3",192,1,-256
821,"1 2 3 -2 -3 2 -3 -3 -1 -2 3 3",192,1,256
822,"1 2 3 3 -2 3 -1 -2 -3 -3 -3 2",192,1,-256
823,"1 2 3 -2 -2 -1 2 -3 -3 2 3 -2",192,1,256
824,"1 2 3 -2 3 3 -1 2 -3 -2 -3 -3",96,1,0
825,"1 2 3 2 -3 -3 -2 -2 -1 2 3 -2",192,1,-256
826,"1 2 3 -1 -3 2 -3 -2 3 3 -2 -3",192,1,-128
827,"1 2 3 -2 -3 -1 3 3 2 -3 -3 -2",192,1,-256
828,"1 2 3 -1 -3 -3 -3 -2 3 2 3 -2",192,1,-256
829,"1 2 3 3 -1 -3 -3 2 -3 -2 -2 3",192,1,-256
830,"1 2 3 -2 -2 3 2 -3 -3 -2 -1 2",192,1,0
831,"1 2 3 -1 -2 3 2 -3 -3 -3 -2 3",192,1,0
832,"1 2 3 -2 -2 3 3 2 -3 -3 -1 -3",192,1,256
833,"1 2 3 -2 -3 -1 -3 -3 -2 3 3 2",192,1,256
834,"1 2 3 -2 -3 -2 3 3 -1 -3 2 -3",192,1,-128
835,"1 2 3 2 -3 -2 3 -2 -1 2 -3 -2",96,1,128
836,"1 2 3 -1 -3 -3 2 -3 -2 -2 3 3",192,1,-256
837,"1 2 3 -2 -1 3 2 -3 -3 -3 -2 3",96,1,-256
838,"1 2 3 -2 -1 2 3 3 -2 -3 -3 -3",192,1,256
839,"1 2 3 -1 2 -3 -2 3 3 -2 -3 -3",192,1,0
840,"1 2 3 -2 3 3 2 -1 -3 -2 -3 -3",192,1,0
841,"1 2 3 -1 -3 -2 -3 2 -3 -2 3 3",192,1,-128
842,"1 2 3 -2 3 3 -1 -3 2 -3 -2 -3",192,1,-128
843,"1 2 3 2 -3 -2 -3 -1 3 3 -2 -3",192,1,-128
844,"1 2 2 3 -2 -2 -3 -3 -3 -1 3 3",192,1,512
845,"1 2 3 2 3 3 -2 -2 -3 -1 -3 -3",192,1,-256
846,"1 2 3 -1 3 3 2 -3 -3 -2 -2 -3",192,1,256
847,"1 2 3 -2 -3 -3 2 3 3 -2 -1 -3",192,1,256
848,"1 2 3 2 -3 -2 3 3 -2 -3 -1 -3",192,1,128
849,"1 2 3 3 -2 -3 -1 2 -3 -3 -2 3",96,1,0
850,"1 2 3 -1 -3 -2 3 3 2 -3 -2 -3",192,1,128
851,"1 2 3 -1 -3 -3 -2 -3 -2 3 3 2",192,1,0
852,"1 2 3 2 -3 -3 -2 3 -1 3 -2 -3",192,1,128
853,"1 2 3 2 -3 -2 -3 -3 -1 3 -2 3",192,1,-128
854,"1 2 3 3 -2 -3 -1 -3 2 3 -2 -3",192,1,128
855,"1 2 2 3 -2 -3 -1 3 3 -2 -3 -3",192,1,256
856,"1 2 3 -2 3 2 3 -1 -3 -3 -2 -3",192,1,-128
857,"1 2 3 -2 -3 -1 -2 -3 -3 2 3 3",192,1,-256
858,"1 2 -1 3 -2 3 3 2 -3 -2 -3 -3",192,1,256
859,"1 2 3 -2 -3 -2 3 3 -1 -3 -3 2",192,1,0
860,"1 2 3 -2 -3 -3 2 3 -2 -2 -1 2",192,1,0
861,"1 2 3 3 -2 -3 2 -3 -1 3 -2 -3",192,1,128
862,"1 2 3 2 -3 -2 -1 2 3 -2 -3 -2",96,1,-128
863,"1 2 3 -1 -3 2 3 -2 -3 -3 -2 3",192,1,128
864,"1 2 3 2 -3 -2 -2 -3 -3 -1 3 3",192,1,-256
865,"1 2 3 -2 -3 -3 -2 -3 -1 3 2 3",192,1,128
866,"1 2 -1 3 3 3 2 -3 -3 -3 -2 -2",192,1,512
867,"1 2 3 -2 -3 2 3 -2 -3 -3 -1 3",192,1,-128
868,"1 2 3 -1 -3 -2 -3 -3 -2 3 3 2",192,1,0
869,"1 2 3 2 3 -1 3 -2 -3 -3 -3 -2",192,1,0
870,"1 2 3 2 3 3 -2 -3 -2 -3 -1 -3",192,1,-128
871,"1 2 3 2 3 -2 -3 -3 -1 -3 -2 3",192,1,128
872,"1 2 3 3 3 2 -3 -1 -2 -2 -3 -3",192,1,0
873,"1 2 3 2 -3 -3 -2 -3 -2 3 -1 3",192,1,-128
874,"1 2 3 -2 -3 -2 -3 -3 2 3 -1 3",192,1,-128
875,"1 2 3 2 -3 -3 -2 3 -2 -2 -1 2",192,1,0
876,"1 2 3 -2 -3 -1 2 -3 -3 -2 3 3",192,1,0
877,"1 2 2 3 3 -1 -3 -2 3 -2 -3 -3",192,1,-256
878,"1 2 3 2 -3 -3 -2 -3 -1 -2 3 3",192,1,-256
879,"1 2 3 2 3 3 -2 -3 -3 -3 -1 -2",192,1,256
880,"1 2 3 3 -2 3 2 -3 -3 -2 -1 -3",192,1,256
881,"1 2 3 -1 2 3 -2 -3 -3 -3 -2 3",192,1,256
882,"1 2 3 2 -3 -3 -2 -2 -3 -1 3 3",192,1,-256
883,"1 2 3 2 -3 -3 -1 -2 -3 -2 3 3",96,1,-256
884,"1 2 3 -1 -3 -2 -3 -2 3 3 2 -3",192,1,128
885,"1 2 3 -1 -2 3 3 -2 -3 -3 2 -3",192,1,-256
886,"1 2 3 2 -3 -3 -2 3 -1 -3 -2 3",192,1,128
887,"1 2 3 -2 3 -1 -3 -2 -3 -3 2 3",192,1,128
888,"1 2 3 3 2 -3 -3 -2 -2 -3 -1 3",192,1,-256
889,"1 2 3 3 -2 -3 -1 3 2 -3 -2 -3",192,1,-128
890,"1 2 3 3 -2 -3 -3 -3 -2 3 -1 2",192,1,256
891,"1 2 3 -1 -3 -3 -3 2 3 -2 3 -2",192,1,256
892,"1 2 3 2 -3 -1 -3 -3 -2 3 3 -2",192,1,0
893,"1 2 3 -2 -1 2 -3 -3 -3 -2 3 3",192,1,-256
894,"1 2 3 3 -1 -3 -2 3 2 -3 -3 -2",192,1,256
895,"1 2 3 3 -2 -3 2 3 -1 -3 -2 -3",192,1,128
896,"1 2 3 3 2 2 -3 -3 -2 -1 -2 -2",192,1,0
897,"1 2 3 2 3 -2 -2 -3 -3 2 -1 -2",192,1,256
898,"1 2 3 -1 -3 -2 3 3 -2 -3 2 -3",192,1,-128
899,"1 2 3 2 -1 3 3 -2 -3 -2 -3 -3",192,1,-256
900,"1 2 3 -1 -3 -2 -3 -2 -3 2 3 3",192,1,128
901,"1 2 3 -2 -1 3 -2 -3 -3 -3 2 3",96,1,-256
902,"1 2 -1 3 -2 3 3 -2 -3 2 -3 -3",192,1,-256
903,"1 2 -1 3 -2 -3 -3 2 -3 -2 3 3",192,1,0
904,"1 2 3 -1 -2 3 3 2 -3 -3 -3 -2",192,1,256
905,"1 2 3 -2 3 2 -3 2 -3 -2 -1 -2",192,1,0
906,"1 2 3 -2 3 3 2 -3 -1 -3 -3 -2",192,1,0
907,"1 2 3 3 2 -3 -2 -3 -1 3 -2 -3",192,1,-128
908,"1 2 3 2 2 3 -2 -3 -3 -2 -1 -2",192,1,0
909,"1 2 3 3 2 -3 -3 -3 -1 3 -2 -2",192,1,-512
910,"1 2 3 -2 -2 -3 -3 -3 -1 3 2 3",192,1,256
911,"1 2 3 -2 -3 -3 -2 3 3 2 -1 -3",192,1,0
912,"1 2 3 3 3 -2 -3 -3 -2 -3 -1 2",192,1,-256
913,"1 2 3 2 -3 -2 -3 2 3 -2 -1 -2",192,1,0
914,"1 2 3 2 -3 -2 3 -2 -1 -2 -3 2",96,1,128
915,"1 2 3 -1 3 -2 -3 -3 2 -3 -2 3",192,1,128
916,"1 2 3 3 -1 -3 2 -3 -2 3 -2 -3",192,1,-128
917,"1 2 3 3 -1 -3 -2 3 -2 -3 -3 2",192,1,0
918,"1 2 3 3 3 -1 -3 -2 -2 -3 2 -3",192,1,-256
919,"1 2 2 3 3 -1 3 -2 -3 -2 -3 -3",192,1,-256
920,"1 2 3 2 3 2 -3 -3 -2 -2 -1 -2",192,1,0
921,"1 2 2 3 3 3 -1 -3 -3 -3 -2 -2",96,1,-1024
922,"1 2 3 -1 -2 -3 -3 -3 2 3 -2 3",192,1,0
923,"1 2 3 -2 3 2 2 -3 -3 -2 -1 -2",192,1,0
924,"1 2 3 2 3 -2 3 -2 -3 -3 -1 -3",192,1,-128
925,"1 2 3 2 3 3 -1 -3 -2 -3 -2 -3",192,1,-128
926,"1 2 3 3 -2 -2 -1 -3 -3 -3 2 3",192,1,0
927,"1 2 3 2 -1 2 3 -2 -3 -3 -2 -2",192,1,0
928,"1 2 3 -2 -3 2 3 3 -1 -2 -3 -3",192,1,256
929,"1 2 3 -1 2 3 3 -2 -2 -3 -3 -3",192,1,0
930,"1 2 3 -2 -2 -1 -3 -3 -3 2 3 3",192,1,0
931,"1 2 3 -2 3 3 -2 -3 -3 -3 -1 2",192,1,-256
932,"1 2 3 2 -3 -3 -2 3 2 -1 -2 -2",192,1,256
933,"1 2 3 3 2 -3 -2 3 -1 -3 -2 -3",192,1,128
934,"1 2 3 -2 3 3 2 -1 -3 -3 -3 -2",192,1,-256
935,"1 2 2 3 3 -1 -3 -3 -2 -3 -2 3",192,1,-256
936,"1 2 3 2 3 3 -2 -3 -1 -2 -3 -3",192,1,0
937,"1 2 3 -2 -3 -2 3 2 3 -1 -3 -3",192,1,-128
938,"1 2 -1 3 3 2 3 -2 -2 -3 -3 -3",192,1,-512
939,"1 2 3 -2 -2 3 2 -3 -3 2 -1 -2",192,1,-256
940,"1 2 3 -1 3 3 -2 -3 -2 -3 2 -3",192,1,-128
941,"1 2 3 -2 -2 3 3 -1 -3 -3 2 -3",192,1,-256
942,"1 2 3 -2 -3 2 -3 -1 -3 -2 3 3",192,1,128
943,"1 2 3 3 2 2 -1 -2 -2 -3 -3 -2",96,1,-512
944,"1 2 3 -1 -2 3 3 -2 -3 2 -3 -3",192,1,-256
945,"1 2 3 2 -3 -3 -1 -3 -2 3 3 -2",192,1,0
946,"1 2 3 -2 -3 -3 -1 3 3 -2 -3 2",96,1,0
947,"1 2 2 3 -1 -3 -3 -3 -2 3 -2 3",192,1,-256
948,"1 2 3 -2 -1 2 -3 -2 3 2 -3 -2",96,1,128
949,"1 2 3 -2 3 -2 3 2 -3 -1 -3 -3",192,1,128
950,"1 2 3 3 -1 -3 2 3 -2 -3 -2 -3",192,1,128
951,"1 2 3 3 -2 -2 -1 3 2 -3 -3 -3",192,1,0
952,"1 2 2 3 3 3 -2 -2 -3 -3 -1 -3",192,1,-512
953,"1 2 3 -1 2 -3 -2 -3 -3 -2 3 3",192,1,-256
954,"1 2 3 3 -2 -2 -2 -3 -3 2 -1 2",96,1,-512
955,"1 2 3 -1 -3 -3 2 3 3 -2 -3 -2",192,1,256
956,"1 2 3 3 -2 3 -2 -3 -3 2 -1 -3",192,1,0
957,"1 2 2 3 3 -2 3 -2 -3 -3 -1 -3",192,1,-256
958,"1 2 2 3 3 -2 -3 -2 -3 -3 -1 3",192,1,256
959,"1 2 3 -1 -2 -2 -3 -3 -3 2 3 3",192,1,0
960,"1 2 3 2 3 -1 -3 -3 -2 3 -2 -3",192,1,-128
961,"1 2 3 2 -3 -1 3 -2 -3 -3 -2 3",192,1,-128
962,"1 2 3 2 -1 3 3 -2 -3 -3 -2 -3",192,1,-256
963,"1 2 3 -2 3 3 -1 2 -3 -3 -2 -3",192,1,0
964,"1 2 3 -1 -2 -3 -3 -3 -2 3 2 3",192,1,0
965,"1 2 3 -2 3 -2 -3 2 3 -1 -3 -3",192,1,128
966,"1 2 3 3 -2 3 2 -3 -1 -3 -2 -3",192,1,128
967,"1 2 3 3 3 -2 -1 -3 2 -3 -2 -3",96,1,-256
968,"1 2 3 2 -3 -2 -1 -2 3 2 -3 -2",192,1,0
969,"1 2 2 3 -2 -3 -3 -1 -3 -2 3 3",192,1,256
970,"1 2 2 3 3 3 -1 -3 -2 -2 -3 -3",192,1,-512
971,"1 2 3 -1 -3 -2 3 -2 -3 -3 2 3",192,1,128
972,"1 2 -1 3 3 2 -3 -2 3 -2 -3 -3",192,1,256
973,"1 2 3 -1 3 -2 3 -2 -3 -3 -3 2",192,1,-256
974,"1 2 3 -2 3 -1 -3 -3 -2 -3 2 3",192,1,128
975,"1 2 3 3 3 -1 -3 2 -3 -2 -2 -3",192,1,-256
976,"1 2 3 2 -1 2 3 -2 -3 -2 -3 -2",192,1,0
977,"1 2 2 3 -2 -3 -3 -3 -1 3 -2 3",192,1,256
978,"1 2 3 2 2 3 -2 -1 -2 -3 -3 -2",192,1,0
979,"1 2 3 -2 -3 -1 3 2 3 -2 -3 -3",192,1,128
980,"1 2 2 3 -2 3 -2 3 -1 -3 -3 -3",192,1,-256
981,"1 2 2 3 -1 3 3 -2 -2 -3 -3 -3",192,1,-512
982,"1 2 3 -1 3 2 -3 -3 -2 -3 -2 3",192,1,-128
983,"1 2 3 2 3 -2 -2 3 -1 -3 -3 -3",192,1,-256
984,"1 2 3 -2 3 -1 3 -2 -3 -3 2 -3",192,1,-128
985,"1 2 3 -2 -3 -3 -1 3 3 2 -3 -2",96,1,-256
986,"1 2 2 3 -1 3 -2 -3 -3 -3 -2 3",192,1,256
987,"1 2 3 2 -1 2 3 -2 -2 -3 -3 -2",192,1,0
988,"1 2 3 3 2 3 -1 -2 -2 -3 -3 -3",192,1,-512
989,"1 2 3 2 -3 -2 -3 -3 -2 -1 3 3",192,1,-256
990,"1 2 3 -2 3 2 -3 -1 -3 -3 -2 3",192,1,-128
991,"1 2 3 2 3 -2 -1 -2 -2 -3 -3 2",192,1,-256
992,"1 2 3 -1 -3 -3 -2 -3 -2 3 2 3",192,1,-128
993,"1 2 -1 3 3 -2 -2 3 2 -3 -3 -3",192,1,512
994,"1 2 3 3 2 -3 -1 -3 -2 -3 -2 3",192,1,-128
995,"1 2 3 -2 -2 -3 -3 -3 2 -1 3 3",192,1,0
996,"1 2 3 -2 -3 -3 2 3 -1 3 -2 -3",192,1,128
997,"1 2 3 -1 -3 -2 -3 -3 2 3 3 -2",192,1,256
998,"1 2 3 -2 -3 -3 -3 2 -1 3 3 -2",192,1,256
999,"1 2 2 3 -2 -3 -2 3 3 -1 -3 -3",192,1,-256
1000,"1 2 3 -2 3 -1 -3 2 3 -2 -3 -3",192,1,128
1001,"1 2 3 -1 3 3 -2 -3 -2 -3 -3 2",192,1,-256
1002,"1 2 3 3 -1 -3 -3 2 3 -2 -2 -3",192,1,256
1003,"1 2 3 3 3 -2 -1 -3 -2 -3 2 -3",96,1,-256
1004,"1 2 3 3 2 -3 -1 3 -2 -2 -3 -3",192,1,-256
1005,"1 2 3 -2 -2 -3 2 -3 -3 -1 3 3",192,1,256
1006,"1 2 3 3 3 2 -3 -1 -3 -3 -2 -2",192,1,0
1007,"1 2 3 -2 -3 2 -3 -2 3 3 -1 -3",192,1,-128
1008,"1 2 3 -1 3 2 -3 -2 -3 -3 -2 3",192,1,-128
1009,"1 2 3 2 3 -1 -2 -3 -3 -3 -2 3",192,1,0
1010,"1 2 3 2 3 -1 -3 -3 -3 -2 -2 3",192,1,-256
1011,"1 2 3 -2 -2 3 3 -1 -3 2 -3 -3",192,1,-256
1012,"1 2 3 2 3 3 -2 -1 -3 -3 -2 -3",192,1,-256
1013,"1 2 3 2 3 3 -2 -2 -1 -3 -3 -3",192,1,-512
1014,"1 2 3 -2 3 -2 3 -1 -3 -3 -3 2",192,1,0
1015,"1 2 3 3 -2 -3 -3 -3 2 3 -1 -2",192,1,256
1016,"1 2 3 -1 -3 2 3 3 -2 -2 -3 -3",192,1,256
1017,"1 2 3 -1 3 -2 -2 -3 -3 -3 2 3",192,1,-256
1018,"1 2 3 -1 -3 -3 -2 3 2 3 -2 -3",192,1,-128
1019,"1 2 3 3 -2 -1 -2 -3 -3 -3 2 3",192,1,-256
1020,"1 2 3 3 -2 -3 -3 2 -1 -3 -2 3",96,1,256
1021,"1 2 3 -2 -3 -1 3 -2 3 2 -3 -3",192,1,-128
1022,"1 2 3 -2 -2 3 3 2 -1 -3 -3 -3",192,1,0
1023,"1 2 2 3 -1 3 -2 3 -2 -3 -3 -3",192,1,-256
1024,"1 2 3 -2 3 2 -1 -2 -3 2 -3 -2",48,1,-128
1025,"1 2 3 -2 -3 -2 3 -2 -3 2 -1 2",96,1,-128
1026,"1 2 3 3 -2 -2 -3 -1 3 2 -3 -3",192,1,-256
1027,"1 2 3 2 3 -2 -1 -2 -3 -2 -3 2",96,1,-128
1028,"1 2 3 -2 3 -1 -3 -3 2 3 -2 -3",192,1,128
1029,"1 2 3 -2 -3 -3 -2 3 -1 3 2 -3",192,1,128
1030,"1 2 3 -2 -1 -2 3 2 -3 -2 -3 2",192,1,128
1031,"1 2 3 -2 -3 -3 -3 -2 -1 3 3 2",192,1,256
1032,"1 2 3 3 -2 -2 -3 -3 2 2 -1 -2",192,1,512
1033,"1 2 3 3 2 -1 -3 -2 3 -2 -3 -3",192,1,0
1034,"1 2 3 -1 -3 -3 -2 3 2 -3 -2 3",192,1,128
1035,"1 2 3 -2 3 3 -2 -1 2 -3 -3 -3",192,1,-256
1036,"1 2 3 2 -3 -3 -2 -3 -1 3 -2 3",192,1,-128
1037,"1 2 3 2 -3 -2 -1 -3 -3 -2 3 3",192,1,0
1038,"1 2 3 -2 3 -1 -3 -2 3 2 -3 -3",192,1,128
1039,"1 2 3 -1 -3 2 -3 -3 -2 3 3 -2",192,1,-256
1040,"1 2 3 3 3 -2 -2 -1 -3 -3 2 -3",192,1,-512
1041,"1 2 3 3 2 3 -1 -2 -3 -3 -2 -3",96,1,-256
1042,"1 2 3 3 -1 3 2 -3 -2 -3 -2 -3",192,1,128
1043,"1 2 3 2 3 3 -1 -3 -2 -3 -3 -2",192,1,-256
1044,"1 2 3 2 -3 -2 3 -1 3 -2 -3 -3",192,1,128
1045,"1 2 3 -2 3 2 3 -1 -2 -3 -3 -3",192,1,-256
1046,"1 2 3 -2 -3 -2 -3 2 3 3 -1 -3",192,1,128
1047,"1 2 3 3 -2 -3 -3 -2 -2 -1 2 2",192,1,0
1048,"1 2 3 1 -2 -1 -3 -3 -2 3 -1 2",192,1,128
1049,"1 2 3 1 -2 -3 -3 -2 -1 -1 3 2",192,1,0
1050,"1 2 3 1 3 2 -1 -3 -1 -3 -2 -2",192,1,-128
1051,"1 2 3 1 2 -1 -3 -2 3 -1 -2 -3",192,1,128
1052,"1 2 3 1 3 -2 -3 -1 -3 2 -1 -2",96,1,128
1053,"1 2 3 -1 -3 1 3 2 -1 -2 -3 -2",96,1,128
1054,"1 2 3 -2 -2 -1 2 -3 -3 -1 3 1",96,1,256
1055,"1 2 3 1 -2 3 -1 2 -1 -3 -3 -2",192,1,-128
1056,"1 2 3 -2 -3 -1 -1 -2 -3 2 3 1",48,1,-256
1057,"1 2 3 1 3 -2 -3 -1 -1 2 -3 -2",192,1,-128
1058,"1 2 3 1 -2 -3 -1 -1 -3 2 3 -2",192,1,-128
1059,"1 2 3 -1 -1 3 2 -3 -2 -3 -2 1",192,1,0
1060,"1 2 3 -1 -1 -2 1 -3 -3 -2 3 2",192,1,256
1061,"1 2 3 -1 3 1 -2 -3 -2 -3 -1 2",96,1,-128
1062,"1 2 3 1 3 -2 -1 -3 -3 2 -1 -2",192,1,128
1063,"1 2 3 2 -1 -1 -3 -2 3 -2 -3 1",96,1,0
1064,"1 2 3 -1 -3 1 3 -2 -1 2 -3 -2",96,1,128
1065,"1 2 3 1 2 -3 -1 -2 -1 3 -2 -3",192,1,0
1066,"1 2 3 1 -2 -3 -2 3 -1 -1 -3 2",192,1,-128
1067,"1 2 3 1 3 -2 -3 -3 -1 2 -1 -2",192,1,128
1068,"1 2 3 1 -3 -1 2 -1 -3 -2 3 -2",192,1,128
1069,"1 2 3 -1 -1 -2 1 -3 2 3 -2 -3",192,1,128
1070,"1 2 3 1 2 -1 -2 3 -1 -3 -2 -3",192,1,128
1071,"1 2 3 1 -3 -1 -2 -1 3 2 -3 -2",192,1,0
1072,"1 2 3 -1 3 1 -2 -3 2 -3 -1 -2",96,1,128
1073,"1 2 3 -2 -2 3 -1 -1 2 -3 -3 1",192,1,0
1074,"1 2 3 1 -2 -3 -3 -2 -1 3 -1 2",192,1,-128
1075,"1 2 3 1 2 -1 -3 -1 3 -2 -2 -3",192,1,-128
1076,"1 2 3 -2 -1 -1 2 3 -2 -3 -3 1",192,1,256
1077,"1 2 3 1 2 -1 -3 -2 -3 -1 -2 3",192,1,-128
1078,"1 2 3 1 3 -2 -1 -1 2 -3 -3 -2",192,1,-256
1079,"1 2 3 -1 3 1 -2 -2 -3 -3 -1 2",96,1,-256
1080,"1 2 3 -2 -3 -1 -1 -3 -2 3 2 1",48,1,256
1081,"1 2 3 -1 3 1 -3 -1 -2 -2 -3 2",192,1,128
1082,"1 2 3 1 -2 -1 -1 3 -2 -3 2 -3",192,1,128
1083,"1 2 3 1 -2 -3 -1 -1 -3 -2 3 2",192,1,128
1084,"1 2 3 1 2 -3 -1 -1 3 -2 -2 -3",96,1,0
1085,"1 2 3 1 2 -3 -1 -1 -2 3 -2 -3",192,1,128
1086,"1 2 3 1 -3 -1 -1 2 -3 -2 3 -2",192,1,128
1087,"1 2 3 1 2 -1 -1 -2 3 -2 -3 -3",192,1,0
1088,"1 2 3 1 2 -1 -2 3 -1 -3 -3 -2",192,1,128
1089,"1 2 3 1 2 -3 -2 -1 3 -2 -1 -3",48,1,128
1090,"1 2 3 1 -3 -1 -1 -2 3 2 -3 -2",192,1,-128
1091,"1 2 3 -1 -1 2 3 1 -3 -3 -2 -2",96,1,256
1092,"1 2 3 -1 -1 -3 -2 3 2 -3 1 -2",192,1,128
1093,"1 2 3 -1 -2 1 3 2 -1 -3 -2 -3",96,1,128
1094,"1 2 3 2 3 -1 -1 -2 -3 -2 -3 1",48,1,-256
1095,"1 2 3 2 -3 -2 -1 -1 3 -2 -3 1",192,1,0
1096,"1 2 3 1 -2 -2 -1 -3 -3 -1 3 2",192,1,0
1097,"1 2 3 1 -2 -1 2 -3 -2 3 -1 -3",96,1,0
1098,"1 2 3 1 2 -1 -3 -3 -2 -1 -2 3",192,1,-128
1099,"1 2 3 1 -2 -1 -3 -2 3 -1 2 -3",192,1,0
1100,"1 2 3 1 2 3 -1 -1 -2 -2 -3 -3",96,1,-256
1101,"1 2 3 1 -2 -1 -1 3 -2 -3 -3 2",192,1,0
1102,"1 2 3 1 3 -1 -2 -3 -2 -3 -1 2",96,1,0
1103,"1 2 3 -2 -1 -1 -2 -3 -3 2 3 1",192,1,-256
1104,"1 2 3 2 -3 -2 -3 1 3 -1 -1 -2",96,1,128
1105,"1 2 3 -1 -1 -2 -3 2 1 3 -2 -3",192,1,128
1106,"1 2 3 -2 -2 -3 -3 2 -1 -1 3 1",192,1,0
1107,"1 2 3 -2 -3 -1 -1 2 3 -2 -3 1",48,1,256
1108,"1 2 3 -2 -3 2 3 1 -3 -1 -1 -2",96,1,-128
1109,"1 2 3 1 -3 -1 -2 -1 -3 2 3 -2",192,1,-128
1110,"1 2 3 1 -2 -2 3 -1 -3 -1 2 -3",192,1,-128
1111,"1 2 3 1 -2 3 -1 -2 -1 -3 2 -3",96,1,-128
1112,"1 2 3 -2 -1 -1 -2 3 2 -3 -3 1",192,1,256
1113,"1 2 3 1 3 -1 -2 -2 -3 -3 -1 2",96,1,0
1114,"1 2 3 -1 -1 2 -3 1 -2 3 -2 -3",192,1,128
1115,"1 2 3 -1 3 2 -3 -1 -3 1 -2 -2",192,1,128
1116,"1 2 3 2 3 -1 -1 -3 -3 -2 -2 1",96,1,-512
1117,"1 2 3 2 3 -2 -3 -1 -1 -3 1 -2",192,1,-128
1118,"1 2 3 1 -2 -1 3 -2 -3 -1 2 -3",96,1,0
1119,"1 2 3 2 -3 -3 -1 -1 3 1 -2 -2",192,1,-256
1120,"1 2 3 -2 -2 3 -1 -3 -3 -1 2 1",64,1,256
1121,"1 2 3 -1 -1 -2 1 2 3 -2 -3 -3",96,1,0
1122,"1 2 3 1 -2 -3 -2 -3 -1 -1 3 2",192,1,-128
1123,"1 2 3 1 -3 -1 -1 -2 -3 2 3 -2",192,1,-128
1124,"1 2 3 2 -3 -2 -1 -1 -3 -2 3 1",192,1,0
1125,"1 2 3 -1 -3 1 2 -1 3 -2 -3 -2",192,1,128
1126,"1 2 3 1 2 -1 -3 -2 3 -1 -3 -2",96,1,128
1127,"1 2 3 2 -1 -1 3 -2 -3 -3 1 -2",192,1,-256
1128,"1 2 3 2 -3 -1 3 -1 -2 -2 -3 1",96,1,0
1129,"1 2 3 1 -2 3 -1 -2 -1 -3 -3 2",96,1,-128
1130,"1 2 3 -1 -1 2 1 3 -2 -2 -3 -3",192,1,256
1131,"1 2 3 2 -3 -3 -1 3 -1 -2 1 -2",96,1,-128
1132,"1 2 3 1 2 -1 -2 -3 -2 3 -1 -3",192,1,128
1133,"1 2 3 -1 3 -1 -2 -3 -2 -3 1 2",32,1,-128
1134,"1 2 3 1 -3 -1 -3 -1 2 3 -2 -2",192,1,-128
1135,"1 2 3 3 -2 -3 -3 2 -1 -1 -2 1",48,1,512
1136,"1 2 3 1 2 -1 -3 -1 -2 -3 -2 3",192,1,-128
1137,"1 2 3 -1 -1 -3 2 3 -2 -3 -2 1",192,1,256
1138,"1 2 3 1 -2 -3 -1 3 -2 -1 -3 2",192,1,0
1139,"1 2 3 2 -3 -2 3 1 -3 -1 -1 -2",192,1,-128
1140,"1 2 3 -2 -3 -1 -1 2 -3 -2 3 1",96,1,0
1141,"1 2 3 1 -2 -3 -1 3 -1 2 -3 -2",192,1,0
1142,"1 2 3 -1 -1 -2 -3 -3 1 2 3 -2",96,1,0
1143,"1 2 3 2 -3 -3 -1 3 -1 -2 -2 1",96,1,-256
1144,"1 2 3 2 -1 -1 -2 3 -2 -3 -3 1",192,1,-256
1145,"1 2 3 -1 -2 1 -3 2 3 -2 -1 -3",96,1,128
1146,"1 2 3 -1 3 -1 -2 -2 -3 -3 1 2",96,1,-256
1147,"1 2 3 2 3 -2 -1 -1 -3 -3 1 -2",192,1,-256
1148,"1 2 3 -1 -1 -3 -3 2 3 -2 -2 1",96,1,512
1149,"1 2 3 -1 -1 3 -2 1 2 -3 -2 -3",192,1,128
1150,"1 2 3 -1 -1 2 3 1 -2 -3 -3 -2",192,1,256
1151,"1 2 3 1 2 -1 -1 -3 -2 -3 -2 3",192,1,-128
1152,"1 2 3 1 -2 -2 -1 -1 3 2 -3 -3",192,1,-256
1153,"1 2 3 1 -2 -3 2 -3 -1 3 -1 -2",192,1,128
1154,"1 2 3 1 -2 -3 -3 -1 2 -1 3 -2",192,1,128
1155,"1 2 3 1 -2 -3 -1 -1 3 2 -3 -2",192,1,-128
1156,"1 2 3 1 2 -1 -3 -2 3 -2 -1 -3",192,1,128
1157,"1 2 3 -1 -1 -2 -3 -3 2 3 -2 1",192,1,256
1158,"1 2 3 2 3 -2 -3 -2 -1 -1 -3 1",192,1,-256
1159,"1 2 3 3 -1 -1 2 -3 -3 -2 -2 1",96,1,-512
1160,"1 2 3 -2 -3 -1 -1 3 2 -3 -2 1",48,1,-256
1161,"1 2 3 -1 -2 -1 2 3 -2 -3 1 -3",192,1,0
1162,"1 2 3 -1 -1 -3 2 -3 -2 3 -2 1",96,1,-256
1163,"1 2 3 -1 -1 2 -3 -2 3 -2 -3 1",192,1,0
1164,"1 2 3 -1 3 -1 -3 -2 1 -2 -3 2",192,1,0
1165,"1 2 3 1 -2 -3 -3 2 -1 3 -1 -2",192,1,128
1166,"1 2 3 1 3 -1 -3 -1 2 -3 -2 -2",96,1,-128
1167,"1 2 3 -1 -1 3 2 -3 1 -3 -2 -2",192,1,0
1168,"1 2 3 1 3 -2 -1 -3 2 -3 -1 -2",192,1,0
1169,"1 2 3 1 2 -1 -3 -2 -2 3 -1 -3",192,1,128
1170,"1 2 3 1 3 -2 -1 -1 -2 -3 -3 2",192,1,-256
1171,"1 2 3 -1 -1 -2 -2 -3 2 3 1 -3",192,1,0
1172,"1 2 3 3 2 -1 -1 -2 -3 -3 -2 1",48,1,-512
1173,"1 2 3 -1 -1 3 2 1 -2 -3 -2 -3",192,1,128
1174,"1 2 3 -1 -1 3 -2 -2 -3 -3 2 1",96,1,-512
1175,"1 2 3 1 -2 -3 -1 -1 3 -2 -3 2",192,1,128
1176,"1 2 3 -1 -1 2 -3 -3 1 -2 3 -2",192,1,0
1177,"1 2 3 1 -2 -1 3 2 -3 -1 -2 -3",96,1,-128
1178,"1 2 3 1 -2 -1 -2 -1 3 2 -3 -3",192,1,-128
1179,"1 2 3 1 3 2 -3 -2 -1 -1 -3 -2",192,1,128
1180,"1 2 3 1 2 -1 3 -1 -2 -3 -3 -2",192,1,-128
1181,"1 2 3 -1 -1 -3 -3 -2 1 -2 3 2",192,1,0
1182,"1 2 3 -1 3 2 -3 -3 -1 -2 1 -2",192,1,-128
1183,"1 2 3 -1 -1 -2 -3 -2 3 2 1 -3",192,1,128
1184,"1 2 3 -2 -3 -1 -1 3 -2 -3 2 1",96,1,0
1185,"1 2 3 1 2 -1 -2 3 -2 -3 -1 -3",192,1,0
1186,"1 2 3 1 -3 -1 3 -2 -1 2 -3 -2",96,1,128
1187,"1 2 3 -1 -2 1 3 2 -3 -1 -3 -2",192,1,128
1188,"1 2 3 1 -2 -1 2 -3 -1 3 -2 -3",192,1,0
1189,"1 2 3 1 3 2 -1 -3 -1 -2 -3 -2",192,1,-128
1190,"1 2 3 -1 -3 2 3 -1 -3 1 -2 -2",192,1,-128
1191,"1 2 3 2 3 1 -3 -1 -3 -1 -2 -2",192,1,128
1192,"1 2 3 1 -2 -2 -3 -3 -1 -1 3 2",192,1,-256
1193,"1 2 3 -1 -1 -3 1 3 2 -3 -2 -2",192,1,0
1194,"1 2 3 -1 -2 -3 1 2 3 -1 -2 -3",16,2,128
1195,"1 2 3 -1 -1 2 -3 -2 -2 3 1 -3",192,1,-256
1196,"1 2 3 2 3 -1 -1 -2 -3 -3 -2 1",192,1,-256
1197,"1 2 3 1 2 -1 3 -2 -3 -2 -1 -3",192,1,0
1198,"1 2 3 -1 -2 1 2 -3 -3 -1 3 -2",192,1,128
1199,"1 2 3 1 -3 -1 -1 3 2 -3 -2 -2",192,1,0
1200,"1 2 3 -1 -1 3 1 -2 -3 -2 -3 2",192,1,-128
1201,"1 2 3 1 -2 -2 3 -1 -3 -1 -3 2",192,1,-128
1202,"1 2 3 2 -3 -1 -1 3 1 -3 -2 -2",192,1,0
1203,"1 2 3 1 3 2 -1 -1 -3 -2 -3 -2",192,1,-128
1204,"1 2 3 1 3 2 -3 -3 -1 -1 -2 -2",192,1,-256
1205,"1 2 3 1 3 -1 -1 2 -3 -3 -2 -2",192,1,-256
1206,"1 2 3 -1 -1 2 3 1 -2 -2 -3 -3",96,1,256
1207,"1 2 3 -1 3 2 -3 1 -3 -1 -2 -2",192,1,-128
1208,"1 2 3 -1 -2 -1 2 -3 -2 3 1 -3",96,1,-128
1209,"1 2 3 1 2 -1 -2 -1 3 -2 -3 -3",192,1,-128
1210,"1 2 3 -1 -3 1 -2 -1 3 2 -3 -2",96,1,128
1211,"1 2 3 -1 -3 1 -2 3 2 -3 -1 -2",32,1,128
1212,"1 2 3 -2 -2 3 -1 -1 -3 -3 2 1",192,1,0
1213,"1 2 3 -1 3 -2 1 -2 -3 -1 -3 2",24,1,-128
1214,"1 2 3 2 3 1 -3 -1 -1 -3 -2 -2",192,1,256
1215,"1 2 3 1 3 -2 -1 2 -3 -3 -1 -2",192,1,-128
1216,"1 2 3 -1 -1 -3 -2 -3 -2 3 1 2",192,1,-128
1217,"1 2 3 1 2 -1 3 -2 -2 -3 -1 -3",192,1,-128
1218,"1 2 3 1 2 -1 -1 -2 -3 -3 -2 3",192,1,-256
1219,"1 2 3 1 -2 -1 -3 -1 -2 3 2 -3",192,1,0
1220,"1 2 3 -1 -1 3 1 -3 2 -3 -2 -2",192,1,256
1221,"1 2 3 -1 -1 2 3 -2 -2 1 -3 -3",192,1,256
1222,"1 2 3 1 -3 -1 -2 -3 2 -1 3 -2",96,1,-128
1223,"1 2 3 2 3 -2 -2 -1 -3 -1 -3 1",96,1,-256
1224,"1 2 3 -1 -1 -3 1 3 -2 -2 -3 2",192,1,256
1225,"1 2 3 -1 -2 1 2 3 -2 -3 -1 -3",192,1,0
1226,"1 2 3 2 3 -2 -1 -1 -3 -3 -2 1",192,1,-256
1227,"1 2 3 1 -2 -3 2 3 -1 -3 -1 -2",192,1,0
1228,"1 2 3 -1 -1 -2 -2 3 2 -3 -3 1",96,1,512
1229,"1 2 3 -1 3 1 -3 2 -3 -2 -1 -2",192,1,128
1230,"1 2 3 2 -3 -2 3 -2 -1 -1 -3 1",96,1,256
1231,"1 2 3 1 -3 -1 -1 -3 2 3 -2 -2",192,1,-256
1232,"1 2 3 2 -3 -1 -1 -3 1 3 -2 -2",192,1,256
1233,"1 2 3 -1 -1 -2 -2 3 1 -3 -3 2",192,1,-256
1234,"1 2 3 -1 3 -1 -3 -2 -3 2 1 -2",192,1,0
1235,"1 2 3 1 2 -3 -1 -2 3 -2 -1 -3",192,1,128
1236,"1 2 3 -1 -1 -3 2 3 1 -2 -3 -2",192,1,128
1237,"1 2 3 -2 -2 3 2 -1 -1 -3 -3 1",96,1,0
1238,"1 2 3 1 -2 -1 -1 -3 -2 3 2 -3",192,1,128
1239,"1 2 3 2 3 -2 -3 -3 -1 -1 -2 1",192,1,256
1240,"1 2 3 1 3 -1 2 -3 -3 -1 -2 -2",192,1,-256
1241,"1 2 3 1 -2 3 -1 2 -3 -1 -2 -3",48,1,-128
1242,"1 2 3 1 -2 -1 3 -2 -3 -3 -1 2",192,1,-128
1243,"1 2 3 1 3 -2 -3 -1 2 -1 -3 -2",192,1,0
1244,"1 2 3 -1 -1 -2 3 -2 -3 2 -3 1",96,1,-256
1245,"1 2 3 -1 -1 -2 -3 2 3 -2 -3 1",96,1,256
1246,"1 2 3 -1 -1 -3 -2 1 2 3 -2 -3",192,1,128
1247,"1 2 3 -1 -1 2 -3 1 3 -2 -2 -3",192,1,256
1248,"1 2 3 -1 3 -2 -3 -1 -3 2 1 -2",96,1,-128
1249,"1 2 3 -1 -3 1 -3 -1 2 3 -2 -2",192,1,128
1250,"1 2 3 2 -3 -1 -3 1 3 -1 -2 -2",192,1,128
1251,"1 2 3 -1 -1 2 3 -2 1 -3 -3 -2",96,1,256
1252,"1 2 3 1 -2 -2 -1 3 2 -1 -3 -3",48,1,-256
1253,"1 2 3 1 3 -1 -1 -2 -2 -3 -3 2",192,1,-256
1254,"1 2 3 2 -3 -2 -2 -3 -1 -1 3 1",192,1,-256
1255,"1 2 3 -1 -2 1 -2 3 2 -3 -1 -3",96,1,128
1256,"1 2 3 1 3 2 -1 -2 -3 -3 -1 -2",192,1,-128
1257,"1 2 3 2 -3 -1 3 -1 -3 -2 -2 1",192,1,0
1258,"1 2 3 1 2 -3 -1 -2 -2 3 -1 -3",192,1,128
1259,"1 2 3 -1 -1 2 3 -2 -2 -3 1 -3",192,1,0
1260,"1 2 3 1 2 -1 -3 -2 -1 3 -2 -3",192,1,0
1261,"1 2 3 1 3 -1 -3 -2 -3 2 -1 -2",192,1,0
1262,"1 2 3 -1 -2 1 -2 -3 -3 -1 3 2",192,1,128
1263,"1 2 3 1 2 -1 -3 -1 3 -2 -3 -2",96,1,-128
1264,"1 2 3 1 -2 3 2 -1 -3 -1 -3 -2",96,1,-128
1265,"1 2 3 1 -2 -3 2 -1 3 -1 -3 -2",192,1,128
1266,"1 2 3 1 3 -2 -3 2 -1 -1 -3 -2",192,1,128
1267,"1 2 3 -1 3 -2 -3 -3 -1 2 1 -2",192,1,-128
1268,"1 2 3 -1 -2 1 2 3 -1 -3 -2 -3",192,1,128
1269,"1 2 3 2 -3 -3 -1 -1 -2 -2 3 1",192,1,-512
1270,"1 2 3 2 3 -2 -1 -1 -2 -3 -3 1",192,1,-256
1271,"1 2 3 -1 -2 1 -3 2 3 -1 -2 -3",96,1,128
1272,"1 2 3 1 -2 -1 2 3 -2 -3 -1 -3",192,1,128
1273,"1 2 3 -1 -1 -3 2 1 -2 3 -2 -3",192,1,128
1274,"1 2 3 -1 3 1 2 -1 -3 -2 -3 -2",192,1,0
1275,"1 2 3 1 3 -2 -1 -2 -3 -1 -3 2",48,1,-128
1276,"1 2 3 -1 -1 2 3 1 -3 -2 -3 -2",96,1,128
1277,"1 2 3 -1 -3 1 3 -2 -3 2 -1 -2",96,1,-128
1278,"1 2 3 1 3 -2 -1 -3 -1 2 -3 -2",96,1,-128
1279,"1 2 3 -1 -3 2 1 -2 3 -1 -3 -2",48,1,128
1280,"1 2 3 2 -3 1 3 -1 -3 -1 -2 -2",192,1,128
1281,"1 2 3 -1 3 1 -3 -2 -1 2 -3 -2",192,1,0
1282,"1 2 3 -2 3 -2 -3 -3 -1 -1 2 1",192,1,-256
1283,"1 2 3 1 -2 3 2 -1 -1 -3 -3 -2",96,1,-256
1284,"1 2 3 1 -2 -3 2 3 -1 -1 -3 -2",192,1,128
1285,"1 2 3 1 -2 -3 -1 -3 -2 3 -1 2",192,1,0
1286,"1 2 3 1 3 -1 -3 2 -1 -2 -3 -2",192,1,0
1287,"1 2 3 -1 -2 1 2 3 -1 -3 -3 -2",192,1,128
1288,"1 2 3 -1 -3 -1 3 2 1 -2 -3 -2",96,1,128
1289,"1 2 3 -1 -1 3 -2 -3 -2 -3 2 1",96,1,-256
1290,"1 2 3 -1 -1 3 2 -3 -3 -2 -2 1",192,1,0
1291,"1 2 3 1 2 -1 -2 3 -2 -1 -3 -3",192,1,128
1292,"1 2 3 -2 -1 -1 2 -3 -3 -2 3 1",192,1,-256
1293,"1 2 3 -1 -1 -3 1 -3 -2 -2 3 2",192,1,0
1294,"1 2 3 -1 3 1 2 -1 -3 -3 -2 -2",192,1,0
1295,"1 2 3 1 3 -2 -1 -2 -1 -3 -3 2",192,1,-128
1296,"1 2 3 -1 -1 2 3 -2 -3 -3 -2 1",192,1,256
1297,"1 2 3 -1 -1 3 1 -2 -3 2 -3 -2",192,1,128
1298,"1 2 3 1 3 -2 -1 -1 -3 2 -3 -2",192,1,-128
1299,"1 2 3 1 3 -1 -2 -1 -2 -3 -3 2",192,1,-128
1300,"1 2 3 -1 -3 2 3 1 -3 -1 -2 -2",192,1,-128
1301,"1 2 3 1 2 3 -1 -2 -3 -2 -1 -3",192,1,0
1302,"1 2 3 1 -2 -1 -2 3 2 -3 -1 -3",96,1,0
1303,"1 2 3 1 -3 2 -3 -1 -1 3 -2 -2",192,1,0
1304,"1 2 3 -1 -1 -3 2 -3 1 -2 3 -2",192,1,-128
1305,"1 2 3 1 -3 2 -3 -1 3 -1 -2 -2",192,1,128
1306,"1 2 3 -1 -1 2 1 -3 -2 3 -2 -3",192,1,128
1307,"1 2 3 1 2 3 -1 -2 -3 -1 -2 -3",48,1,-128
1308,"1 2 3 2 3 -1 -1 -3 -3 1 -2 -2",192,1,-256
1309,"1 2 3 1 2 -1 -3 -2 -3 -2 -1 3",96,1,-128
1310,"1 2 3 1 2 3 -1 -1 -3 -2 -2 -3",192,1,0
1311,"1 2 3 -1 -3 -1 -3 2 3 -2 1 -2",96,1,128
1312,"1 2 3 -1 -1 -3 1 -2 3 -2 -3 2",192,1,128
1313,"1 2 3 1 -2 -1 -1 -2 3 2 -3 -3",192,1,0
1314,"1 2 3 -1 3 -1 2 1 -3 -2 -3 -2",96,1,0
1315,"1 2 3 -1 -3 1 -2 -1 -3 2 3 -2",96,1,0
1316,"1 2 3 1 2 3 -1 -2 -2 -3 -1 -3",192,1,-128
1317,"1 2 3 1 3 -1 2 -3 -2 -3 -1 -2",96,1,-128
1318,"1 2 3 -1 -2 -1 3 2 1 -3 -2 -3",48,1,128
1319,"1 2 3 1 2 -1 -3 -3 -2 -2 -1 3",96,1,-256
1320,"1 2 3 1 -3 -1 3 2 -1 -2 -3 -2",96,1,128
1321,"1 2 3 -1 -1 -3 -3 2 3 -2 1 -2",192,1,256
1322,"1 2 3 -1 -2 -1 -3 1 3 -2 -3 2",96,1,128
1323,"1 2 3 1 -2 -3 2 -1 -3 -1 3 -2",192,1,0
1324,"1 2 3 -1 -1 -2 1 3 2 -3 -2 -3",192,1,128
1325,"1 2 3 1 -2 -3 -1 3 -1 -2 -3 2",192,1,0
1326,"1 2 2 3 3 -1 -1 -3 -3 -2 -2 1",48,1,-1024
1327,"1 2 3 1 -2 3 -1 2 -3 -3 -1 -2",192,1,-128
1328,"1 2 3 1 -3 -1 -2 3 2 -3 -1 -2",96,1,0
1329,"1 2 3 2 -1 -1 -3 -3 1 3 -2 -2",192,1,256
1330,"1 2 3 -1 3 -1 2 1 -3 -3 -2 -2",192,1,0
1331,"1 2 3 1 -2 -1 -1 3 2 -3 -3 -2",192,1,-256
1332,"1 2 3 1 3 -1 2 -3 -3 -2 -1 -2",192,1,-128
1333,"1 2 3 -1 -1 -2 -3 -3 2 3 1 -2",192,1,0
1334,"1 2 3 1 2 3 -1 -3 -2 -2 -1 -3",96,1,128
1335,"1 2 3 -1 -1 -2 3 2 1 -3 -2 -3",192,1,128
1336,"1 2 3 1 -2 -3 -3 -1 3 2 -1 -2",192,1,128
1337,"1 2 3 2 -1 -2 1 3 -1 -3 -3 -2",192,1,128
1338,"1 2 3 1 -2 -3 2 -3 -1 -1 3 -2",192,1,128
1339,"1 2 3 -1 -1 -2 3 2 -3 -3 1 -2",192,1,256
1340,"1 2 3 -1 3 1 -3 -2 -1 -2 -3 2",192,1,0
1341,"1 2 3 -1 -3 -3 -1 3 2 1 -2 -2",48,1,256
1342,"1 2 3 1 -2 -2 -3 -1 3 -1 -3 2",192,1,-128
1343,"1 2 3 -2 -2 -3 2 3 -1 -1 -3 1",192,1,256
1344,"1 2 -1 -1 3 1 -3 -3 2 3 -2 -2",32,1,-256
1345,"1 2 3 1 -2 -3 -1 3 2 -1 -3 -2",96,1,0
1346,"1 2 3 -1 -2 1 -2 3 -1 -3 -3 2",192,1,128
1347,"1 2 3 1 -2 3 -2 -1 -3 -1 -3 2",96,1,-128
1348,"1 2 3 -1 -1 -2 3 2 1 -3 -3 -2",96,1,256
1349,"1 2 3 -1 -2 1 3 -1 2 -3 -2 -3",192,1,128
1350,"1 2 3 2 -3 1 3 -1 -1 -3 -2 -2",192,1,0
1351,"1 2 3 1 -2 -1 3 2 -3 -2 -1 -3",192,1,0
1352,"1 2 3 1 -2 -1 -3 -1 -3 2 3 -2",192,1,0
1353,"1 2 3 1 -2 -1 3 -1 -3 2 -3 -2",192,1,0
1354,"1 2 3 1 -2 3 -2 -1 -3 -3 -1 2",192,1,-128
1355,"1 2 3 1 3 -1 -3 2 -3 -1 -2 -2",192,1,-128
1356,"1 2 3 -1 3 2 -3 -3 1 -2 -1 -2",192,1,128
1357,"1 2 3 -1 -1 -2 3 2 1 -2 -3 -3",96,1,0
1358,"1 2 3 -1 3 1 -3 -3 2 -1 -2 -2",192,1,0
1359,"1 2 3 1 -2 -1 3 2 -1 -3 -2 -3",96,1,-128
1360,"1 2 3 1 2 -1 -1 3 -2 -3 -2 -3",192,1,-128
1361,"1 2 3 1 2 -3 -2 -1 -2 3 -1 -3",192,1,0
1362,"1 2 3 1 3 -1 -1 -3 -2 -2 -3 2",192,1,0
1363,"1 2 3 1 -2 3 -2 -1 -1 -3 -3 2",96,1,-256
1364,"1 2 3 -1 -1 -3 -2 3 1 2 -3 -2",192,1,128
1365,"1 2 3 1 3 -1 -1 2 -3 -2 -3 -2",192,1,-128
1366,"1 2 2 3 3 -1 -1 -2 -2 -3 -3 1",16,1,-1024
1367,"1 2 3 1 -2 -2 -1 3 -1 -3 -3 2",192,1,-256
1368,"1 2 3 3 2 -3 -3 -2 -1 -1 -2 1",96,1,0
1369,"1 2 3 1 -2 -1 -1 -3 -3 2 3 -2",192,1,0
1370,"1 2 3 1 -2 -1 -3 -2 3 -1 -3 2",192,1,0
1371,"1 2 3 -1 -2 1 -3 -1 3 -2 -3 2",192,1,0
1372,"1 2 3 1 3 -1 -2 -1 -3 2 -3 -2",192,1,-128
1373,"1 2 3 -1 -1 2 -3 -3 1 3 -2 -2",192,1,256
1374,"1 2 3 -1 -3 -1 3 -2 1 2 -3 -2",96,1,128
1375,"1 2 3 1 -3 -1 2 3 -2 -3 -1 -2",96,1,-128
1376,"1 2 3 -1 -1 3 2 -3 -3 -2 1 -2",192,1,0
1377,"1 2 3 1 -2 -3 -1 -3 -1 2 3 -2",192,1,0
1378,"1 2 3 1 -2 -1 3 2 -1 -2 -3 -3",192,1,-128
1379,"1 2 3 1 2 -3 -2 -2 -1 3 -1 -3",192,1,128
1380,"1 2 3 1 -2 -3 -1 -3 -2 -1 3 2",96,1,0
1381,"1 2 3 2 -1 -2 -1 3 1 -3 -3 -2",192,1,128
1382,"1 2 3 1 -3 -3 -1 2 -1 3 -2 -2",192,1,0
1383,"1 2 3 -1 -1 2 3 -2 -3 -3 1 -2",192,1,0
1384,"1 2 3 1 -3 2 3 -1 -1 -2 -3 -2",192,1,-128
1385,"1 2 3 -2 -1 -1 -3 1 3 2 -3 -2",192,1,128
1386,"1 2 3 -1 -3 1 3 2 -3 -2 -1 -2",192,1,0
1387,"1 2 3 -1 3 1 -2 -1 -2 -3 -3 2",192,1,-128
1388,"1 2 3 1 -2 -2 3 -1 -1 -3 2 -3",192,1,-256
1389,"1 2 3 1 2 -1 -1 -3 -3 -2 -2 3",192,1,-256
1390,"1 2 3 1 -2 -3 -3 -1 -1 2 3 -2",192,1,0
1391,"1 2 3 -1 -1 3 1 2 -3 -2 -2 -3",96,1,256
1392,"1 2 3 1 -2 -1 3 -1 -3 -2 -3 2",192,1,-128
1393,"1 2 3 -1 -1 2 -3 -3 -2 -2 3 1",96,1,-512
1394,"1 2 3 2 -3 -3 -2 -2 -1 -1 3 1",192,1,-512
1395,"1 2 3 1 -2 -3 -3 -1 -2 -1 3 2",192,1,-128
1396,"1 2 3 1 3 -1 -3 -3 2 -1 -2 -2",192,1,0
1397,"1 2 3 2 -3 -3 -2 3 -1 -1 -2 1",192,1,256
1398,"1 2 3 -1 -2 -1 -2 3 2 -3 1 -3",96,1,128
1399,"1 2 3 -1 -1 -3 1 -2 3 2 -3 -2",192,1,128
1400,"1 2 3 1 -2 -3 -1 3 -2 -3 -1 2",192,1,0
1401,"1 2 3 1 3 -1 -1 -2 -3 2 -3 -2",192,1,-128
1402,"1 2 3 -1 -2 1 -3 -1 -3 -2 3 2",192,1,128
1403,"1 2 3 2 -1 -1 3 -2 -3 -2 -3 1",192,1,-256
1404,"1 2 3 1 -2 -1 -3 -3 2 -1 3 -2",192,1,128
1405,"1 2 3 2 3 -1 -1 -2 1 -3 -3 -2",192,1,0
1406,"1 2 3 2 -1 -1 -3 1 -3 -2 3 -2",192,1,-128
1407,"1 2 3 2 -3 -3 -1 -1 3 -2 -2 1",192,1,-512
1408,"1 2 3 -1 3 -1 -2 1 -2 -3 -3 2",192,1,-128
1409,"1 2 3 1 3 2 -1 -3 -2 -3 -1 -2",96,1,-128
1410,"1 2 3 -1 -1 3 -2 -2 -3 -3 1 2",192,1,-256
1411,"1 2 3 1 -3 -1 3 -2 -3 2 -1 -2",96,1,-128
1412,"1 2 3 1 2 -1 -2 -3 -1 3 -2 -3",192,1,-128
1413,"1 2 3 1 2 -1 3 -2 -1 -3 -2 -3",192,1,0
1414,"1 2 3 -1 -1 -2 -2 3 2 -3 1 -3",192,1,256
1415,"1 2 3 -1 -2 1 2 -3 -2 3 -1 -3",96,1,-128
1416,"1 2 3 -1 -1 -3 2 3 -2 -2 1 -3",192,1,256
1417,"1 2 3 -1 -1 -3 -2 -3 1 2 3 -2",192,1,128
1418,"1 2 3 1 -2 -1 -1 2 3 -2 -3 -3",192,1,256
1419,"1 2 3 1 3 2 -3 -1 -1 -2 -3 -2",192,1,-128
1420,"1 2 3 2 -3 1 3 -2 -3 -1 -1 -2",192,1,128
1421,"1 2 3 -1 -1 -2 3 2 -3 -3 -2 1",192,1,256
1422,"1 2 3 -1 -1 2 3 1 -2 -3 -2 -3",96,1,128
1423,"1 2 3 1 -2 3 2 -3 -1 -3 -1 -2",96,1,-128
1424,"1 2 3 -1 -1 2 1 -3 -3 -2 3 -2",192,1,0
1425,"1 2 3 -1 -3 -1 3 2 -3 -2 1 -2",192,1,0
1426,"1 2 3 1 -3 -1 3 2 -3 -2 -1 -2",192,1,0
1427,"1 2 3 -1 3 -2 -3 1 -3 2 -1 -2",96,1,128
1428,"1 2 3 1 3 2 -1 -3 -3 -2 -1 -2",192,1,-128
1429,"1 2 3 1 2 -1 3 -2 -1 -2 -3 -3",192,1,-128
1430,"1 2 3 2 -1 -1 3 1 -3 -3 -2 -2",192,1,256
1431,"1 2 3 -1 -1 3 -2 -3 2 -3 -2 1",192,1,0
1432,"1 2 3 1 2 -1 -3 -3 -1 -2 -2 3",192,1,-256
1433,"1 2 3 -1 3 -1 -3 -3 2 1 -2 -2",192,1,0
1434,"1 2 3 1 3 -1 -2 -3 2 -3 -1 -2",192,1,0
1435,"1 2 3 1 3 -2 -3 2 -1 -3 -1 -2",96,1,128
1436,"1 2 3 2 -3 -1 -1 3 -2 -2 -3 1",192,1,-256
1437,"1 2 3 2 3 -1 -3 -1 -3 1 -2 -2",192,1,-128
1438,"1 2 3 1 -2 -3 -2 -3 -1 3 -1 2",192,1,-128
1439,"1 2 3 2 3 1 -3 -3 -1 -1 -2 -2",96,1,256
1440,"1 2 3 1 -2 -1 -3 2 -3 -1 3 -2",192,1,128
1441,"1 2 3 -1 -1 2 -3 -2 3 -2 1 -3",192,1,-128
1442,"1 2 3 1 -2 3 2 -3 -3 -1 -1 -2",96,1,-256
1443,"1 2 3 -1 -1 -3 -3 -2 3 2 1 -2",192,1,0
1444,"1 2 3 1 -3 -1 3 2 -3 -1 -2 -2",192,1,128
1445,"1 2 3 1 3 -1 -3 -1 -2 -2 -3 2",192,1,-128
1446,"1 2 3 -1 3 -2 -3 -3 1 2 -1 -2",192,1,128
1447,"1 2 3 1 3 2 -3 -3 -2 -1 -1 -2",192,1,0
1448,"1 2 3 -1 -3 -3 1 3 2 -1 -2 -2",48,1,256
1449,"1 2 3 1 3 -2 -3 2 -3 -1 -1 -2",192,1,128
1450,"1 2 3 -1 -1 -3 -2 -3 2 3 1 -2",192,1,128
1451,"1 2 3 1 -2 -2 -3 -3 -1 3 -1 2",192,1,-256
1452,"1 2 3 1 3 2 -1 -1 -3 -3 -2 -2",192,1,-256
1453,"1 2 3 1 -2 -1 2 -3 -3 -1 3 -2",192,1,128
1454,"1 2 3 1 3 2 -1 -3 -3 -1 -2 -2",192,1,-256
1455,"1 2 3 -1 -1 3 2 -3 -2 -2 1 -3",192,1,0
1456,"1 2 3 1 -2 -1 3 2 -3 -1 -3 -2",192,1,-128
1457,"1 2 3 1 2 -1 -2 -3 -2 -3 -1 3",96,1,0
1458,"1 2 3 1 -2 -1 -3 2 -1 3 -2 -3",96,1,128
1459,"1 2 3 -2 -1 -1 -3 2 3 -2 -3 1",96,1,256
1460,"1 2 3 -1 -1 3 -2 -3 -2 -3 1 2",192,1,-128
1461,"1 2 3 -1 -1 -3 -3 -2 -2 3 1 2",96,1,-256
1462,"1 2 3 1 2 -1 -2 -3 -3 -2 -1 3",192,1,-128
1463,"1 2 3 1 -3 2 -1 -1 -3 -2 3 -2",192,1,128
1464,"1 2 3 -1 -3 -2 1 2 3 -1 -3 -2",48,2,128
1465,"1 2 3 2 -3 -3 -1 3 1 -2 -1 -2",192,1,-128
1466,"1 2 3 1 3 2 -3 -2 -1 -3 -1 -2",96,1,0
1467,"1 2 3 1 2 -1 3 -2 -2 -1 -3 -3",192,1,0
1468,"1 2 3 2 3 -2 -2 -1 -1 -3 -3 1",192,1,-512
1469,"1 2 3 1 -2 -3 -1 2 3 -1 -2 -3",48,1,128
1470,"1 2 3 2 3 -1 -1 -3 -2 -3 -2 1",48,1,-256
1471,"1 2 3 1 -2 -1 3 2 -3 -3 -1 -2",192,1,-128
1472,"1 2 3 1 -2 -3 -1 2 3 -1 -3 -2",96,1,128
1473,"1 2 3 1 2 -1 -2 -2 -3 -3 -1 3",96,1,0
1474,"1 2 3 -1 -2 1 -3 2 -1 3 -2 -3",48,1,128
1475,"1 2 3 1 2 -1 -3 -1 -3 -2 -2 3",192,1,-128
1476,"1 2 3 -1 -2 1 -3 -1 3 2 -3 -2",96,1,-128
1477,"1 2 3 -1 -1 3 -2 1 -2 -3 -3 2",96,1,-256
1478,"1 2 3 1 3 2 -3 -2 -3 -1 -1 -2",192,1,-128
1479,"1 2 3 2 -3 -1 3 -2 -2 -1 -3 1",192,1,0
1480,"1 2 3 1 -2 -1 -3 -2 -3 -1 3 2",192,1,0
1481,"1 2 3 -1 -1 -3 1 2 3 -2 -2 -3",96,1,256
1482,"1 2 3 -2 3 -2 -3 2 -1 -1 -3 1",192,1,0
1483,"1 2 3 1 -2 3 -2 -3 -1 -3 -1 2",96,1,-128
1484,"1 2 3 1 -2 -1 2 3 -1 -2 -3 -3",192,1,128
1485,"1 2 3 -2 -1 -1 -3 -2 3 2 -3 1",96,1,256
1486,"1 2 3 1 -2 -2 3 -1 -3 -3 -1 2",192,1,0
1487,"1 2 3 1 -3 2 -1 -2 -3 -1 3 -2",48,1,-128
1488,"1 2 3 2 3 -2 -3 1 -3 -1 -1 -2",192,1,128
1489,"1 2 3 -2 -2 -1 -1 3 2 -3 -3 1",96,1,0
1490,"1 2 3 1 3 -1 -2 -1 2 -3 -3 -2",192,1,-128
1491,"1 2 3 2 -3 -1 -1 -2 3 -2 -3 1",96,1,0
1492,"1 2 3 1 -2 -1 -2 -3 -3 -1 3 2",192,1,-128
1493,"1 2 3 -1 3 1 -2 -2 -1 -3 -3 2",192,1,-256
1494,"1 2 3 1 -2 3 -2 -3 -3 -1 -1 2",96,1,-256
1495,"1 2 3 -1 -2 -1 2 3 1 -3 -2 -3",192,1,128
1496,"1 2 3 1 2 -1 -3 -1 -2 3 -2 -3",192,1,0
1497,"1 2 3 -1 -1 -3 -2 3 2 -3 -2 1",96,1,256
1498,"1 2 3 -1 -3 -1 -3 1 2 3 -2 -2",96,1,128
1499,"1 2 3 2 -3 -1 3 -1 -3 1 -2 -2",192,1,128
1500,"1 2 3 -1 -1 2 1 -2 3 -2 -3 -3",192,1,256
1501,"1 2 3 -1 3 -1 -3 2 1 -2 -3 -2",192,1,0
1502,"1 2 3 -1 -2 1 -3 -3 -2 3 -1 2",192,1,128
1503,"1 2 3 -1 -1 3 1 -3 -2 -2 -3 2",192,1,0
1504,"1 2 3 1 2 -3 -1 -2 3 -1 -2 -3",48,1,128
1505,"1 2 3 1 -2 3 -1 2 -1 -3 -2 -3",96,1,-128
1506,"1 2 3 1 2 -1 -1 -3 -2 3 -2 -3",192,1,128
1507,"1 2 3 1 3 -2 -2 -1 -1 -3 -3 2",96,1,-256
1508,"1 2 3 1 -2 -3 -1 -3 2 3 -1 -2",192,1,0
1509,"1 2 3 -1 -1 2 3 -2 -3 -2 -3 1",192,1,0
1510,"1 2 3 -2 3 2 -3 -2 -1 -1 -3 1",192,1,256
1511,"1 2 3 1 3 -1 2 -1 -2 -3 -3 -2",192,1,-128
1512,"1 2 3 1 -2 -1 -3 -3 -1 -2 3 2",192,1,128
1513,"1 2 3 1 -2 -3 -3 2 3 -1 -1 -2",192,1,0
1514,"1 2 3 1 2 -1 -1 3 -2 -2 -3 -3",192,1,-256
1515,"1 2 3 -1 -1 -3 -3 2 1 -2 3 -2",192,1,0
1516,"1 2 3 -1 -3 2 -3 -1 3 1 -2 -2",192,1,128
1517,"1 2 3 2 3 -1 -1 -3 -3 -2 1 -2",192,1,-256
1518,"1 2 3 2 3 -2 -2 -3 -1 -1 -3 1",192,1,-256
1519,"1 2 3 -1 -3 2 1 -2 -3 -1 3 -2",24,1,-128
1520,"1 2 3 2 -3 -1 -1 -2 -3 -2 3 1",96,1,-256
1521,"1 2 3 1 -2 -1 -2 -3 -1 3 2 -3",192,1,-128
1522,"1 2 3 1 -2 -2 -3 -1 3 -1 2 -3",192,1,-128
1523,"1 2 3 -1 -1 3 1 2 -3 -3 -2 -2",192,1,256
1524,"1 2 3 -1 -1 -3 2 3 1 -3 -2 -2",192,1,0
1525,"1 2 3 1 -2 -1 2 3 -1 -3 -2 -3",192,1,0
1526,"1 2 3 -1 -2 -1 -3 2 3 -2 1 -3",96,1,128
1527,"1 2 3 1 -2 -1 -3 -3 2 3 -1 -2",192,1,128
1528,"1 2 3 1 -3 2 3 -2 -1 -1 -3 -2",192,1,-128
1529,"1 2 3 1 -3 2 -1 -1 3 -2 -3 -2",192,1,-128
1530,"1 2 3 1 -2 -2 -3 -1 -1 3 2 -3",192,1,-256
1531,"1 2 3 1 -2 3 -1 -2 -3 -1 2 -3",16,1,-128
1532,"1 2 3 -1 3 -1 -2 -2 1 -3 -3 2",192,1,-256
1533,"1 2 3 1 -2 -3 -3 2 -1 -1 3 -2",192,1,0
1534,"1 2 3 1 -2 -2 -1 -3 -1 3 2 -3",192,1,-128
1535,"1 2 3 1 -2 -1 2 3 -1 -3 -3 -2",192,1,128
1536,"1 2 3 -1 -1 2 -3 1 -3 -2 3 -2",192,1,-128
1537,"1 2 3 -1 -1 -2 -3 2 3 -2 1 -3",192,1,128
1538,"1 2 3 1 3 -2 -3 -3 2 -1 -1 -2",192,1,256
1539,"1 2 3 -1 -1 2 1 3 -2 -3 -2 -3",192,1,128
1540,"1 2 3 1 -2 -1 3 -1 2 -3 -2 -3",192,1,-128
1541,"1 2 3 1 -2 -3 -2 -1 3 -1 -3 2",192,1,-128
1542,"1 2 3 -1 -1 -2 -3 -3 -2 3 1 2",192,1,0
1543,"1 2 3 1 2 -1 -2 -3 -3 -1 -2 3",192,1,-128
1544,"1 2 3 1 -2 -1 -2 3 -1 -3 2 -3",192,1,-128
1545,"1 2 3 1 3 -1 -2 -3 -3 -2 -1 2",192,1,128
1546,"1 2 3 2 3 -1 -1 -2 -2 -3 -3 1",96,1,-512
1547,"1 2 3 -1 -1 3 -2 -2 1 -3 -3 2",192,1,-256
1548,"1 2 3 -1 3 1 -2 -1 -3 2 -3 -2",96,1,0
1549,"1 2 3 -1 -1 2 -3 -3 -2 3 -2 1",192,1,-256
1550,"1 2 3 1 2 -1 -2 -2 3 -1 -3 -3",192,1,256
1551,"1 2 3 1 -2 -1 3 -2 -3 2 -1 -3",96,1,128
1552,"1 2 3 1 -2 3 2 -1 -3 -3 -1 -2",192,1,-128
1553,"1 2 3 2 3 -1 -3 1 -3 -1 -2 -2",192,1,-128
1554,"1 2 3 -2 -3 -2 3 2 -1 -1 -3 1",96,1,0
1555,"1 2 3 1 -2 -1 -1 3 2 -3 -2 -3",192,1,-128
1556,"1 2 3 -1 3 1 -2 -2 -3 -1 -3 2",192,1,-128
1557,"1 2 3 -1 -2 -1 -2 3 1 -3 -3 2",192,1,-128
1558,"1 2 3 2 -3 -1 -1 -3 -2 3 -2 1",96,1,0
1559,"1 2 3 1 2 3 -1 -2 -1 -3 -2 -3",96,1,0
1560,"1 2 3 1 -2 -2 -1 3 -1 -3 2 -3",192,1,-128
1561,"1 2 3 1 -2 -1 -3 -1 -3 -2 3 2",192,1,128
1562,"1 2 3 -1 3 1 -2 -1 2 -3 -3 -2",192,1,-128
1563,"1 2 3 1 2 -1 -2 -3 -1 -3 -2 3",192,1,-128
1564,"1 2 3 -1 -1 -3 -2 -2 3 2 1 -3",192,1,0
1565,"1 2 3 1 2 3 -1 -1 -2 -3 -2 -3",192,1,-128
1566,"1 2 3 1 -2 -3 -3 -1 3 -2 -1 2",192,1,-128
1567,"1 2 3 1 2 -1 -3 -2 -1 -3 -2 3",96,1,0
1568,"1 2 3 1 -2 -1 -1 -3 -3 -2 3 2",192,1,256
1569,"1 2 3 -1 -1 -3 -2 3 -2 -3 1 2",192,1,-128
1570,"1 2 3 1 -2 -3 -1 3 2 -1 -2 -3",96,1,0
1571,"1 2 3 -1 -2 1 -3 2 3 -1 -3 -2",96,1,128
1572,"1 2 3 1 3 -1 -3 2 -3 -2 -1 -2",192,1,-128
1573,"1 2 3 2 -3 1 -3 -1 -1 3 -2 -2",192,1,-256
1574,"1 2 3 3 -1 -3 -3 -2 -2 -1 2 1",192,1,512
1575,"1 2 3 -1 -1 3 -2 -3 -3 -2 1 2",192,1,0
1576,"1 2 3 1 2 -1 -1 3 -2 -3 -3 -2",192,1,-256
1577,"1 2 3 2 -3 -3 1 3 -1 -1 -2 -2",192,1,256
1578,"1 2 3 1 -2 -3 -3 -2 3 -1 -1 2",192,1,0
1579,"1 2 3 1 -2 -3 -1 -3 -1 -2 3 2",192,1,0
1580,"1 2 3 -1 -1 2 1 3 -2 -3 -3 -2",192,1,256
1581,"1 2 3 1 -3 2 -1 -2 3 -1 -3 -2",96,1,128
1582,"1 2 3 1 -3 -3 -1 -1 2 3 -2 -2",192,1,-256
1583,"1 2 3 1 2 -1 -2 -1 -3 -3 -2 3",192,1,-128
1584,"1 2 3 -1 3 -1 -2 1 2 -3 -3 -2",192,1,128
1585,"1 2 3 1 -2 -1 -2 3 -1 -3 -3 2",192,1,-128
1586,"1 2 3 -1 -1 -2 3 2 -3 -2 -3 1",192,1,256
1587,"1 2 3 -1 -1 -2 -3 1 2 3 -2 -3",96,1,128
1588,"1 2 3 -2 -3 2 3 -2 -1 -1 -3 1",96,1,256
1589,"1 2 3 1 3 -1 -2 -2 -3 -1 -3 2",192,1,-128
1590,"1 2 3 -1 3 1 2 -1 -2 -3 -3 -2",192,1,-128
1591,"1 2 3 1 3 2 -3 -1 -1 -3 -2 -2",192,1,0
1592,"1 2 3 1 -3 -2 -1 3 -1 2 -3 -2",192,1,0
1593,"1 2 3 1 -2 -2 3 -1 -1 -3 -3 2",192,1,-256
1594,"1 2 3 1 3 2 -3 -1 -3 -1 -2 -2",192,1,-128
1595,"1 2 3 2 -3 1 -3 -1 3 -1 -2 -2",192,1,-128
1596,"1 2 3 1 2 -1 3 -1 -3 -2 -3 -2",192,1,0
1597,"1 2 3 -1 3 1 -3 2 -1 -2 -3 -2",192,1,0
1598,"1 2 3 1 -2 -3 -3 -1 -1 -2 3 2",192,1,0
1599,"1 2 3 -1 -3 -1 2 1 -3 -2 3 -2",96,1,0
1600,"1 2 3 -2 -2 3 2 -3 -1 -1 -3 1",192,1,256
1601,"1 2 3 -1 -1 -3 2 -3 1 3 -2 -2",192,1,0
1602,"1 2 3 -1 3 1 -3 -2 -3 -2 -1 2",96,1,-128
1603,"1 2 3 1 -3 -2 -1 -1 3 2 -3 -2",192,1,-128
1604,"1 2 3 -1 3 -1 -3 -2 1 2 -3 -2",192,1,0
1605,"1 2 3 1 -2 -1 3 -1 2 -3 -3 -2",192,1,-128
1606,"1 2 3 1 -3 -1 3 -1 2 -3 -2 -2",192,1,128
1607,"1 2 3 -1 -1 -2 -2 3 2 1 -3 -3",192,1,256
1608,"1 2 3 -1 -1 3 1 2 -3 -2 -3 -2",192,1,128
1609,"1 2 3 -1 -1 -3 -3 1 2 3 -2 -2",96,1,256
1610,"1 2 3 2 -1 -1 3 -2 -2 -3 -3 1",192,1,-512
1611,"1 2 3 1 2 -1 -1 -3 -3 -2 3 -2",192,1,0
1612,"1 2 3 -2 -2 -1 -1 -3 -3 2 3 1",96,1,0
1613,"1 2 3 -1 -3 2 -3 1 3 -1 -2 -2",192,1,128
1614,"1 2 3 2 -3 -3 -1 -2 -2 -1 3 1",192,1,-256
1615,"1 2 3 1 -2 -1 -3 -3 -2 -1 3 2",192,1,128
1616,"1 2 3 -1 3 -1 2 1 -2 -3 -3 -2",192,1,128
1617,"1 2 3 -1 3 1 -3 -2 -3 2 -1 -2",192,1,0
1618,"1 2 3 1 -2 -1 -2 3 2 -1 -3 -3",192,1,-128
1619,"1 2 3 -1 -1 2 -3 1 3 -2 -3 -2",192,1,128
1620,"1 2 3 -1 3 -1 -3 1 -2 -2 -3 2",192,1,128
1621,"1 2 3 -1 3 -2 1 2 -3 -1 -3 -2",48,1,128
1622,"1 2 3 -1 3 1 -3 -3 -2 -2 -1 2",96,1,-256
1623,"1 2 3 1 2 -1 3 -1 -2 -3 -2 -3",192,1,0
1624,"1 2 3 -1 -1 -2 -3 1 3 -2 -3 2",192,1,128
1625,"1 2 3 1 -2 -1 -3 -3 -1 2 3 -2",192,1,128
1626,"1 2 3 -1 -1 -3 -3 -2 1 2 3 -2",192,1,0
1627,"1 2 3 1 -2 -2 -1 3 -1 2 -3 -3",192,1,-256
1628,"1 2 3 -1 -1 -2 3 -2 -3 -3 1 2",192,1,-256
1629,"1 2 3 2 -3 -1 3 1 -3 -1 -2 -2",192,1,128
1630,"1 2 3 2 -3 -2 -2 -1 3 -1 -3 1",96,1,256
1631,"1 2 3 1 -2 -1 -3 2 3 -1 -2 -3",192,1,128
1632,"1 2 3 1 -2 -1 -3 2 3 -1 -3 -2",192,1,128
1633,"1 2 3 -1 3 -2 1 2 -1 -3 -3 -2",192,1,128
1634,"1 2 3 1 -2 -3 -1 3 2 -3 -1 -2",192,1,0
1635,"1 2 3 1 2 -1 3 -1 -2 -2 -3 -3",192,1,0
1636,"1 2 3 -1 -1 -2 3 -2 -3 -3 2 1",192,1,-256
1637,"1 2 3 1 3 -2 -3 -1 -1 -2 -3 2",96,1,-128
1638,"1 2 3 1 3 -1 -3 -2 -3 -2 -1 2",96,1,128
1639,"1 2 3 1 -3 -3 -1 3 2 -1 -2 -2",48,1,256
1640,"1 2 3 -1 -1 3 2 1 -3 -2 -2 -3",48,1,256
1641,"1 2 3 -1 -2 1 3 -1 -3 2 -3 -2",192,1,0
1642,"1 2 3 2 -3 -1 -1 -3 -2 -2 3 1",192,1,-256
1643,"1 2 3 1 -2 -1 3 -1 -2 -3 2 -3",192,1,0
1644,"1 2 3 1 3 -1 -3 -2 -2 -1 -3 2",192,1,128
1645,"1 2 3 1 3 -2 -1 -1 -3 -2 -3 2",192,1,-128
1646,"1 2 3 1 2 -1 3 -2 -3 -1 -2 -3",96,1,-128
1647,"1 2 3 1 2 -1 3 -2 -1 -3 -3 -2",192,1,-128
1648,"1 2 3 3 -1 -1 -2 -2 -3 -3 2 1",192,1,-512
1649,"1 2 3 1 3 -1 2 -1 -3 -2 -3 -2",192,1,-128
1650,"1 2 3 -1 -1 3 -2 -3 2 -3 1 -2",192,1,-128
1651,"1 2 3 1 -2 -1 2 -1 3 -2 -3 -3",192,1,128
1652,"1 2 3 -1 3 2 1 -2 -3 -1 -3 -2",48,1,128
1653,"1 2 3 1 3 -1 -3 -3 -2 -2 -1 2",96,1,256
1654,"1 2 3 -1 -1 -3 1 -3 2 3 -2 -2",192,1,256
1655,"1 2 3 -1 -1 3 -2 1 2 -3 -3 -2",96,1,256
1656,"1 2 3 3 -2 -1 -1 2 -3 -3 -2 1",24,1,-512
1657,"1 2 3 1 3 -1 -3 -2 -1 2 -3 -2",192,1,0
1658,"1 2 3 -1 -1 -2 -3 1 -3 -2 3 2",96,1,128
1659,"1 2 3 1 -2 -1 3 -1 -2 -3 -3 2",192,1,-128
1660,"1 2 3 1 -2 -3 -2 -1 -3 -1 3 2",192,1,0
1661,"1 2 3 1 3 2 -1 -1 -2 -3 -3 -2",192,1,-256
1662,"1 2 3 2 -3 -1 -1 3 -2 -3 -2 1",96,1,-256
1663,"1 2 3 -1 -1 -3 -3 1 -2 -2 3 2",192,1,-256
1664,"1 2 3 -1 3 -1 -3 2 -3 -2 1 -2",192,1,-128
1665,"1 2 3 1 2 -1 3 -2 -3 -1 -3 -2",192,1,-128
1666,"1 2 3 1 3 -1 2 -1 -3 -3 -2 -2",192,1,-256
1667,"1 2 3 2 -3 -2 -2 -1 -3 -1 3 1",96,1,-256
1668,"1 2 3 -1 -2 1 2 -3 -1 3 -2 -3",192,1,128
1669,"1 2 3 -1 3 2 1 -2 -1 -3 -3 -2",192,1,128
1670,"1 2 3 1 3 -2 -1 2 -3 -1 -3 -2",96,1,-128
1671,"1 2 3 1 3 -1 -3 -2 -1 -2 -3 2",192,1,0
1672,"1 2 3 1 -3 2 3 -1 -3 -1 -2 -2",192,1,-128
1673,"1 2 3 -1 3 -1 -3 -2 -3 -2 1 2",96,1,-128
1674,"1 2 3 1 -2 -2 -3 -1 -3 -1 3 2",192,1,-128
1675,"1 2 3 1 -3 -1 2 -3 -2 3 -1 -2",32,1,0
1676,"1 2 3 1 2 -1 3 -1 -3 -2 -2 -3",192,1,128
1677,"1 2 3 1 3 -1 -2 -3 -3 2 -1 -2",192,1,128
1678,"1 2 3 -1 -1 -3 -3 -2 3 -2 1 2",192,1,-256
1679,"1 2 3 1 2 -1 -2 -3 -3 -1 3 -2",192,1,-128
1680,"1 2 3 -1 -1 -2 1 3 2 -3 -3 -2",192,1,256
1681,"1 2 3 1 -3 2 -1 3 -1 -2 -3 -2",192,1,0
1682,"1 2 3 1 3 -2 -1 2 -1 -3 -3 -2",192,1,-128
1683,"1 2 3 -1 -1 3 2 1 -2 -3 -3 -2",96,1,256
1684,"1 2 3 -1 -1 3 1 -2 -2 -3 -3 2",192,1,-256
1685,"1 2 3 1 -2 -2 -1 2 3 -1 -3 -3",96,1,0
1686,"1 2 3 1 3 2 -3 -3 -1 -2 -1 -2",192,1,-128
1687,"1 2 3 -1 3 -1 -3 -3 -2 -2 1 2",96,1,-256
1688,"1 2 3 -1 -3 1 -3 2 3 -2 -1 -2",96,1,128
1689,"1 2 3 -1 -1 2 3 -2 1 -2 -3 -3",192,1,0
1690,"1 2 3 1 -3 -3 2 -1 -1 3 -2 -2",96,1,-256
1691,"1 2 3 2 -1 -1 -2 -3 -3 -2 3 1",192,1,-256
1692,"1 2 3 -1 -2 -1 3 1 -3 -2 -3 2",192,1,0
1693,"1 2 3 1 -2 -1 -3 -1 3 -2 -3 2",192,1,0
1694,"1 2 3 1 -3 2 -1 3 -1 -3 -2 -2",192,1,128
1695,"1 2 3 -1 -1 -2 -3 1 3 2 -3 -2",96,1,128
1696,"1 2 3 1 -2 -1 -2 3 -1 2 -3 -3",192,1,-128
1697,"1 2 3 1 -3 -2 -1 2 3 -1 -3 -2",48,1,128
1698,"1 2 3 1 -2 -1 -3 -1 2 3 -2 -3",192,1,128
1699,"1 2 3 1 -2 -1 -3 -1 3 2 -3 -2",192,1,-128
1700,"1 2 3 1 -2 -1 -3 2 3 -2 -1 -3",96,1,128
1701,"1 2 3 1 -2 -3 2 -1 -1 3 -2 -3",96,1,128
1702,"1 2 3 -1 -1 -3 1 2 3 -2 -3 -2",192,1,128
1703,"1 2 3 1 3 2 -1 -2 -3 -1 -3 -2",96,1,-128
1704,"1 2 -1 -1 3 3 2 -3 -3 -2 -2 1",96,1,512
1705,"1 2 3 1 -3 2 3 -1 -1 -3 -2 -2",192,1,0
1706,"1 2 3 -1 -3 1 2 -1 -3 -2 3 -2",192,1,0
1707,"1 2 3 2 1 -2 -1 3 -1 -3 -3 -2",192,1,128
1708,"1 2 3 -2 3 2 -1 -1 -2 -3 -3 1",192,1,-256
1709,"1 2 3 1 2 -3 -2 -2 3 -1 -1 -3",96,1,0
1710,"1 2 3 1 -2 -2 3 -1 -1 2 -3 -3",96,1,-256
1711,"1 2 3 2 -1 -1 -3 1 3 -2 -3 -2",192,1,128
1712,"1 2 3 -1 -1 3 -2 -3 -3 2 1 -2",192,1,-256
1713,"1 2 3 1 3 -1 -1 -3 2 -3 -2 -2",192,1,-256
1714,"1 2 3 1 -3 -1 -2 3 2 -1 -3 -2",192,1,0
1715,"1 2 3 1 -2 -3 -1 2 -1 3 -2 -3",192,1,128
1716,"1 2 3 -1 -1 -2 3 -2 1 -3 -3 2",96,1,-256
1717,"1 2 3 -1 -3 -1 2 1 3 -2 -3 -2",96,1,128
1718,"1 2 3 2 3 -1 -1 -3 1 -3 -2 -2",192,1,-256
1719,"1 2 3 1 3 -1 -2 -1 -3 -2 -3 2",96,1,0
1720,"1 2 3 1 -2 -1 -1 -3 2 3 -2 -3",192,1,128
1721,"1 2 3 -2 3 2 -3 -3 -1 -1 -2 1",192,1,-256
1722,"1 2 3 1 -2 -3 -2 3 -1 -3 -1 2",192,1,0
1723,"1 2 3 -1 -1 3 2 -3 -3 1 -2 -2",192,1,256
1724,"1 2 3 1 3 2 -1 -2 -1 -3 -3 -2",192,1,-128
1725,"1 2 3 1 -3 -2 3 -1 -1 2 -3 -2",96,1,-128
1726,"1 2 3 1 -2 -1 2 3 -2 -1 -3 -3",192,1,128
1727,"1 2 3 -1 -3 1 3 -1 2 -3 -2 -2",96,1,128
1728,"1 2 3 -1 -1 -2 1 -3 -3 2 3 -2",192,1,0
1729,"1 2 3 1 -3 -1 -3 2 3 -2 -1 -2",96,1,-128
1730,"1 2 3 2 -3 -2 -2 3 -1 -1 -3 1",192,1,256
1731,"1 2 3 1 -2 -3 -1 -1 2 3 -2 -3",192,1,128
1732,"1 2 3 1 -2 -1 3 -2 -3 -1 -3 2",192,1,0
1733,"1 2 3 1 3 -1 -1 -2 -3 -2 -3 2",192,1,-128
1734,"1 2 3 -1 -2 1 3 -1 -3 -2 -3 2",192,1,128
1735,"1 2 3 1 -3 -1 2 -1 3 -2 -3 -2",192,1,0
1736,"1 2 3 -1 -1 2 3 -2 -2 -3 -3 1",192,1,0
1737,"1 2 3 1 2 -1 -2 3 -1 -2 -3 -3",96,1,128
1738,"1 2 3 -1 -1 -3 2 1 3 -2 -2 -3",48,1,256
1739,"1 2 3 -1 -3 -1 3 -2 -3 2 1 -2",96,1,-128
1740,"1 2 3 1 2 -3 -1 3 -2 -2 -1 -3",192,1,128
1741,"1 2 3 1 -2 3 -1 2 -3 -1 -3 -2",192,1,-128
1742,"1 2 3 -1 -1 -2 -3 -3 -2 3 2 1",192,1,256
1743,"1 2 3 3 2 -3 -3 -1 -1 -2 -2 1",192,1,-512
1744,"1 2 3 1 -3 -1 -3 2 3 -1 -2 -2",192,1,-128
1745,"1 2 3 2 3 -1 -1 -2 -3 -3 1 -2",192,1,-256
1746,"1 2 3 1 3 -1 -2 -2 -1 -3 -3 2",192,1,0
1747,"1 2 3 1 -3 2 -3 -1 -1 -2 3 -2",96,1,128
1748,"1 2 3 -1 -1 2 -3 -2 -3 -2 3 1",96,1,-256
1749,"1 2 3 2 -1 -1 3 1 -3 -2 -3 -2",192,1,128
1750,"1 2 3 2 -3 -3 -1 -2 1 3 -1 -2",192,1,128
1751,"1 2 3 1 -3 -1 -1 2 3 -2 -3 -2",192,1,-128
1752,"1 2 3 3 -1 -2 -2 -1 -3 -3 2 1",48,1,0
1753,"1 2 3 4 3 -2 -3 -3 -4 3 -1 -3",384,1,0
1754,"1 2 3 4 3 -4 3 -2 -1 -3 -3 -3",192,1,-256
1755,"1 2 3 4 -3 -1 3 -2 3 -4 -3 -3",384,1,-128
1756,"1 2 3 4 -1 4 4 -3 -4 -4 -4 -2",384,1,0
1757,"1 2 3 4 -1 -4 -3 4 4 -2 -4 -4",384,1,-128
1758,"1 2 3 -1 3 4 -3 -4 3 -2 -3 -3",384,1,128
1759,"1 2 3 4 3 3 -4 -3 -2 -3 -1 -3",384,1,0
1760,"1 2 3 4 -2 -4 -4 -4 -3 -1 4 4",384,1,0
1761,"1 2 3 4 -2 3 -4 3 -1 -3 -3 -3",384,1,-128
1762,"1 2 3 4 -3 -1 -3 -2 -3 -4 3 3",384,1,-128
1763,"1 2 3 4 4 -3 -4 -2 4 -1 -4 -4",192,1,-128
1764,"1 2 3 -2 3 3 4 -3 -4 -1 -3 -3",384,1,128
1765,"1 2 3 4 4 -2 4 -1 -3 -4 -4 -4",384,1,-256
1766,"1 2 3 4 -1 3 3 -4 -3 -3 -2 -3",384,1,-128
1767,"1 2 3 4 -2 -4 -3 4 4 -1 -4 -4",384,1,128
1768,"1 2 3 -2 -3 2 4 -2 -4 2 -1 -2",64,1,-128
1769,"1 2 3 4 4 -2 -1 4 -3 -4 -4 -4",384,1,-256
1770,"1 2 3 4 3 -4 3 -2 -3 -3 -1 -3",384,1,-128
1771,"1 2 3 4 -3 -4 -2 4 4 -1 -4 -4",384,1,-128
1772,"1 2 3 4 3 3 -1 -3 -2 -4 -3 -3",384,1,-128
1773,"1 2 3 4 -3 -4 3 3 -2 -1 -3 -3",384,1,256
1774,"1 2 3 4 3 3 -2 -1 -3 -3 -4 -3",192,1,-256
1775,"1 2 3 4 4 -1 -3 4 -2 -4 -4 -4",384,1,-256
1776,"1 2 3 4 3 -1 3 -4 -2 -3 -3 -3",384,1,-128
1777,"1 2 3 4 -3 -3 -1 -2 3 3 -4 -3",192,1,-256
1778,"1 2 3 4 -2 4 4 -1 -4 -3 -4 -4",384,1,-128
1779,"1 2 3 -1 3 -2 -3 4 3 -4 -3 -3",384,1,128
1780,"1 2 3 4 -2 -1 4 4 -3 -4 -4 -4",384,1,-256
1781,"1 2 3 -1 -3 4 3 3 -4 -2 -3 -3",384,1,128
1782,"1 2 3 4 -1 -3 -4 -4 -4 -2 4 4",384,1,0
1783,"1 2 3 4 4 -3 4 -1 -4 -4 -4 -2",384,1,-256
1784,"1 2 3 4 -3 -4 -3 -3 -1 3 3 -2",384,1,0
1785,"1 2 3 -1 3 3 4 -3 -4 -2 -3 -3",384,1,128
1786,"1 2 3 4 4 -1 4 -2 -4 -4 -4 -3",384,1,-256
1787,"1 2 3 4 3 -2 -1 3 -4 -3 -3 -3",384,1,0
1788,"1 2 3 4 -1 3 3 -4 -3 -2 -3 -3",384,1,-128
1789,"1 2 3 4 3 -1 -3 -2 -3 -3 -4 3",384,1,0
1790,"1 2 3 4 -3 -1 -3 -3 -4 -2 3 3",384,1,-128
1791,"1 2 3 4 3 -1 -4 3 -2 -3 -3 -3",384,1,-128
1792,"1 2 3 4 4 -2 4 -3 -1 -4 -4 -4",384,1,-256
1793,"1 2 3 4 4 4 -2 -3 -1 -4 -4 -4",192,1,-256
1794,"1 2 3 4 3 -4 3 -1 -3 -3 -2 -3",384,1,-128
1795,"1 2 3 4 -1 -4 -4 -3 -4 -2 4 4",384,1,-128
1796,"1 2 3 4 -2 -1 -4 -4 -4 -3 4 4",384,1,-256
1797,"1 2 3 4 3 -4 -3 -3 -2 -3 -1 3",384,1,0
1798,"1 2 3 -2 3 4 3 -4 -3 -3 -1 -3",384,1,0
1799,"1 2 3 4 -2 4 4 -1 -3 -4 -4 -4",384,1,-256
1800,"1 2 3 4 -3 -1 4 4 -2 -4 -4 -4",384,1,0
1801,"1 2 3 2 -3 2 -1 -2 4 -2 -4 -2",96,1,-128
1802,"1 2 3 -2 4 2 -1 -2 -3 2 -4 -2",32,1,128
1803,"1 2 3 4 -2 -4 -4 -1 -4 -3 4 4",384,1,-128
1804,"1 2 3 4 -3 -3 -1 -3 -4 3 3 -2",384,1,0
1805,"1 2 3 4 4 -1 4 -3 -4 -2 -4 -4",384,1,-128
1806,"1 2 3 4 3 -2 -4 -3 -3 -3 -1 3",384,1,128
1807,"1 2 3 -2 3 4 -3 -4 -3 -3 -1 3",384,1,0
1808,"1 2 3 4 -2 4 -1 4 -3 -4 -4 -4",384,1,-128
1809,"1 2 3 4 -3 -3 -2 -4 -3 -1 3 3",384,1,128
1810,"1 2 3 -2 3 3 4 -1 -4 -3 -3 -3",384,1,-256
1811,"1 2 3 4 3 -1 -3 -2 3 -4 -3 -3",384,1,0
1812,"1 2 3 4 3 -2 3 -4 -1 -3 -3 -3",192,1,-128
1813,"1 2 3 4 3 -2 -3 -3 -1 -3 -4 3",384,1,0
1814,"1 2 3 4 -2 3 3 -1 -4 -3 -3 -3",384,1,-256
1815,"1 2 3 4 -3 -1 3 -2 -3 -3 -4 3",384,1,128
1816,"1 2 3 4 -3 4 4 -1 -2 -4 -4 -4",384,1,-256
1817,"1 2 3 4 -2 -3 -3 -3 -4 3 -1 3",384,1,-128
1818,"1 2 3 4 -3 -4 -3 -3 -2 3 -1 3",384,1,0
1819,"1 2 3 4 -1 -4 -4 -2 4 4 -3 -4",192,1,128
1820,"1 2 3 4 -3 4 4 -1 -4 -2 -4 -4",384,1,-128
1821,"1 2 3 4 -1 3 -2 -3 -3 -3 -4 3",192,1,128
1822,"1 2 3 4 -2 3 3 -4 -3 -1 -3 -3",384,1,-128
1823,"1 2 3 -1 3 4 3 -4 -3 -3 -2 -3",384,1,0
1824,"1 2 3 4 -1 -2 4 4 -3 -4 -4 -4",384,1,0
1825,"1 2 3 4 -2 3 -1 3 -4 -3 -3 -3",384,1,-128
1826,"1 2 3 4 3 -4 -3 -3 -2 3 -1 -3",384,1,0
1827,"1 2 3 4 -3 4 -1 4 -2 -4 -4 -4",384,1,-128
1828,"1 2 3 -2 4 3 -4 3 -1 -3 -3 -3",384,1,-128
1829,"1 2 3 4 -3 -4 -4 -2 -4 -1 4 4",384,1,128
1830,"1 2 3 4 -2 4 4 -3 -1 -4 -4 -4",384,1,-256
1831,"1 2 3 -2 -3 4 3 -4 -3 -3 -1 3",384,1,-128
1832,"1 2 3 -1 3 3 4 -2 -3 -4 -3 -3",192,1,-128
1833,"1 2 3 4 -1 -2 -4 -4 -4 -3 4 4",384,1,-256
1834,"1 2 3 4 3 -2 -3 -3 -1 3 -4 -3",384,1,0
1835,"1 2 3 4 -3 -3 -2 3 3 -4 -1 -3",384,1,-128
1836,"1 2 3 4 -3 -4 -4 -4 -1 4 4 -2",384,1,256
1837,"1 2 3 4 3 3 -4 -3 -3 -1 -2 -3",384,1,0
1838,"1 2 3 -1 -2 3 3 4 -3 -4 -3 -3",384,1,0
1839,"1 2 3 2 -3 -2 4 2 -4 -2 -1 -2",384,1,0
1840,"1 2 3 4 3 -4 -3 -3 -3 -1 -2 3",384,1,0
1841,"1 2 3 4 -1 4 -3 -4 -4 -4 -2 4",384,1,128
1842,"1 2 3 4 -3 -4 -1 4 4 -2 -4 -4",384,1,128
1843,"1 2 3 4 -2 3 3 -4 -1 -3 -3 -3",384,1,-256
1844,"1 2 3 2 -3 2 4 -2 -4 -2 -1 -2",192,1,0
1845,"1 2 3 4 3 -1 3 -2 -3 -3 -4 -3",384,1,-128
1846,"1 2 3 4 -3 -1 -4 3 3 -2 -3 -3",384,1,128
1847,"1 2 3 4 -1 4 -3 4 -2 -4 -4 -4",384,1,-128
1848,"1 2 3 4 4 -1 -4 -2 4 -3 -4 -4",192,1,128
1849,"1 2 3 -1 3 4 3 -2 -4 -3 -3 -3",192,1,-128
1850,"1 2 3 -1 3 -2 3 4 -3 -4 -3 -3",384,1,0
1851,"1 2 3 4 -3 4 4 -2 -4 -4 -1 -4",192,1,-128
1852,"1 2 3 -1 -3 4 3 -2 3 -4 -3 -3",384,1,128
1853,"1 2 3 -1 -3 4 -3 -3 -4 3 3 -2",384,1,0
1854,"1 2 3 4 -3 -1 -4 -3 -3 -2 3 3",384,1,-128
1855,"1 2 3 4 -3 4 -2 -4 -4 -4 -1 4",384,1,128
1856,"1 2 3 -2 4 3 -4 -3 -3 -3 -1 3",192,1,-128
1857,"1 2 3 4 -3 -1 -4 -4 -4 -2 4 4",384,1,0
1858,"1 2 3 4 4 -1 4 -3 -2 -4 -4 -4",384,1,-256
1859,"1 2 3 4 3 -1 -3 -3 -2 -3 -4 3",384,1,0
1860,"1 2 3 -1 -3 4 -3 -2 -3 -4 3 3",384,1,0
1861,"1 2 3 4 4 -3 4 -2 -4 -1 -4 -4",192,1,-128
1862,"1 2 3 4 -3 -1 3 3 -2 -4 -3 -3",384,1,-128
1863,"1 2 3 3 4 -3 -4 3 -1 -3 -3 -2",384,1,256
1864,"1 2 3 4 -3 -4 -4 -1 -4 -2 4 4",384,1,128
1865,"1 2 3 4 -1 3 -4 3 -2 -3 -3 -3",384,1,-128
1866,"1 2 3 4 -2 -3 -3 -4 3 3 -1 -3",384,1,128
1867,"1 2 3 4 3 3 -4 -2 -3 -3 -1 -3",384,1,-128
1868,"1 2 3 3 4 3 -4 -3 -3 -3 -1 -2",384,1,0
1869,"1 2 3 4 -2 4 4 -3 -4 -4 -1 -4",384,1,-128
1870,"1 2 3 4 -3 -3 -4 3 -1 3 -2 -3",384,1,128
1871,"1 2 3 -1 -3 -3 -3 4 -2 -4 3 3",384,1,-256
1872,"1 2 3 -2 4 3 3 -1 -4 -3 -3 -3",384,1,0
1873,"1 2 3 4 -2 4 4 -1 -4 -4 -4 -3",384,1,-256
1874,"1 2 3 4 3 -4 -2 -3 -3 -3 -1 3",384,1,128
1875,"1 2 3 4 -3 -3 -3 -4 3 3 -1 -2",384,1,256
1876,"1 2 3 -2 -3 4 3 -4 3 -1 -3 -3",384,1,0
1877,"1 2 3 4 -2 3 3 -1 -3 -4 -3 -3",384,1,-128
1878,"1 2 3 4 3 -1 -3 -3 -2 3 -4 -3",384,1,0
1879,"1 2 3 4 3 -2 -3 -3 -3 -4 -1 3",384,1,128
1880,"1 2 3 4 3 3 -1 -2 -3 -4 -3 -3",192,1,-256
1881,"1 2 3 4 3 3 -2 -4 -3 -1 -3 -3",384,1,-128
1882,"1 2 3 -2 -3 4 -3 -4 -3 -1 3 3",384,1,128
1883,"1 2 3 4 -1 4 -2 -4 -4 -4 -3 4",384,1,-128
1884,"1 2 3 4 4 4 -3 -4 -4 -1 -4 -2",384,1,0
1885,"1 2 3 4 3 3 -2 -3 -4 -1 -3 -3",384,1,-128
1886,"1 2 3 4 -3 -3 -1 3 3 -4 -3 -2",192,1,-256
1887,"1 2 3 4 -3 -3 -3 -4 -1 3 3 -2",384,1,0
1888,"1 2 3 4 -2 4 -3 -4 -4 -4 -1 4",384,1,128
1889,"1 2 3 4 4 4 -1 -2 -4 -4 -4 -3",192,1,-512
1890,"1 2 3 4 -2 -3 -3 -3 -4 -1 3 3",384,1,0
1891,"1 2 3 4 -3 -3 -2 -4 3 3 -1 -3",384,1,128
1892,"1 2 3 4 -3 -4 -3 -3 -2 -1 3 3",384,1,0
1893,"1 2 3 4 3 -1 3 -2 -3 -4 -3 -3",384,1,-128
1894,"1 2 3 4 3 -4 3 -1 -3 -2 -3 -3",384,1,-128
1895,"1 2 3 4 -3 -3 -4 -2 -3 -1 3 3",192,1,-128
1896,"1 2 3 -2 4 2 -4 -2 -3 2 -1 -2",96,1,-128
1897,"1 2 3 4 -3 -3 -2 -3 -4 3 -1 3",384,1,-128
1898,"1 2 3 -2 4 3 3 -4 -1 -3 -3 -3",384,1,0
1899,"1 2 3 -1 3 4 -3 -2 3 -4 -3 -3",384,1,-128
1900,"1 2 3 4 -2 -3 -3 -1 -3 -4 3 3",384,1,-128
1901,"1 2 3 4 -3 4 -2 4 -1 -4 -4 -4",384,1,-128
1902,"1 2 3 4 -1 3 3 -4 -3 -3 -3 -2",384,1,-256
1903,"1 2 3 4 -3 -2 -3 -3 -1 -4 3 3",384,1,-128
1904,"1 2 3 4 4 -1 4 -2 -4 -3 -4 -4",192,1,-128
1905,"1 2 3 4 3 -2 3 -4 -3 -3 -1 -3",384,1,0
1906,"1 2 3 4 4 -1 -2 4 -3 -4 -4 -4",384,1,0
1907,"1 2 3 4 -3 -3 -2 3 -4 -3 -1 3",384,1,128
1908,"1 2 3 4 -1 4 4 -3 -2 -4 -4 -4",384,1,-256
1909,"1 2 3 -2 -3 4 3 3 -1 -4 -3 -3",384,1,128
1910,"1 2 3 4 -3 -3 -1 3 -4 3 -2 -3",384,1,0
1911,"1 2 3 4 4 -1 4 -3 -4 -4 -4 -2",384,1,0
1912,"1 2 3 4 -3 -3 -3 -2 3 -4 -1 3",192,1,128
1913,"1 2 3 -2 3 4 -3 -4 3 -1 -3 -3",384,1,128
1914,"1 2 3 4 -2 3 3 -1 -3 -3 -4 -3",384,1,-128
1915,"1 2 3 -2 -3 4 3 -1 3 -4 -3 -3",384,1,128
1916,"1 2 3 -2 -3 -3 -3 4 -1 -4 3 3",384,1,256
1917,"1 2 3 3 4 3 -1 -3 -4 -3 -3 -2",192,1,-256
1918,"1 2 3 4 3 -1 -2 3 -4 -3 -3 -3",384,1,0
1919,"1 2 3 -2 -3 -3 -1 4 -3 -4 3 3",192,1,-128
1920,"1 2 3 4 4 4 -1 -3 -2 -4 -4 -4",192,1,-512
1921,"1 2 3 4 -1 3 3 -4 -2 -3 -3 -3",384,1,-256
1922,"1 2 3 4 3 -1 3 -4 -3 -3 -2 -3",384,1,0
1923,"1 2 3 4 -2 -4 -3 -4 -4 -1 4 4",384,1,128
1924,"1 2 3 -2 -3 4 -3 -1 -3 -4 3 3",384,1,0
1925,"1 2 3 4 -1 -3 -2 3 3 -4 -3 -3",384,1,-128
1926,"1 2 3 4 3 -4 3 -1 -3 -3 -3 -2",384,1,-256
1927,"1 2 3 4 -3 -3 -2 3 -4 3 -1 -3",384,1,0
1928,"1 2 3 4 -1 -4 -4 -4 -3 -2 4 4",384,1,-256
1929,"1 2 3 4 3 -4 -3 -3 -3 -2 -1 3",384,1,0
1930,"1 2 3 4 -1 -4 -4 -2 -4 -3 4 4",384,1,-128
1931,"1 2 3 4 -3 -1 -3 -3 -4 3 3 -2",384,1,0
1932,"1 2 3 4 -2 -4 -4 -4 -1 -3 4 4",384,1,0
1933,"1 2 3 4 3 3 -1 -2 -3 -3 -4 -3",192,1,-256
1934,"1 2 3 4 -3 -3 -3 -1 -4 3 3 -2",384,1,0
1935,"1 2 3 4 -1 4 4 -2 -4 -4 -3 -4",192,1,-128
1936,"1 2 3 -1 -3 4 3 3 -2 -4 -3 -3",384,1,128
1937,"1 2 3 -2 -3 4 3 3 -4 -1 -3 -3",384,1,128
1938,"1 2 3 2 4 -2 -3 2 -4 -2 -1 -2",384,1,0
1939,"1 2 3 4 -2 -3 -3 -3 -1 3 -4 3",384,1,128
1940,"1 2 3 4 -3 -4 -3 -3 -1 3 -2 3",384,1,0
1941,"1 2 3 4 -3 -4 3 3 -1 -3 -3 -2",384,1,256
1942,"1 2 3 4 -3 -1 -3 -3 -2 -4 3 3",384,1,-128
1943,"1 2 3 4 -3 -3 -4 3 3 -1 -2 -3",384,1,256
1944,"1 2 3 -1 3 4 3 -4 -3 -3 -3 -2",384,1,0
1945,"1 2 3 4 4 -3 -4 -4 -4 -1 4 -2",384,1,256
1946,"1 2 3 4 -3 -2 -3 -1 3 3 -4 -3",384,1,-128
1947,"1 2 3 4 -3 -4 -4 -4 -2 -1 4 4",384,1,256
1948,"1 2 3 4 -1 -4 -4 -4 -3 4 4 -2",384,1,-256
1949,"1 2 3 4 3 3 -4 -3 -2 -1 -3 -3",384,1,0
1950,"1 2 3 -1 3 3 4 -2 -4 -3 -3 -3",384,1,-256
1951,"1 2 3 4 -3 -3 -4 -2 3 3 -1 -3",384,1,128
1952,"1 2 3 4 -1 4 4 -3 -4 -2 -4 -4",384,1,-128
1953,"1 2 3 4 -1 -4 -2 4 4 -3 -4 -4",384,1,128
1954,"1 2 3 4 -2 -3 4 4 -1 -4 -4 -4",384,1,0
1955,"1 2 3 4 -3 -4 -2 3 3 -1 -3 -3",384,1,128
1956,"1 2 3 -2 3 4 -3 -1 3 -4 -3 -3",384,1,-128
1957,"1 2 3 4 -3 -3 -4 -3 -2 3 -1 3",384,1,0
1958,"1 2 3 4 3 3 -4 -3 -1 -3 -3 -2",384,1,0
1959,"1 2 3 4 -1 4 -2 4 -3 -4 -4 -4",384,1,-128
1960,"1 2 3 4 -3 -4 -2 -3 -3 -1 3 3",384,1,-128
1961,"1 2 3 4 4 4 -3 -2 -1 -4 -4 -4",96,1,-512
1962,"1 2 3 4 -2 -4 3 3 -1 -3 -3 -3",384,1,0
1963,"1 2 3 -1 3 4 3 -4 -3 -2 -3 -3",384,1,0
1964,"1 2 3 4 -3 -2 3 -4 3 -1 -3 -3",384,1,0
1965,"1 2 3 -2 -3 -1 3 4 3 -4 -3 -3",384,1,0
1966,"1 2 3 3 4 -3 -1 3 -4 -3 -3 -2",192,1,-256
1967,"1 2 3 4 3 -4 -3 -1 -3 -3 -2 3",384,1,0
1968,"1 2 3 4 -1 3 -2 3 -4 -3 -3 -3",384,1,-128
1969,"1 2 3 4 -3 -2 -3 -4 3 3 -1 -3",384,1,128
1970,"1 2 3 4 -3 -2 -3 -4 -3 -1 3 3",384,1,0
1971,"1 2 3 -2 -3 -1 -3 4 -3 -4 3 3",384,1,0
1972,"1 2 3 4 -3 -4 -4 -4 -1 -2 4 4",384,1,256
1973,"1 2 3 4 -3 -3 -4 3 -2 -3 -1 3",384,1,-128
1974,"1 2 3 4 -3 -4 3 3 -1 -3 -2 -3",384,1,128
1975,"1 2 3 4 -3 4 4 -2 -1 -4 -4 -4",384,1,-256
1976,"1 2 3 2 4 -2 -1 2 -4 -2 -3 -2",192,1,-128
1977,"1 2 3 4 -2 -3 -1 3 3 -4 -3 -3",384,1,-128
1978,"1 2 3 -2 3 4 3 -1 -3 -4 -3 -3",384,1,-128
1979,"1 2 3 4 -3 4 4 -2 -4 -1 -4 -4",384,1,-128
1980,"1 2 3 4 -3 -3 -3 -4 3 -2 -1 3",192,1,-256
1981,"1 2 3 4 -3 4 4 -1 -4 -4 -4 -2",384,1,-256
1982,"1 2 3 4 3 3 -4 -1 -3 -3 -3 -2",384,1,-256
1983,"1 2 3 2 4 2 -1 -2 -4 -2 -3 -2",96,1,-128
1984,"1 2 3 4 3 3 -1 -3 -3 -4 -3 -2",192,1,-256
1985,"1 2 3 -2 3 4 3 -4 -3 -1 -3 -3",384,1,0
1986,"1 2 3 4 -3 -4 3 -1 -3 -3 -2 3",384,1,128
1987,"1 2 3 4 4 -1 4 -2 -3 -4 -4 -4",384,1,-256
1988,"1 2 3 4 4 -3 4 -1 -2 -4 -4 -4",384,1,-256
1989,"1 2 3 2 4 -2 -3 -2 -4 2 -1 -2",384,1,128
1990,"1 2 3 4 -3 -3 -2 -1 -3 -4 3 3",192,1,-256
1991,"1 2 3 4 -3 -3 -4 3 -2 3 -1 -3",384,1,128
1992,"1 2 3 4 -3 -2 -1 3 3 -4 -3 -3",192,1,-256
1993,"1 2 3 -2 4 -3 -3 -4 3 3 -1 -3",384,1,128
1994,"1 2 3 4 4 -3 -1 4 -2 -4 -4 -4",384,1,0
1995,"1 2 3 4 -3 -3 -1 -4 -3 -2 3 3",192,1,-128
1996,"1 2 3 2 4 2 -3 -2 -4 -2 -1 -2",384,1,0
1997,"1 2 3 4 -3 -2 -1 -3 -3 -4 3 3",192,1,-256
1998,"1 2 3 4 3 -1 3 -2 -4 -3 -3 -3",192,1,-128
1999,"1 2 3 4 3 -4 3 -1 -2 -3 -3 -3",192,1,-256
2000,"1 2 3 4 3 3 -1 -3 -4 -3 -3 -2",384,1,-256
2001,"1 2 3 4 -3 -2 3 3 -1 -4 -3 -3",384,1,-128
2002,"1 2 3 4 -3 -4 -1 3 3 -2 -3 -3",384,1,128
2003,"1 2 3 4 -3 -4 -2 -4 -4 -1 4 4",384,1,128
2004,"1 2 3 4 3 -4 -1 3 -2 -3 -3 -3",384,1,-128
2005,"1 2 3 -2 4 3 3 -4 -3 -3 -1 -3",384,1,128
2006,"1 2 3 4 4 4 -1 -2 -3 -4 -4 -4",96,1,-256
2007,"1 2 3 4 -1 3 3 -2 -3 -4 -3 -3",384,1,-128
2008,"1 2 3 4 3 -2 -3 -4 3 -1 -3 -3",384,1,0
2009,"1 2 3 -2 3 -1 -3 4 3 -4 -3 -3",384,1,128
2010,"1 2 3 4 -2 -4 -1 4 4 -3 -4 -4",384,1,-128
2011,"1 2 3 4 3 3 -4 -3 -1 -2 -3 -3",384,1,0
2012,"1 2 3 4 -3 -2 3 -1 3 -4 -3 -3",384,1,-128
2013,"1 2 3 4 -3 -4 -1 -3 -3 -2 3 3",384,1,128
2014,"1 2 3 2 4 -2 -1 -2 -4 2 -3 -2",384,1,0
2015,"1 2 3 4 -3 -3 -4 -1 3 3 -2 -3",384,1,128
2016,"1 2 3 4 -2 -3 -3 -3 -1 -4 3 3",384,1,0
2017,"1 2 3 4 -3 -2 -3 -1 -3 -4 3 3",384,1,-128
2018,"1 2 3 4 -3 -4 3 3 -1 -2 -3 -3",384,1,256
2019,"1 2 3 4 -3 -4 -3 -3 -1 -2 3 3",384,1,0
2020,"1 2 3 4 -3 -4 -3 -1 3 3 -2 -3",384,1,0
2021,"1 2 3 -1 -3 4 3 3 -4 -3 -3 -2",384,1,256
2022,"1 2 3 2 4 2 -3 -2 -1 -2 -4 -2",192,1,0
2023,"1 2 3 -2 -3 4 -3 -4 3 3 -1 -3",384,1,0
2024,"1 2 3 4 -3 -1 -2 3 3 -4 -3 -3",192,1,-256
2025,"1 2 3 4 -3 -3 -4 -3 -1 3 -2 3",384,1,0
2026,"1 2 3 4 -2 -3 -4 -3 -3 -1 3 3",384,1,128
2027,"1 2 3 4 -3 -4 3 -1 3 -2 -3 -3",384,1,128
2028,"1 2 3 4 3 3 -4 -3 -3 -2 -1 -3",384,1,0
2029,"1 2 3 4 -3 -1 -2 -3 -3 -4 3 3",192,1,0
2030,"1 2 3 4 -3 -2 3 3 -4 -1 -3 -3",384,1,-128
2031,"1 2 3 4 -1 -4 -4 -3 4 4 -2 -4",384,1,-128
2032,"1 2 3 4 -3 -4 -3 -1 -3 -2 3 3",384,1,0
2033,"1 2 3 4 -3 -4 -3 -2 3 3 -1 -3",384,1,0
2034,"1 2 3 4 3 3 -4 -2 -3 -1 -3 -3",192,1,-128
2035,"1 2 3 4 -1 -3 4 4 -2 -4 -4 -4",384,1,-256
2036,"1 2 3 4 3 -1 -3 -4 -3 -3 -2 3",384,1,-128
2037,"1 2 3 2 -1 -2 4 -2 -4 2 -3 -2",384,1,0
2038,"1 2 3 4 -2 -3 -3 -1 3 3 -4 -3",384,1,-128
2039,"1 2 3 4 3 -1 3 -4 -3 -3 -3 -2",384,1,0
2040,"1 2 3 4 3 3 -4 -3 -1 -3 -2 -3",384,1,0
2041,"1 2 3 4 -3 -3 -4 3 3 -1 -3 -2",384,1,256
2042,"1 2 3 -1 -3 4 -3 -4 3 3 -2 -3",384,1,0
2043,"1 2 3 4 -2 -3 -4 -4 -4 -1 4 4",384,1,256
2044,"1 2 3 4 -3 -3 -4 3 -1 -3 -2 3",384,1,128
2045,"1 2 3 4 -2 -3 -3 -4 -3 -1 3 3",384,1,128
2046,"1 2 3 4 3 -4 3 -2 -3 -1 -3 -3",384,1,-128
2047,"1 2 3 4 -1 -4 -4 -4 -2 -3 4 4",384,1,-256
2048,"1 2 3 4 -1 -3 -3 -3 -4 3 3 -2",384,1,0
2049,"1 2 3 4 -1 4 4 -2 -3 -4 -4 -4",384,1,-256
2050,"1 2 3 4 -3 -1 3 -4 3 -2 -3 -3",384,1,0
2051,"1 2 3 4 -3 -3 -3 -4 3 -1 -2 3",192,1,0
2052,"1 2 3 4 -1 4 4 -2 -4 -4 -4 -3",384,1,-256
2053,"1 2 3 4 -2 -4 -4 -3 -4 -1 4 4",384,1,128
2054,"1 2 3 -1 3 4 -3 -3 -4 -3 -2 3",384,1,0
2055,"1 2 3 4 3 3 -1 -4 -3 -2 -3 -3",192,1,-128
2056,"1 2 3 4 -3 -1 3 -4 -3 -3 -2 3",384,1,-128
2057,"1 2 3 4 -3 -1 -3 -4 -3 -2 3 3",384,1,0
2058,"1 2 3 4 3 -2 -3 -1 3 -4 -3 -3",384,1,0
2059,"1 2 3 4 -1 3 3 -2 -4 -3 -3 -3",384,1,-256
2060,"1 2 3 4 -1 3 -4 -3 -3 -3 -2 3",192,1,-128
2061,"1 2 3 4 3 3 -1 -3 -4 -2 -3 -3",384,1,-128
2062,"1 2 3 4 -3 -1 -3 -2 3 3 -4 -3",384,1,-128
2063,"1 2 3 4 -3 -3 -2 -1 3 3 -4 -3",192,1,-256
2064,"1 2 3 2 4 -2 -4 2 -3 -2 -1 -2",384,1,0
2065,"1 2 3 4 3 -1 3 -4 -3 -2 -3 -3",384,1,0
2066,"1 2 3 4 3 3 -2 -3 -1 -4 -3 -3",384,1,-128
2067,"1 2 3 4 -3 -4 3 3 -2 -3 -1 -3",384,1,128
2068,"1 2 3 4 -2 -3 -1 -3 -3 -4 3 3",384,1,-128
2069,"1 2 3 4 3 3 -4 -3 -3 -3 -1 -2",384,1,0
2070,"1 2 3 4 -3 -3 -1 -4 3 3 -2 -3",384,1,128
2071,"1 2 3 -2 4 3 3 -4 -3 -1 -3 -3",384,1,128
2072,"1 2 3 4 -1 -4 -3 -4 -4 -2 4 4",384,1,-128
2073,"1 2 3 4 -2 4 4 -3 -4 -1 -4 -4",384,1,-128
2074,"1 2 3 4 4 -3 -2 4 -1 -4 -4 -4",384,1,-256
2075,"1 2 3 4 3 -4 -3 -1 3 -2 -3 -3",384,1,0
2076,"1 2 3 4 -1 4 4 -2 -4 -3 -4 -4",384,1,-128
2077,"1 2 3 4 3 -2 -3 -1 -3 -3 -4 3",384,1,0
2078,"1 2 3 4 -3 -3 -4 3 3 -2 -1 -3",384,1,256
2079,"1 2 3 -1 3 4 -3 -3 -4 3 -2 -3",384,1,128
2080,"1 2 3 -2 3 3 -1 4 -3 -4 -3 -3",192,1,-128
2081,"1 2 3 2 4 2 -4 -2 -3 -2 -1 -2",192,1,0
2082,"1 2 3 4 4 -2 4 -1 -4 -4 -4 -3",384,1,-256
2083,"1 2 3 4 -3 -3 -3 -4 3 -1 3 -2",384,1,0
2084,"1 2 3 -1 -3 -3 4 -2 -3 -4 3 3",192,1,-128
2085,"1 2 3 4 -3 -3 -1 -3 -4 3 -2 3",384,1,-128
2086,"1 2 3 4 4 4 -1 -4 -4 -4 -2 -3",192,1,-256
2087,"1 2 3 4 -2 -4 -1 -4 -4 -3 4 4",384,1,-128
2088,"1 2 3 4 3 3 -1 -4 -3 -3 -2 -3",384,1,-128
2089,"1 2 3 4 3 3 -2 -3 -3 -4 -1 -3",384,1,-128
2090,"1 2 3 4 3 -4 -2 3 -1 -3 -3 -3",384,1,-128
2091,"1 2 3 4 4 4 -3 -4 -1 -4 -4 -2",384,1,0
2092,"1 2 3 -1 -3 4 3 -4 -3 -3 -2 3",384,1,128
2093,"1 2 3 4 3 -2 -3 -4 -3 -3 -1 3",384,1,128
2094,"1 2 3 4 3 3 -1 -3 -4 -3 -2 -3",384,1,-128
2095,"1 2 3 -1 3 4 3 -4 -2 -3 -3 -3",384,1,-128
2096,"1 2 3 -1 3 3 -2 4 -3 -4 -3 -3",384,1,-128
2097,"1 2 3 4 4 -2 4 -3 -4 -1 -4 -4",384,1,-128
2098,"1 2 3 4 3 -2 3 -4 -3 -1 -3 -3",384,1,0
2099,"1 2 3 4 4 -1 -4 -3 4 -2 -4 -4",384,1,-128
2100,"1 2 3 4 4 4 -2 -4 -4 -4 -1 -3",384,1,-256
2101,"1 2 3 4 -3 -2 3 -1 -3 -3 -4 3",384,1,-128
2102,"1 2 3 4 3 -1 -3 -4 3 -2 -3 -3",384,1,0
2103,"1 2 3 -1 -3 4 -3 -3 -2 -4 3 3",384,1,-128
2104,"1 2 3 -2 -1 3 3 4 -3 -4 -3 -3",384,1,0
2105,"1 2 3 4 -2 -4 -4 -4 -1 4 4 -3",384,1,0
2106,"1 2 3 4 3 3 -2 -4 -3 -3 -1 -3",384,1,-128
2107,"1 2 3 4 3 -4 -1 -3 -3 -3 -2 3",384,1,-128
2108,"1 2 3 4 -3 -2 -3 -3 -4 3 -1 3",384,1,-128
2109,"1 2 3 4 -2 3 -1 -3 -3 -3 -4 3",384,1,-128
2110,"1 2 3 4 -3 -3 -1 3 -4 -3 -2 3",384,1,-128
2111,"1 2 3 4 4 4 -3 -4 -4 -4 -1 -2",384,1,256
2112,"1 2 3 4 -1 3 3 -2 -3 -3 -4 -3",384,1,-128
2113,"1 2 3 4 3 -1 -3 -3 -4 -3 -2 3",384,1,-128
2114,"1 2 3 4 -3 -4 3 -2 3 -1 -3 -3",384,1,128
2115,"1 2 3 4 3 3 -2 -3 -4 -3 -1 -3",384,1,-128
2116,"1 2 3 2 -1 2 -3 -2 4 -2 -4 -2",192,1,0
2117,"1 2 3 -2 3 4 -3 -3 -4 -3 -1 3",384,1,0
2118,"1 2 3 4 4 -1 -4 -4 -4 -3 4 -2",384,1,-256
2119,"1 2 3 4 4 -2 -4 -3 4 -1 -4 -4",384,1,128
2120,"1 2 3 -2 3 -1 3 4 -3 -4 -3 -3",384,1,0
2121,"1 2 3 4 3 3 -4 -1 -3 -3 -2 -3",384,1,-128
2122,"1 2 3 4 -3 -2 3 -4 -3 -3 -1 3",384,1,128
2123,"1 2 3 4 -3 -4 -3 -2 -3 -1 3 3",384,1,0
2124,"1 2 3 2 -3 -2 -1 2 4 -2 -4 -2",192,1,0
2125,"1 2 3 4 -1 -4 -2 -4 -4 -3 4 4",384,1,-128
2126,"1 2 3 4 -2 3 -4 -3 -3 -3 -1 3",384,1,128
2127,"1 2 3 4 4 4 -1 -4 -4 -3 -4 -2",384,1,-256
2128,"1 2 3 -2 3 4 3 -4 -1 -3 -3 -3",192,1,-128
2129,"1 2 3 4 3 -4 -3 -3 -1 -3 -2 3",384,1,0
2130,"1 2 3 4 -3 -1 3 3 -4 -2 -3 -3",384,1,-128
2131,"1 2 3 4 -3 -2 3 3 -4 -3 -1 -3",384,1,-128
2132,"1 2 3 -2 4 2 -3 -2 -4 2 -1 -2",192,1,128
2133,"1 2 3 -1 -3 4 -3 -3 -4 -2 3 3",384,1,-128
2134,"1 2 3 4 -2 -4 -4 -4 -3 4 -1 4",384,1,-128
2135,"1 2 3 4 3 -1 -3 -3 -4 3 -2 -3",384,1,0
2136,"1 2 3 4 -3 -3 -1 -2 -3 -4 3 3",192,1,0
2137,"1 2 3 4 -3 -1 3 3 -4 -3 -3 -2",384,1,-256
2138,"1 2 3 -2 3 4 -3 -3 -4 3 -1 -3",384,1,128
2139,"1 2 3 4 3 -1 -3 -3 -3 -4 3 -2",384,1,0
2140,"1 2 3 4 3 -2 3 -1 -3 -3 -4 -3",384,1,-128
2141,"1 2 3 -1 3 4 3 -2 -3 -4 -3 -3",384,1,-128
2142,"1 2 3 4 4 4 -1 -3 -4 -4 -4 -2",384,1,-256
2143,"1 2 3 -1 -3 -3 4 -3 -4 -2 3 3",384,1,-128
2144,"1 2 3 4 3 3 -1 -4 -3 -3 -3 -2",384,1,-256
2145,"1 2 3 -1 -3 4 3 -4 3 -2 -3 -3",384,1,0
2146,"1 2 3 4 -3 -4 -1 -4 -4 -2 4 4",384,1,128
2147,"1 2 3 4 4 4 -1 -4 -3 -4 -4 -2",384,1,-256
2148,"1 2 3 4 3 3 -2 -1 -3 -4 -3 -3",192,1,-256
2149,"1 2 3 4 -3 -2 -4 -4 -4 -1 4 4",384,1,256
2150,"1 2 3 4 3 -4 -3 -3 -1 3 -2 -3",384,1,0
2151,"1 2 3 4 -1 -4 -4 -4 -2 4 4 -3",384,1,0
2152,"1 2 3 4 -3 -4 -4 -2 4 4 -1 -4",192,1,-128
2153,"1 2 3 4 -3 -1 -3 -3 -4 3 -2 3",384,1,-128
2154,"1 2 3 -1 -3 4 -3 -4 -3 -2 3 3",384,1,-128
2155,"1 2 3 2 4 -2 -1 2 -3 -2 -4 -2",192,1,0
2156,"1 2 3 4 4 -2 -3 4 -1 -4 -4 -4",384,1,0
2157,"1 2 3 4 3 -4 -3 -3 -3 -1 3 -2",384,1,0
2158,"1 2 3 4 -1 -3 -3 -4 3 3 -2 -3",384,1,128
2159,"1 2 3 4 4 4 -2 -1 -4 -4 -4 -3",192,1,-512
2160,"1 2 3 -1 3 3 4 -3 -4 -3 -3 -2",384,1,0
2161,"1 2 3 2 4 2 -1 -2 -3 -2 -4 -2",96,1,-128
2162,"1 2 3 4 3 -2 3 -1 -3 -4 -3 -3",384,1,-128
2163,"1 2 3 4 -3 -1 -3 -4 3 3 -2 -3",384,1,128
2164,"1 2 3 4 3 -4 -3 -2 3 -1 -3 -3",384,1,0
2165,"1 2 3 -1 3 3 4 -3 -2 -4 -3 -3",384,1,-128
2166,"1 2 3 -2 -3 4 -3 -3 -1 -4 3 3",384,1,128
2167,"1 2 3 3 3 4 -1 -4 -3 -3 -3 -2",96,1,-512
2168,"1 2 3 -1 -3 -3 -2 4 -3 -4 3 3",384,1,128
2169,"1 2 3 4 -1 4 4 -3 -4 -4 -2 -4",384,1,-128
2170,"1 2 3 4 -2 -3 -4 3 3 -1 -3 -3",384,1,128
2171,"1 2 3 4 3 -4 -3 -2 -3 -3 -1 3",384,1,0
2172,"1 2 3 -1 -3 -2 3 4 3 -4 -3 -3",384,1,0
2173,"1 2 3 4 4 4 -3 -1 -4 -4 -4 -2",384,1,-256
2174,"1 2 3 4 3 -2 -4 3 -1 -3 -3 -3",384,1,-128
2175,"1 2 3 -1 -3 -3 4 -3 -4 3 3 -2",384,1,0
2176,"1 2 3 4 -2 -4 -3 -3 -3 -1 3 3",384,1,256
2177,"1 2 3 4 3 -2 -3 -3 -4 -3 -1 3",384,1,128
2178,"1 2 3 4 -2 -4 -4 -3 4 4 -1 -4",384,1,128
2179,"1 2 3 -2 4 3 3 -1 -3 -4 -3 -3",384,1,-128
2180,"1 2 3 -2 4 2 -1 -2 -4 2 -3 -2",96,1,-128
2181,"1 2 3 4 -3 -2 4 4 -1 -4 -4 -4",384,1,-256
2182,"1 2 3 4 -3 -1 3 3 -4 -3 -2 -3",384,1,-128
2183,"1 2 3 -1 -3 -2 -3 4 -3 -4 3 3",384,1,0
2184,"1 2 3 4 3 3 -4 -3 -3 -1 -3 -2",384,1,0
2185,"1 2 3 4 -3 -3 -4 -3 -1 3 3 -2",384,1,0
2186,"1 2 3 4 -1 -4 -4 -4 -3 4 -2 4",384,1,-128
2187,"1 2 3 4 4 -3 4 -2 -1 -4 -4 -4",384,1,-256
2188,"1 2 3 4 3 -1 -4 -3 -3 -3 -2 3",384,1,-128
2189,"1 2 3 4 -3 -2 -3 -3 -4 -1 3 3",384,1,-128
2190,"1 2 3 -1 3 4 -3 -4 -3 -3 -2 3",384,1,0
2191,"1 2 3 3 4 3 -4 -3 -1 -3 -3 -2",384,1,0
2192,"1 2 3 4 -2 3 3 -4 -3 -3 -1 -3",384,1,-128
2193,"1 2 3 4 -3 -2 -4 3 3 -1 -3 -3",384,1,128
2194,"1 2 3 4 -2 4 -3 4 -1 -4 -4 -4",384,1,-128
2195,"1 2 3 4 -3 -4 3 -2 -3 -3 -1 3",384,1,-128
2196,"1 2 3 4 -3 -2 -4 -3 -3 -1 3 3",384,1,128
2197,"1 2 3 -2 -3 4 -3 -3 -4 -1 3 3",384,1,128
2198,"1 2 3 4 4 4 -1 -4 -4 -4 -3 -2",192,1,-512
2199,"1 2 3 4 -1 -3 -4 -3 -4 -2 4 3",384,1,-64
2200,"1 2 3 4 -1 4 -3 -3 -4 3 -4 -2",384,1,0
2201,"1 2 3 4 -1 2 -4 -4 -2 4 -3 -2",384,1,0
2202,"1 2 3 4 3 -4 -2 -1 -4 -3 -3 4",384,1,-128
2203,"1 2 3 4 -1 -4 3 -4 -3 4 -3 -2",384,1,-128
2204,"1 2 3 4 2 -1 4 -2 -4 -3 -2 -4",384,1,-64
2205,"1 2 3 4 -2 3 -4 -1 -3 -4 -3 4",384,1,-64
2206,"1 2 3 4 -3 4 -2 -3 -1 3 -4 -4",384,1,0
2207,"1 2 3 4 4 2 -3 -4 -2 -4 -1 -2",384,1,0
2208,"1 2 3 4 -2 -4 -4 -3 -2 4 -1 2",384,1,0
2209,"1 2 3 4 -3 4 -1 -4 2 -4 -2 -2",384,1,-128
2210,"1 2 3 4 -2 4 -3 -3 -4 -4 -1 3",384,1,-128
2211,"1 2 3 4 -1 -3 -3 -4 -4 -2 4 3",384,1,-128
2212,"1 2 3 4 -2 -4 -3 4 -2 -1 -4 2",384,1,64
2213,"1 2 3 4 3 -4 -2 -3 2 -3 -1 -2",384,1,64
2214,"1 2 3 4 -1 -4 3 -4 -3 -3 4 -2",384,1,-128
2215,"1 2 3 4 -2 3 -4 -1 -4 -3 -3 4",384,1,-128
2216,"1 2 3 4 -2 -3 -2 -4 2 -4 -1 4",384,1,64
2217,"1 2 3 4 -3 -3 -4 3 -1 -4 -2 4",384,1,128
2218,"1 2 3 4 -3 -1 -4 3 -2 4 -3 -4",192,1,128
2219,"1 2 3 4 4 2 -4 -3 -4 -2 -1 -2",384,1,0
2220,"1 2 3 4 4 -3 -4 -4 2 -1 -2 -2",384,1,256
2221,"1 2 3 4 -1 4 -2 -3 -3 -4 3 -4",384,1,-128
2222,"1 2 3 4 -1 4 -3 -4 3 -4 -2 -3",384,1,64
2223,"1 2 3 4 2 -4 -3 -3 -1 3 -2 -2",384,1,-256
2224,"1 2 3 4 -2 4 -1 -3 -4 -3 -4 3",384,1,-64
2225,"1 2 3 4 4 -2 3 -1 -4 -3 -3 -4",384,1,-128
2226,"1 2 3 4 -3 -2 3 4 -1 -3 -4 -4",384,1,0
2227,"1 2 3 4 4 -3 -2 -4 2 -4 -1 -2",384,1,128
2228,"1 2 3 4 2 -4 -2 4 -3 -2 -1 -4",192,1,128
2229,"1 2 3 4 -3 -2 -2 -4 2 -4 -1 4",384,1,128
2230,"1 2 3 4 -2 -4 -2 -3 4 2 -1 -4",384,1,0
2231,"1 2 3 4 3 -4 -3 -1 -3 -4 -2 4",384,1,-64
2232,"1 2 3 4 -2 -4 2 4 -3 -2 -1 -4",192,1,128
2233,"1 2 3 4 -2 -1 4 2 -3 -4 -2 -4",384,1,-64
2234,"1 2 3 4 3 4 -2 -4 -4 -1 -3 -3",384,1,-128
2235,"1 2 3 4 4 -2 -3 -3 -1 3 -4 -4",384,1,0
2236,"1 2 3 -1 4 -3 4 3 -4 -4 -2 -3",384,1,0
2237,"1 2 3 4 2 4 -3 -4 -1 -2 -2 -4",384,1,0
2238,"1 2 3 4 -2 4 -1 -3 -3 -4 -4 3",384,1,-128
2239,"1 2 3 4 2 -3 -4 -3 -2 -1 3 -2",384,1,-64
2240,"1 2 3 4 4 2 -1 -4 -4 -2 -3 -2",384,1,-128
2241,"1 2 3 -2 4 4 -1 -4 -4 2 -3 -2",192,1,-256
2242,"1 2 3 4 -1 -2 4 2 -3 -4 -2 -4",384,1,64
2243,"1 2 3 4 -2 -1 -4 2 -4 -3 4 -2",384,1,-64
2244,"1 2 3 4 3 -1 -4 -3 4 -3 -4 -2",384,1,-64
2245,"1 2 3 4 3 -2 -4 -3 -3 -4 -1 4",384,1,0
2246,"1 2 3 4 -2 -2 -4 -3 4 2 -1 -4",384,1,0
2247,"1 2 3 4 -3 -4 -3 -1 3 -4 -2 4",384,1,-64
2248,"1 2 3 3 4 2 -4 -3 -2 -2 -1 -3",192,1,256
2249,"1 2 3 4 4 -3 -4 -1 -4 -3 -2 3",384,1,0
2250,"1 2 3 4 -2 -4 -3 2 3 -1 -3 -2",384,1,128
2251,"1 2 3 4 2 -4 -2 -3 -3 -2 -1 3",384,1,-128
2252,"1 2 3 4 3 -4 -3 -2 -1 2 -3 -2",384,1,0
2253,"1 2 3 4 -2 -1 4 2 -3 -4 -4 -2",384,1,-128
2254,"1 2 3 4 2 -3 -2 4 -1 -2 -4 -4",384,1,-128
2255,"1 2 3 4 -1 -3 -3 4 3 -2 -4 -4",384,1,0
2256,"1 2 3 4 -1 -4 2 4 -2 -4 -3 -2",384,1,128
2257,"1 2 3 4 -3 4 -3 -4 -4 -2 -1 3",384,1,-128
2258,"1 2 3 4 -3 -2 4 2 -4 -1 -4 -2",384,1,0
2259,"1 2 3 4 3 -2 -1 -4 -3 4 -3 -4",192,1,0
2260,"1 2 3 4 -3 -2 -4 -1 3 -4 -3 4",384,1,-64
2261,"1 2 3 4 -1 -2 4 2 -3 -4 -4 -2",384,1,128
2262,"1 2 3 2 4 -3 -4 -4 -1 4 -2 -2",384,1,0
2263,"1 2 3 4 -2 -1 2 -4 -4 -3 4 -2",384,1,-128
2264,"1 2 3 4 -3 4 3 -1 -4 -4 -3 -2",384,1,-128
2265,"1 2 3 4 -2 -3 -4 -1 -4 -3 4 3",384,1,64
2266,"1 2 3 4 -1 -3 -2 -4 -3 4 3 -4",384,1,128
2267,"1 2 3 4 -1 -4 -4 3 -2 4 -3 -3",384,1,128
2268,"1 2 3 4 -3 -3 -4 -1 3 -4 -2 4",384,1,0
2269,"1 2 3 2 4 3 -4 -2 -3 -2 -1 -3",192,1,-128
2270,"1 2 3 4 -1 -4 -2 -3 4 3 -4 -3",384,1,64
2271,"1 2 3 4 4 -3 -4 -2 -1 2 -4 -2",384,1,-128
2272,"1 2 3 4 -3 -4 -2 -4 -2 -1 4 2",384,1,64
2273,"1 2 3 4 -3 -2 4 2 -4 -4 -1 -2",384,1,-128
2274,"1 2 3 4 -3 4 3 -2 -1 -3 -4 -4",384,1,-128
2275,"1 2 3 4 -2 -3 -1 -4 -4 -3 4 3",384,1,0
2276,"1 2 3 4 -3 -1 -4 -4 3 4 -2 -3",384,1,128
2277,"1 2 3 4 -1 -2 -4 -3 4 2 -4 -2",384,1,64
2278,"1 2 3 4 -3 -4 -2 -1 4 2 -4 -2",384,1,-64
2279,"1 2 3 4 2 -3 -1 -3 -2 -4 3 -2",192,1,0
2280,"1 2 3 2 4 3 -4 -2 -2 -3 -1 -3",384,1,-128
2281,"1 2 3 4 -1 4 3 -2 -4 -3 -3 -4",384,1,0
2282,"1 2 3 3 4 -3 -3 4 -1 -4 -4 -2",384,1,-256
2283,"1 2 3 4 3 2 -4 -3 -2 -3 -1 -2",384,1,-64
2284,"1 2 3 -2 4 4 3 -4 -4 -3 -1 -3",384,1,128
2285,"1 2 3 4 -3 -4 2 4 -2 -4 -1 -2",384,1,-64
2286,"1 2 3 4 -3 -4 -1 -4 -3 4 3 -2",192,1,0
2287,"1 2 3 4 -3 -4 -4 -2 -2 -1 4 2",384,1,128
2288,"1 2 3 3 4 4 -3 -3 -2 -1 -4 -4",192,1,-512
2289,"1 2 3 -1 3 4 -3 4 -3 -2 -4 -4",384,1,-128
2290,"1 2 3 4 -3 4 -1 -4 -3 -4 -2 3",384,1,-64
2291,"1 2 3 4 -1 -2 -4 -3 -4 2 4 -2",384,1,64
2292,"1 2 3 4 -1 4 -2 -3 -4 2 -4 -2",384,1,0
2293,"1 2 3 4 -2 -4 2 -3 4 -2 -1 -4",384,1,128
2294,"1 2 3 4 2 -1 -2 4 -3 -2 -4 -4",384,1,0
2295,"1 2 3 4 -2 -4 -4 -3 4 3 -1 -3",384,1,0
2296,"1 2 3 4 -1 3 -4 -3 -4 -3 4 -2",384,1,-64
2297,"1 2 3 4 -3 -3 -2 4 -1 -4 -4 3",384,1,-128
2298,"1 2 3 4 3 2 -4 -3 -3 -2 -1 -2",384,1,0
2299,"1 2 3 4 2 -3 -4 3 -2 -2 -1 -3",384,1,128
2300,"1 2 3 4 -3 -1 -4 -4 -3 4 3 -2",384,1,0
2301,"1 2 3 -1 4 4 -2 3 -4 -4 -3 -3",384,1,0
2302,"1 2 3 4 -2 -3 4 -3 -1 -4 3 -4",384,1,-64
2303,"1 2 3 4 -3 4 -1 -4 -4 -3 -2 3",384,1,-128
2304,"1 2 3 4 -3 -1 -4 -2 -4 3 4 -3",384,1,64
2305,"1 2 3 4 -1 -2 -2 -4 2 4 -3 -4",384,1,0
2306,"1 2 3 4 -3 -2 -4 -1 4 -2 -4 2",384,1,0
2307,"1 2 3 4 4 -1 -4 -2 -2 -3 -4 2",384,1,0
2308,"1 2 3 -2 -3 -1 4 -3 4 3 -4 -4",384,1,128
2309,"1 2 3 4 2 -1 -4 -4 -3 4 -2 -2",384,1,-128
2310,"1 2 3 2 4 -1 -4 -3 4 -2 -4 -2",384,1,0
2311,"1 2 3 4 -2 -4 -3 2 -3 -1 3 -2",384,1,128
2312,"1 2 3 4 -2 -3 4 3 -4 -3 -1 -4",384,1,64
2313,"1 2 3 -1 -3 4 3 4 -2 -3 -4 -4",384,1,-128
2314,"1 2 3 4 3 2 -4 -2 -3 -3 -1 -2",384,1,0
2315,"1 2 3 -1 4 -3 4 -3 -4 -4 -2 3",384,1,-128
2316,"1 2 3 4 -1 3 -4 -4 -3 -3 4 -2",384,1,-128
2317,"1 2 3 4 -3 -4 3 4 -1 -4 -2 -3",384,1,64
2318,"1 2 3 4 -3 -4 3 4 -3 -1 -4 -2",384,1,64
2319,"1 2 3 4 -2 4 -3 2 -4 -4 -1 -2",384,1,0
2320,"1 2 3 4 -2 3 -4 -1 4 -3 -4 -3",384,1,-64
2321,"1 2 3 4 4 -3 2 -4 -1 -4 -2 -2",384,1,0
2322,"1 2 3 4 2 -4 -3 4 -2 -2 -1 -4",384,1,-128
2323,"1 2 3 4 -1 -3 -4 -4 -3 -2 4 3",192,1,0
2324,"1 2 3 4 -2 4 -3 -3 -1 -4 3 -4",384,1,-128
2325,"1 2 3 4 -3 -1 -2 3 4 -3 -4 -4",384,1,128
2326,"1 2 3 -2 4 -3 -1 3 4 -3 -4 -4",384,1,0
2327,"1 2 3 4 2 -3 -4 3 -2 -1 -3 -2",384,1,64
2328,"1 2 3 4 -3 -2 -4 2 3 -1 -3 -2",96,1,128
2329,"1 2 3 4 3 -1 -3 -4 -4 -3 4 -2",384,1,-128
2330,"1 2 3 4 4 -1 -4 -2 -4 2 -3 -2",384,1,-128
2331,"1 2 3 4 -2 -4 2 -3 -3 -1 3 -2",384,1,128
2332,"1 2 3 4 -3 -4 -3 -4 3 4 -1 -2",192,1,64
2333,"1 2 3 -1 3 -2 4 4 -3 -3 -4 -4",384,1,-256
2334,"1 2 3 3 4 -2 -3 -3 4 -1 -4 -4",384,1,0
2335,"1 2 3 3 4 4 -3 -2 -3 -1 -4 -4",384,1,-256
2336,"1 2 3 4 -2 3 -4 -1 4 -3 -3 -4",384,1,-128
2337,"1 2 3 4 -1 3 -2 -3 -4 -4 -3 4",384,1,-128
2338,"1 2 3 4 -2 -2 4 -3 2 -4 -1 -4",384,1,0
2339,"1 2 3 4 -1 4 2 -4 -3 -2 -4 -2",384,1,0
2340,"1 2 3 4 -1 -4 -3 4 -3 -4 3 -2",384,1,0
2341,"1 2 3 4 -3 -3 -4 -4 3 4 -1 -2",192,1,128
2342,"1 2 3 4 4 -1 3 -2 -4 -4 -3 -3",384,1,-256
2343,"1 2 3 4 -2 -3 -3 -4 3 4 -1 -4",384,1,0
2344,"1 2 3 4 3 -2 -4 -3 -3 4 -1 -4",384,1,128
2345,"1 2 3 4 -2 -3 -1 -4 3 4 -3 -4",384,1,64
2346,"1 2 3 -1 3 4 -3 4 -3 -4 -2 -4",192,1,-64
2347,"1 2 3 4 -1 4 2 -4 -3 -4 -2 -2",384,1,0
2348,"1 2 3 4 4 -1 -3 -2 -3 -4 -4 3",384,1,-128
2349,"1 2 3 4 -2 -4 -1 4 -3 2 -4 -2",192,1,-128
2350,"1 2 3 4 -2 3 4 -1 -4 -3 -3 -4",384,1,-128
2351,"1 2 3 4 4 3 -1 -2 -4 -3 -3 -4",96,1,-128
2352,"1 2 3 3 4 -3 -1 -3 4 -2 -4 -4",384,1,-128
2353,"1 2 3 4 -3 4 3 -4 -3 -1 -4 -2",384,1,64
2354,"1 2 3 2 4 -3 -4 -2 4 -1 -4 -2",384,1,0
2355,"1 2 3 4 2 -3 -1 3 -2 -4 -3 -2",192,1,-128
2356,"1 2 3 4 -2 3 -4 -3 -4 -3 -1 4",384,1,-64
2357,"1 2 3 4 -3 -4 -2 -1 4 -2 -4 2",384,1,-64
2358,"1 2 3 4 -1 -4 3 -2 4 -3 -4 -3",384,1,64
2359,"1 2 3 4 -2 -2 -1 4 -3 -4 -4 2",384,1,-128
2360,"1 2 3 4 3 4 -3 -4 -2 -3 -1 -4",384,1,-64
2361,"1 2 3 4 3 4 -3 -4 -3 -1 -4 -2",384,1,-64
2362,"1 2 3 -1 3 4 4 -3 -3 -4 -2 -4",192,1,-128
2363,"1 2 3 4 -2 -3 4 -2 -4 -1 -4 2",384,1,0
2364,"1 2 3 4 -3 -4 -1 3 -4 -3 -2 4",384,1,0
2365,"1 2 3 4 4 3 -4 -3 -3 -1 -2 -4",384,1,128
2366,"1 2 3 -2 -3 4 3 -4 -3 4 -1 -4",192,1,-64
2367,"1 2 3 4 -3 -2 -4 -1 -4 -3 4 3",384,1,64
2368,"1 2 3 -2 -3 -3 4 3 4 -1 -4 -4",384,1,128
2369,"1 2 3 4 2 4 -2 -1 -4 -4 -3 -2",384,1,-128
2370,"1 2 3 4 -1 -2 3 -4 -3 -4 -3 4",192,1,-64
2371,"1 2 3 4 -1 -4 -2 3 -4 -3 4 -3",384,1,-64
2372,"1 2 3 4 -2 -1 4 -3 -4 3 -4 -3",384,1,0
2373,"1 2 3 -1 -3 2 3 4 -3 -4 -2 -2",384,1,-128
2374,"1 2 3 4 -2 3 -4 -4 -3 -3 -1 4",384,1,-128
2375,"1 2 3 -2 -3 4 -1 3 4 -3 -4 -4",384,1,-128
2376,"1 2 3 4 -1 -4 3 -2 4 -3 -3 -4",384,1,128
2377,"1 2 3 4 2 -3 -3 -4 -2 3 -1 -2",384,1,128
2378,"1 2 3 4 3 -4 -4 -3 4 -1 -2 -3",384,1,128
2379,"1 2 3 -1 4 3 4 -3 -3 -4 -4 -2",384,1,-128
2380,"1 2 3 -2 4 -1 3 4 -3 -3 -4 -4",384,1,-128
2381,"1 2 3 4 -3 -4 -2 -1 4 -3 -4 3",192,1,0
2382,"1 2 3 4 4 3 -1 -2 -3 -3 -4 -4",384,1,-256
2383,"1 2 3 4 -2 -1 -4 -4 3 4 -3 -3",192,1,256
2384,"1 2 3 4 -3 -2 -1 -3 4 3 -4 -4",384,1,128
2385,"1 2 3 4 -1 -2 3 -4 -4 -3 -3 4",192,1,-128
2386,"1 2 3 4 -1 -4 -2 3 -4 -3 -3 4",384,1,0
2387,"1 2 3 4 2 4 -3 -4 -2 -1 -2 -4",384,1,-64
2388,"1 2 3 2 4 -3 -4 -4 -1 -2 4 -2",384,1,0
2389,"1 2 3 4 4 3 -2 -1 -3 -4 -4 -3",96,1,-256
2390,"1 2 3 4 4 -2 -3 -4 -4 2 -1 -2",384,1,256
2391,"1 2 3 4 2 -4 -2 -3 -4 -1 -2 4",192,1,-128
2392,"1 2 3 4 -1 -2 -4 2 -4 -3 4 -2",384,1,-64
2393,"1 2 3 4 -1 -4 -2 -3 4 2 -4 -2",384,1,128
2394,"1 2 3 4 4 -3 -1 -4 -4 3 -2 -3",384,1,128
2395,"1 2 3 4 -2 -4 3 -4 -1 -3 4 -3",384,1,-64
2396,"1 2 3 4 -2 -3 -4 -1 3 -4 -3 4",384,1,-64
2397,"1 2 3 4 -3 -2 -4 -3 -4 3 -1 4",384,1,64
2398,"1 2 3 4 -3 -4 -4 -2 4 2 -1 -2",384,1,-128
2399,"1 2 3 4 -2 -3 -2 -1 4 2 -4 -4",384,1,0
2400,"1 2 3 4 -1 -3 -4 3 -4 -2 4 -3",384,1,64
2401,"1 2 3 4 3 -1 -4 -2 4 -3 -4 -3",384,1,-64
2402,"1 2 3 4 -2 -3 -2 4 -1 -4 -4 2",384,1,0
2403,"1 2 3 4 4 2 -1 -2 -3 -4 -4 -2",192,1,0
2404,"1 2 3 4 -3 -4 -2 3 4 -3 -1 -4",384,1,64
2405,"1 2 3 4 2 -3 -2 -4 -2 4 -1 -4",384,1,-64
2406,"1 2 3 4 -3 -2 -4 -3 -1 -4 3 4",192,1,64
2407,"1 2 3 4 3 -4 -3 -2 -1 -4 -3 4",384,1,0
2408,"1 2 3 -1 4 4 -2 -4 3 -4 -3 -3",384,1,-128
2409,"1 2 2 3 4 4 -1 -2 -2 -3 -4 -4",48,1,-256
2410,"1 2 3 4 -3 2 -4 -2 -4 -1 4 -2",384,1,0
2411,"1 2 3 4 -2 -4 3 -4 -1 -3 -3 4",384,1,0
2412,"1 2 3 4 2 -4 -2 3 -1 -3 -2 -3",384,1,64
2413,"1 2 3 4 -3 -2 -3 -4 -4 3 -1 4",384,1,0
2414,"1 2 3 4 -1 -3 -4 -4 3 -2 4 -3",192,1,128
2415,"1 2 3 3 2 4 -3 -4 -2 -2 -1 -3",192,1,256
2416,"1 2 3 4 -3 -4 2 -1 4 -2 -4 -2",384,1,64
2417,"1 2 3 4 -1 -3 -4 3 4 -3 -2 -4",384,1,128
2418,"1 2 3 4 -3 -1 -4 -3 4 3 -2 -4",384,1,0
2419,"1 2 3 4 -2 -4 2 -3 4 -1 -4 -2",192,1,128
2420,"1 2 3 4 -1 -2 4 3 -4 -3 -4 -3",384,1,0
2421,"1 2 3 4 -3 -2 -1 -3 -4 -4 3 4",384,1,-128
2422,"1 2 3 4 -2 -4 -3 4 -1 3 -4 -3",384,1,64
2423,"1 2 3 4 4 -1 3 -4 -4 -2 -3 -3",384,1,-256
2424,"1 2 3 4 -3 -4 -3 -2 -4 3 -1 4",384,1,64
2425,"1 2 3 4 -3 2 -4 -4 -2 -1 4 -2",384,1,0
2426,"1 2 3 4 3 -2 -3 -3 4 -1 -4 -4",384,1,128
2427,"1 2 3 4 2 -4 -2 3 -1 -3 -3 -2",384,1,128
2428,"1 2 3 2 4 -3 -2 -4 -4 -1 4 -2",384,1,128
2429,"1 2 3 4 -2 -2 -4 -3 2 4 -1 -4",384,1,128
2430,"1 2 3 4 -2 -4 -3 -1 -4 -3 4 3",384,1,-64
2431,"1 2 3 4 -1 2 -4 -4 -3 -2 4 -2",384,1,-128
2432,"1 2 3 4 2 -4 -2 4 -3 -4 -1 -2",384,1,-64
2433,"1 2 3 4 -1 -2 4 3 -4 -4 -3 -3",384,1,0
2434,"1 2 3 4 3 -4 -1 -3 -4 -3 -2 4",384,1,-128
2435,"1 2 3 4 -2 4 -1 2 -3 -2 -4 -4",384,1,-128
2436,"1 2 3 4 -3 -3 -4 -2 -4 3 -1 4",384,1,0
2437,"1 2 3 4 -3 -4 2 -3 -2 3 -1 -2",192,1,-64
2438,"1 2 3 4 4 3 -4 -1 -3 -4 -2 -3",384,1,-128
2439,"1 2 3 4 2 3 -2 -4 -3 -2 -1 -3",384,1,0
2440,"1 2 3 4 -3 4 -3 -1 3 -4 -2 -4",384,1,-64
2441,"1 2 3 4 4 -1 -3 -4 -4 -3 -2 3",384,1,-128
2442,"1 2 3 4 -1 -4 3 4 -3 -4 -3 -2",384,1,128
2443,"1 2 3 4 4 3 -2 -3 -1 -3 -4 -4",384,1,-128
2444,"1 2 3 4 3 -2 -4 -4 -1 -3 -3 4",384,1,-128
2445,"1 2 3 4 4 3 -2 -4 -4 -1 -3 -3",384,1,-256
2446,"1 2 3 4 -1 -3 -3 4 -2 3 -4 -4",384,1,0
2447,"1 2 3 4 3 -4 -1 -4 -3 -3 -2 4",384,1,-128
2448,"1 2 3 2 4 -2 -2 -4 -3 -3 -1 3",384,1,128
2449,"1 2 3 4 -1 -4 -3 -4 -2 -3 4 3",384,1,-64
2450,"1 2 3 4 -2 -3 -4 -4 -2 -1 4 2",384,1,128
2451,"1 2 3 4 2 -3 -4 -1 -2 -4 -2 4",384,1,0
2452,"1 2 3 4 2 -1 -4 -4 -2 -3 4 -2",384,1,-128
2453,"1 2 3 4 3 4 -2 -4 -3 -4 -1 -3",384,1,-64
2454,"1 2 3 4 4 -3 -3 -1 3 -4 -2 -4",384,1,-128
2455,"1 2 3 4 2 -3 4 -2 -1 -4 -4 -2",384,1,-128
2456,"1 2 3 4 2 3 -1 -3 -3 -4 -2 -2",192,1,0
2457,"1 2 3 4 -2 -1 4 2 -4 -3 -2 -4",192,1,-64
2458,"1 2 3 4 -1 -4 3 4 -3 -3 -4 -2",384,1,128
2459,"1 2 3 4 2 -3 -4 -4 -2 4 -1 -2",384,1,0
2460,"1 2 3 4 3 -4 -3 -3 -2 -4 -1 4",384,1,-128
2461,"1 2 3 4 2 4 -1 -4 -2 -3 -2 -4",384,1,-64
2462,"1 2 3 4 -1 -4 -4 -3 -2 -3 4 3",384,1,0
2463,"1 2 3 4 2 -3 -4 -1 -4 -2 -2 4",384,1,0
2464,"1 2 3 4 -2 -4 -4 -1 4 2 -3 -2",384,1,-128
2465,"1 2 3 3 4 -1 -3 4 -3 -2 -4 -4",384,1,-256
2466,"1 2 3 -2 4 3 4 -1 -4 -4 -3 -3",384,1,-128
2467,"1 2 3 4 2 -3 -4 -2 -4 -2 -1 4",384,1,0
2468,"1 2 3 4 4 -1 -2 -3 -2 -4 -4 2",192,1,-128
2469,"1 2 3 4 -1 -2 -4 -3 -4 -2 4 2",384,1,64
2470,"1 2 3 4 -2 4 -1 -4 -2 -4 -3 2",192,1,0
2471,"1 2 3 4 -3 4 3 -4 -3 -2 -1 -4",384,1,128
2472,"1 2 3 4 -2 -3 -4 -3 -4 -1 4 3",384,1,64
2473,"1 2 3 4 -3 4 3 -4 -2 -3 -1 -4",384,1,64
2474,"1 2 3 -1 -3 4 3 -4 -3 4 -2 -4",192,1,64
2475,"1 2 3 4 -2 -1 -2 4 -3 -4 -4 2",384,1,-128
2476,"1 2 3 4 -1 -3 -4 -2 4 -3 -4 3",384,1,64
2477,"1 2 3 4 4 -3 -2 -1 3 -4 -4 -3",96,1,-256
2478,"1 2 3 4 3 4 -3 -4 -3 -2 -1 -4",384,1,-128
2479,"1 2 3 -1 4 3 -4 -3 -4 -3 -2 4",384,1,0
2480,"1 2 3 4 -3 2 -4 -4 -1 4 -2 -2",384,1,0
2481,"1 2 3 4 -2 -2 -1 3 2 -4 -3 -3",96,1,-128
2482,"1 2 3 4 -2 -1 2 -4 -3 4 -2 -4",384,1,-64
2483,"1 2 3 4 2 -3 -4 -4 -2 -2 -1 4",384,1,0
2484,"1 2 3 4 -1 4 3 -4 -3 -3 -4 -2",384,1,0
2485,"1 2 3 4 3 -1 -4 -3 -3 -4 -2 4",384,1,-128
2486,"1 2 3 4 -1 4 -3 -4 -2 3 -4 -3",384,1,-64
2487,"1 2 3 4 3 -1 -3 4 -3 -2 -4 -4",384,1,-128
2488,"1 2 3 -1 4 -3 -2 -3 4 3 -4 -4",384,1,128
2489,"1 2 3 2 -3 4 4 -1 -4 -2 -4 -2",384,1,-128
2490,"1 2 3 4 -1 4 -3 -4 3 -4 -3 -2",384,1,0
2491,"1 2 3 4 -1 -3 -4 3 -4 -3 -2 4",384,1,0
2492,"1 2 3 4 -3 -1 4 3 -4 -3 -2 -4",384,1,0
2493,"1 2 3 4 2 -1 -4 -2 -4 -3 4 -2",384,1,-64
2494,"1 2 3 -1 4 3 4 -3 -2 -3 -4 -4",384,1,-128
2495,"1 2 3 4 -3 -4 -4 -1 4 -3 -2 3",384,1,128
2496,"1 2 3 4 -1 -3 -3 -4 3 -4 -2 4",384,1,0
2497,"1 2 3 4 3 -1 -4 -3 -4 -3 4 -2",384,1,-64
2498,"1 2 3 4 -2 -4 -1 4 -2 -3 -4 2",384,1,0
2499,"1 2 3 4 -2 -3 -3 -4 -4 -1 4 3",384,1,128
2500,"1 2 3 4 2 -3 4 -2 -4 -1 -4 -2",384,1,0
2501,"1 2 3 4 -2 -3 4 3 -4 -1 -4 -3",384,1,64
2502,"1 2 3 4 3 -4 -4 -3 -3 -2 -1 4",384,1,-256
2503,"1 2 3 4 -2 -4 -4 -1 -3 -3 4 3",384,1,128
2504,"1 2 3 4 3 -4 -4 -2 -3 -3 -1 4",384,1,-128
2505,"1 2 3 -1 4 3 -4 -4 -3 -3 -2 4",384,1,0
2506,"1 2 3 4 -2 -4 -1 -4 2 4 -3 -2",192,1,0
2507,"1 2 3 4 -3 4 -3 -1 -4 -4 -2 3",384,1,-128
2508,"1 2 3 4 -3 -1 4 3 -4 -4 -2 -3",384,1,-128
2509,"1 2 3 4 -1 4 -2 -3 2 -4 -4 -2",384,1,0
2510,"1 2 3 4 -3 4 3 -4 -4 -1 -3 -2",384,1,-128
2511,"1 2 3 4 -2 -3 -4 3 -1 -4 -3 4",384,1,64
2512,"1 2 3 4 4 -3 -1 3 -4 -4 -3 -2",192,1,-256
2513,"1 2 3 4 2 -1 -2 -4 -4 -3 4 -2",384,1,-128
2514,"1 2 3 4 3 -1 -4 -4 -3 -3 4 -2",384,1,-128
2515,"1 2 3 4 -3 -1 3 4 -2 -3 -4 -4",384,1,128
2516,"1 2 3 4 2 -4 -1 4 -2 -3 -4 -2",384,1,0
2517,"1 2 3 4 -2 -2 4 -1 2 -3 -4 -4",192,1,-128
2518,"1 2 3 4 -1 4 -2 -4 3 -4 -3 -3",384,1,-128
2519,"1 2 3 4 2 -3 4 -2 -4 -4 -1 -2",384,1,128
2520,"1 2 3 4 -1 3 4 -3 -4 -2 -4 -3",384,1,64
2521,"1 2 3 4 3 -2 -4 2 -3 -1 -3 -2",192,1,0
2522,"1 2 3 4 -2 -3 4 3 -4 -4 -1 -3",384,1,0
2523,"1 2 3 4 4 -1 -4 3 -4 -3 -3 -2",384,1,-256
2524,"1 2 3 4 -2 4 -2 -3 -4 -4 -1 2",384,1,-128
2525,"1 2 3 4 -2 -1 -4 -4 2 4 -3 -2",384,1,0
2526,"1 2 3 4 3 4 -3 -2 -1 -4 -4 -3",384,1,-128
2527,"1 2 3 4 3 -4 -3 -1 4 -3 -2 -4",384,1,0
2528,"1 2 3 4 -3 -4 -1 4 -3 -4 -2 3",384,1,64
2529,"1 2 3 4 -2 -2 4 -3 -4 2 -1 -4",384,1,0
2530,"1 2 3 4 -2 4 3 -1 -4 -3 -3 -4",384,1,0
2531,"1 2 3 -1 4 4 3 -4 -4 -3 -2 -3",384,1,128
2532,"1 2 3 4 4 -1 3 -2 -3 -4 -4 -3",384,1,-128
2533,"1 2 3 4 -3 -4 -1 -4 -3 4 -2 3",384,1,64
2534,"1 2 3 4 -2 -3 -4 2 -1 -4 -2 4",384,1,128
2535,"1 2 3 4 -1 3 4 -3 -4 -4 -2 -3",384,1,128
2536,"1 2 3 -1 -3 -3 4 4 3 -2 -4 -4",384,1,0
2537,"1 2 3 4 4 -2 -3 2 -4 -1 -4 -2",384,1,0
2538,"1 2 3 4 4 -1 -3 -3 -4 -4 -2 3",384,1,-256
2539,"1 2 3 4 -1 -3 -3 4 -2 -4 3 -4",384,1,-128
2540,"1 2 3 4 4 -2 -4 -4 -1 2 -3 -2",192,1,-128
2541,"1 2 3 4 -2 -4 3 -2 -3 -1 -3 2",384,1,0
2542,"1 2 3 4 -1 -4 3 -4 -2 4 -3 -3",384,1,0
2543,"1 2 3 4 -1 4 2 -4 -2 -3 -4 -2",384,1,0
2544,"1 2 3 4 2 4 -3 -4 -2 -2 -1 -4",384,1,-128
2545,"1 2 3 4 -1 4 2 -3 -2 -4 -4 -2",384,1,0
2546,"1 2 3 4 -2 4 3 -1 -4 -3 -4 -3",384,1,-64
2547,"1 2 3 4 3 4 -1 -2 -4 -3 -4 -3",96,1,-128
2548,"1 2 3 4 4 3 -1 -3 -4 -4 -3 -2",192,1,-256
2549,"1 2 3 4 -3 -2 4 2 -4 -2 -1 -4",192,1,128
2550,"1 2 3 4 -3 -4 3 4 -2 -3 -1 -4",384,1,64
2551,"1 2 3 4 4 -3 -4 -1 3 -4 -2 -3",384,1,0
2552,"1 2 3 4 -3 -2 3 4 -3 -4 -1 -4",384,1,64
2553,"1 2 3 4 -1 -4 -3 -2 3 -4 -3 4",384,1,64
2554,"1 2 3 4 -3 -4 -4 -1 -3 4 -2 3",384,1,128
2555,"1 2 3 4 -1 -4 -3 -2 4 -3 -4 3",384,1,64
2556,"1 2 3 4 2 -1 4 -2 -3 -4 -4 -2",384,1,0
2557,"1 2 3 4 4 -2 -3 -4 -4 -3 -1 3",384,1,128
2558,"1 2 3 -2 4 4 -1 3 -4 -4 -3 -3",384,1,0
2559,"1 2 3 4 -3 -4 2 3 -2 -3 -1 -2",384,1,-64
2560,"1 2 3 4 -1 -2 -2 -3 4 2 -4 -4",384,1,128
2561,"1 2 3 4 -3 -2 -1 -2 4 2 -4 -4",384,1,128
2562,"1 2 3 -1 -3 4 -2 -3 4 3 -4 -4",384,1,128
2563,"1 2 3 4 -2 4 3 -1 -4 -4 -3 -3",384,1,-128
2564,"1 2 3 4 3 4 -1 -2 -4 -4 -3 -3",192,1,-256
2565,"1 2 3 4 -3 -2 4 -3 -4 3 -1 -4",384,1,64
2566,"1 2 3 4 -3 -4 2 4 -2 -1 -4 -2",384,1,64
2567,"1 2 3 4 3 -2 -1 2 -3 -4 -3 -2",96,1,-128
2568,"1 2 3 4 2 -4 -3 -2 -3 -1 3 -2",384,1,-128
2569,"1 2 3 4 -3 4 -2 3 -4 -4 -1 -3",384,1,-128
2570,"1 2 3 4 -2 4 -1 -2 -4 -4 -3 2",384,1,-128
2571,"1 2 3 4 -1 3 4 -3 -3 -2 -4 -4",384,1,0
2572,"1 2 3 4 2 -1 -4 -2 -3 -4 -2 4",384,1,-64
2573,"1 2 3 4 -2 -1 3 -4 -3 4 -3 -4",384,1,0
2574,"1 2 3 4 -1 -4 3 -4 -2 -3 4 -3",384,1,-64
2575,"1 2 3 4 -3 -1 -4 3 -2 -4 -3 4",384,1,0
2576,"1 2 3 4 4 -1 2 -3 -2 -2 -4 -4",384,1,-256
2577,"1 2 3 4 4 -2 -1 2 -4 -3 -4 -2",384,1,-128
2578,"1 2 3 4 2 -4 -2 -3 -3 -1 3 -2",384,1,-128
2579,"1 2 3 4 -3 4 3 -4 -3 -1 -2 -4",384,1,64
2580,"1 2 3 -1 -3 -2 3 4 4 -3 -4 -4",384,1,128
2581,"1 2 3 4 -2 -2 -4 -3 -3 -1 3 2",384,1,0
2582,"1 2 3 4 -2 -1 -3 -3 4 3 -4 -4",192,1,256
2583,"1 2 3 4 3 4 -3 -4 -3 -1 -2 -4",384,1,-64
2584,"1 2 3 4 -2 3 -4 2 -3 -2 -1 -3",384,1,0
2585,"1 2 3 -1 4 -2 -3 -3 4 3 -4 -4",384,1,256
2586,"1 2 3 4 -1 -4 3 -4 -2 -3 -3 4",384,1,-128
2587,"1 2 3 -1 4 -3 -4 3 4 -3 -2 -4",192,1,128
2588,"1 2 3 4 -2 -3 4 -3 -4 -4 -1 3",384,1,0
2589,"1 2 3 4 -3 4 -3 -2 -4 3 -1 -4",384,1,-64
2590,"1 2 3 4 2 -3 -2 -4 3 -2 -1 -3",192,1,128
2591,"1 2 3 4 4 -2 -3 2 -4 -4 -1 -2",384,1,128
2592,"1 2 3 4 3 -1 -4 -3 -3 4 -2 -4",384,1,0
2593,"1 2 3 3 2 4 -2 -4 -3 -3 -1 -2",192,1,128
2594,"1 2 3 4 2 -3 -4 3 -2 -3 -1 -2",384,1,-64
2595,"1 2 3 4 3 -4 -4 -1 4 -3 -3 -2",384,1,-256
2596,"1 2 3 4 3 -4 -4 -3 -3 -1 -2 4",384,1,-128
2597,"1 2 3 4 3 -2 -1 4 -3 -4 -3 -4",384,1,-128
2598,"1 2 3 4 2 -4 -3 -2 3 -1 -2 -3",384,1,128
2599,"1 2 3 4 2 3 -4 -2 -3 -3 -1 -2",384,1,0
2600,"1 2 3 4 -2 3 -4 2 -3 -1 -2 -3",192,1,0
2601,"1 2 3 -1 4 4 -3 -4 -4 -3 -2 3",384,1,-128
2602,"1 2 3 4 4 -3 -3 -2 -4 3 -1 -4",384,1,-128
2603,"1 2 3 4 -2 -2 -4 -1 4 -3 -4 2",384,1,0
2604,"1 2 3 4 -3 -4 -3 4 -1 3 -2 -4",384,1,0
2605,"1 2 3 -2 4 3 4 -3 -4 -3 -1 -4",192,1,-64
2606,"1 2 3 4 -3 -2 -4 -3 2 3 -1 -2",384,1,64
2607,"1 2 3 4 -2 -4 3 -1 4 -3 -4 -3",384,1,64
2608,"1 2 3 -1 4 -3 -4 3 -4 -3 -2 4",384,1,0
2609,"1 2 3 4 -2 4 -3 -4 -2 -1 -4 2",384,1,-64
2610,"1 2 3 4 3 -2 -1 4 -3 -3 -4 -4",384,1,-256
2611,"1 2 3 4 -3 4 -1 -4 3 -4 -3 -2",192,1,-128
2612,"1 2 3 4 -3 -1 -4 -4 -2 -3 4 3",192,1,0
2613,"1 2 3 4 -1 4 3 -2 -4 -3 -4 -3",384,1,-64
2614,"1 2 3 4 3 4 -2 -4 -1 -4 -3 -3",384,1,-128
2615,"1 2 3 4 -1 3 -4 -3 -4 -2 4 -3",384,1,-64
2616,"1 2 3 -2 4 3 4 -3 -3 -4 -1 -4",384,1,-128
2617,"1 2 3 4 -2 -4 3 -1 4 -3 -3 -4",384,1,0
2618,"1 2 3 4 3 -2 -3 4 -1 -3 -4 -4",384,1,0
2619,"1 2 3 4 2 -4 -4 -3 -2 -2 -1 4",384,1,0
2620,"1 2 3 4 -3 -3 -1 -4 -4 3 -2 4",384,1,0
2621,"1 2 3 4 -3 -4 -4 2 -1 -2 4 -2",384,1,128
2622,"1 2 3 4 3 4 -1 -4 -3 -4 -2 -3",384,1,-64
2623,"1 2 3 4 -1 4 3 -2 -4 -4 -3 -3",384,1,-128
2624,"1 2 3 4 3 -1 -4 -2 -3 4 -3 -4",384,1,0
2625,"1 2 3 4 -1 3 -4 -4 -3 -2 4 -3",192,1,-128
2626,"1 2 3 4 -3 -4 3 -2 -4 -3 -1 4",384,1,64
2627,"1 2 3 4 -3 -4 -2 4 -2 -1 -4 2",384,1,-64
2628,"1 2 3 -2 3 4 -3 4 -3 -4 -1 -4",192,1,-64
2629,"1 2 3 4 -3 -4 3 -1 4 -3 -2 -4",384,1,128
2630,"1 2 3 4 -1 -3 4 3 -2 -3 -4 -4",384,1,-128
2631,"1 2 3 4 -2 3 -4 -3 -1 -4 -3 4",384,1,-64
2632,"1 2 3 -2 3 4 4 -1 -4 -4 -3 -3",384,1,-256
2633,"1 2 3 4 3 -4 -3 -3 2 -1 -2 -2",384,1,0
2634,"1 2 3 4 4 -2 -3 -2 -1 -4 -4 2",192,1,-128
2635,"1 2 3 -1 4 3 4 -2 -4 -4 -3 -3",384,1,-128
2636,"1 2 3 4 -3 4 -1 3 -2 -4 -4 -3",384,1,-128
2637,"1 2 3 3 4 -3 -3 -1 4 -2 -4 -4",384,1,0
2638,"1 2 3 4 -1 4 3 -4 -3 -4 -3 -2",384,1,0
2639,"1 2 3 4 4 -1 3 -4 -3 -4 -2 -3",384,1,-128
2640,"1 2 3 4 -3 -4 -3 -4 -1 4 -2 3",384,1,64
2641,"1 2 3 -1 4 4 3 -4 -3 -3 -2 -4",192,1,256
2642,"1 2 3 -2 -3 4 3 4 -1 -3 -4 -4",384,1,0
2643,"1 2 3 4 4 -2 -1 2 -3 -2 -4 -4",192,1,-128
2644,"1 2 3 4 4 -2 3 -4 -4 -1 -3 -3",384,1,-256
2645,"1 2 3 4 -1 -3 -4 3 4 -2 -4 -3",384,1,64
2646,"1 2 3 4 -3 -4 -1 -2 4 3 -4 -3",96,1,-128
2647,"1 2 3 -2 3 4 4 -3 -3 -4 -1 -4",192,1,-128
2648,"1 2 3 4 -1 3 -2 4 -3 -4 -4 -3",384,1,0
2649,"1 2 3 -2 4 -3 -4 2 4 -1 -4 -2",192,1,128
2650,"1 2 3 4 -3 -2 -3 -4 3 2 -1 -2",192,1,128
2651,"1 2 3 4 -3 -4 3 4 -3 -2 -1 -4",192,1,128
2652,"1 2 3 4 -3 -4 -4 -1 2 4 -2 -2",384,1,128
2653,"1 2 3 4 -3 -4 3 -4 -3 4 -1 -2",384,1,-64
2654,"1 2 3 4 -3 4 -3 -4 -1 3 -2 -4",384,1,0
2655,"1 2 3 4 -1 4 3 -4 -4 -3 -3 -2",384,1,0
2656,"1 2 3 4 -3 -3 -4 -4 -1 4 -2 3",384,1,128
2657,"1 2 3 4 -3 -3 4 -2 -4 -4 -1 3",384,1,128
2658,"1 2 3 4 -3 -2 -2 -1 4 2 -4 -4",384,1,0
2659,"1 2 3 4 -3 4 -2 -4 2 -1 -4 -2",384,1,64
2660,"1 2 3 4 2 4 -2 -3 -2 -1 -4 -4",384,1,-128
2661,"1 2 3 4 3 -1 -2 -4 -3 4 -3 -4",192,1,-64
2662,"1 2 3 4 -1 2 -4 -3 -4 -2 4 -2",384,1,-64
2663,"1 2 3 4 -2 -3 -3 -4 3 2 -1 -2",384,1,128
2664,"1 2 3 4 -2 -3 4 -3 -4 -1 -4 3",384,1,-64
2665,"1 2 3 4 -3 -3 4 3 -1 -4 -4 -2",384,1,-128
2666,"1 2 3 4 -3 -4 -1 4 3 -4 -3 -2",192,1,-128
2667,"1 2 3 4 -2 -4 -1 4 2 -4 -3 -2",192,1,-128
2668,"1 2 3 4 4 -3 -3 -4 -1 3 -2 -4",384,1,0
2669,"1 2 3 4 -2 -4 -3 2 4 -1 -4 -2",384,1,128
2670,"1 2 3 4 4 -2 -4 3 -1 -4 -3 -3",384,1,-128
2671,"1 2 3 4 -2 -2 -1 4 2 -3 -4 -4",384,1,-128
2672,"1 2 3 -2 4 -3 4 2 -4 -1 -4 -2",192,1,0
2673,"1 2 3 4 2 -3 -4 -2 -3 -1 3 -2",192,1,-128
2674,"1 2 3 4 -1 -3 -2 -4 3 4 -3 -4",384,1,128
2675,"1 2 3 4 3 -1 -4 -3 -4 -3 -2 4",384,1,-128
2676,"1 2 3 2 4 -2 -1 -4 -4 -3 4 -2",384,1,0
2677,"1 2 3 4 -3 4 3 -1 -2 -3 -4 -4",384,1,-128
2678,"1 2 3 4 -1 2 -3 -2 4 -2 -4 -4",384,1,-128
2679,"1 2 3 4 2 -1 -4 -3 -4 -2 4 -2",384,1,-64
2680,"1 2 3 4 -2 3 4 -3 -1 -4 -4 -3",384,1,0
2681,"1 2 3 4 -2 4 -3 -3 -4 -1 -4 3",192,1,-128
2682,"1 2 3 4 -1 -4 -3 4 3 -2 -3 -4",192,1,-64
2683,"1 2 3 4 -1 4 -3 -2 3 -4 -3 -4",384,1,-64
2684,"1 2 3 4 -1 -4 3 -2 -3 -4 -3 4",384,1,-64
2685,"1 2 3 4 2 -4 -2 -3 -1 3 -2 -3",384,1,-64
2686,"1 2 3 2 4 3 -4 -2 -2 -1 -3 -3",384,1,-256
2687,"1 2 3 4 -2 4 -1 -4 -2 -3 -4 2",384,1,0
2688,"1 2 3 4 -2 -4 -1 -4 2 -3 4 -2",384,1,0
2689,"1 2 3 -2 4 -3 4 2 -4 -4 -1 -2",384,1,0
2690,"1 2 3 4 3 -1 -4 -4 -3 -3 -2 4",384,1,-256
2691,"1 2 3 -1 -2 -2 4 3 -4 -3 -3 2",384,1,128
2692,"1 2 3 4 -3 4 -3 -1 3 -2 -4 -4",384,1,0
2693,"1 2 3 4 -3 4 -2 -4 2 -4 -1 -2",384,1,64
2694,"1 2 3 2 -3 4 4 -2 -4 -4 -1 -2",384,1,128
2695,"1 2 3 -1 3 4 -3 4 -2 -3 -4 -4",384,1,-128
2696,"1 2 3 4 -1 2 4 -3 -2 -4 -4 -2",384,1,0
2697,"1 2 3 4 4 -3 -2 -1 -3 -4 -4 3",96,1,-256
2698,"1 2 3 4 -1 3 -2 -3 4 -3 -4 -4",384,1,0
2699,"1 2 3 4 2 -4 -3 -3 -2 -1 3 -2",384,1,-128
2700,"1 2 3 4 3 4 -1 -3 -4 -4 -3 -2",384,1,-128
2701,"1 2 3 4 -2 4 -3 -1 -4 -3 -4 3",384,1,-64
2702,"1 2 3 4 3 -4 -1 4 -2 -3 -3 -4",384,1,-128
2703,"1 2 3 4 -3 -4 -4 -2 4 3 -1 -3",384,1,0
2704,"1 2 3 4 2 -1 -2 4 -2 -3 -4 -4",384,1,0
2705,"1 2 3 4 -2 4 -3 -4 3 -1 -3 -4",384,1,64
2706,"1 2 3 4 4 -2 3 -1 -3 -3 -4 -4",384,1,-256
2707,"1 2 3 4 -2 -1 2 -3 4 -2 -4 -4",384,1,0
2708,"1 2 3 4 -1 -2 4 2 -4 -3 -4 -2",384,1,64
2709,"1 2 3 4 -2 -2 3 -4 -3 -3 -1 2",384,1,-128
2710,"1 2 3 4 -2 -3 -3 -1 -4 -4 3 4",384,1,128
2711,"1 2 3 4 -3 4 -2 -4 -4 2 -1 -2",384,1,128
2712,"1 2 3 4 3 -1 -4 -3 4 -3 -2 -4",384,1,0
2713,"1 2 3 4 -1 -3 -4 -2 -4 -3 4 3",384,1,64
2714,"1 2 3 4 -2 4 -3 -1 -3 -4 -4 3",384,1,-128
2715,"1 2 3 4 2 -3 -1 -2 -3 -4 3 -2",192,1,64
2716,"1 2 3 2 4 -3 -4 -4 -2 4 -1 -2",384,1,0
2717,"1 2 3 4 -1 4 3 -4 -3 -2 -3 -4",192,1,64
2718,"1 2 3 4 -2 -3 -3 -4 3 -4 -1 4",384,1,128
2719,"1 2 3 4 3 -1 -3 -4 -3 4 -2 -4",384,1,-64
2720,"1 2 3 4 -2 -4 3 4 -3 -3 -1 -4",384,1,0
2721,"1 2 3 4 4 -3 -3 -4 -4 3 -1 -2",192,1,256
2722,"1 2 3 4 -3 4 -3 -4 -4 -1 -2 3",384,1,0
2723,"1 2 3 4 -2 -4 -2 -3 2 4 -1 -4",384,1,64
2724,"1 2 3 4 3 -4 -3 -1 -2 4 -3 -4",384,1,-64
2725,"1 2 3 4 -1 -2 4 2 -4 -4 -3 -2",384,1,128
2726,"1 2 3 4 -2 4 2 -3 -4 -4 -1 -2",384,1,0
2727,"1 2 3 4 -1 -4 2 4 -2 -3 -4 -2",384,1,0
2728,"1 2 3 4 4 -1 -3 -4 3 -4 -2 -3",384,1,0
2729,"1 2 3 4 -1 -3 -2 -4 -4 -3 4 3",384,1,128
2730,"1 2 3 4 -1 -3 -2 4 3 -4 -3 -4",384,1,0
2731,"1 2 3 4 -3 -2 3 -4 -3 -4 -1 4",384,1,64
2732,"1 2 3 4 -1 -4 -3 -4 -3 4 -2 3",384,1,-64
2733,"1 2 3 4 -2 4 -2 -3 2 -4 -1 -4",384,1,-64
2734,"1 2 3 3 4 -2 4 -3 -3 -1 -4 -4",384,1,-256
2735,"1 2 3 4 -3 -1 -4 -2 -4 -3 4 3",384,1,64
2736,"1 2 3 4 -3 -2 -4 -1 -4 -2 4 2",384,1,128
2737,"1 2 3 4 4 3 -4 -4 -1 -2 -3 -3",384,1,-256
2738,"1 2 3 -2 4 -1 -4 2 -4 -3 4 -2",192,1,-128
2739,"1 2 3 4 -1 4 3 -4 -3 -3 -2 -4",384,1,128
2740,"1 2 3 4 3 -4 -3 -1 -4 -3 -2 4",384,1,0
2741,"1 2 3 4 4 -1 -4 -3 -4 3 -2 -3",384,1,0
2742,"1 2 3 3 4 -2 -4 -3 -3 2 -1 -2",192,1,256
2743,"1 2 3 4 -3 -4 -2 -4 3 4 -1 -3",384,1,64
2744,"1 2 3 4 -3 -1 -2 3 -4 -4 -3 4",384,1,-128
2745,"1 2 3 4 -2 -4 -3 -4 -1 -3 4 3",384,1,64
2746,"1 2 3 4 -2 -3 -4 2 4 -2 -1 -4",384,1,128
2747,"1 2 3 4 -2 -3 2 -4 -2 3 -1 -3",384,1,64
2748,"1 2 3 4 -3 2 4 -2 -4 -2 -1 -4",384,1,0
2749,"1 2 3 4 -2 -3 -4 -1 4 -3 -4 3",384,1,-64
2750,"1 2 3 4 -3 -4 -1 -2 4 -3 -4 3",192,1,0
2751,"1 2 3 4 2 -3 -2 4 -2 -4 -1 -4",384,1,-64
2752,"1 2 3 4 4 -2 3 -4 -3 -4 -1 -3",384,1,-128
2753,"1 2 3 4 -1 -3 -2 4 3 -4 -4 -3",384,1,0
2754,"1 2 3 4 2 -1 -4 -3 4 -2 -4 -2",384,1,-64
2755,"1 2 3 4 -1 -4 -4 -3 -3 4 -2 3",384,1,-128
2756,"1 2 3 4 -3 4 2 -1 -2 -2 -4 -4",384,1,-128
2757,"1 2 3 4 -3 4 -2 -1 2 -4 -4 -2",384,1,-128
2758,"1 2 3 3 -1 4 4 -3 -3 -2 -4 -4",192,1,-512
2759,"1 2 3 4 -3 -1 4 -2 -4 3 -4 -3",384,1,-64
2760,"1 2 3 4 -2 -4 -3 4 -2 -4 -1 2",384,1,64
2761,"1 2 3 4 -3 -1 -2 -3 4 3 -4 -4",384,1,0
2762,"1 2 3 -2 4 -3 -1 -3 4 3 -4 -4",384,1,128
2763,"1 2 3 4 -3 -1 -3 -4 -2 -4 3 4",192,1,-64
2764,"1 2 3 -2 4 -1 2 -4 -4 -3 4 -2",384,1,-128
2765,"1 2 3 4 -2 4 -1 2 -4 -3 -4 -2",384,1,-64
2766,"1 2 3 4 3 -2 4 -3 -4 -4 -1 -3",384,1,0
2767,"1 2 3 4 4 -3 -4 -1 -3 -4 -2 3",384,1,0
2768,"1 2 3 4 -3 -4 -4 -2 3 4 -1 -3",384,1,128
2769,"1 2 3 4 2 -4 -3 4 -2 -1 -4 -2",384,1,-64
2770,"1 2 3 4 -2 -3 4 3 -1 -4 -3 -4",384,1,64
2771,"1 2 3 4 2 -1 4 -3 -2 -4 -2 -4",192,1,-64
2772,"1 2 3 4 -2 -4 -4 -3 -1 -3 4 3",384,1,0
2773,"1 2 3 4 -3 2 4 -2 -2 -4 -1 -4",384,1,0
2774,"1 2 3 4 4 -1 -4 3 -2 -4 -3 -3",384,1,-128
2775,"1 2 3 4 -3 -2 -4 2 -4 -2 -1 4",192,1,128
2776,"1 2 3 4 4 -1 -4 -2 3 -4 -3 -3",384,1,-128
2777,"1 2 3 4 -3 4 2 -1 -4 -2 -4 -2",384,1,-64
2778,"1 2 3 4 -3 -2 3 4 -3 -1 -4 -4",384,1,0
2779,"1 2 3 4 -3 -1 -3 -2 -4 -4 3 4",384,1,0
2780,"1 2 3 4 -2 4 -1 2 -4 -4 -3 -2",384,1,-128
2781,"1 2 3 4 -2 -4 -3 -2 4 2 -1 -4",384,1,0
2782,"1 2 3 2 4 -3 -4 -4 -2 -1 4 -2",384,1,0
2783,"1 2 3 4 -2 -3 4 3 -1 -4 -4 -3",384,1,0
2784,"1 2 3 4 2 -1 4 -3 -2 -2 -4 -4",192,1,-128
2785,"1 2 3 4 3 4 -3 -3 -1 -4 -2 -4",384,1,-128
2786,"1 2 3 4 -2 -4 -3 4 2 -1 -4 -2",384,1,64
2787,"1 2 3 4 -2 -3 -4 2 3 -1 -2 -3",96,1,128
2788,"1 2 3 4 2 -1 -4 -3 -2 4 -2 -4",384,1,-64
2789,"1 2 3 4 -2 4 -3 2 -1 -4 -2 -4",96,1,0
2790,"1 2 3 4 -3 4 2 -1 -2 -4 -4 -2",384,1,-128
2791,"1 2 3 4 -3 4 2 -1 -4 -4 -2 -2",384,1,-128
2792,"1 2 3 4 -2 -3 -4 3 -4 -3 -1 4",384,1,64
2793,"1 2 3 4 4 -1 2 -4 -4 -2 -3 -2",384,1,-128
2794,"1 2 3 4 -1 -2 4 -3 2 -4 -2 -4",384,1,64
2795,"1 2 3 4 2 3 -4 -2 -2 -1 -3 -3",384,1,0
2796,"1 2 3 3 4 -2 -4 -2 -3 -3 -1 2",192,1,-128
2797,"1 2 3 4 3 -4 -1 -3 4 -3 -4 -2",384,1,-64
2798,"1 2 3 4 -1 4 2 -4 -4 -3 -2 -2",384,1,0
2799,"1 2 3 4 -2 3 4 -3 -3 -1 -4 -4",384,1,-128
2800,"1 2 3 4 -1 -4 -3 -2 4 3 -4 -3",384,1,64
2801,"1 2 3 4 -2 4 -1 -3 -4 3 -4 -3",384,1,-64
2802,"1 2 3 4 2 -1 -4 -3 4 -2 -2 -4",384,1,-128
2803,"1 2 3 4 -3 -4 -3 -4 3 -1 4 -2",384,1,64
2804,"1 2 3 4 -3 -4 -2 -1 -4 -2 4 2",384,1,64
2805,"1 2 3 4 3 -4 -3 -1 -4 -3 4 -2",384,1,64
2806,"1 2 3 4 4 -2 -3 -1 3 -4 -4 -3",384,1,-128
2807,"1 2 3 4 -1 -2 4 -3 2 -4 -4 -2",384,1,128
2808,"1 2 3 4 -3 4 -1 3 -4 -4 -3 -2",384,1,-128
2809,"1 2 3 4 -2 -4 3 2 -3 -2 -1 -3",384,1,0
2810,"1 2 3 4 3 -4 -3 -3 4 -1 -4 -2",384,1,128
2811,"1 2 3 4 -2 -4 -3 -1 4 -3 -4 3",384,1,-64
2812,"1 2 3 4 4 -3 -4 -2 -2 -1 -4 2",384,1,-128
2813,"1 2 3 4 2 -4 -1 -2 4 -3 -4 -2",384,1,64
2814,"1 2 3 4 2 -4 -1 4 -3 -2 -4 -2",384,1,0
2815,"1 2 3 4 -3 -3 -4 -4 3 -1 4 -2",384,1,128
2816,"1 2 3 4 4 -3 -2 -1 -2 -4 -4 2",192,1,-256
2817,"1 2 3 -2 -3 4 -1 -3 4 3 -4 -4",384,1,0
2818,"1 2 3 4 -3 -4 -2 -4 -2 4 -1 2",384,1,64
2819,"1 2 3 4 -3 -1 4 -3 -4 -4 3 -2",384,1,0
2820,"1 2 3 4 -3 -4 -2 -1 -4 -3 4 3",96,1,128
2821,"1 2 3 -1 3 4 4 -2 -4 -4 -3 -3",384,1,-256
2822,"1 2 3 4 3 -2 -4 -3 4 -3 -1 -4",384,1,64
2823,"1 2 3 4 2 -4 -2 -1 -4 -3 4 -2",192,1,64
2824,"1 2 3 4 -2 -3 -3 4 -1 -4 3 -4",384,1,0
2825,"1 2 3 4 -3 -4 -1 4 -2 -2 -4 2",384,1,0
2826,"1 2 3 4 -3 -3 -2 3 4 -1 -4 -4",384,1,-128
2827,"1 2 3 4 4 2 -3 -2 -1 -4 -4 -2",192,1,-128
2828,"1 2 3 4 -2 -1 3 4 -3 -4 -3 -4",384,1,0
2829,"1 2 3 4 3 -4 2 -3 -2 -3 -1 -2",384,1,-64
2830,"1 2 3 4 3 -2 -3 -4 -3 4 -1 -4",384,1,64
2831,"1 2 3 4 2 -4 -1 4 -3 -4 -2 -2",384,1,128
2832,"1 2 3 4 4 2 -1 -2 -3 -2 -4 -4",384,1,-128
2833,"1 2 3 4 -3 -4 -4 -2 -2 4 -1 2",384,1,128
2834,"1 2 3 4 3 -4 -4 -2 -3 4 -1 -3",384,1,0
2835,"1 2 3 4 4 -3 -2 -2 -4 -4 -1 2",384,1,-256
2836,"1 2 3 4 4 -2 -3 -4 3 -4 -1 -3",384,1,0
2837,"1 2 3 4 3 -4 -3 -3 -4 -1 4 -2",384,1,-128
2838,"1 2 3 4 -1 -2 -3 -4 2 4 -2 -4",192,1,64
2839,"1 2 3 4 4 -3 -4 -4 -2 -2 -1 2",384,1,0
2840,"1 2 3 4 -2 -1 3 4 -3 -3 -4 -4",384,1,0
2841,"1 2 2 3 4 4 -3 -4 -4 -1 -2 -2",192,1,256
2842,"1 2 3 4 3 -4 2 -3 -3 -2 -1 -2",384,1,0
2843,"1 2 3 4 -2 -3 -4 3 -1 4 -3 -4",384,1,64
2844,"1 2 3 4 4 -2 -4 -3 -4 3 -1 -3",384,1,0
2845,"1 2 3 4 4 3 -1 -4 -4 -2 -3 -3",384,1,-256
2846,"1 2 3 4 -2 4 -3 2 -4 -1 -4 -2",384,1,0
2847,"1 2 3 4 3 -2 -4 -3 -1 4 -3 -4",384,1,-64
2848,"1 2 3 4 3 4 -3 -1 -4 -4 -2 -3",384,1,0
2849,"1 2 3 4 -2 -4 -3 4 3 -4 -1 -3",384,1,64
2850,"1 2 3 4 -2 3 -4 -3 -4 -1 -3 4",384,1,-64
2851,"1 2 3 4 -3 -3 -1 4 3 -4 -2 -4",384,1,0
2852,"1 2 3 4 -1 4 2 -3 -4 -2 -4 -2",384,1,0
2853,"1 2 3 3 4 -3 -3 -4 -2 -2 -1 2",384,1,0
2854,"1 2 3 -1 4 3 4 -3 -4 -3 -2 -4",192,1,-128
2855,"1 2 3 4 2 4 -2 -4 -3 -2 -1 -4",384,1,0
2856,"1 2 3 4 -3 -2 -4 -1 -3 -4 3 4",384,1,-64
2857,"1 2 3 4 -2 4 -3 -4 2 -1 -4 -2",384,1,64
2858,"1 2 3 4 2 -1 -4 -4 -3 -2 4 -2",384,1,-128
2859,"1 2 3 4 -2 -2 -3 -4 2 -4 -1 4",384,1,128
2860,"1 2 3 -2 3 4 -3 -3 4 -1 -4 -4",384,1,-128
2861,"1 2 3 4 -3 -4 -3 -4 -1 3 -2 4",384,1,0
2862,"1 2 3 4 -2 4 -3 2 -1 -2 -4 -4",384,1,0
2863,"1 2 3 4 -2 3 -4 -1 -3 4 -3 -4",384,1,-64
2864,"1 2 3 4 -1 2 -4 -2 4 -3 -4 -2",384,1,64
2865,"1 2 3 4 -2 -1 -4 -4 -3 -2 4 2",384,1,0
2866,"1 2 3 4 -2 -4 -3 2 3 -2 -1 -3",192,1,128
2867,"1 2 3 4 -3 -2 4 3 -1 -4 -4 -3",384,1,-128
2868,"1 2 3 4 -2 3 -4 -4 -3 -1 -3 4",384,1,-128
2869,"1 2 3 4 3 -1 -3 -4 -3 -4 -2 4",384,1,-64
2870,"1 2 3 4 4 3 -1 -4 -4 -3 -3 -2",384,1,-256
2871,"1 2 3 4 3 4 -2 -4 -1 -3 -3 -4",384,1,-128
2872,"1 2 3 4 -1 4 2 -3 -4 -4 -2 -2",384,1,0
2873,"1 2 3 4 -1 3 4 -3 -2 -4 -4 -3",384,1,0
2874,"1 2 3 4 -2 -4 3 4 -1 -4 -3 -3",384,1,0
2875,"1 2 3 4 4 -3 -4 -2 -2 -4 -1 2",384,1,-128
2876,"1 2 3 -1 4 3 4 -3 -3 -4 -2 -4",384,1,-128
2877,"1 2 3 4 2 -4 -1 4 -2 -3 -2 -4",384,1,-64
2878,"1 2 3 4 2 -4 -4 -2 -3 -2 -1 4",384,1,-128
2879,"1 2 3 3 4 -3 -1 4 -3 -4 -4 -2",192,1,128
2880,"1 2 3 4 3 4 -3 -2 -1 -3 -4 -4",384,1,-128
2881,"1 2 3 4 4 3 -1 -3 -2 -3 -4 -4",384,1,-128
2882,"1 2 3 -2 4 -3 2 4 -1 -4 -4 -2",384,1,128
2883,"1 2 3 4 3 -2 4 -3 -1 -4 -3 -4",192,1,-64
2884,"1 2 3 4 -3 -4 -2 -3 -4 3 -1 4",384,1,-64
2885,"1 2 3 3 -2 4 -3 -3 4 -1 -4 -4",384,1,0
2886,"1 2 3 4 -3 -3 -4 -4 -1 3 -2 4",384,1,0
2887,"1 2 3 -2 -3 -3 4 3 -4 -4 -1 4",192,1,-128
2888,"1 2 3 4 2 -3 4 -2 -2 -1 -4 -4",384,1,-256
2889,"1 2 3 4 3 -1 -3 -3 -4 -4 -2 4",384,1,-128
2890,"1 2 3 4 -3 -3 4 -1 3 -4 -4 -2",384,1,-128
2891,"1 2 3 4 -1 -2 4 -3 -4 -3 -4 3",192,1,0
2892,"1 2 3 4 2 -4 -1 4 -3 -2 -2 -4",384,1,0
2893,"1 2 3 4 -2 -3 -4 2 4 -1 -4 -2",384,1,128
2894,"1 2 3 4 3 -2 4 -3 -1 -3 -4 -4",384,1,-128
2895,"1 2 3 4 4 -1 -2 3 -4 -4 -3 -3",384,1,-256
2896,"1 2 3 4 -3 -3 -1 3 2 -4 -2 -2",96,1,-256
2897,"1 2 3 4 4 -2 -4 3 -1 -3 -3 -4",192,1,-128
2898,"1 2 3 2 4 -2 -4 -3 -3 -2 -1 3",384,1,128
2899,"1 2 3 4 -2 4 3 -4 -3 -4 -1 -3",384,1,-64
2900,"1 2 3 4 -1 -4 3 4 -3 -4 -2 -3",384,1,64
2901,"1 2 3 3 4 -1 4 -2 -4 -4 -3 -3",384,1,-256
2902,"1 2 3 4 -2 -3 -1 2 3 -4 -3 -2",192,1,-64
2903,"1 2 3 4 -3 4 -3 -4 -4 -1 3 -2",384,1,0
2904,"1 2 3 4 -1 -2 4 -3 -3 -4 -4 3",192,1,0
2905,"1 2 3 -2 4 -3 -4 2 3 -2 -1 -3",96,1,128
2906,"1 2 3 4 4 -3 -4 -2 -1 -2 -4 2",384,1,-128
2907,"1 2 3 4 -2 -4 -3 -1 -3 -4 3 4",384,1,64
2908,"1 2 3 4 2 -3 -4 -2 -1 -4 -2 4",384,1,0
2909,"1 2 3 3 4 -3 4 -3 -1 -4 -4 -2",384,1,-128
2910,"1 2 3 4 -1 -4 -2 -3 -4 -3 4 3",384,1,-64
2911,"1 2 3 4 -2 4 3 -4 -4 -3 -1 -3",384,1,0
2912,"1 2 3 4 -2 -1 -4 2 4 -3 -2 -4",192,1,64
2913,"1 2 3 4 3 -1 -3 4 -2 -3 -4 -4",384,1,-128
2914,"1 2 3 4 4 -3 -2 -4 -4 3 -1 -3",384,1,128
2915,"1 2 3 4 2 -4 -3 -4 -1 4 -2 -2",384,1,-128
2916,"1 2 3 4 -3 4 -2 -4 -1 2 -4 -2",384,1,-64
2917,"1 2 3 4 -3 2 -4 -2 3 -1 -3 -2",192,1,128
2918,"1 2 3 4 -2 -4 -1 -3 -3 -4 3 4",384,1,0
2919,"1 2 3 4 -1 -4 2 -3 -4 -2 4 -2",384,1,-128
2920,"1 2 3 2 4 -3 -4 -2 3 -2 -1 -3",96,1,128
2921,"1 2 3 4 -1 -4 -2 -4 -3 -3 4 3",384,1,0
2922,"1 2 3 4 3 -4 -1 -4 -3 4 -2 -3",384,1,64
2923,"1 2 3 4 -2 -3 -3 -4 3 -2 -1 2",384,1,0
2924,"1 2 3 4 3 -1 -4 -3 -2 4 -3 -4",384,1,0
2925,"1 2 3 4 -2 4 -3 -4 -4 -2 -1 2",384,1,0
2926,"1 2 3 4 -2 -2 -1 2 3 -4 -3 -3",192,1,-128
2927,"1 2 3 4 -1 -3 4 3 -2 -4 -3 -4",384,1,0
2928,"1 2 3 4 -2 4 -1 -4 2 -3 -4 -2",384,1,-128
2929,"1 2 3 4 3 -2 -4 -4 -3 4 -1 -3",384,1,0
2930,"1 2 3 4 -2 -3 -4 -1 -4 3 4 -3",384,1,64
2931,"1 2 3 4 -1 3 -4 -3 -2 4 -3 -4",384,1,0
2932,"1 2 3 4 2 -4 -3 -4 -2 4 -1 -2",384,1,64
2933,"1 2 3 4 -2 -2 -4 -3 4 -1 -4 2",384,1,0
2934,"1 2 3 2 4 -3 -4 -2 -2 3 -1 -3",384,1,128
2935,"1 2 3 4 3 4 -3 -1 -2 -4 -4 -3",384,1,-128
2936,"1 2 3 4 -2 4 -1 -4 -3 -3 -4 3",384,1,0
2937,"1 2 3 4 3 4 -1 -3 -2 -4 -4 -3",384,1,-128
2938,"1 2 3 4 -3 -1 4 3 -2 -4 -4 -3",384,1,-128
2939,"1 2 3 4 4 -3 2 -1 -2 -4 -4 -2",192,1,0
2940,"1 2 3 4 -1 3 -4 -2 -4 -3 4 -3",384,1,-64
2941,"1 2 3 4 2 4 -3 -4 -2 -4 -1 -2",384,1,64
2942,"1 2 3 4 -1 -4 -3 4 3 -4 -2 -3",384,1,64
2943,"1 2 3 4 3 -4 -1 -2 4 -3 -4 -3",192,1,-128
2944,"1 2 3 4 -1 -3 4 3 -2 -4 -4 -3",384,1,0
2945,"1 2 3 -2 4 -1 2 4 -3 -4 -4 -2",384,1,-128
2946,"1 2 3 4 -3 2 4 -1 -2 -4 -4 -2",384,1,0
2947,"1 2 3 4 -2 -3 -1 -4 -4 3 4 -3",384,1,128
2948,"1 2 3 4 4 -1 -4 -2 -4 -2 -3 2",384,1,0
2949,"1 2 3 4 2 -4 -4 -3 -2 4 -1 -2",384,1,0
2950,"1 2 3 4 3 -4 2 -3 -3 -1 -2 -2",384,1,-128
2951,"1 2 3 4 4 -1 -3 -4 -3 -4 -2 3",384,1,-128
2952,"1 2 3 4 4 -2 3 -4 -3 -3 -1 -4",384,1,128
2953,"1 2 3 4 -1 -3 -2 4 -3 -4 3 -4",384,1,0
2954,"1 2 3 4 -3 -4 -1 -4 3 4 -3 -2",192,1,0
2955,"1 2 3 4 2 -1 4 -2 -4 -3 -4 -2",384,1,-64
2956,"1 2 3 4 2 4 -3 -2 -2 -4 -1 -4",384,1,-128
2957,"1 2 3 4 2 -4 -2 -3 -2 -4 -1 4",384,1,-64
2958,"1 2 3 4 3 -1 -4 -2 4 -3 -3 -4",384,1,0
2959,"1 2 3 4 2 -3 -4 -2 -4 -1 -2 4",384,1,0
2960,"1 2 3 2 4 4 -3 -4 -2 -4 -1 -2",384,1,0
2961,"1 2 3 4 3 -4 -4 -1 -3 -3 -2 4",384,1,-256
2962,"1 2 3 4 4 -1 -4 3 -2 -3 -3 -4",192,1,128
2963,"1 2 3 -1 3 -2 -3 4 4 -3 -4 -4",384,1,-128
2964,"1 2 3 4 -1 -3 -2 4 -3 -4 -4 3",384,1,0
2965,"1 2 3 4 -2 4 -2 -3 -4 2 -1 -4",384,1,0
2966,"1 2 3 4 3 -4 -3 -4 -2 -3 -1 4",384,1,-64
2967,"1 2 3 4 -3 -1 -4 -4 3 4 -3 -2",384,1,128
2968,"1 2 3 4 2 -1 4 -2 -4 -4 -3 -2",384,1,-128
2969,"1 2 3 4 2 -4 -2 -2 -3 -4 -1 4",384,1,-128
2970,"1 2 3 4 -1 -3 4 -3 -4 3 -2 -4",384,1,0
2971,"1 2 3 4 -3 4 3 -2 -4 -4 -1 -3",384,1,-128
2972,"1 2 3 4 2 -3 -4 -4 -2 -1 -2 4",384,1,0
2973,"1 2 3 4 3 -1 -3 4 -3 -4 -2 -4",384,1,-64
2974,"1 2 3 4 -2 4 -2 -1 -4 -4 -3 2",384,1,-128
2975,"1 2 3 4 -3 -1 3 -4 -3 -4 -2 4",384,1,-64
2976,"1 2 3 4 -1 4 -2 -4 -4 -2 -3 2",384,1,-128
2977,"1 2 3 4 -1 -2 4 -3 -4 2 -4 -2",384,1,64
2978,"1 2 3 4 3 -2 -4 2 -3 -3 -1 -2",384,1,0
2979,"1 2 3 4 3 -4 -1 -3 -4 -3 4 -2",384,1,-64
2980,"1 2 3 4 4 -3 -1 3 -4 -4 -2 -3",384,1,-128
2981,"1 2 3 4 -1 -3 4 -2 -4 3 -4 -3",384,1,-64
2982,"1 2 3 4 -3 2 4 -1 -2 -2 -4 -4",384,1,0
2983,"1 2 3 4 3 -1 4 -2 -4 -3 -3 -4",384,1,-128
2984,"1 2 3 4 3 -4 -4 -3 -2 -3 -1 4",384,1,-128
2985,"1 2 3 4 -1 2 -4 -2 -4 -3 4 -2",384,1,-64
2986,"1 2 3 4 -1 4 -3 -3 -4 3 -2 -4",384,1,0
2987,"1 2 3 4 4 -3 -1 -4 -4 -3 -2 3",384,1,-128
2988,"1 2 3 4 -3 -4 -3 4 -1 -4 -2 3",384,1,-64
2989,"1 2 3 4 4 -1 -4 3 -4 -3 -2 -3",384,1,-128
2990,"1 2 3 4 -1 -2 -2 4 -3 -4 2 -4",384,1,0
2991,"1 2 3 4 -2 -3 4 -3 -1 -4 -4 3",384,1,0
2992,"1 2 3 4 4 -1 -3 -3 -4 3 -2 -4",384,1,0
2993,"1 2 3 4 3 -4 -1 -4 -3 -3 4 -2",384,1,0
2994,"1 2 3 3 4 -2 -4 -4 -1 4 -3 -3",192,1,0
2995,"1 2 3 4 -3 4 -3 -4 -2 3 -1 -4",384,1,-64
2996,"1 2 3 4 -3 -3 4 -1 3 -2 -4 -4",384,1,0
2997,"1 2 3 4 -3 4 -3 -4 -1 -4 -2 3",384,1,-64
2998,"1 2 3 4 -1 2 -4 -4 -2 -3 4 -2",384,1,-128
2999,"1 2 3 -1 3 2 -3 4 -3 -4 -2 -2",384,1,0
3000,"1 2 3 4 3 -4 -3 4 -3 -1 -4 -2",384,1,64
3001,"1 2 3 2 4 -1 -2 -4 -4 -3 4 -2",384,1,0
3002,"1 2 3 -1 -3 -3 4 -2 4 3 -4 -4",384,1,128
3003,"1 2 3 4 -3 4 -3 -1 -4 -4 3 -2",384,1,0
3004,"1 2 3 4 -3 -2 -4 -1 4 3 -4 -3",384,1,-64
3005,"1 2 3 4 -1 -3 -4 -4 -2 3 4 -3",384,1,128
3006,"1 2 3 4 -1 4 -3 -3 -2 -4 -4 3",384,1,-128
3007,"1 2 3 4 4 -3 -3 -4 -2 3 -1 -4",384,1,-128
3008,"1 2 3 4 4 -3 -3 -4 -1 -4 -2 3",384,1,-128
3009,"1 2 3 4 -3 2 -4 -2 -4 -2 -1 4",384,1,0
3010,"1 2 3 4 4 -2 -3 -4 -4 -2 -1 2",384,1,0
3011,"1 2 3 4 4 -3 -4 3 -4 -1 -3 -2",384,1,128
3012,"1 2 3 4 2 4 -3 -2 -4 -1 -4 -2",384,1,0
3013,"1 2 3 4 -2 3 -1 -4 -4 -3 4 -3",384,1,-128
3014,"1 2 3 4 3 -1 -2 -3 -4 -4 -3 4",384,1,-128
3015,"1 2 3 4 2 -3 -2 -4 -1 -4 -2 4",384,1,64
3016,"1 2 3 4 -2 -4 3 -2 -3 2 -1 -3",192,1,0
3017,"1 2 3 4 -2 -4 -3 -4 -3 4 -1 3",384,1,64
3018,"1 2 3 2 4 4 -2 -3 -4 -4 -1 -2",384,1,128
3019,"1 2 3 2 -3 4 3 -4 -2 -2 -1 -3",384,1,-128
3020,"1 2 3 4 -2 4 2 -3 -4 -2 -1 -4",384,1,0
3021,"1 2 3 4 -3 2 -4 -4 -2 -2 -1 4",384,1,0
3022,"1 2 3 4 -3 -4 -4 2 4 -2 -1 -2",384,1,0
3023,"1 2 3 4 -3 -3 4 -2 -1 -4 -4 3",384,1,0
3024,"1 2 3 4 3 4 -1 -4 -2 -4 -3 -3",384,1,-128
3025,"1 2 3 2 4 4 -3 -2 -4 -1 -4 -2",384,1,0
3026,"1 2 3 4 2 -3 -2 -1 -4 -4 -2 4",384,1,0
3027,"1 2 3 2 4 -2 -4 3 -2 -3 -1 -3",384,1,64
3028,"1 2 3 4 -3 -2 -4 3 2 -3 -1 -2",384,1,64
3029,"1 2 3 4 4 -1 -4 2 -4 -3 -2 -2",384,1,-256
3030,"1 2 3 4 -2 -4 -4 -3 -3 4 -1 3",384,1,128
3031,"1 2 3 3 -2 4 4 -3 -3 -1 -4 -4",192,1,-256
3032,"1 2 3 4 -3 2 -4 -3 -2 3 -1 -2",384,1,64
3033,"1 2 3 4 -2 -3 2 4 -1 -4 -2 -4",384,1,64
3034,"1 2 3 4 4 -1 -4 -4 -3 -3 -2 3",384,1,-256
3035,"1 2 3 4 -3 -2 4 -1 2 -4 -4 -2",384,1,-128
3036,"1 2 3 4 4 3 -4 -3 -4 -1 -3 -2",384,1,-128
3037,"1 2 3 -2 3 4 -3 4 -1 -3 -4 -4",384,1,-128
3038,"1 2 3 4 -2 -1 -2 4 2 -3 -4 -4",384,1,0
3039,"1 2 3 4 4 -2 -3 -4 -3 -4 -1 3",384,1,0
3040,"1 2 3 -2 3 4 -3 -4 -3 4 -1 -4",384,1,-64
3041,"1 2 3 4 -1 2 4 -3 -2 -4 -2 -4",384,1,-64
3042,"1 2 3 4 2 -4 -3 -2 4 -1 -4 -2",384,1,0
3043,"1 2 3 4 4 -2 3 -4 -1 -4 -3 -3",384,1,-128
3044,"1 2 3 -2 4 -2 -4 2 -3 -3 -1 3",384,1,0
3045,"1 2 3 2 3 4 -2 -4 -3 -3 -1 -2",384,1,128
3046,"1 2 3 4 -1 4 -3 -4 -3 -4 -2 3",384,1,-64
3047,"1 2 3 4 -2 -4 -3 -3 -4 3 -1 4",384,1,128
3048,"1 2 3 4 4 3 -4 -1 -3 -3 -2 -4",384,1,0
3049,"1 2 3 4 3 -1 -3 -4 -4 -3 -2 4",384,1,-128
3050,"1 2 3 4 -3 -2 -4 -1 3 4 -3 -4",384,1,64
3051,"1 2 3 4 -2 -3 2 4 -1 -4 -4 -2",384,1,128
3052,"1 2 3 4 3 -4 -3 -4 -1 -3 -2 4",384,1,-128
3053,"1 2 3 4 -3 4 3 -1 -3 -4 -4 -2",384,1,-128
3054,"1 2 3 4 -1 2 4 -3 -2 -2 -4 -4",384,1,-128
3055,"1 2 3 -2 4 4 -3 -4 -4 3 -1 -3",384,1,128
3056,"1 2 3 4 4 -2 -3 2 -1 -2 -4 -4",192,1,128
3057,"1 2 3 4 -3 4 -2 -3 -4 3 -1 -4",384,1,-64
3058,"1 2 3 4 4 3 -4 -4 -1 -3 -2 -3",384,1,-128
3059,"1 2 3 4 -3 4 3 -1 -3 -4 -2 -4",384,1,-64
3060,"1 2 3 -2 4 -1 -4 -4 -3 2 4 -2",384,1,-128
3061,"1 2 3 4 2 -1 4 -3 -2 -4 -4 -2",384,1,0
3062,"1 2 3 4 -1 4 -3 -3 -4 -4 -2 3",384,1,-128
3063,"1 2 3 4 3 -2 -3 4 -3 -4 -1 -4",384,1,-64
3064,"1 2 3 4 -1 -4 -3 4 -3 -4 -2 3",384,1,-64
3065,"1 2 3 4 3 -4 -4 -3 -1 -3 -2 4",384,1,-128
3066,"1 2 3 4 4 -2 -1 2 -3 -4 -4 -2",192,1,-256
3067,"1 2 3 4 -1 -3 4 -3 -2 3 -4 -4",384,1,-128
3068,"1 2 3 4 -2 -4 -4 3 -1 4 -3 -3",384,1,128
3069,"1 2 3 4 2 -3 -2 -4 -2 -3 -1 3",384,1,-64
3070,"1 2 3 4 -3 -2 -4 -4 -2 4 -1 2",384,1,128
3071,"1 2 3 4 -3 -4 -3 -2 4 3 -1 -4",384,1,-64
3072,"1 2 3 -1 4 4 -3 -3 -2 3 -4 -4",384,1,-256
3073,"1 2 3 4 3 -2 -4 -1 -3 -4 -3 4",384,1,-64
3074,"1 2 3 4 -1 -4 -3 -4 -3 -2 3 4",192,1,-64
3075,"1 2 3 4 4 -3 -2 -3 -4 3 -1 -4",384,1,0
3076,"1 2 3 4 -1 -3 -4 -3 4 3 -4 -2",384,1,64
3077,"1 2 3 4 -3 4 3 -1 -3 -2 -4 -4",384,1,-128
3078,"1 2 3 4 2 -3 -4 -1 4 -2 -4 -2",384,1,0
3079,"1 2 3 4 4 -2 -4 3 -4 -3 -1 -3",384,1,-128
3080,"1 2 3 4 4 2 -4 -3 -2 -4 -1 -2",384,1,0
3081,"1 2 3 4 -3 -2 -3 -4 3 4 -1 -4",384,1,64
3082,"1 2 3 4 -3 -3 -4 -2 4 3 -1 -4",384,1,-128
3083,"1 2 3 4 -2 4 -3 -4 -3 -1 3 -4",384,1,-64
3084,"1 2 3 4 3 -2 -4 -1 -4 -3 -3 4",384,1,-128
3085,"1 2 3 4 -1 -4 -4 -3 -3 -2 3 4",192,1,-128
3086,"1 2 3 4 -1 -4 -3 -3 4 3 -4 -2",384,1,128
3087,"1 2 3 4 -2 -4 -3 4 -1 -2 -4 2",384,1,64
3088,"1 2 3 4 4 3 -2 -4 -4 -3 -1 -3",384,1,-128
3089,"1 2 3 4 2 4 -1 -2 -4 -3 -4 -2",384,1,-64
3090,"1 2 3 3 4 4 -2 -4 -4 -1 -3 -3",384,1,-256
3091,"1 2 3 -1 3 4 -3 -4 -3 4 -2 -4",384,1,-64
3092,"1 2 3 4 -3 4 -2 -1 -4 2 -4 -2",384,1,-64
3093,"1 2 3 2 4 -1 4 -3 -4 -2 -4 -2",192,1,0
3094,"1 2 3 4 -2 -4 -1 2 -3 4 -2 -4",96,1,64
3095,"1 2 3 4 -2 -3 -4 -3 2 3 -1 -2",384,1,64
3096,"1 2 3 4 -1 -4 3 -2 -4 -3 4 -3",384,1,-64
3097,"1 2 3 4 -1 -4 -4 -2 3 4 -3 -3",384,1,128
3098,"1 2 3 4 -3 -3 -2 -4 3 4 -1 -4",384,1,0
3099,"1 2 3 4 -1 -2 -4 -2 4 -3 -4 2",384,1,-64
3100,"1 2 3 4 -2 -4 3 -4 -3 -3 -1 4",384,1,0
3101,"1 2 3 4 4 -3 -3 -1 3 -2 -4 -4",384,1,0
3102,"1 2 3 4 2 -3 -4 -1 -2 4 -2 -4",384,1,0
3103,"1 2 3 4 4 -2 -1 -2 -4 -4 -3 2",192,1,-256
3104,"1 2 3 4 -3 -2 3 -1 4 -3 -4 -4",384,1,0
3105,"1 2 3 4 2 4 -1 -4 -2 -4 -3 -2",192,1,-128
3106,"1 2 3 2 4 4 -1 -2 -4 -3 -4 -2",384,1,-128
3107,"1 2 3 -1 -3 4 3 4 -3 -4 -4 -2",384,1,-128
3108,"1 2 3 4 4 -2 -1 -3 -3 -4 -4 3",384,1,-256
3109,"1 2 3 4 -3 -4 3 -2 -3 -4 -1 4",384,1,-64
3110,"1 2 3 4 -2 -2 -1 2 4 -3 -4 -4",384,1,-128
3111,"1 2 3 2 4 -1 4 -3 -4 -4 -2 -2",192,1,0
3112,"1 2 3 4 2 -4 -3 -3 -1 -2 3 -2",384,1,-128
3113,"1 2 3 4 3 -4 -3 -2 -3 4 -1 -4",384,1,64
3114,"1 2 3 4 3 -4 -4 -2 -1 -3 -3 4",384,1,-256
3115,"1 2 3 4 -2 -4 -3 -3 2 3 -1 -2",384,1,128
3116,"1 2 3 4 -1 -4 3 -2 -4 -3 -3 4",384,1,-128
3117,"1 2 3 4 -2 -1 2 4 -3 -4 -2 -4",384,1,-64
3118,"1 2 3 4 3 -2 -3 -1 -4 -4 -3 4",384,1,-128
3119,"1 2 3 4 -2 4 2 -1 -2 -3 -4 -4",384,1,0
3120,"1 2 3 4 2 -4 -3 -4 -2 -1 4 -2",384,1,-64
3121,"1 2 3 4 -1 -4 -3 -3 -4 3 4 -2",384,1,128
3122,"1 2 3 4 3 -1 -3 4 -3 -4 -4 -2",384,1,-128
3123,"1 2 3 2 4 4 -3 -4 -4 -2 -1 -2",384,1,0
3124,"1 2 3 4 2 -3 -4 -1 4 -2 -2 -4",384,1,0
3125,"1 2 3 4 2 4 -1 -4 -4 -2 -3 -2",384,1,-128
3126,"1 2 3 4 -1 4 3 -4 -3 -4 -2 -3",384,1,-64
3127,"1 2 3 4 -3 -3 4 3 -2 -4 -1 -4",384,1,0
3128,"1 2 3 4 3 -4 -3 -3 -2 4 -1 -4",384,1,128
3129,"1 2 3 4 2 -4 -4 -1 -2 -3 -2 4",384,1,-128
3130,"1 2 3 4 -2 -3 -4 -3 4 3 -1 -4",384,1,64
3131,"1 2 3 4 2 -3 -4 -4 -1 4 -2 -2",384,1,0
3132,"1 2 3 -2 4 -1 4 2 -4 -3 -4 -2",192,1,0
3133,"1 2 3 4 -1 4 -2 -4 -3 2 -4 -2",384,1,0
3134,"1 2 3 4 -2 -4 -1 2 -4 -3 4 -2",384,1,-64
3135,"1 2 3 4 -2 -1 2 4 -3 -4 -4 -2",384,1,-128
3136,"1 2 3 4 2 -3 -2 -1 4 -2 -4 -4",384,1,0
3137,"1 2 3 4 -3 -2 -4 -4 3 4 -1 -3",384,1,128
3138,"1 2 3 4 3 -2 4 -3 -1 -4 -4 -3",384,1,-128
3139,"1 2 3 4 -1 4 3 -4 -4 -3 -2 -3",384,1,0
3140,"1 2 3 4 -2 4 -3 -4 -2 -4 -1 2",384,1,-64
3141,"1 2 3 4 -2 4 -2 -1 2 -3 -4 -4",384,1,-128
3142,"1 2 3 4 -3 -1 -4 3 -4 -3 4 -2",384,1,-64
3143,"1 2 3 4 -2 -4 -3 -3 4 3 -1 -4",384,1,128
3144,"1 2 3 4 4 -2 -4 -1 -4 2 -3 -2",384,1,0
3145,"1 2 3 4 -2 3 -4 -3 4 -1 -4 -3",384,1,64
3146,"1 2 3 -1 -3 4 3 -2 4 -3 -4 -4",384,1,-128
3147,"1 2 3 4 -1 3 4 -3 -4 -3 -4 -2",384,1,64
3148,"1 2 3 4 -1 2 -4 -2 4 -3 -2 -4",384,1,64
3149,"1 2 3 4 -1 -2 4 2 -4 -3 -2 -4",384,1,64
3150,"1 2 3 4 -1 4 -2 3 -4 -3 -4 -3",384,1,-64
3151,"1 2 3 4 -3 -3 4 -2 -1 3 -4 -4",384,1,0
3152,"1 2 3 4 2 -3 -2 -4 -2 -4 -1 4",384,1,64
3153,"1 2 3 4 4 2 -4 -4 -1 -2 -3 -2",384,1,-128
3154,"1 2 3 4 -3 -4 -2 -4 2 4 -1 -2",384,1,64
3155,"1 2 3 4 3 -4 -4 -1 -2 -3 -3 4",384,1,-128
3156,"1 2 3 4 -3 -4 2 -1 -4 -2 4 -2",384,1,64
3157,"1 2 3 4 2 -4 3 -2 -2 -1 -3 -3",384,1,0
3158,"1 2 3 4 -1 -3 4 -3 -2 -4 -4 3",384,1,-128
3159,"1 2 3 4 3 -2 -3 4 -3 -1 -4 -4",384,1,0
3160,"1 2 3 4 -3 -1 3 -4 -4 -3 4 -2",384,1,-128
3161,"1 2 3 4 -2 -4 2 3 -2 -3 -1 -3",384,1,64
3162,"1 2 3 4 -1 -3 4 -3 -2 -4 3 -4",384,1,-128
3163,"1 2 3 4 -3 4 2 -4 -1 -2 -4 -2",384,1,-64
3164,"1 2 3 4 -3 -4 -1 3 4 -3 -2 -4",384,1,128
3165,"1 2 3 4 -3 -4 -4 -1 4 3 -2 -3",384,1,0
3166,"1 2 3 4 -3 -3 -1 4 3 -2 -4 -4",384,1,0
3167,"1 2 3 4 -1 -4 -4 2 4 -3 -2 -2",384,1,0
3168,"1 2 3 4 2 3 -4 -3 -2 -3 -1 -2",384,1,-64
3169,"1 2 3 4 3 -4 -1 4 -3 -4 -2 -3",384,1,-64
3170,"1 2 3 4 -1 3 4 -3 -3 -4 -4 -2",384,1,128
3171,"1 2 3 4 4 -3 -3 -1 -4 -4 -2 3",384,1,-256
3172,"1 2 3 4 -3 -1 -4 -2 3 -4 -3 4",384,1,0
3173,"1 2 3 4 -2 4 2 -1 -4 -3 -4 -2",384,1,-64
3174,"1 2 3 4 -1 4 -2 3 -4 -4 -3 -3",384,1,-128
3175,"1 2 3 4 4 -2 3 -1 -4 -4 -3 -3",384,1,-256
3176,"1 2 3 4 2 -3 -2 -2 -4 -4 -1 4",384,1,128
3177,"1 2 3 4 3 -4 -1 -2 -3 4 -3 -4",192,1,-64
3178,"1 2 3 4 -3 -2 -4 -4 2 4 -1 -2",384,1,128
3179,"1 2 3 4 4 3 -1 -4 -3 -4 -2 -3",384,1,-128
3180,"1 2 3 4 -3 -4 -2 4 -2 -4 -1 2",384,1,-64
3181,"1 2 3 4 2 -4 -2 -1 4 -3 -2 -4",384,1,64
3182,"1 2 3 4 -2 -2 4 2 -3 -4 -1 -4",384,1,0
3183,"1 2 3 4 -1 4 -3 -3 -2 -4 3 -4",384,1,-128
3184,"1 2 3 4 -3 -4 -1 -2 -4 -3 4 3",96,1,0
3185,"1 2 3 3 4 4 -1 -4 -4 -2 -3 -3",384,1,-256
3186,"1 2 3 4 -3 4 2 -4 -1 -4 -2 -2",384,1,0
3187,"1 2 3 4 -3 -1 -4 3 4 -3 -4 -2",384,1,64
3188,"1 2 3 4 2 3 -4 -3 -3 -2 -1 -2",384,1,0
3189,"1 2 3 4 -2 3 -4 -1 -4 -3 4 -3",384,1,-64
3190,"1 2 3 4 -1 -3 4 3 -4 -2 -4 -3",384,1,64
3191,"1 2 3 4 4 -3 -1 3 -4 -3 -2 -4",384,1,-128
3192,"1 2 3 4 -2 4 2 -1 -4 -4 -3 -2",384,1,-128
3193,"1 2 3 4 -2 -3 4 -2 -4 2 -1 -4",384,1,0
3194,"1 2 3 4 -2 -4 -2 3 2 -3 -1 -3",192,1,64
3195,"1 2 3 4 3 -4 -1 -2 4 -3 -3 -4",384,1,-128
3196,"1 2 3 3 -1 -3 4 -3 4 -2 -4 -4",192,1,-128
3197,"1 2 3 4 -3 -4 3 -2 4 -3 -1 -4",384,1,64
3198,"1 2 3 -2 -3 4 3 4 -3 -1 -4 -4",384,1,0
3199,"1 2 3 4 -1 4 -3 -2 3 -4 -4 -3",384,1,-128
3200,"1 2 3 4 -1 -2 -4 2 4 -3 -4 -2",384,1,-64
3201,"1 2 3 4 -1 3 -4 -4 -2 -3 -3 4",384,1,-256
3202,"1 2 3 4 -2 -2 -3 4 -1 -4 -4 2",384,1,0
3203,"1 2 3 4 4 2 -3 -2 -2 -1 -4 -4",384,1,-256
3204,"1 2 3 4 -3 -4 -2 4 -3 -4 -1 3",384,1,-64
3205,"1 2 3 4 -2 3 -4 -3 -2 -3 -1 2",384,1,-64
3206,"1 2 3 4 -3 -1 -4 -3 -2 -4 3 4",192,1,0
3207,"1 2 3 3 4 4 -1 -3 -3 -4 -4 -2",192,1,-256
3208,"1 2 3 4 -3 -3 4 -1 -2 3 -4 -4",384,1,-128
3209,"1 2 3 4 -3 -4 -1 -4 3 4 -2 -3",384,1,64
3210,"1 2 3 4 -1 -3 4 -2 -4 -3 -4 3",384,1,-64
3211,"1 2 3 3 4 4 -3 -3 -1 -2 -4 -4",192,1,-256
3212,"1 2 3 4 -1 -3 4 3 -4 -4 -2 -3",384,1,0
3213,"1 2 3 -2 -3 -1 3 4 4 -3 -4 -4",384,1,-128
3214,"1 2 3 4 2 -3 -4 -2 4 -1 -2 -4",384,1,0
3215,"1 2 3 4 -3 -2 -4 -1 -4 2 4 -2",384,1,0
3216,"1 2 3 4 -3 4 -1 -4 -3 -4 3 -2",192,1,0
3217,"1 2 3 4 -2 4 -3 -3 -1 3 -4 -4",384,1,-128
3218,"1 2 3 4 -1 -3 -4 -2 3 4 -3 -4",384,1,128
3219,"1 2 3 -2 4 -1 -3 -3 4 3 -4 -4",384,1,128
3220,"1 2 3 4 2 -3 -2 4 -2 -1 -4 -4",384,1,-128
3221,"1 2 3 4 -3 -1 -4 -4 -3 4 -2 3",384,1,0
3222,"1 2 3 4 4 3 -1 -3 -4 -3 -2 -4",384,1,-128
3223,"1 2 3 4 -3 -4 -4 -1 3 4 -2 -3",384,1,128
3224,"1 2 3 3 4 -3 -2 -3 4 -1 -4 -4",384,1,-128
3225,"1 2 3 4 -2 -2 -3 -4 2 3 -1 -3",384,1,128
3226,"1 2 3 4 3 -1 -4 -4 -2 -3 4 -3",192,1,-128
3227,"1 2 3 4 -3 -2 -1 2 4 -2 -4 -4",384,1,128
3228,"1 2 3 4 2 -4 -4 -3 4 -2 -1 -2",384,1,0
3229,"1 2 3 4 -1 4 3 -2 -3 -4 -4 -3",384,1,-128
3230,"1 2 3 4 -3 -2 4 3 -4 -3 -1 -4",384,1,64
3231,"1 2 3 4 -1 3 -4 -3 -4 -3 -2 4",384,1,-128
3232,"1 2 3 4 -2 3 -4 -4 -1 4 -3 -3",384,1,-128
3233,"1 2 3 2 4 3 -4 -3 -2 -2 -1 -3",384,1,-128
3234,"1 2 3 4 -1 4 -3 -2 -4 3 -4 -3",384,1,-64
3235,"1 2 3 4 3 -1 4 -3 -2 -4 -4 -3",384,1,-128
3236,"1 2 3 4 -3 -3 -4 3 4 -2 -1 -4",384,1,128
3237,"1 2 3 4 -3 -3 -4 3 -2 4 -1 -4",384,1,0
3238,"1 2 3 4 3 -2 -4 -1 4 -3 -4 -3",384,1,-64
3239,"1 2 3 3 4 -1 4 -3 -3 -2 -4 -4",384,1,-256
3240,"1 2 3 -2 3 4 4 -1 -3 -3 -4 -4",384,1,-256
3241,"1 2 3 4 -1 3 -4 -4 -3 -3 -2 4",384,1,-256
3242,"1 2 3 4 -3 4 -1 -3 -2 -4 -4 3",384,1,-128
3243,"1 2 3 4 -3 4 -3 -2 3 -1 -4 -4",384,1,-128
3244,"1 2 3 4 2 -1 4 -2 -3 -4 -2 -4",384,1,-64
3245,"1 2 3 4 3 -2 -4 -3 -3 -2 -1 2",384,1,0
3246,"1 2 3 4 -3 4 -1 3 -4 -4 -2 -3",384,1,-128
3247,"1 2 3 4 -3 -3 -4 3 -4 -1 4 -2",384,1,128
3248,"1 2 3 4 -2 4 -1 -4 3 -4 -3 -3",384,1,-128
3249,"1 2 3 4 2 4 -3 -2 -4 -4 -1 -2",384,1,128
3250,"1 2 3 4 -3 -4 -1 -2 3 4 -3 -4",96,1,64
3251,"1 2 3 4 -2 -1 -4 -4 2 -3 4 -2",384,1,0
3252,"1 2 3 4 -3 -3 4 3 -4 -2 -1 -4",384,1,128
3253,"1 2 3 4 2 -1 4 -2 -3 -2 -4 -4",384,1,-128
3254,"1 2 3 4 -2 -4 -3 2 -4 -2 -1 4",384,1,128
3255,"1 2 3 4 3 -4 -1 -3 4 -3 -2 -4",384,1,0
3256,"1 2 3 4 -3 -4 3 -4 -2 4 -1 -3",384,1,64
3257,"1 2 3 4 3 -2 -3 -4 -3 2 -1 -2",192,1,128
3258,"1 2 3 4 -2 -4 2 -4 -3 4 -1 -2",384,1,64
3259,"1 2 3 4 3 4 -2 -1 -3 -4 -3 -4",96,1,-128
3260,"1 2 3 4 -2 -4 -3 -3 -1 -4 3 4",384,1,128
3261,"1 2 3 4 -2 4 -2 -1 -4 -3 -4 2",192,1,-64
3262,"1 2 3 4 2 -3 -3 -4 3 -2 -1 -2",384,1,0
3263,"1 2 3 4 -2 -3 -3 4 -1 3 -4 -4",384,1,128
3264,"1 2 3 4 -1 -4 -3 4 3 -4 -3 -2",384,1,128
3265,"1 2 3 4 -1 -3 4 -3 -4 -4 -2 3",384,1,-128
3266,"1 2 3 4 4 -3 -1 -4 3 -4 -2 -3",384,1,0
3267,"1 2 3 4 -1 3 -4 -3 4 -3 -4 -2",384,1,-64
3268,"1 2 3 4 -3 -4 -4 3 -2 4 -1 -3",384,1,128
3269,"1 2 3 4 4 -2 -4 -3 -4 2 -1 -2",384,1,128
3270,"1 2 3 4 -2 -2 -4 2 -3 4 -1 -4",384,1,128
3271,"1 2 3 4 -1 -4 3 4 -2 -4 -3 -3",384,1,0
3272,"1 2 3 4 3 4 -2 -1 -3 -3 -4 -4",192,1,-256
3273,"1 2 3 4 2 -4 -3 4 -2 -1 -2 -4",384,1,-64
3274,"1 2 3 4 -2 -1 -4 -2 4 -3 -4 2",384,1,-64
3275,"1 2 3 4 3 4 -3 -1 -2 -3 -4 -4",384,1,0
3276,"1 2 3 4 4 -3 -4 -4 -1 3 -2 -3",384,1,128
3277,"1 2 3 4 4 -2 -2 -1 -4 -3 -4 2",192,1,-128
3278,"1 2 3 4 4 -1 3 -4 -3 -3 -4 -2",384,1,-128
3279,"1 2 3 4 -1 -2 -2 4 -3 2 -4 -4",192,1,128
3280,"1 2 3 4 3 -1 4 -3 -2 -4 -3 -4",192,1,-128
3281,"1 2 3 4 -3 -2 4 -2 -4 -4 -1 2",384,1,-128
3282,"1 2 3 4 3 -4 -4 -1 -3 4 -2 -3",384,1,0
3283,"1 2 3 4 2 -3 -4 -2 -1 4 -2 -4",384,1,0
3284,"1 2 3 4 -3 -2 -4 2 4 -1 -4 -2",384,1,128
3285,"1 2 3 4 -2 -3 2 -4 3 -2 -1 -3",192,1,128
3286,"1 2 3 4 -1 -2 4 -3 -4 3 -4 -3",384,1,0
3287,"1 2 3 4 -3 -2 -4 -4 -1 -2 4 2",384,1,128
3288,"1 2 3 3 4 -2 -3 4 -3 -1 -4 -4",384,1,-128
3289,"1 2 3 4 2 -4 -2 -3 -4 -2 -1 4",384,1,-128
3290,"1 2 3 4 3 -2 -4 -1 4 -3 -3 -4",384,1,-128
3291,"1 2 3 4 2 -3 -2 4 -1 -4 -2 -4",384,1,-64
3292,"1 2 3 -1 3 4 4 -3 -3 -2 -4 -4",384,1,-256
3293,"1 2 3 4 -1 -4 -4 -2 -3 -3 4 3",384,1,-128
3294,"1 2 3 4 2 -4 -3 4 -1 -2 -2 -4",384,1,-128
3295,"1 2 3 4 4 -1 -2 -4 -3 2 -4 -2",384,1,0
3296,"1 2 3 4 3 -1 4 -3 -3 -2 -4 -4",384,1,-256
3297,"1 2 3 4 3 -1 4 -3 -2 -3 -4 -4",384,1,-128
3298,"1 2 3 2 4 4 -1 -4 -4 -2 -3 -2",192,1,-256
3299,"1 2 3 4 -2 -4 -4 3 -1 -3 -3 4",384,1,128
3300,"1 2 3 4 -1 -3 -4 3 -2 -4 -3 4",384,1,0
3301,"1 2 3 4 -1 3 -2 -4 -3 -4 -3 4",384,1,-128
3302,"1 2 3 4 -1 -3 -3 -2 4 3 -4 -4",384,1,0
3303,"1 2 3 4 2 -4 -4 -1 4 -2 -3 -2",384,1,-128
3304,"1 2 3 4 -3 -4 -4 -3 -2 4 -1 3",384,1,0
3305,"1 2 3 4 -2 -3 -1 -4 -3 -4 3 4",384,1,64
3306,"1 2 3 4 2 -4 -1 -2 4 -3 -2 -4",384,1,64
3307,"1 2 3 4 2 -3 -2 4 -1 -4 -4 -2",384,1,-128
3308,"1 2 3 2 4 -3 4 -2 -4 -1 -4 -2",384,1,0
3309,"1 2 3 4 4 -3 -2 -2 -4 -1 -4 2",384,1,-256
3310,"1 2 3 4 4 -3 -4 -4 3 -1 -3 -2",384,1,256
3311,"1 2 3 4 -3 -2 4 -2 -4 -1 -4 2",384,1,-128
3312,"1 2 3 4 -3 -2 4 -1 -4 2 -4 -2",384,1,-128
3313,"1 2 3 4 -1 3 -2 -4 -4 -3 -3 4",384,1,-256
3314,"1 2 3 4 -3 4 3 -4 -2 -4 -1 -3",384,1,-64
3315,"1 2 3 4 4 -1 2 -4 -3 -2 -4 -2",384,1,-128
3316,"1 2 3 4 -3 -3 -4 3 4 -1 -2 -4",384,1,128
3317,"1 2 3 4 -2 -3 -1 -3 -4 -4 3 4",384,1,0
3318,"1 2 3 4 3 -2 4 -1 -4 -3 -3 -4",384,1,0
3319,"1 2 3 4 -2 -4 -2 -3 2 -4 -1 4",384,1,64
3320,"1 2 3 4 3 -4 -3 -1 -2 -4 -3 4",384,1,64
3321,"1 2 3 3 4 -3 -1 4 -3 -2 -4 -4",384,1,0
3322,"1 2 3 4 4 -2 -2 -3 -4 -4 -1 2",384,1,-256
3323,"1 2 3 4 4 -2 -3 -3 -1 -4 -4 3",192,1,0
3324,"1 2 3 2 -3 4 4 -2 -4 -1 -4 -2",384,1,0
3325,"1 2 3 4 -3 -4 -2 -1 3 -4 -3 4",192,1,0
3326,"1 2 3 -2 4 3 -4 2 -3 -2 -1 -3",192,1,128
3327,"1 2 3 4 -3 4 -2 -2 -4 -1 -4 2",384,1,-128
3328,"1 2 3 4 -3 -2 -4 -4 -1 2 4 -2",384,1,128
3329,"1 2 3 2 -3 4 4 -1 -4 -4 -2 -2",384,1,-256
3330,"1 2 3 3 4 -1 -3 -2 4 -3 -4 -4",384,1,0
3331,"1 2 3 4 -3 4 3 -4 -4 -2 -1 -3",384,1,-128
3332,"1 2 3 4 4 -1 -4 -3 -4 -3 -2 3",384,1,-128
3333,"1 2 3 4 -2 -1 2 -4 -3 -4 -2 4",384,1,-64
3334,"1 2 3 4 -3 4 -3 -4 -2 -4 -1 3",384,1,-64
3335,"1 2 3 4 -2 -2 -4 -3 2 -4 -1 4",384,1,128
3336,"1 2 3 4 -2 -4 -2 4 -3 -4 -1 2",384,1,-64
3337,"1 2 3 4 -3 -1 -2 -3 -4 -4 3 4",384,1,0
3338,"1 2 3 3 4 2 -4 -2 -2 -3 -1 -3",384,1,128
3339,"1 2 3 4 3 -4 -1 -4 -2 -3 -3 4",384,1,-128
3340,"1 2 3 4 -1 2 -3 -4 -2 4 -2 -4",192,1,-64
3341,"1 2 3 4 -3 -4 -3 -1 -4 3 -2 4",384,1,0
3342,"1 2 3 4 -3 -1 -4 3 4 -3 -2 -4",384,1,128
3343,"1 2 3 -2 4 -2 -4 3 2 -3 -1 -3",192,1,64
3344,"1 2 3 4 4 3 -1 -4 -4 -3 -2 -3",384,1,-128
3345,"1 2 3 4 -1 -3 -4 -2 4 3 -4 -3",384,1,-64
3346,"1 2 3 4 -2 -4 -1 4 -3 -2 -4 2",384,1,0
3347,"1 2 3 4 -1 -3 -4 -3 -2 4 3 -4",384,1,0
3348,"1 2 3 4 3 -2 -3 -4 -4 -3 -1 4",384,1,0
3349,"1 2 3 4 4 -3 -2 -4 -4 2 -1 -2",384,1,256
3350,"1 2 3 4 -3 -3 4 3 -4 -1 -2 -4",384,1,0
3351,"1 2 3 2 4 -1 -4 -4 -2 -3 4 -2",384,1,-128
3352,"1 2 3 4 -2 -4 -3 -3 -1 4 3 -4",384,1,128
3353,"1 2 3 4 -1 -4 -3 -2 -4 -3 4 3",384,1,64
3354,"1 2 3 4 -2 -1 2 -3 -4 -4 -2 4",384,1,-128
3355,"1 2 3 4 -3 -4 3 -4 -1 4 -2 -3",384,1,64
3356,"1 2 3 4 4 -3 -3 -4 -2 -4 -1 3",384,1,-128
3357,"1 2 3 4 -2 -4 3 -1 -3 4 -3 -4",384,1,-64
3358,"1 2 3 4 3 4 -1 -3 -4 -3 -4 -2",192,1,-64
3359,"1 2 3 4 -2 -3 -4 2 -1 4 -2 -4",384,1,128
3360,"1 2 3 4 -3 -3 4 -1 -4 -4 -2 3",384,1,-128
3361,"1 2 3 4 -2 -4 3 -1 -4 -3 4 -3",384,1,-64
3362,"1 2 3 4 -3 -3 -4 -1 -4 3 -2 4",384,1,0
3363,"1 2 3 4 -3 4 -2 -4 -2 -4 -1 2",384,1,-64
3364,"1 2 3 4 -1 -4 -3 -2 -3 -4 3 4",384,1,64
3365,"1 2 3 4 -2 -2 -4 3 2 -3 -1 -3",384,1,0
3366,"1 2 3 4 2 -4 -3 -2 -4 -2 -1 4",384,1,0
3367,"1 2 3 4 -3 -4 -2 -4 -1 2 4 -2",384,1,64
3368,"1 2 3 4 -3 -1 3 -2 4 -3 -4 -4",384,1,128
3369,"1 2 3 4 -1 -3 -3 -4 -2 4 3 -4",384,1,-128
3370,"1 2 3 3 4 4 -3 -3 -4 -4 -1 -2",192,1,256
3371,"1 2 3 4 -2 -4 -3 4 -3 -4 -1 3",384,1,64
3372,"1 2 3 4 -2 -3 -4 3 2 -1 -3 -2",192,1,64
3373,"1 2 3 4 3 4 -3 -3 -1 -2 -4 -4",384,1,-128
3374,"1 2 3 4 -1 2 -4 -4 -3 -2 -2 4",192,1,-128
3375,"1 2 3 -1 4 -3 -3 4 3 -2 -4 -4",384,1,0
3376,"1 2 3 4 -1 -4 2 -4 -3 -2 4 -2",192,1,-128
3377,"1 2 3 4 -2 -2 4 -3 -4 -4 -1 2",384,1,-128
3378,"1 2 3 4 -3 -4 -4 3 -1 4 -2 -3",384,1,128
3379,"1 2 3 4 4 -3 -1 -3 -2 3 -4 -4",384,1,-128
3380,"1 2 3 4 3 4 -1 -3 -3 -4 -4 -2",384,1,-128
3381,"1 2 2 3 4 4 -3 -2 -2 -1 -4 -4",96,1,-512
3382,"1 2 3 4 -3 -3 -1 4 -2 3 -4 -4",384,1,0
3383,"1 2 3 4 3 4 -3 -4 -1 -3 -2 -4",384,1,0
3384,"1 2 3 4 -2 -4 3 -1 -4 -3 -3 4",384,1,0
3385,"1 2 3 4 -3 4 -2 -2 -4 -4 -1 2",384,1,-128
3386,"1 2 3 4 -3 -4 3 4 -2 -4 -1 -3",384,1,64
3387,"1 2 3 4 -2 -3 -4 -1 2 4 -2 -4",192,1,128
3388,"1 2 3 4 -1 -4 -2 -3 -3 -4 3 4",384,1,128
3389,"1 2 3 4 -2 -4 -3 -4 -3 -1 3 4",192,1,64
3390,"1 2 3 4 -3 -3 4 -2 -4 3 -1 -4",384,1,-128
3391,"1 2 3 4 -2 4 -1 3 -4 -3 -3 -4",384,1,0
3392,"1 2 3 4 2 -4 -3 -4 -2 -2 -1 4",384,1,-128
3393,"1 2 3 4 -3 -4 -4 -2 -1 2 4 -2",384,1,128
3394,"1 2 3 4 2 -1 -2 4 -3 -4 -2 -4",384,1,64
3395,"1 2 3 2 4 4 -1 -4 -3 -4 -2 -2",192,1,-256
3396,"1 2 3 4 -1 -4 -4 3 -2 -3 4 -3",384,1,0
3397,"1 2 3 4 -2 -4 -3 -1 -4 3 4 -3",384,1,64
3398,"1 2 3 4 3 4 -3 -4 -2 -4 -1 -3",384,1,64
3399,"1 2 3 4 -1 -4 2 -4 -3 4 -2 -2",384,1,-128
3400,"1 2 3 4 3 -4 -4 -2 4 -3 -1 -3",384,1,-128
3401,"1 2 3 4 -1 -3 -4 3 -2 4 -3 -4",384,1,128
3402,"1 2 3 4 3 -1 4 -2 -4 -3 -4 -3",384,1,-64
3403,"1 2 3 -1 4 -2 3 4 -3 -3 -4 -4",384,1,0
3404,"1 2 3 3 4 -3 -3 -2 4 -1 -4 -4",384,1,-256
3405,"1 2 3 4 -2 -4 -4 -3 -3 -1 3 4",192,1,128
3406,"1 2 3 4 -1 4 -3 2 -4 -2 -4 -2",384,1,0
3407,"1 2 3 3 4 -2 4 -3 -1 -3 -4 -4",192,1,-128
3408,"1 2 3 4 2 -1 -2 4 -3 -4 -4 -2",384,1,128
3409,"1 2 3 4 -1 3 4 -2 -3 -4 -4 -3",384,1,0
3410,"1 2 3 4 -1 -3 -4 -2 -4 3 4 -3",384,1,64
3411,"1 2 3 4 3 4 -2 -3 -4 -3 -1 -4",384,1,-64
3412,"1 2 3 -2 4 -1 4 3 -4 -4 -3 -3",384,1,128
3413,"1 2 3 4 -2 -3 -4 3 -2 -1 -3 2",384,1,64
3414,"1 2 3 4 -3 -4 -4 -3 -1 4 -2 3",384,1,128
3415,"1 2 3 4 -2 3 4 -3 -4 -3 -1 -4",384,1,-64
3416,"1 2 3 4 2 -4 -2 -1 -4 -3 -2 4",192,1,64
3417,"1 2 3 4 3 -1 4 -2 -4 -4 -3 -3",384,1,-128
3418,"1 2 3 4 -1 4 -3 -4 3 -2 -3 -4",384,1,64
3419,"1 2 3 4 4 -1 3 -4 -4 -3 -3 -2",384,1,-256
3420,"1 2 3 4 -1 4 -3 2 -4 -4 -2 -2",384,1,0
3421,"1 2 3 4 4 -2 -2 -3 2 -1 -4 -4",384,1,0
3422,"1 2 3 4 4 -1 -2 -2 -4 -4 -3 2",384,1,-256
3423,"1 2 3 4 2 -3 4 -1 -2 -4 -4 -2",384,1,-128
3424,"1 2 3 4 -1 -3 -2 -4 -4 3 4 -3",384,1,128
3425,"1 2 3 -2 4 3 4 -1 -3 -3 -4 -4",384,1,-128
3426,"1 2 3 4 -2 -3 2 4 -1 -2 -4 -4",384,1,128
3427,"1 2 3 4 2 4 -3 -2 -2 -1 -4 -4",384,1,-256
3428,"1 2 3 -1 3 4 4 -2 -3 -3 -4 -4",384,1,-256
3429,"1 2 3 4 -2 -4 -4 -1 4 -2 -3 2",384,1,0
3430,"1 2 3 4 -2 3 4 -3 -3 -4 -1 -4",384,1,0
3431,"1 2 3 4 4 -1 -4 -4 -2 -2 -3 2",384,1,0
3432,"1 2 3 3 4 -1 -4 -4 -2 4 -3 -3",192,1,0
3433,"1 2 3 3 4 -2 -3 -1 4 -3 -4 -4",384,1,-128
3434,"1 2 3 4 -1 -4 3 4 -3 -3 -2 -4",384,1,128
3435,"1 2 3 4 3 4 -2 -4 -3 -3 -1 -4",384,1,0
3436,"1 2 3 4 -3 -1 4 -3 -4 3 -2 -4",384,1,0
3437,"1 2 3 -2 4 4 -3 -3 -4 -4 -1 3",192,1,0
3438,"1 2 3 4 4 2 -1 -2 -4 -4 -3 -2",192,1,-256
3439,"1 2 3 4 2 3 -4 -3 -3 -1 -2 -2",384,1,-128
3440,"1 2 3 -1 -3 4 -3 4 3 -2 -4 -4",384,1,0
3441,"1 2 3 4 -2 3 -4 -3 -1 4 -3 -4",384,1,-64
3442,"1 2 3 4 -2 3 4 -1 -4 -3 -4 -3",384,1,-64
3443,"1 2 3 4 2 -3 -4 -1 -4 -2 4 -2",384,1,0
3444,"1 2 3 4 -3 2 -4 3 -2 -3 -1 -2",384,1,-64
3445,"1 2 3 4 -3 -1 -4 -4 -2 3 4 -3",192,1,128
3446,"1 2 3 4 4 -2 -4 -3 -4 -3 -1 3",384,1,128
3447,"1 2 3 4 -2 -3 -1 3 -2 -4 -3 2",192,1,0
3448,"1 2 3 4 3 -2 -4 -3 -1 -4 -3 4",384,1,-64
3449,"1 2 3 4 3 -4 -2 -4 -3 4 -1 -3",384,1,64
3450,"1 2 3 4 -2 3 4 -1 -4 -4 -3 -3",384,1,-128
3451,"1 2 3 4 -2 4 -3 -1 3 -4 -4 -3",384,1,-128
3452,"1 2 3 4 -2 3 -1 -3 4 -3 -4 -4",384,1,-128
3453,"1 2 3 4 -3 -2 3 -4 -1 4 -3 -4",192,1,-64
3454,"1 2 3 4 3 -1 4 -3 -4 -4 -2 -3",384,1,0
3455,"1 2 3 4 -2 -3 -4 -2 4 -1 -4 2",384,1,0
3456,"1 2 3 4 4 -2 -4 -4 -3 2 -1 -2",192,1,256
3457,"1 2 3 4 -2 -2 -4 3 2 -1 -3 -3",96,1,0
3458,"1 2 3 4 -2 -1 2 4 -3 -2 -4 -4",384,1,0
3459,"1 2 3 2 -1 -2 -2 4 3 -4 -3 -3",384,1,128
3460,"1 2 3 4 -3 -2 4 -3 -1 -4 -4 3",384,1,-128
3461,"1 2 3 4 -3 -3 -2 4 -1 3 -4 -4",384,1,-128
3462,"1 2 3 4 -3 -3 4 -1 -2 -4 -4 3",384,1,0
3463,"1 2 3 4 -2 -1 -4 3 4 -3 -4 -3",384,1,128
3464,"1 2 3 4 2 -4 3 -2 -1 -3 -2 -3",384,1,0
3465,"1 2 3 4 -3 -2 3 -4 -3 4 -1 -4",384,1,64
3466,"1 2 3 4 -2 -3 4 2 -4 -2 -1 -4",384,1,0
3467,"1 2 3 4 -2 -4 -1 3 4 -3 -4 -3",384,1,64
3468,"1 2 3 4 -3 -4 -4 -2 4 -2 -1 2",384,1,0
3469,"1 2 3 4 -2 -1 -4 -4 -2 4 -3 2",384,1,0
3470,"1 2 3 4 -2 -3 4 3 -1 -3 -4 -4",384,1,0
3471,"1 2 3 4 -2 -4 -3 -3 -1 -2 3 2",384,1,128
3472,"1 2 3 4 3 -4 -4 -1 4 -3 -2 -3",384,1,-128
3473,"1 2 3 4 3 -2 -4 -1 -3 4 -3 -4",384,1,-64
3474,"1 2 3 4 3 -4 -1 -3 -2 4 -3 -4",384,1,0
3475,"1 2 3 4 -2 4 3 -1 -3 -4 -4 -3",384,1,-128
3476,"1 2 3 4 3 4 -1 -2 -3 -4 -4 -3",384,1,-128
3477,"1 2 3 4 -2 -1 -3 -4 -4 3 4 -3",384,1,128
3478,"1 2 3 4 4 -1 3 -4 -2 -4 -3 -3",384,1,-128
3479,"1 2 3 4 2 -4 3 -2 -1 -2 -3 -3",384,1,0
3480,"1 2 3 3 4 2 -4 -2 -3 -3 -1 -2",192,1,-128
3481,"1 2 3 4 -2 -4 -1 3 4 -3 -3 -4",384,1,0
3482,"1 2 3 4 -1 -4 -4 3 -2 -3 -3 4",384,1,-128
3483,"1 2 3 4 -1 -3 4 -2 3 -4 -3 -4",384,1,0
3484,"1 2 3 4 3 -4 -3 4 -3 -1 -2 -4",192,1,64
3485,"1 2 3 4 -1 3 -2 -4 -4 -3 4 -3",384,1,-128
3486,"1 2 3 4 -3 -1 4 -2 3 -4 -4 -3",384,1,-128
3487,"1 2 3 4 -3 4 -2 3 -1 -4 -4 -3",384,1,-128
3488,"1 2 3 4 -1 -2 3 -4 -3 4 -3 -4",384,1,-64
3489,"1 2 3 4 -3 -2 -4 -4 -1 -3 4 3",192,1,128
3490,"1 2 3 4 2 -3 4 -2 -4 -2 -1 -4",384,1,-128
3491,"1 2 3 4 -2 4 -3 -4 -1 -3 -4 3",384,1,-64
3492,"1 2 3 3 -1 -2 -2 4 2 -4 -3 -3",384,1,256
3493,"1 2 3 4 -1 -3 4 -2 3 -4 -4 -3",384,1,0
3494,"1 2 3 4 -2 3 -4 -3 2 -1 -2 -3",384,1,64
3495,"1 2 3 4 -3 4 3 -4 -1 -3 -2 -4",384,1,0
3496,"1 2 3 4 3 -4 -3 -3 4 -1 -2 -4",384,1,128
3497,"1 2 3 4 2 -4 -1 -4 -2 -3 -2 4",384,1,-64
3498,"1 2 3 4 4 -2 -3 2 -1 -4 -4 -2",192,1,128
3499,"1 2 3 4 -2 4 -1 3 -4 -3 -4 -3",384,1,-64
3500,"1 2 3 4 3 4 -2 -3 -4 -4 -1 -3",384,1,0
3501,"1 2 3 4 4 -3 -1 -4 -3 -4 -2 3",384,1,-128
3502,"1 2 3 4 -2 -1 -3 -4 -4 -3 4 3",384,1,128
3503,"1 2 3 4 2 -4 -3 -4 -1 -2 4 -2",384,1,-64
3504,"1 2 3 4 4 -3 -2 3 -4 -4 -1 -3",384,1,-128
3505,"1 2 3 4 2 -3 4 -2 -2 -4 -1 -4",384,1,-128
3506,"1 2 3 4 -3 -2 4 -3 -4 -4 -1 3",384,1,-128
3507,"1 2 3 4 -3 4 -3 -1 3 -4 -4 -2",384,1,-128
3508,"1 2 3 4 -3 -1 4 -2 -4 -3 -4 3",384,1,64
3509,"1 2 3 4 -2 -3 -4 -2 -4 2 -1 4",384,1,0
3510,"1 2 3 4 4 -3 -2 -4 -4 -3 -1 3",384,1,128
3511,"1 2 3 3 4 -2 -3 4 -1 -3 -4 -4",192,1,-128
3512,"1 2 3 4 -1 3 4 -2 -4 -3 -4 -3",384,1,-64
3513,"1 2 3 -2 4 -3 -4 -4 -3 4 -1 3",192,1,128
3514,"1 2 3 -2 4 3 -4 -4 -1 4 -3 -3",384,1,-128
3515,"1 2 3 4 2 -4 -1 -4 -3 -2 -2 4",384,1,0
3516,"1 2 3 4 -1 -3 -3 -2 -4 -4 3 4",384,1,0
3517,"1 2 3 4 -2 4 -1 3 -4 -4 -3 -3",384,1,-128
3518,"1 2 3 -2 4 3 -4 -3 4 -3 -1 -4",384,1,64
3519,"1 2 3 4 3 -2 -3 -1 4 -3 -4 -4",384,1,-128
3520,"1 2 3 4 3 4 -3 -3 -1 -4 -4 -2",384,1,-128
3521,"1 2 3 4 -2 -3 -2 -4 -4 2 -1 4",384,1,0
3522,"1 2 3 4 3 -1 -4 -3 -2 -4 -3 4",384,1,0
3523,"1 2 3 4 3 -4 -3 -3 -4 -1 -2 4",384,1,-128
3524,"1 2 3 4 -1 3 4 -2 -4 -4 -3 -3",384,1,-128
3525,"1 2 3 4 -1 4 -3 -2 -3 -4 3 -4",384,1,-64
3526,"1 2 3 4 4 3 -2 -3 -4 -4 -1 -3",384,1,-128
3527,"1 2 3 4 2 -4 -2 -2 3 -1 -3 -3",384,1,128
3528,"1 2 3 -2 4 3 -4 -3 -3 4 -1 -4",384,1,0
3529,"1 2 3 4 -2 -4 -3 -4 -2 -1 4 2",384,1,64
3530,"1 2 3 4 -3 -4 -2 4 -1 -2 -4 2",384,1,-64
3531,"1 2 3 4 4 -1 2 -4 -4 -3 -2 -2",384,1,-256
3532,"1 2 3 4 3 -2 4 -3 -3 -1 -4 -4",384,1,-128
3533,"1 2 3 4 3 -2 -4 -2 -3 -1 -3 2",96,1,-128
3534,"1 2 3 4 -3 -1 4 -3 -2 -4 -4 3",384,1,0
3535,"1 2 3 -1 4 -3 -4 -3 -4 3 -2 4",192,1,0
3536,"1 2 3 4 -1 -4 -3 4 -2 3 -4 -3",384,1,64
3537,"1 2 3 4 -3 -2 3 -4 -3 2 -1 -2",192,1,128
3538,"1 2 3 4 2 -1 -4 -2 -4 -3 -2 4",384,1,-64
3539,"1 2 3 4 -2 -3 -4 -3 -2 3 -1 2",384,1,64
3540,"1 2 3 4 -1 4 -2 -4 -3 -2 -4 2",192,1,0
3541,"1 2 3 4 -1 -3 4 -3 -4 -2 -4 3",384,1,-64
3542,"1 2 3 4 -3 -2 -3 4 -1 3 -4 -4",384,1,0
3543,"1 2 3 4 4 -2 -3 -3 -4 3 -1 -4",384,1,-128
3544,"1 2 3 -2 -3 4 3 -1 4 -3 -4 -4",384,1,0
3545,"1 2 3 4 4 -3 -4 2 -4 -1 -2 -2",384,1,128
3546,"1 2 3 4 -1 -2 -4 3 4 -3 -4 -3",384,1,128
3547,"1 2 3 3 4 2 -4 -3 -3 -1 -2 -2",384,1,-256
3548,"1 2 3 4 -3 -2 -4 -1 4 -3 -4 3",384,1,-64
3549,"1 2 3 4 -1 -4 -3 4 2 -4 -2 -2",384,1,128
3550,"1 2 3 4 4 -1 -4 2 -3 -4 -2 -2",384,1,-256
3551,"1 2 3 -1 4 -3 -3 -4 -4 3 -2 4",192,1,0
3552,"1 2 3 4 -2 -4 3 -2 -3 -3 -1 2",384,1,0
3553,"1 2 3 4 -3 -4 -4 3 4 -1 -3 -2",384,1,128
3554,"1 2 3 4 -3 4 -1 -3 -4 -4 3 -2",384,1,0
3555,"1 2 3 4 2 -1 -4 -4 -2 -3 -2 4",384,1,-128
3556,"1 2 3 4 -2 -3 -2 4 2 -1 -4 -4",384,1,0
3557,"1 2 3 -1 3 4 -3 -2 4 -3 -4 -4",384,1,0
3558,"1 2 3 4 -2 -3 -4 -4 -3 4 -1 3",384,1,128
3559,"1 2 3 -1 -3 4 -3 4 3 -4 -4 -2",384,1,128
3560,"1 2 3 -2 4 3 -4 -3 -3 -4 -1 4",384,1,-128
3561,"1 2 3 4 2 -4 -1 -2 -4 -3 4 -2",384,1,-64
3562,"1 2 3 4 -1 4 -3 -3 -4 -2 -4 3",192,1,-128
3563,"1 2 3 4 -3 -3 4 3 -1 -2 -4 -4",192,1,-128
3564,"1 2 3 4 -1 -2 -3 -4 -4 3 4 -3",384,1,128
3565,"1 2 3 4 2 -1 -2 -2 4 -3 -4 -4",384,1,128
3566,"1 2 3 4 3 -4 -1 -4 -3 4 -3 -2",192,1,0
3567,"1 2 3 4 -2 4 -3 -4 -4 3 -1 -3",384,1,128
3568,"1 2 3 -1 4 -3 -3 4 -2 3 -4 -4",384,1,0
3569,"1 2 3 4 3 4 -1 -3 -4 -3 -2 -4",384,1,-128
3570,"1 2 3 4 3 -2 -1 -2 -3 -4 -3 2",48,1,-128
3571,"1 2 3 4 -2 -4 -3 -1 -3 4 3 -4",384,1,64
3572,"1 2 3 4 -2 -3 -4 -2 4 2 -1 -4",384,1,0
3573,"1 2 3 2 4 -2 -4 -1 4 -3 -4 -2",384,1,0
3574,"1 2 3 4 -3 -4 -3 -2 3 4 -1 -4",384,1,-64
3575,"1 2 3 4 -3 -4 -4 -3 4 -1 3 -2",384,1,0
3576,"1 2 3 -1 4 3 4 -2 -3 -3 -4 -4",384,1,-256
3577,"1 2 3 4 -1 -4 -3 -4 3 4 -3 -2",384,1,128
3578,"1 2 3 4 -2 -3 -4 3 4 -1 -4 -3",384,1,64
3579,"1 2 3 4 -2 -3 -4 -3 4 -1 -4 3",384,1,64
3580,"1 2 3 -2 3 4 4 -3 -3 -1 -4 -4",384,1,-256
3581,"1 2 3 4 -1 -4 -3 4 -2 -3 -4 3",384,1,-64
3582,"1 2 3 2 4 4 -3 -4 -4 -1 -2 -2",384,1,0
3583,"1 2 3 4 -1 -2 -3 -4 -4 -3 4 3",384,1,0
3584,"1 2 3 4 -2 -4 -1 -3 -3 4 3 -4",384,1,128
3585,"1 2 3 4 -2 -4 -1 2 4 -3 -4 -2",384,1,-64
3586,"1 2 3 4 -3 2 -4 -1 -4 -2 4 -2",384,1,0
3587,"1 2 3 -2 3 4 -3 4 -3 -1 -4 -4",384,1,-128
3588,"1 2 3 4 -1 -4 -2 4 3 -4 -3 -3",384,1,0
3589,"1 2 3 4 -3 -3 -4 -2 3 4 -1 -4",384,1,0
3590,"1 2 3 4 -3 -4 -3 4 3 -2 -1 -4",192,1,0
3591,"1 2 3 -1 3 -2 4 -3 4 -3 -4 -4",384,1,-128
3592,"1 2 3 4 -1 2 -3 4 -2 -4 -2 -4",384,1,-64
3593,"1 2 3 4 2 -3 4 -1 -2 -4 -2 -4",192,1,-128
3594,"1 2 3 4 -1 -3 -4 -4 3 4 -3 -2",384,1,128
3595,"1 2 3 4 -3 4 -1 3 -4 -3 -2 -4",384,1,0
3596,"1 2 3 4 2 3 -4 -2 -3 -2 -1 -3",384,1,0
3597,"1 2 3 4 -2 -4 -3 -3 4 -1 -4 3",192,1,128
3598,"1 2 3 4 4 -2 -4 -1 3 -4 -3 -3",384,1,-128
3599,"1 2 3 -2 3 -1 -3 4 4 -3 -4 -4",384,1,-128
3600,"1 2 3 4 3 -4 -3 -4 -3 4 -1 -2",384,1,64
3601,"1 2 3 -2 4 -3 -4 -4 3 4 -1 -3",192,1,128
3602,"1 2 3 4 4 -2 -3 -1 -3 -4 -4 3",384,1,-128
3603,"1 2 3 4 -3 2 -1 -2 4 -2 -4 -4",384,1,0
3604,"1 2 3 4 -2 -3 2 -4 -2 -4 -1 4",384,1,64
3605,"1 2 3 4 4 3 -2 -1 -4 -3 -3 -4",96,1,0
3606,"1 2 3 4 3 4 -2 -3 -3 -4 -1 -4",384,1,-128
3607,"1 2 3 4 -1 2 -3 4 -2 -2 -4 -4",384,1,-128
3608,"1 2 3 4 2 -3 4 -1 -2 -2 -4 -4",192,1,-256
3609,"1 2 3 4 -2 -4 -1 -4 -2 4 -3 2",192,1,0
3610,"1 2 3 4 2 3 -4 -2 -2 -3 -1 -3",384,1,0
3611,"1 2 3 4 -3 4 3 -2 -3 -4 -1 -4",384,1,-64
3612,"1 2 3 4 2 -1 4 -3 -4 -2 -4 -2",192,1,64
3613,"1 2 3 4 2 -4 -1 4 -2 -4 -3 -2",192,1,-128
3614,"1 2 3 4 -2 -3 -4 2 -4 -1 -2 4",192,1,128
3615,"1 2 3 4 3 -4 -4 -3 -3 4 -1 -2",384,1,128
3616,"1 2 3 4 -2 -3 -4 -4 2 4 -1 -2",384,1,128
3617,"1 2 3 -1 -3 4 -3 4 -2 3 -4 -4",384,1,0
3618,"1 2 3 4 -2 -1 3 -4 -3 -4 -3 4",192,1,-128
3619,"1 2 3 4 -2 -4 3 4 -3 -4 -1 -3",384,1,64
3620,"1 2 3 4 4 -3 -3 -1 3 -4 -4 -2",384,1,-256
3621,"1 2 3 4 -1 -3 -4 -4 -3 4 3 -2",384,1,0
3622,"1 2 3 4 -2 -4 -3 -3 -4 -1 4 3",192,1,128
3623,"1 2 3 4 -3 2 -1 -2 -3 -4 3 -2",48,1,128
3624,"1 2 3 4 -3 -1 -3 4 3 -2 -4 -4",384,1,0
3625,"1 2 3 4 -3 4 3 -2 -3 -1 -4 -4",384,1,0
3626,"1 2 3 4 -3 -4 -1 -3 4 3 -2 -4",384,1,0
3627,"1 2 3 4 2 -1 4 -3 -4 -4 -2 -2",192,1,128
3628,"1 2 3 4 2 -4 -2 -3 -2 4 -1 -4",384,1,64
3629,"1 2 3 4 -3 -4 -3 2 3 -2 -1 -2",192,1,0
3630,"1 2 3 4 -1 3 -4 -3 4 -2 -3 -4",384,1,0
3631,"1 2 3 4 -2 -3 2 -4 -4 -1 -2 4",384,1,128
3632,"1 2 3 4 3 2 -4 -3 -3 -1 -2 -2",384,1,-128
3633,"1 2 3 4 -2 -3 -4 -3 -1 4 3 -4",384,1,64
3634,"1 2 3 4 -2 -4 -3 -4 3 4 -1 -3",384,1,64
3635,"1 2 3 4 -3 -2 -4 2 4 -2 -1 -4",192,1,128
3636,"1 2 3 4 -2 3 4 -1 -3 -4 -4 -3",384,1,0
3637,"1 2 3 4 -2 -1 3 -4 -4 -3 -3 4",192,1,-256
3638,"1 2 3 4 -2 -2 -3 4 2 -1 -4 -4",384,1,0
3639,"1 2 3 4 -1 3 4 -3 -4 -3 -2 -4",384,1,0
3640,"1 2 3 4 3 -1 4 -2 -3 -4 -3 -4",384,1,-128
3641,"1 2 3 4 -1 3 -4 -4 -2 4 -3 -3",384,1,-128
3642,"1 2 3 4 4 -2 3 -4 -4 -3 -1 -3",384,1,-128
3643,"1 2 3 4 2 4 -2 -1 -4 -3 -4 -2",384,1,-64
3644,"1 2 3 4 2 -4 -3 4 -1 -2 -4 -2",384,1,-64
3645,"1 2 3 4 2 -4 -2 -2 -3 4 -1 -4",384,1,0
3646,"1 2 3 4 -3 -3 -4 2 3 -2 -1 -2",384,1,0
3647,"1 2 3 4 -1 4 -2 -3 -4 3 -4 -3",384,1,-64
3648,"1 2 3 4 3 -4 -2 -4 -1 4 -3 -3",384,1,-128
3649,"1 2 3 4 -3 -4 -2 -1 -4 2 4 -2",384,1,64
3650,"1 2 3 4 -2 -4 -3 2 -1 -4 -2 4",96,1,128
3651,"1 2 3 4 -2 -3 -3 -4 -1 4 3 -4",384,1,0
3652,"1 2 3 4 -2 -3 -4 -4 3 4 -1 -3",384,1,128
3653,"1 2 3 4 -2 -1 -2 -3 4 2 -4 -4",384,1,0
3654,"1 2 3 4 -3 2 4 -1 -4 -2 -4 -2",384,1,0
3655,"1 2 3 4 -1 3 4 -3 -3 -4 -2 -4",384,1,0
3656,"1 2 3 4 3 -1 4 -2 -3 -3 -4 -4",384,1,-256
3657,"1 2 3 4 4 -3 -1 -3 -4 -4 -2 3",384,1,-128
3658,"1 2 3 4 4 -1 3 -4 -3 -3 -2 -4",384,1,0
3659,"1 2 3 4 4 -3 -3 -4 -4 -1 3 -2",384,1,0
3660,"1 2 3 2 -3 4 -3 -4 -2 -2 -1 3",384,1,-128
3661,"1 2 3 4 2 -4 -3 4 -1 -4 -2 -2",384,1,-128
3662,"1 2 3 4 -2 -2 -4 -1 -4 -3 4 2",384,1,-128
3663,"1 2 3 4 4 2 -3 -2 -1 -2 -4 -4",384,1,-128
3664,"1 2 3 4 4 3 -4 -1 -4 -3 -3 -2",384,1,0
3665,"1 2 3 4 -3 4 3 -1 -4 -4 -2 -3",384,1,-128
3666,"1 2 3 4 -3 -4 -3 4 3 -1 -4 -2",384,1,-64
3667,"1 2 3 4 -1 -2 -2 -4 -3 4 2 -4",384,1,0
3668,"1 2 3 4 -2 -4 -4 3 -1 -3 4 -3",384,1,0
3669,"1 2 3 2 4 4 -1 -4 -4 -3 -2 -2",384,1,-256
3670,"1 2 3 4 -3 2 4 -1 -4 -4 -2 -2",384,1,0
3671,"1 2 3 4 -2 -4 -1 -2 -4 -3 4 2",384,1,-64
3672,"1 2 3 4 -2 -4 -2 4 -3 2 -1 -4",192,1,0
3673,"1 2 3 4 -2 -1 -4 -4 -3 2 4 -2",384,1,0
3674,"1 2 3 4 3 4 -1 -2 -3 -4 -3 -4",96,1,-64
3675,"1 2 3 -2 -1 4 4 3 -4 -4 -3 -3",384,1,256
3676,"1 2 3 4 3 -4 -2 4 -3 -4 -1 -3",384,1,-64
3677,"1 2 3 4 4 -1 2 -4 -2 -3 -4 -2",384,1,0
3678,"1 2 3 4 -3 -2 -4 3 4 -3 -1 -4",384,1,64
3679,"1 2 3 4 -1 -3 4 -2 -3 -4 3 -4",384,1,-128
3680,"1 2 3 4 3 -4 -1 -2 -4 -3 4 -3",192,1,0
3681,"1 2 3 4 4 3 -2 -4 -3 -4 -1 -3",384,1,-128
3682,"1 2 3 4 -3 2 -4 -2 -2 -4 -1 4",384,1,0
3683,"1 2 3 4 -3 4 -3 -2 3 -4 -1 -4",384,1,-64
3684,"1 2 3 4 -3 -4 -1 -2 3 -4 -3 4",192,1,-64
3685,"1 2 3 4 3 4 -1 -2 -3 -3 -4 -4",192,1,-128
3686,"1 2 3 2 4 -1 -4 -4 -3 -2 4 -2",384,1,-128
3687,"1 2 3 4 4 -3 -2 3 -4 -3 -1 -4",384,1,0
3688,"1 2 3 4 -1 -3 4 -2 -3 -4 -4 3",384,1,-128
3689,"1 2 3 4 2 4 -1 -2 -4 -4 -3 -2",384,1,-128
3690,"1 2 3 4 -1 3 -4 -3 -4 -2 -3 4",384,1,-128
3691,"1 2 3 4 -3 -4 -1 3 4 -3 -4 -2",192,1,64
3692,"1 2 3 4 4 -3 -3 -2 3 -4 -1 -4",384,1,-128
3693,"1 2 3 -2 4 3 4 -3 -4 -4 -1 -3",384,1,0
3694,"1 2 3 4 3 4 -1 -3 -3 -2 -4 -4",384,1,-256
3695,"1 2 3 4 3 4 -3 -1 -3 -2 -4 -4",384,1,-128
3696,"1 2 3 4 -2 -4 -3 -2 4 -1 -4 2",384,1,0
3697,"1 2 3 4 -2 -3 4 -1 3 -4 -3 -4",384,1,64
3698,"1 2 3 4 -2 -4 -2 -4 -3 4 -1 2",384,1,-64
3699,"1 2 3 4 -3 4 -2 -2 -1 -4 -4 2",384,1,-128
3700,"1 2 3 4 2 -1 -4 -2 4 -3 -2 -4",384,1,64
3701,"1 2 3 4 2 -4 -3 -2 4 -1 -2 -4",384,1,0
3702,"1 2 3 4 -1 3 -4 -4 -3 -2 -3 4",384,1,-128
3703,"1 2 3 4 -1 -3 -4 -3 -4 3 4 -2",384,1,64
3704,"1 2 3 4 -3 -2 -3 -4 3 -4 -1 4",384,1,64
3705,"1 2 3 4 -3 -3 -1 4 3 -4 -4 -2",384,1,-128
3706,"1 2 3 3 4 -2 4 -1 -4 -4 -3 -3",384,1,-256
3707,"1 2 3 4 -3 -2 4 3 -1 -3 -4 -4",384,1,-128
3708,"1 2 3 4 4 3 -2 -3 -4 -3 -1 -4",384,1,0
3709,"1 2 3 4 -3 -3 -2 3 -4 -4 -1 4",384,1,128
3710,"1 2 3 4 3 -2 -3 -4 -1 4 -3 -4",384,1,-64
3711,"1 2 3 4 -2 -3 4 -1 3 -4 -4 -3",384,1,0
3712,"1 2 3 4 3 4 -1 -4 -3 -4 -3 -2",192,1,-128
3713,"1 2 3 4 -1 2 4 -3 -4 -2 -4 -2",384,1,-64
3714,"1 2 3 4 4 -2 3 -1 -3 -4 -4 -3",384,1,-128
3715,"1 2 3 4 -2 3 4 -3 -1 -4 -3 -4",384,1,-64
3716,"1 2 3 4 -1 -2 3 4 -3 -4 -3 -4",384,1,64
3717,"1 2 3 4 -2 -2 -3 2 -4 -4 -1 4",384,1,128
3718,"1 2 3 4 -2 -3 2 -4 -1 4 -2 -4",384,1,64
3719,"1 2 3 4 -2 3 -4 -3 -2 -1 2 -3",192,1,-64
3720,"1 2 3 4 -2 -2 -4 -4 -3 4 -1 2",384,1,-128
3721,"1 2 3 4 -1 -3 -3 -4 -4 3 4 -2",384,1,128
3722,"1 2 3 4 -3 -3 -2 -4 3 -4 -1 4",384,1,128
3723,"1 2 3 3 4 -1 4 -3 -3 -4 -4 -2",384,1,0
3724,"1 2 3 4 2 -4 -1 -4 -3 -2 4 -2",384,1,0
3725,"1 2 3 4 -1 -2 4 -2 -4 -4 -3 2",384,1,-128
3726,"1 2 3 2 4 -1 -4 -2 -4 -3 4 -2",384,1,0
3727,"1 2 3 4 -2 -4 3 2 -3 -1 -3 -2",384,1,0
3728,"1 2 3 4 3 -4 -3 4 -3 -2 -1 -4",192,1,128
3729,"1 2 3 4 -3 -2 3 4 -1 -4 -4 -3",384,1,0
3730,"1 2 3 4 -2 -3 -4 -4 -1 2 4 -2",384,1,128
3731,"1 2 3 -1 -2 -2 4 3 -4 2 -3 -3",384,1,256
3732,"1 2 3 -2 3 4 -3 -4 -3 -4 -1 4",384,1,64
3733,"1 2 3 4 -2 -3 -4 -1 -3 -4 3 4",384,1,-64
3734,"1 2 3 4 3 4 -1 -4 -4 -3 -3 -2",384,1,-256
3735,"1 2 3 4 -1 2 4 -3 -4 -4 -2 -2",384,1,-128
3736,"1 2 3 4 -2 4 -1 -2 -4 -3 -4 2",384,1,-64
3737,"1 2 3 4 -3 -2 -4 -1 4 2 -4 -2",384,1,-128
3738,"1 2 3 4 -2 3 4 -3 -1 -3 -4 -4",384,1,0
3739,"1 2 3 4 -1 -2 3 4 -3 -3 -4 -4",384,1,128
3740,"1 2 3 -1 4 -3 4 3 -2 -3 -4 -4",384,1,-128
3741,"1 2 3 -1 4 3 -4 -3 4 -3 -2 -4",384,1,128
3742,"1 2 3 -1 4 4 -3 -4 -4 3 -2 -3",384,1,128
3743,"1 2 3 4 2 4 -2 -1 -2 -3 -4 -4",384,1,-128
3744,"1 2 3 4 3 -1 -3 -2 4 -3 -4 -4",384,1,0
3745,"1 2 3 4 4 -3 -2 -1 2 -4 -4 -2",192,1,-256
3746,"1 2 3 4 4 -3 -4 -2 -4 3 -1 -3",384,1,128
3747,"1 2 3 4 3 -1 4 -2 -3 -4 -4 -3",384,1,-128
3748,"1 2 3 4 4 -1 -4 2 -3 -2 -4 -2",384,1,-128
3749,"1 2 3 4 -2 3 -4 -2 -3 2 -1 -3",384,1,0
3750,"1 2 3 4 -3 4 2 -4 -2 -4 -1 -2",384,1,-64
3751,"1 2 3 4 -2 -4 3 2 -3 -3 -1 -2",384,1,0
3752,"1 2 3 4 -1 -4 -3 -2 3 4 -3 -4",384,1,64
3753,"1 2 3 4 3 -4 -3 -3 4 -2 -1 -4",384,1,128
3754,"1 2 3 -2 3 4 -3 -3 -4 -4 -1 4",384,1,128
3755,"1 2 3 4 3 4 -2 -3 -1 -3 -4 -4",384,1,-128
3756,"1 2 3 4 -3 -1 -4 -2 -3 -4 3 4",384,1,0
3757,"1 2 3 4 4 -2 -1 -2 -4 -3 -4 2",384,1,-128
3758,"1 2 3 4 -2 -1 -4 -3 4 -2 -4 2",384,1,64
3759,"1 2 3 4 -2 4 -3 -1 -3 -4 3 -4",384,1,-64
3760,"1 2 3 4 3 4 -3 -4 -4 -2 -1 -3",384,1,128
3761,"1 2 3 4 3 -4 -1 -2 -3 -4 -3 4",192,1,-64
3762,"1 2 3 4 -2 -4 -1 -3 4 -3 -4 3",384,1,-64
3763,"1 2 3 2 4 -1 4 -2 -4 -3 -4 -2",384,1,0
3764,"1 2 3 -1 4 3 -4 -3 -3 4 -2 -4",384,1,128
3765,"1 2 3 4 -2 -3 -4 -4 -1 -2 4 2",384,1,128
3766,"1 2 3 4 3 -4 -2 -3 -3 -2 -1 2",384,1,0
3767,"1 2 3 4 3 4 -2 -3 -1 -4 -4 -3",384,1,-128
3768,"1 2 3 -1 -2 4 4 3 -4 -4 -3 -3",384,1,256
3769,"1 2 3 4 -3 4 2 -4 -4 -2 -1 -2",384,1,0
3770,"1 2 3 4 3 -4 -2 -3 4 -3 -1 -4",384,1,64
3771,"1 2 3 4 -3 2 -4 -2 4 -2 -1 -4",384,1,0
3772,"1 2 3 4 -2 -1 -4 2 -3 -4 -2 4",384,1,-64
3773,"1 2 3 4 -2 -2 -3 -4 -4 2 -1 4",384,1,0
3774,"1 2 3 4 -1 -3 -2 3 4 -3 -4 -4",384,1,128
3775,"1 2 3 4 3 -4 -1 -2 -4 -3 -3 4",384,1,0
3776,"1 2 3 4 -2 -4 -1 4 -3 -3 -4 3",384,1,-128
3777,"1 2 3 4 -3 -4 -1 -3 -4 3 -2 4",384,1,0
3778,"1 2 3 4 4 -2 -4 -1 -4 -2 -3 2",384,1,-128
3779,"1 2 3 4 -1 4 -3 -4 -3 -2 3 -4",384,1,-64
3780,"1 2 3 2 4 -2 -4 -3 -2 3 -1 -3",384,1,-64
3781,"1 2 3 4 -1 3 -4 -2 -3 -4 -3 4",384,1,-128
3782,"1 2 3 4 4 -3 -4 -4 3 -1 -2 -3",192,1,256
3783,"1 2 3 3 4 4 -2 -1 -3 -3 -4 -4",96,1,-512
3784,"1 2 -1 3 3 4 2 -4 -2 -2 -3 -3",384,1,256
3785,"1 2 3 4 -3 -1 -4 -2 4 -3 -4 3",384,1,64
3786,"1 2 3 4 3 -4 -3 -3 -4 -2 -1 4",384,1,-128
3787,"1 2 3 3 4 -1 -3 4 -2 -3 -4 -4",192,1,-256
3788,"1 2 3 4 -3 -4 -2 4 3 -4 -1 -3",384,1,-64
3789,"1 2 3 4 -2 -3 2 4 -2 -4 -1 -4",384,1,64
3790,"1 2 3 4 -3 4 3 -4 -1 -4 -2 -3",384,1,-64
3791,"1 2 3 4 4 -3 -2 -4 3 -4 -1 -3",384,1,0
3792,"1 2 3 4 -3 2 -4 -2 -2 4 -1 -4",384,1,0
3793,"1 2 3 4 -2 -3 -4 -4 -3 -1 3 4",384,1,128
3794,"1 2 3 4 2 -4 -2 3 -2 -3 -1 -3",384,1,64
3795,"1 2 3 4 3 -4 -3 2 -3 -2 -1 -2",384,1,0
3796,"1 2 3 -1 4 3 -4 -3 -3 -4 -2 4",384,1,0
3797,"1 2 3 4 -2 -4 -4 -2 -3 2 -1 4",384,1,0
3798,"1 2 3 4 2 -4 -3 -2 -4 -1 4 -2",384,1,0
3799,"1 2 3 4 -1 -4 3 -4 -3 -3 -2 4",384,1,-128
3800,"1 2 3 -2 4 2 -4 -2 -3 -3 -1 3",384,1,-128
3801,"1 2 3 3 4 2 -4 -3 -3 -2 -1 -2",384,1,0
3802,"1 2 3 4 -1 -2 4 -3 -4 -2 -4 2",384,1,-64
3803,"1 2 3 4 -1 3 -4 -2 -4 -3 -3 4",384,1,-128
3804,"1 2 3 4 -2 4 -3 -4 -4 2 -1 -2",384,1,128
3805,"1 2 3 4 3 -4 -2 -3 -1 4 -3 -4",384,1,-64
3806,"1 2 3 4 -1 4 -3 -4 -4 3 -2 -3",384,1,128
3807,"1 2 3 4 -3 4 3 -4 -4 -1 -2 -3",384,1,-128
3808,"1 2 3 3 4 -1 4 -3 -2 -3 -4 -4",192,1,-128
3809,"1 2 3 4 3 -2 -2 -4 -3 -3 -1 2",384,1,-128
3810,"1 2 3 4 4 3 -4 -4 -1 -3 -3 -2",384,1,-256
3811,"1 2 3 4 -1 4 -2 -3 -4 -3 -4 3",384,1,-64
3812,"1 2 3 4 3 -4 -1 4 -3 -4 -3 -2",192,1,-128
3813,"1 2 3 4 2 -4 -4 -3 4 -1 -2 -2",384,1,-128
3814,"1 2 3 4 2 -4 -2 3 -2 -1 -3 -3",384,1,128
3815,"1 2 3 -1 -3 4 4 3 -2 -3 -4 -4",384,1,-128
3816,"1 2 3 4 4 2 -4 -3 -4 -1 -2 -2",384,1,-128
3817,"1 2 3 4 4 -3 -4 2 -4 -2 -1 -2",384,1,0
3818,"1 2 3 4 -2 -4 -1 -4 -2 -3 4 2",384,1,0
3819,"1 2 3 4 3 -1 -3 -4 -2 4 -3 -4",384,1,64
3820,"1 2 3 4 3 -1 -4 -2 -4 -3 4 -3",384,1,-64
3821,"1 2 3 -1 4 3 -2 -3 4 -3 -4 -4",384,1,-128
3822,"1 2 3 3 4 -2 -4 2 -3 -3 -1 -2",192,1,128
3823,"1 2 3 4 -3 -2 4 -1 3 -4 -4 -3",384,1,-128
3824,"1 2 3 4 -3 -2 -4 -4 -2 -1 4 2",384,1,128
3825,"1 2 3 4 2 -3 -4 -3 -2 -1 -2 3",192,1,-64
3826,"1 2 3 -2 4 -3 -4 -3 -4 3 -1 4",192,1,64
3827,"1 2 3 4 -3 -2 -2 4 2 -1 -4 -4",384,1,0
3828,"1 2 3 4 -3 -4 -2 4 2 -4 -1 -2",384,1,-64
3829,"1 2 3 -2 4 3 -4 -4 -3 4 -1 -3",192,1,128
3830,"1 2 3 4 -1 4 -2 -3 -3 -4 -4 3",384,1,-128
3831,"1 2 3 4 3 -4 -1 4 -3 -3 -4 -2",384,1,-128
3832,"1 2 3 4 -1 4 -2 -4 -4 2 -3 -2",384,1,0
3833,"1 2 3 4 -2 -2 4 -1 -4 -4 -3 2",384,1,0
3834,"1 2 3 4 -3 -1 -3 4 -2 3 -4 -4",384,1,0
3835,"1 2 3 4 4 -1 -3 -3 -4 -4 3 -2",384,1,0
3836,"1 2 3 4 -3 -1 3 4 -2 -4 -4 -3",384,1,0
3837,"1 2 3 3 -2 4 -3 4 -3 -1 -4 -4",192,1,-128
3838,"1 2 3 4 4 -2 -3 -4 -2 -1 -4 2",384,1,-128
3839,"1 2 3 4 -1 -4 -3 -2 -4 3 4 -3",384,1,64
3840,"1 2 3 4 3 4 -3 -3 -4 -1 -2 -4",384,1,0
3841,"1 2 3 -2 4 -3 -3 -4 -4 3 -1 4",192,1,128
3842,"1 2 3 4 2 -3 -4 -2 3 -1 -3 -2",384,1,128
3843,"1 2 3 4 -2 -4 -4 3 4 -1 -3 -3",384,1,128
3844,"1 2 3 4 -2 4 -3 -4 -4 -3 -1 3",384,1,0
3845,"1 2 3 4 -3 4 -2 -4 -2 -1 -4 2",384,1,-64
3846,"1 2 3 4 -2 3 4 -3 -4 -1 -3 -4",192,1,64
3847,"1 2 3 4 4 -1 -4 -3 -3 -4 -2 3",384,1,-128
3848,"1 2 3 4 -3 -3 -4 3 2 -1 -2 -2",96,1,256
3849,"1 2 3 4 4 3 -4 -4 -2 -1 -3 -3",384,1,-256
3850,"1 2 3 4 -1 3 -4 -3 4 -2 -4 -3",384,1,64
3851,"1 2 3 4 -3 4 -2 -2 -1 2 -4 -4",384,1,-128
3852,"1 2 3 4 -2 -4 2 -3 -2 4 -1 -4",384,1,64
3853,"1 2 3 4 -3 4 -3 -4 3 -2 -1 -4",384,1,0
3854,"1 2 3 4 -3 -2 -1 -4 3 4 -3 -4",192,1,128
3855,"1 2 3 4 -2 -3 -4 -2 -4 -1 4 2",384,1,0
3856,"1 2 3 -2 4 4 -3 2 -4 -4 -1 -2",384,1,128
3857,"1 2 3 4 -1 -4 -4 3 4 -3 -3 -2",384,1,256
3858,"1 2 3 4 4 -1 3 -2 -4 -3 -3 -4",384,1,0
3859,"1 2 3 4 -2 3 4 -1 -3 -4 -3 -4",384,1,-64
3860,"1 2 3 4 -3 -2 -1 2 3 -4 -3 -2",48,1,-128
3861,"1 2 3 4 3 4 -1 -3 -3 -4 -2 -4",384,1,-128
3862,"1 2 3 4 3 4 -1 -4 -3 -3 -4 -2",384,1,-128
3863,"1 2 3 4 -2 -4 3 -4 -3 4 -1 -3",384,1,-64
3864,"1 2 3 4 -1 2 4 -2 -4 -2 -3 -4",384,1,-64
3865,"1 2 3 4 -1 4 -2 -4 -3 -3 -4 3",384,1,0
3866,"1 2 3 4 2 -3 -1 -3 -2 -4 -2 3",192,1,-64
3867,"1 2 3 4 -2 -4 -3 -3 2 -1 3 -2",384,1,128
3868,"1 2 3 4 -3 -3 -4 -4 3 -2 -1 4",384,1,0
3869,"1 2 3 4 2 4 -2 -4 -3 -4 -1 -2",384,1,64
3870,"1 2 3 4 -2 -3 -2 -4 -4 -1 4 2",384,1,0
3871,"1 2 3 4 4 -1 -3 -3 -2 3 -4 -4",384,1,-256
3872,"1 2 3 2 -3 4 -2 4 -1 -4 -4 -2",384,1,-128
3873,"1 2 3 4 -2 3 4 -1 -3 -3 -4 -4",384,1,-128
3874,"1 2 3 4 -2 -1 2 4 -2 -3 -4 -4",384,1,0
3875,"1 2 3 4 2 4 -1 -4 -3 -2 -4 -2",192,1,-128
3876,"1 2 3 4 -2 3 -4 -4 -3 4 -1 -3",384,1,0
3877,"1 2 3 4 -2 -4 -3 -1 3 -4 -3 4",384,1,-64
3878,"1 2 3 4 -3 -3 4 -2 3 -4 -1 -4",384,1,0
3879,"1 2 3 4 -1 2 4 -2 -2 -4 -3 -4",384,1,0
3880,"1 2 3 4 4 -2 -1 -4 -2 -3 -4 2",384,1,-128
3881,"1 2 3 4 -2 -3 -4 3 -4 -1 -3 4",384,1,64
3882,"1 2 3 4 -1 2 4 -2 -2 -3 -4 -4",384,1,-128
3883,"1 2 3 4 -1 -4 -4 2 -3 4 -2 -2",192,1,0
3884,"1 2 3 4 -3 -4 3 -4 -2 -3 -1 4",384,1,64
3885,"1 2 3 4 3 -2 -4 -4 -1 4 -3 -3",384,1,-128
3886,"1 2 3 4 2 4 -3 -2 -4 -2 -1 -4",384,1,-128
3887,"1 2 3 4 -3 -4 -1 -4 -2 -2 4 2",384,1,128
3888,"1 2 3 4 2 -3 -1 -2 3 -4 -3 -2",384,1,-64
3889,"1 2 3 4 -2 4 2 -4 -3 -2 -1 -4",384,1,0
3890,"1 2 3 4 -3 2 -4 -2 4 -1 -4 -2",384,1,0
3891,"1 2 3 4 -2 -3 -3 4 -1 -4 -4 3",384,1,128
3892,"1 2 3 4 -2 -3 -4 -4 -1 3 4 -3",384,1,128
3893,"1 2 3 4 2 4 -1 -4 -3 -4 -2 -2",384,1,-128
3894,"1 2 3 4 4 -1 3 -4 -4 -3 -2 -3",384,1,-128
3895,"1 2 3 4 -3 4 2 -4 -4 -1 -2 -2",384,1,-128
3896,"1 2 3 4 -3 -4 -2 3 2 -3 -1 -2",192,1,64
3897,"1 2 3 4 -3 -1 -4 3 -4 -3 -2 4",384,1,0
3898,"1 2 3 4 4 -1 -2 -2 -4 -3 -4 2",384,1,-128
3899,"1 2 3 4 -2 -2 -4 2 3 -1 -3 -3",192,1,128
3900,"1 2 3 4 4 3 -1 -3 -4 -4 -2 -3",384,1,-128
3901,"1 2 3 4 -2 -3 -4 -4 3 -1 -3 4",384,1,128
3902,"1 2 3 4 3 2 -3 -4 -3 -2 -1 -2",384,1,0
3903,"1 2 3 4 -3 -4 -4 3 -2 -3 -1 4",384,1,0
3904,"1 2 3 4 4 -3 -4 -3 -4 -1 3 -2",384,1,0
3905,"1 2 3 4 4 -2 -3 -4 -2 -4 -1 2",384,1,-128
3906,"1 2 3 4 -3 -2 4 -2 -1 -4 -4 2",384,1,-128
3907,"1 2 3 4 4 -2 -1 -4 -4 2 -3 -2",384,1,-128
3908,"1 2 3 4 -2 -4 -4 2 -3 -2 -1 4",384,1,-128
3909,"1 2 3 -2 4 2 -4 -3 4 -1 -4 -2",192,1,-128
3910,"1 2 3 4 -2 -3 4 -3 -1 3 -4 -4",384,1,0
3911,"1 2 3 4 3 -1 4 -3 -4 -3 -4 -2",384,1,-64
3912,"1 2 3 4 -1 4 -2 -2 -3 -4 -4 2",192,1,-256
3913,"1 2 3 4 -2 -4 -1 -3 -4 3 4 -3",384,1,64
3914,"1 2 3 4 -3 -3 4 -1 -4 -4 3 -2",384,1,0
3915,"1 2 3 -1 4 4 3 -4 -4 -2 -3 -3",384,1,0
3916,"1 2 3 4 4 3 -2 -4 -3 -3 -1 -4",384,1,128
3917,"1 2 3 4 -3 -4 -2 -4 2 -1 4 -2",384,1,64
3918,"1 2 3 4 2 -4 -2 -3 4 -1 -4 -2",384,1,0
3919,"1 2 3 4 -3 -1 3 -4 -4 -3 -2 4",384,1,-128
3920,"1 2 3 4 2 -4 -3 -2 -2 -4 -1 4",384,1,0
3921,"1 2 3 4 -2 4 -3 -1 3 -4 -3 -4",384,1,-64
3922,"1 2 3 4 -3 -3 -1 -4 3 4 -2 -4",384,1,128
3923,"1 2 3 -1 -3 -3 4 3 4 -2 -4 -4",384,1,-128
3924,"1 2 3 4 -2 4 3 -4 -1 -3 -4 -3",384,1,-64
3925,"1 2 3 4 4 -2 -4 -3 -4 -2 -1 2",384,1,0
3926,"1 2 3 -2 4 -3 -3 4 -1 3 -4 -4",384,1,128
3927,"1 2 3 4 2 4 -3 -4 -2 -1 -4 -2",384,1,-64
3928,"1 2 3 4 -3 -4 2 -4 -2 4 -1 -2",384,1,-64
3929,"1 2 3 4 3 -1 4 -3 -3 -4 -4 -2",384,1,-128
3930,"1 2 3 4 2 -4 -1 -2 -3 4 -2 -4",192,1,-64
3931,"1 2 3 4 -3 -2 -4 -4 2 -1 4 -2",384,1,128
3932,"1 2 3 4 -3 -3 4 -2 3 -1 -4 -4",384,1,-128
3933,"1 2 3 3 4 4 -1 -4 -4 -3 -3 -2",192,1,-512
3934,"1 2 3 4 3 -1 -3 -2 -4 -4 -3 4",384,1,0
3935,"1 2 3 4 3 -4 -2 4 -1 -3 -3 -4",384,1,0
3936,"1 2 3 4 -3 -4 -4 -3 -2 3 -1 4",384,1,128
3937,"1 2 3 4 -1 -3 -4 -3 -4 -2 3 4",192,1,0
3938,"1 2 3 4 -1 -4 -3 -3 -4 3 -2 4",384,1,0
3939,"1 2 3 4 -2 4 3 -4 -1 -4 -3 -3",384,1,0
3940,"1 2 3 4 2 -3 -2 -4 -4 -1 -2 4",384,1,128
3941,"1 2 3 4 -3 4 -2 -4 -1 -2 -4 2",384,1,-64
3942,"1 2 3 2 4 4 -3 -4 -2 -1 -4 -2",384,1,0
3943,"1 2 3 -1 4 3 -4 -4 -2 4 -3 -3",384,1,-128
3944,"1 2 3 4 2 -4 -3 -4 -1 -2 -2 4",384,1,-128
3945,"1 2 3 4 -3 2 -4 -4 -2 4 -1 -2",384,1,0
3946,"1 2 3 4 4 -1 -2 -4 -3 -2 -4 2",384,1,0
3947,"1 2 3 4 2 -3 4 -2 -4 -1 -2 -4",384,1,0
3948,"1 2 3 4 3 -4 -3 -3 -1 -4 -2 4",384,1,0
3949,"1 2 3 4 -2 4 -2 -4 -3 2 -1 -4",384,1,0
3950,"1 2 3 3 -1 4 -3 -3 4 -2 -4 -4",384,1,-256
3951,"1 2 3 4 -1 4 -2 -4 -2 -4 -3 2",384,1,-128
3952,"1 2 3 4 -1 3 4 -2 -3 -4 -3 -4",384,1,0
3953,"1 2 3 4 4 3 -2 -4 -1 -4 -3 -3",384,1,-128
3954,"1 2 3 4 -1 -3 -3 -4 -4 -2 3 4",192,1,0
3955,"1 2 3 4 -2 -3 4 -1 -3 -4 3 -4",384,1,-64
3956,"1 2 3 -2 3 4 -3 -1 4 -3 -4 -4",384,1,0
3957,"1 2 3 4 3 4 -3 -1 -3 -4 -2 -4",384,1,-64
3958,"1 2 3 4 -1 -2 -4 -3 4 3 -4 -3",192,1,128
3959,"1 2 3 4 -1 3 -4 -4 -3 4 -3 -2",384,1,-128
3960,"1 2 3 4 4 -2 -4 -3 -3 -4 -1 3",384,1,128
3961,"1 2 3 2 4 -3 4 -1 -4 -2 -4 -2",192,1,-128
3962,"1 2 3 4 -2 -4 -3 4 -1 2 -4 -2",192,1,64
3963,"1 2 3 4 4 2 -1 -4 -4 -3 -2 -2",384,1,-256
3964,"1 2 3 4 -2 -2 -4 -4 -3 2 -1 4",384,1,0
3965,"1 2 3 4 -2 -4 3 -1 -3 -4 -3 4",384,1,64
3966,"1 2 3 -2 4 2 -4 -3 -3 -2 -1 3",384,1,-128
3967,"1 2 3 4 -1 4 -2 -2 -4 -4 -3 2",384,1,-256
3968,"1 2 3 4 -1 3 4 -2 -3 -3 -4 -4",384,1,0
3969,"1 2 3 4 4 -2 -3 -2 -4 -4 -1 2",384,1,-128
3970,"1 2 3 3 4 -2 -2 -4 -3 -3 -1 2",384,1,-256
3971,"1 2 3 4 -1 -3 -4 -4 -2 -3 4 3",384,1,0
3972,"1 2 3 4 -2 -3 4 -1 -3 -4 -4 3",384,1,0
3973,"1 2 3 -1 3 4 -2 4 -3 -3 -4 -4",384,1,-128
3974,"1 2 3 4 -2 -1 -4 -3 2 4 -2 -4",192,1,64
3975,"1 2 3 2 4 -3 4 -1 -4 -4 -2 -2",192,1,-256
3976,"1 2 3 -2 -3 -3 4 4 -1 3 -4 -4",384,1,256
3977,"1 2 3 4 -3 2 -4 -4 -1 -2 4 -2",384,1,0
3978,"1 2 3 -2 -3 4 -3 -4 3 -4 -1 4",192,1,64
3979,"1 2 3 4 -2 -3 -1 -4 3 -4 -3 4",384,1,-64
3980,"1 2 3 4 -2 -1 -4 -3 4 2 -4 -2",192,1,64
3981,"1 2 3 -2 -3 4 -3 4 -1 3 -4 -4",384,1,128
3982,"1 2 3 4 -3 -4 3 -4 -1 -3 -2 4",384,1,128
3983,"1 2 3 4 -2 -4 -4 -1 3 4 -3 -3",384,1,128
3984,"1 2 3 4 -1 -3 4 3 -4 -3 -4 -2",384,1,64
3985,"1 2 3 4 -2 -4 -3 4 -1 -3 -4 3",384,1,64
3986,"1 2 3 4 4 2 -3 -4 -4 -2 -1 -2",384,1,0
3987,"1 2 3 4 -3 -4 -2 -1 -3 -4 3 4",96,1,-128
3988,"1 2 3 4 2 -4 -3 -2 4 -2 -1 -4",384,1,0
3989,"1 2 3 4 4 3 -1 -2 -3 -4 -4 -3",96,1,-256
3990,"1 2 3 4 -2 -4 -3 -1 4 3 -4 -3",384,1,64
3991,"1 2 3 4 4 -3 -2 -4 -4 -2 -1 2",384,1,0
3992,"1 2 3 -2 4 -3 -3 -4 3 -4 -1 4",384,1,128
3993,"1 2 3 4 -2 -3 -1 3 -4 -4 -3 4",384,1,-128
3994,"1 2 3 4 2 4 -2 -3 -4 -1 -4 -2",384,1,0
3995,"1 2 3 4 2 -4 -3 -2 -3 -2 -1 3",192,1,-128
3996,"1 2 3 4 -1 -4 -3 -4 2 4 -2 -2",384,1,128
3997,"1 2 3 4 3 -2 -3 4 -1 -4 -3 -4",192,1,64
3998,"1 2 3 -2 3 4 4 -3 -1 -3 -4 -4",384,1,-128
3999,"1 2 3 4 -3 -4 -4 3 -1 -3 -2 4",384,1,128
4000,"1 2 3 2 4 -3 4 -2 -1 -4 -4 -2",384,1,-128
4001,"1 2 3 4 -1 -3 4 3 -4 -4 -3 -2",384,1,128
4002,"1 2 3 4 3 -1 -4 -4 -3 4 -3 -2",384,1,-128
4003,"1 2 3 4 -3 -2 -4 -2 -4 -1 4 2",384,1,0
4004,"1 2 3 4 2 -4 -3 -2 -2 4 -1 -4",384,1,0
4005,"1 2 3 4 -1 -4 -2 -3 -4 3 4 -3",384,1,64
4006,"1 2 3 4 3 4 -2 -4 -4 -3 -1 -3",384,1,-128
4007,"1 2 3 4 2 4 -1 -4 -2 -3 -4 -2",384,1,0
4008,"1 2 3 4 -2 -2 -4 -3 -4 -1 4 2",384,1,0
4009,"1 2 3 4 -2 -3 -2 4 2 -4 -1 -4",384,1,64
4010,"1 2 3 4 2 -4 -3 -3 -2 -2 -1 3",192,1,-256
4011,"1 2 3 4 -1 -2 -4 2 4 -3 -2 -4",384,1,64
4012,"1 2 3 4 3 -2 -3 4 -1 -4 -4 -3",384,1,0
4013,"1 2 3 4 -3 -4 -3 -1 4 3 -2 -4",384,1,0
4014,"1 2 3 4 -2 -4 -3 4 3 -1 -3 -4",192,1,64
4015,"1 2 3 4 -3 -2 -2 -4 -4 -1 4 2",384,1,0
4016,"1 2 3 4 -1 -3 -4 -3 4 3 -2 -4",384,1,0
4017,"1 2 3 4 -3 -2 4 -1 -4 3 -4 -3",384,1,-64
4018,"1 2 3 -1 -3 -3 4 4 3 -4 -4 -2",384,1,256
4019,"1 2 3 4 4 3 -4 -4 -3 -1 -2 -3",384,1,0
4020,"1 2 3 4 3 -4 -4 -1 4 -2 -3 -3",384,1,-128
4021,"1 2 3 2 4 4 -1 -4 -2 -3 -4 -2",384,1,-128
4022,"1 2 3 4 4 3 -4 -1 -4 -2 -3 -3",384,1,-128
4023,"1 2 3 4 -3 -2 -2 4 2 -4 -1 -4",384,1,128
4024,"1 2 3 4 -3 -4 -4 -3 -1 3 -2 4",384,1,0
4025,"1 2 3 4 4 -3 -2 -4 -3 -4 -1 3",384,1,0
4026,"1 2 3 2 4 -2 -4 -1 -4 -3 4 -2",192,1,0
4027,"1 2 3 4 -1 3 4 -3 -4 -4 -3 -2",384,1,128
4028,"1 2 3 4 -3 -3 -4 -1 4 3 -2 -4",384,1,0
4029,"1 2 3 4 2 -4 -2 -4 -3 4 -1 -2",384,1,-64
4030,"1 2 3 4 -3 -4 3 2 -3 -2 -1 -2",384,1,0
4031,"1 2 3 4 -2 -3 -4 -1 -3 4 3 -4",384,1,64
4032,"1 2 3 4 -3 -1 4 3 -2 -3 -4 -4",384,1,0
4033,"1 2 3 4 -2 -3 2 -4 -2 4 -1 -4",384,1,-64
4034,"1 2 3 4 -1 -4 -3 -3 4 3 -2 -4",384,1,0
4035,"1 2 3 4 -2 -2 -1 4 -3 2 -4 -4",192,1,-128
4036,"1 2 3 4 4 3 -1 -4 -3 -3 -4 -2",192,1,-128
4037,"1 2 3 4 4 -1 2 -3 -2 -4 -4 -2",192,1,-128
4038,"1 2 3 4 -1 -4 -2 -4 3 4 -3 -3",384,1,128
4039,"1 2 3 4 2 -4 -4 -2 -3 4 -1 -2",384,1,0
4040,"1 2 3 4 -1 -4 -3 -2 -3 4 3 -4",384,1,64
4041,"1 2 3 4 -3 -3 -4 -2 3 2 -1 -2",384,1,128
4042,"1 2 3 4 -2 -3 -3 4 3 -1 -4 -4",384,1,128
4043,"1 2 3 4 2 -3 -4 3 -2 -1 -2 -3",384,1,64
4044,"1 2 3 4 -2 -2 -1 -4 -4 -3 4 2",384,1,-128
4045,"1 2 3 4 4 3 -4 -2 -4 -3 -1 -3",384,1,0
4046,"1 2 3 4 -2 4 -1 -4 -4 -2 -3 2",384,1,0
4047,"1 2 3 4 2 3 -4 -2 -3 -1 -3 -2",384,1,0
4048,"1 2 3 4 -1 -4 -2 -3 -3 4 3 -4",384,1,0
4049,"1 2 3 4 4 -2 -3 -4 2 -1 -4 -2",384,1,128
4050,"1 2 3 4 -1 -2 4 -2 -3 -4 2 -4",192,1,-64
4051,"1 2 3 4 -1 -3 -3 4 -2 -4 -4 3",384,1,-128
4052,"1 2 3 4 3 -4 -4 -3 4 -3 -1 -2",192,1,0
4053,"1 2 3 4 -2 -3 4 -2 -1 2 -4 -4",384,1,0
4054,"1 2 3 4 4 -3 -4 -4 3 -2 -1 -3",192,1,256
4055,"1 2 3 4 3 -4 -1 -3 -2 -4 -3 4",384,1,0
4056,"1 2 3 4 -2 -4 -4 -3 4 2 -1 -2",384,1,128
4057,"1 2 3 4 -2 -4 -3 -3 -2 3 -1 2",384,1,128
4058,"1 2 3 4 4 -3 -4 -4 -3 -1 3 -2",384,1,0
4059,"1 2 3 4 -1 4 -2 -4 2 -4 -3 -2",384,1,0
4060,"1 2 3 4 2 -3 -2 -2 4 -1 -4 -4",384,1,-128
4061,"1 2 3 4 3 -1 -3 4 -2 -4 -3 -4",192,1,-64
4062,"1 2 3 4 -3 -2 4 -1 -4 -2 -4 2",384,1,0
4063,"1 2 3 2 -3 4 4 -2 -1 -4 -4 -2",384,1,-128
4064,"1 2 3 4 -2 3 -4 -4 -1 -3 4 -3",384,1,-128
4065,"1 2 3 2 4 -1 4 -2 -3 -4 -4 -2",384,1,0
4066,"1 2 3 4 -1 -2 4 -2 -3 -4 -4 2",384,1,-128
4067,"1 2 3 4 3 -4 -1 -4 -2 4 -3 -3",384,1,-128
4068,"1 2 3 4 4 -3 -1 -2 3 -4 -4 -3",96,1,-256
4069,"1 2 3 4 -1 4 -3 -3 -2 3 -4 -4",384,1,-128
4070,"1 2 3 4 2 -3 -1 3 -2 -4 -2 -3",384,1,-64
4071,"1 2 3 4 2 -4 -2 -3 4 -2 -1 -4",384,1,0
4072,"1 2 3 -2 4 -1 -4 2 4 -3 -4 -2",192,1,-128
4073,"1 2 3 4 -3 -1 4 -2 -3 -4 -4 3",384,1,0
4074,"1 2 3 4 -3 4 -2 -3 -1 -4 -4 3",384,1,0
4075,"1 2 3 4 3 -2 -4 -3 -3 2 -1 -2",384,1,128
4076,"1 2 3 4 4 2 -4 -4 -3 -2 -1 -2",384,1,0
4077,"1 2 3 4 -2 -1 -4 2 4 -3 -4 -2",384,1,-64
4078,"1 2 3 -1 -3 -2 4 3 4 -3 -4 -4",384,1,0
4079,"1 2 3 4 3 -1 -4 -4 -2 -3 -3 4",384,1,-256
4080,"1 2 3 4 -3 -1 -4 -3 4 3 -4 -2",384,1,64
4081,"1 2 3 4 -1 2 -4 -2 -4 -3 -2 4",384,1,-64
4082,"1 2 3 4 2 -3 4 -2 -1 -4 -2 -4",384,1,-128
4083,"1 2 3 4 -2 -4 -3 4 -3 -1 3 -4",384,1,64
4084,"1 2 3 4 3 -1 -3 4 -2 -4 -4 -3",384,1,0
4085,"1 2 3 -2 4 3 -1 -3 4 -3 -4 -4",384,1,0
4086,"1 2 3 4 -2 -2 -3 2 4 -1 -4 -4",384,1,128
4087,"1 2 3 4 -3 -1 -2 -4 -3 4 3 -4",192,1,64
4088,"1 2 3 4 -3 -2 -4 -2 4 -1 -4 2",384,1,0
4089,"1 2 3 4 -1 4 -3 -4 -4 -3 -2 3",384,1,0
4090,"1 2 3 4 -3 -2 -4 -4 -3 4 -1 3",384,1,128
4091,"1 2 3 4 -1 3 4 -3 -4 -2 -3 -4",192,1,0
4092,"1 2 3 4 4 -2 -1 -4 2 -3 -4 -2",384,1,-128
4093,"1 2 3 4 3 -2 -4 -4 -1 -3 4 -3",192,1,-128
4094,"1 2 3 4 3 -4 -2 4 -3 -3 -1 -4",384,1,0
4095,"1 2 3 4 3 -2 -4 -3 2 -3 -1 -2",384,1,64
4096,"1 2 3 4 -2 -4 -3 -4 2 4 -1 -2",384,1,64
4097,"1 2 3 4 4 -2 -1 2 -4 -4 -3 -2",192,1,-256
4098,"1 2 3 4 -2 3 -4 -3 -3 -2 -1 2",384,1,0
4099,"1 2 3 4 -1 2 -4 -3 -4 -2 -2 4",384,1,-128
4100,"1 2 3 4 2 -3 4 -2 -1 -2 -4 -4",384,1,-128
4101,"1 2 3 4 3 -2 4 -1 -3 -4 -4 -3",384,1,-128
4102,"1 2 3 4 -2 -1 4 -2 -3 2 -4 -4",384,1,-128
4103,"1 2 3 -2 4 -3 4 3 -1 -3 -4 -4",384,1,0
4104,"1 2 3 4 2 3 -2 -4 -3 -3 -1 -2",384,1,0
4105,"1 2 3 4 -2 4 -2 -3 -4 -1 -4 2",192,1,-128
4106,"1 2 3 4 3 4 -1 -4 -3 -3 -2 -4",384,1,-128
4107,"1 2 3 4 4 -2 -3 -4 2 -4 -1 -2",384,1,128
4108,"1 2 3 4 3 4 -3 -3 -4 -2 -1 -4",384,1,-128
4109,"1 2 3 4 -2 -4 -4 -3 2 4 -1 -2",384,1,128
4110,"1 2 3 4 3 4 -3 -1 -4 -3 -2 -4",384,1,-128
4111,"1 2 3 4 -2 -1 -4 -3 4 3 -4 -3",192,1,128
4112,"1 2 3 4 -2 -3 -2 -4 3 2 -1 -3",192,1,0
4113,"1 2 3 4 -1 2 4 -2 -3 -4 -2 -4",384,1,-64
4114,"1 2 3 4 -1 -4 2 4 -3 -2 -4 -2",384,1,0
4115,"1 2 3 4 -1 -2 -4 -4 3 4 -3 -3",192,1,256
4116,"1 2 3 4 4 -2 -2 -3 -4 -1 -4 2",192,1,-256
4117,"1 2 3 -1 4 3 -2 4 -3 -3 -4 -4",384,1,-256
4118,"1 2 3 4 2 4 -1 -2 -3 -4 -2 -4",192,1,-64
4119,"1 2 3 4 -2 -2 -3 -4 3 2 -1 -3",384,1,0
4120,"1 2 3 4 -2 -3 -4 -4 2 -1 4 -2",384,1,128
4121,"1 2 3 -2 4 4 3 -4 -4 -1 -3 -3",384,1,0
4122,"1 2 3 4 -1 2 4 -2 -3 -2 -4 -4",384,1,0
4123,"1 2 3 4 -1 -4 2 4 -3 -4 -2 -2",384,1,-128
4124,"1 2 3 2 4 -1 -4 -2 4 -3 -4 -2",384,1,0
4125,"1 2 3 4 -2 -1 4 -3 -4 -3 -4 3",192,1,-128
4126,"1 2 3 4 -1 -4 -3 -3 -2 -4 3 4",384,1,0
4127,"1 2 3 4 2 -4 -3 4 -2 -4 -1 -2",384,1,64
4128,"1 2 3 4 4 -2 -1 3 -4 -4 -3 -3",384,1,-256
4129,"1 2 3 4 3 -2 4 -3 -4 -3 -1 -4",384,1,-64
4130,"1 2 3 4 2 -4 -1 -2 -4 -3 -2 4",384,1,-64
4131,"1 2 3 4 -3 -4 -1 4 -3 -4 3 -2",192,1,0
4132,"1 2 3 4 -3 -3 -4 3 -2 -4 -1 4",384,1,0
4133,"1 2 3 4 2 -4 3 -2 -3 -2 -1 -3",384,1,0
4134,"1 2 3 4 2 4 -1 -2 -3 -2 -4 -4",384,1,-128
4135,"1 2 3 4 -3 -3 4 3 -1 -4 -2 -4",384,1,0
4136,"1 2 3 4 -3 4 -3 -4 -4 3 -1 -2",384,1,128
4137,"1 2 3 4 4 -1 -4 -2 -3 2 -4 -2",384,1,128
4138,"1 2 3 4 -2 -1 4 -3 -3 -4 -4 3",192,1,-256
4139,"1 2 3 4 -2 -1 -4 2 -3 4 -2 -4",384,1,64
4140,"1 2 3 4 3 -4 -4 -3 -2 4 -1 -3",384,1,0
4141,"1 2 3 4 -2 -4 -3 -2 -4 -1 4 2",384,1,0
4142,"1 2 3 4 3 -2 4 -3 -3 -4 -1 -4",384,1,-128
4143,"1 2 3 4 3 -2 -4 -1 -4 -3 4 -3",384,1,-64
4144,"1 2 3 4 3 4 -3 -3 -2 -4 -1 -4",384,1,-128
4145,"1 2 3 4 -1 3 4 -3 -2 -4 -3 -4",384,1,0
4146,"1 2 3 4 -1 3 -4 -3 -2 -4 -3 4",384,1,0
4147,"1 2 3 4 2 -4 3 -2 -2 -3 -1 -3",384,1,0
4148,"1 2 3 4 -2 -2 3 -4 2 -3 -1 -3",384,1,0
4149,"1 2 3 -2 -3 4 4 3 -1 -3 -4 -4",384,1,128
4150,"1 2 3 -2 3 -1 4 4 -3 -3 -4 -4",384,1,-256
4151,"1 2 3 4 -2 -3 -4 2 -4 -2 -1 4",384,1,128
4152,"1 2 3 2 -3 -2 4 4 -1 -4 -4 -2",384,1,0
4153,"1 2 3 4 -2 -3 -3 -1 4 3 -4 -4",384,1,128
4154,"1 2 3 -2 4 2 -4 3 -2 -3 -1 -3",384,1,64
4155,"1 2 3 4 -2 -3 -4 2 4 -1 -2 -4",192,1,128
4156,"1 2 3 3 4 -1 4 -2 -3 -3 -4 -4",384,1,-256
4157,"1 2 3 4 -3 -2 4 -3 -1 3 -4 -4",384,1,-128
4158,"1 2 3 4 3 4 -3 -1 -3 -4 -4 -2",384,1,0
4159,"1 2 3 4 -1 3 4 -3 -2 -3 -4 -4",384,1,0
4160,"1 2 3 -2 -3 -1 -3 4 4 3 -4 -4",384,1,128
4161,"1 2 3 4 -3 -2 3 -4 -1 -4 -3 4",384,1,-64
4162,"1 2 3 4 -3 -4 -3 -2 3 -4 -1 4",384,1,64
4163,"1 2 3 4 -3 4 -3 -1 -4 3 -2 -4",384,1,0
4164,"1 2 3 4 -1 4 -3 -4 -2 -3 -4 3",384,1,-64
4165,"1 2 3 4 -2 -3 2 -4 -4 -2 -1 4",384,1,128
4166,"1 2 3 4 -3 -4 -2 -1 4 3 -4 -3",96,1,-128
4167,"1 2 3 4 3 -4 2 -3 -2 -1 -3 -2",384,1,64
4168,"1 2 3 4 2 -3 -2 -4 -1 4 -2 -4",384,1,64
4169,"1 2 3 4 -2 -2 -4 -3 2 3 -1 -3",384,1,128
4170,"1 2 3 4 -3 -2 -4 3 -4 -3 -1 4",384,1,64
4171,"1 2 3 4 -3 -3 -1 -2 -4 -4 3 4",192,1,128
4172,"1 2 3 3 4 -3 -2 4 -3 -1 -4 -4",384,1,-128
4173,"1 2 3 4 3 -4 -3 -2 -3 2 -1 -2",384,1,0
4174,"1 2 3 4 3 4 -1 -3 -2 -3 -4 -4",384,1,-128
4175,"1 2 3 4 3 4 -1 -3 -4 -4 -2 -3",384,1,0
4176,"1 2 3 4 3 -1 -2 4 -3 -4 -3 -4",384,1,-64
4177,"1 2 3 4 3 4 -3 -2 -3 -4 -1 -4",384,1,-64
4178,"1 2 3 4 -3 -2 3 -1 -4 -4 -3 4",384,1,0
4179,"1 2 3 4 -3 -3 -4 -2 3 -4 -1 4",384,1,128
4180,"1 2 3 4 4 -3 -3 -1 -4 3 -2 -4",384,1,0
4181,"1 2 3 4 2 -4 -1 -4 -2 4 -3 -2",192,1,0
4182,"1 2 3 4 -1 -2 -4 -4 -2 4 -3 2",384,1,0
4183,"1 2 3 -1 -3 -3 4 2 -4 3 -2 -2",384,1,256
4184,"1 2 3 4 -3 -1 4 -3 -4 -4 -2 3",384,1,0
4185,"1 2 3 -1 4 -3 4 -3 -2 3 -4 -4",384,1,-128
4186,"1 2 3 4 4 -3 2 -4 -2 -1 -4 -2",384,1,0
4187,"1 2 3 4 -2 -3 -4 -2 3 2 -1 -3",384,1,0
4188,"1 2 3 4 -1 -2 -4 2 -3 4 -2 -4",192,1,64
4189,"1 2 3 4 -3 -1 3 4 -3 -4 -2 -4",384,1,64
4190,"1 2 3 4 -3 -2 3 -4 -4 -3 -1 4",384,1,0
4191,"1 2 3 4 -2 -1 -4 2 -4 -3 -2 4",192,1,-64
4192,"1 2 3 4 -2 -1 -4 -4 -2 -3 4 2",384,1,0
4193,"1 2 3 4 3 -4 -2 -1 4 -3 -4 -3",192,1,-128
4194,"1 2 3 4 4 -3 -4 -2 -4 2 -1 -2",384,1,128
4195,"1 2 3 4 -2 -3 -4 2 3 -1 -3 -2",192,1,128
4196,"1 2 3 4 -2 3 -4 -3 4 -1 -3 -4",384,1,64
4197,"1 2 3 4 3 -1 -2 4 -3 -3 -4 -4",384,1,-128
4198,"1 2 3 -2 3 4 -1 4 -3 -3 -4 -4",384,1,-128
4199,"1 2 3 4 -3 -4 2 -4 -1 -2 4 -2",384,1,64
4200,"1 2 3 4 -2 -3 4 -2 -4 -4 -1 2",384,1,0
4201,"1 2 3 4 2 -1 -4 -4 -2 4 -3 -2",384,1,0
4202,"1 2 3 4 -2 -1 -4 -3 -4 -2 4 2",192,1,64
4203,"1 2 3 4 -2 -4 -1 3 -4 -3 4 -3",384,1,-64
4204,"1 2 3 3 4 4 -1 -2 -3 -3 -4 -4",96,1,-256
4205,"1 2 3 3 4 4 -2 -3 -3 -1 -4 -4",384,1,-256
4206,"1 2 3 4 -3 -2 -1 -4 -3 4 3 -4",192,1,128
4207,"1 2 3 4 -3 -1 3 4 -3 -4 -4 -2",384,1,128
4208,"1 2 3 -1 -3 4 -3 -4 3 -4 -2 4",192,1,-64
4209,"1 2 3 4 -2 -1 2 -4 -4 -3 -2 4",384,1,-128
4210,"1 2 3 4 -2 -3 -4 -3 -4 -1 3 4",192,1,64
4211,"1 2 3 4 -3 -1 -4 -3 -4 3 4 -2",384,1,64
4212,"1 2 3 4 -1 4 -3 -4 2 -4 -2 -2",384,1,0
4213,"1 2 3 2 4 4 -3 -4 -1 -4 -2 -2",192,1,0
4214,"1 2 3 4 -3 -3 -2 4 3 -1 -4 -4",384,1,-128
4215,"1 2 3 2 4 -2 -3 -4 -4 -1 4 -2",384,1,128
4216,"1 2 3 -2 -3 4 3 -4 -3 -4 -1 4",384,1,-64
4217,"1 2 3 4 -1 -4 -3 -3 -2 4 3 -4",384,1,0
4218,"1 2 3 4 -2 -4 2 4 -3 -4 -1 -2",384,1,-64
4219,"1 2 3 4 -3 -4 2 -4 -1 4 -2 -2",384,1,128
4220,"1 2 3 4 -1 -3 -2 -3 4 3 -4 -4",384,1,128
4221,"1 2 3 4 3 -2 4 -1 -4 -3 -4 -3",384,1,-64
4222,"1 2 3 4 -3 -3 -1 -2 4 3 -4 -4",192,1,-128
4223,"1 2 3 4 -2 -4 -1 3 -4 -3 -3 4",384,1,-128
4224,"1 2 3 4 -1 3 -2 -4 -3 4 -3 -4",384,1,0
4225,"1 2 3 -1 4 -3 -3 -4 3 -4 -2 4",384,1,0
4226,"1 2 3 4 -1 -3 -2 -4 -3 -4 3 4",384,1,0
4227,"1 2 3 -2 3 -1 4 -3 4 -3 -4 -4",384,1,-128
4228,"1 2 3 4 -2 -3 -3 -4 -4 -1 3 4",192,1,128
4229,"1 2 3 4 -3 -1 -3 -4 -4 3 4 -2",384,1,0
4230,"1 2 3 -1 3 4 4 -3 -2 -3 -4 -4",384,1,-128
4231,"1 2 3 4 -2 -2 -3 4 2 -4 -1 -4",384,1,0
4232,"1 2 3 4 -3 4 3 -1 -4 -3 -2 -4",384,1,0
4233,"1 2 3 -2 4 -3 -3 -4 3 4 -1 -4",384,1,0
4234,"1 2 3 4 -1 -4 -4 3 4 -3 -2 -3",384,1,128
4235,"1 2 3 4 3 -2 4 -1 -4 -4 -3 -3",384,1,-128
4236,"1 2 3 4 -2 -3 4 -1 -4 3 -4 -3",384,1,-64
4237,"1 2 3 4 3 4 -1 -4 -4 -3 -2 -3",384,1,-128
4238,"1 2 3 4 3 -4 -2 -3 -4 -3 -1 4",384,1,-64
4239,"1 2 3 4 -1 -4 -3 -4 -2 3 4 -3",384,1,64
4240,"1 2 3 4 -3 -4 -2 -2 4 -1 -4 2",384,1,0
4241,"1 2 3 4 3 4 -3 -4 -3 -4 -1 -2",192,1,64
4242,"1 2 3 4 -1 -3 -2 -3 -4 -4 3 4",384,1,0
4243,"1 2 3 4 -3 -3 -4 3 -1 4 -2 -4",384,1,128
4244,"1 2 3 4 -3 4 -2 -3 -4 -4 -1 3",384,1,0
4245,"1 2 3 3 4 -3 4 -1 -3 -2 -4 -4",384,1,-256
4246,"1 2 3 4 3 -4 -4 -3 -1 4 -2 -3",384,1,0
4247,"1 2 3 4 -2 3 2 -4 -2 -3 -1 -3",384,1,-64
4248,"1 2 3 4 4 3 -1 -3 -3 -2 -4 -4",384,1,-256
4249,"1 2 3 4 3 4 -3 -4 -4 -1 -2 -3",384,1,128
4250,"1 2 3 -1 -2 -2 4 3 2 -4 -3 -3",96,1,256
4251,"1 2 3 -1 -3 4 4 -3 -2 3 -4 -4",384,1,-128
4252,"1 2 3 4 2 -1 -4 -4 -3 -2 -2 4",384,1,-128
4253,"1 2 3 4 2 -4 -3 -2 -1 4 -2 -4",192,1,0
4254,"1 2 3 4 4 -3 2 -4 -2 -4 -1 -2",384,1,0
4255,"1 2 3 4 -2 -4 -3 2 4 -2 -1 -4",384,1,128
4256,"1 2 3 4 3 -4 -2 -4 -3 -3 -1 4",384,1,-128
4257,"1 2 3 4 -1 -4 -4 -3 -2 3 4 -3",384,1,0
4258,"1 2 3 4 3 4 -3 -3 -4 -4 -1 -2",384,1,128
4259,"1 2 3 4 2 -3 -4 -2 3 -2 -1 -3",384,1,128
4260,"1 2 3 -2 4 -3 -3 4 3 -4 -1 -4",384,1,128
4261,"1 2 3 4 -2 3 -1 -3 -4 -4 -3 4",384,1,0
4262,"1 2 3 4 4 -3 -2 -4 -1 2 -4 -2",384,1,-128
4263,"1 2 3 4 -2 -3 -4 3 4 -1 -3 -4",192,1,64
4264,"1 2 3 4 3 4 -3 -2 -3 -1 -4 -4",384,1,-128
4265,"1 2 3 4 4 3 -1 -3 -3 -4 -4 -2",384,1,-256
4266,"1 2 3 4 2 -1 -2 -4 -3 4 -2 -4",384,1,-64
4267,"1 2 3 -1 -3 -2 -3 4 4 3 -4 -4",384,1,128
4268,"1 2 3 2 4 -1 -4 -4 -3 4 -2 -2",384,1,0
4269,"1 2 3 4 -3 -4 -2 -2 -4 -1 4 2",384,1,0
4270,"1 2 3 4 2 -3 -4 -2 -3 -1 -2 3",96,1,-128
4271,"1 2 3 4 -2 -3 -4 3 4 -3 -1 -4",384,1,64
4272,"1 2 3 4 -2 -2 4 -3 2 -1 -4 -4",192,1,0
4273,"1 2 3 4 -3 -4 -2 4 -1 2 -4 -2",384,1,-64
4274,"1 2 3 4 -2 4 -2 -4 -3 -4 -1 2",384,1,-64
4275,"1 2 3 4 2 -3 -4 -2 -2 3 -1 -3",384,1,128
4276,"1 2 3 4 -1 -4 -2 -4 2 4 -3 -2",384,1,0
4277,"1 2 3 4 2 -1 -2 -4 -3 -4 -2 4",384,1,-64
4278,"1 2 3 4 -3 -3 4 3 -4 -4 -1 -2",384,1,-128
4279,"1 2 3 4 4 3 -4 -4 -3 -2 -1 -3",384,1,0
4280,"1 2 3 4 -1 -3 -3 4 3 -4 -2 -4",384,1,128
4281,"1 2 3 4 -2 -4 -3 -3 -1 2 3 -2",384,1,128
4282,"1 2 3 4 4 -3 2 -4 -1 -2 -4 -2",384,1,0
4283,"1 2 3 -2 4 -1 -4 -3 4 2 -4 -2",192,1,128
4284,"1 2 3 4 -3 -4 -1 4 2 -4 -2 -2",384,1,-128
4285,"1 2 3 4 4 -1 -2 -2 -3 2 -4 -4",384,1,0
4286,"1 2 3 -1 4 4 -3 -3 -4 -4 -2 3",192,1,-256
4287,"1 2 3 3 -1 -3 -3 4 4 -2 -4 -4",192,1,-256
4288,"1 2 3 4 -3 4 -1 -2 -2 -4 -4 2",384,1,-128
4289,"1 2 3 4 -2 -4 -3 -4 2 -1 4 -2",384,1,64
4290,"1 2 3 4 -1 -2 -4 -4 2 4 -3 -2",384,1,0
4291,"1 2 3 4 -2 -4 -3 -4 -2 4 -1 2",384,1,64
4292,"1 2 3 3 4 4 -1 -3 -3 -2 -4 -4",384,1,-512
4293,"1 2 3 4 -2 3 -4 -2 -3 -3 -1 2",384,1,-128
4294,"1 2 3 4 2 -1 -2 -3 -4 -4 -2 4",384,1,0
4295,"1 2 3 4 -3 -3 4 -1 -4 3 -2 -4",384,1,0
4296,"1 2 3 4 -2 -3 -4 -4 -3 -1 4 3",192,1,128
4297,"1 2 3 4 4 -3 -1 -2 -3 -4 -4 3",96,1,0
4298,"1 2 3 4 4 -1 -2 -4 -2 -3 -4 2",384,1,-128
4299,"1 2 3 4 -1 4 -3 -2 -4 -3 -4 3",384,1,-64
4300,"1 2 3 4 3 -1 -4 -4 -2 4 -3 -3",384,1,-128
4301,"1 2 3 -2 4 4 3 -1 -3 -3 -4 -4",384,1,0
4302,"1 2 3 4 -1 2 4 -2 -4 -3 -2 -4",384,1,64
4303,"1 2 3 4 -2 -3 2 -1 4 -2 -4 -4",384,1,128
4304,"1 2 3 -1 -3 -3 4 3 -4 -4 -2 4",192,1,128
4305,"1 2 3 4 -3 -3 -1 4 -2 -4 -4 3",384,1,128
4306,"1 2 3 2 4 -2 4 -3 -4 -1 -4 -2",384,1,0
4307,"1 2 3 4 3 -4 -4 -3 4 -2 -1 -3",384,1,128
4308,"1 2 3 4 -3 -2 -4 -4 -1 3 4 -3",192,1,128
4309,"1 2 3 4 -3 -2 -3 4 3 -1 -4 -4",384,1,0
4310,"1 2 3 4 -3 -3 -2 -1 -4 -4 3 4",192,1,0
4311,"1 2 3 4 2 -3 -1 -2 -3 -4 -2 3",96,1,-64
4312,"1 2 3 4 3 -2 -1 -3 4 -3 -4 -4",384,1,-128
4313,"1 2 3 4 -1 -2 -3 -3 4 3 -4 -4",192,1,128
4314,"1 2 3 4 -1 4 -3 -2 -3 -4 -4 3",384,1,-128
4315,"1 2 3 4 -2 -2 -3 -4 2 4 -1 -4",384,1,128
4316,"1 2 3 4 4 -1 -2 -4 -4 2 -3 -2",384,1,-128
4317,"1 2 3 4 -2 -3 -1 2 3 -4 -2 -3",48,1,64
4318,"1 2 3 2 4 -2 -4 -3 4 -1 -4 -2",384,1,0
4319,"1 2 3 4 4 -3 -1 -3 -4 -4 3 -2",192,1,0
4320,"1 2 3 2 4 -2 4 -3 -4 -4 -1 -2",384,1,0
4321,"1 2 3 4 -3 -4 3 4 -1 -3 -2 -4",384,1,128
4322,"1 2 3 4 4 -1 2 -4 -3 -4 -2 -2",384,1,-128
4323,"1 2 3 4 -2 -3 -4 3 2 -1 -2 -3",192,1,64
4324,"1 2 3 4 -1 4 3 -4 -2 -3 -4 -3",384,1,-64
4325,"1 2 3 4 -3 -4 -1 3 -4 -3 4 -2",384,1,-64
4326,"1 2 3 4 3 -2 -3 -4 -1 -4 -3 4",384,1,-64
4327,"1 2 3 4 -3 -2 4 -2 -1 2 -4 -4",384,1,-128
4328,"1 2 3 4 3 -4 -3 -2 -3 -2 -1 2",192,1,0
4329,"1 2 3 4 -2 -1 -4 3 -4 -3 4 -3",192,1,-128
4330,"1 2 3 4 -2 -4 -1 4 3 -4 -3 -3",384,1,0
4331,"1 2 3 -1 3 4 4 -3 -3 -4 -4 -2",384,1,0
4332,"1 2 3 2 -1 -2 4 4 -3 -4 -4 -2",192,1,0
4333,"1 2 3 4 -2 -3 -4 -3 -2 -1 3 2",192,1,64
4334,"1 2 3 4 -1 -4 -4 -3 4 -3 -2 3",384,1,-128
4335,"1 2 3 4 2 4 -3 -2 -4 -1 -2 -4",384,1,0
4336,"1 2 3 4 3 -4 -3 -2 -3 -4 -1 4",384,1,-64
4337,"1 2 3 4 3 -4 -4 -2 -1 4 -3 -3",384,1,-256
4338,"1 2 3 4 2 4 -3 -4 -4 -1 -2 -2",384,1,128
4339,"1 2 3 4 -1 4 3 -4 -2 -4 -3 -3",384,1,0
4340,"1 2 3 4 -3 -2 -3 4 -1 -4 -4 3",384,1,0
4341,"1 2 3 4 -3 -3 -2 -1 4 3 -4 -4",192,1,0
4342,"1 2 3 4 3 -4 -3 -3 -2 -2 -1 2",192,1,0
4343,"1 2 3 4 -2 -1 3 -4 -4 -3 4 -3",384,1,-128
4344,"1 2 3 4 -2 -4 2 -1 4 -3 -4 -2",192,1,-64
4345,"1 2 3 4 -3 -2 -4 3 -1 4 -3 -4",192,1,64
4346,"1 2 3 4 -2 -1 4 3 -4 -3 -4 -3",384,1,0
4347,"1 2 3 4 -2 3 -2 -4 2 -3 -1 -3",384,1,-64
4348,"1 2 3 -1 4 -2 -4 -4 3 4 -3 -3",384,1,128
4349,"1 2 3 -2 4 2 -4 -3 -2 3 -1 -3",192,1,64
4350,"1 2 3 4 -2 3 -4 -3 -3 -4 -1 4",384,1,0
4351,"1 2 3 3 4 -1 -3 -3 4 -2 -4 -4",384,1,-256
4352,"1 2 3 4 -2 -3 -2 4 -1 2 -4 -4",384,1,0
4353,"1 2 3 4 4 3 -1 -4 -2 -4 -3 -3",384,1,-128
4354,"1 2 3 4 -2 -3 4 -2 -1 -4 -4 2",384,1,0
4355,"1 2 3 4 4 -3 -4 -2 -4 -3 -1 3",384,1,0
4356,"1 2 3 3 4 -3 -4 -3 -2 -2 -1 2",192,1,0
4357,"1 2 3 4 3 4 -3 -2 -4 -3 -1 -4",384,1,-64
4358,"1 2 3 4 2 3 -4 -3 -2 -1 -3 -2",192,1,64
4359,"1 2 3 4 -2 -3 -4 3 -2 -3 -1 2",384,1,64
4360,"1 2 3 4 -2 -4 -3 4 2 -4 -1 -2",384,1,64
4361,"1 2 3 4 -3 -1 -2 -4 3 4 -3 -4",192,1,64
4362,"1 2 3 4 -1 -2 -3 -4 3 4 -3 -4",192,1,64
4363,"1 2 3 4 -2 -1 4 3 -4 -4 -3 -3",384,1,0
4364,"1 2 3 4 -2 -4 -2 3 -1 -3 -3 2",384,1,0
4365,"1 2 3 4 -1 -4 -2 4 -3 2 -4 -2",192,1,128
4366,"1 2 3 -1 -2 -2 4 -3 -4 3 2 -3",384,1,-128
4367,"1 2 3 4 4 -3 -3 -2 3 -1 -4 -4",384,1,-256
4368,"1 2 3 4 -2 -4 2 -3 -2 3 -1 -3",192,1,-64
4369,"1 2 3 4 -1 -3 -4 -2 3 -4 -3 4",384,1,0
4370,"1 2 3 4 -2 -4 -1 4 2 -3 -4 -2",384,1,-128
4371,"1 2 3 -2 4 3 -1 4 -3 -3 -4 -4",384,1,-128
4372,"1 2 3 4 -2 -3 2 4 -2 -1 -4 -4",384,1,128
4373,"1 2 3 -1 4 -3 -4 -4 -3 4 -2 3",192,1,0
4374,"1 2 3 4 -2 4 -3 -4 3 -4 -1 -3",384,1,64
4375,"1 2 3 4 -2 -3 -4 3 -4 -1 4 -3",384,1,64
4376,"1 2 3 4 -2 -3 -1 -3 -2 -4 3 2",96,1,0
4377,"1 2 3 4 -3 -4 -4 -1 -2 -2 4 2",384,1,128
4378,"1 2 3 4 2 -3 -4 -4 -1 -2 4 -2",384,1,0
4379,"1 2 3 4 3 -4 -3 4 -3 -4 -1 -2",384,1,-64
4380,"1 2 3 4 2 -4 -1 -4 -2 -3 4 -2",384,1,0
4381,"1 2 3 4 3 -1 4 -3 -4 -3 -2 -4",384,1,-128
4382,"1 2 3 4 -1 4 -2 3 -4 -3 -3 -4",384,1,0
4383,"1 2 3 4 2 -4 -3 -2 -4 -1 -2 4",384,1,0
4384,"1 2 3 4 -2 -3 -4 -1 4 2 -4 -2",192,1,-128
4385,"1 2 3 4 3 4 -3 -4 -1 -4 -2 -3",384,1,64
4386,"1 2 3 -1 3 4 -3 -3 4 -2 -4 -4",384,1,-128
4387,"1 2 3 -1 -2 -2 4 3 -4 -3 2 -3",384,1,128
4388,"1 2 3 -2 4 -3 4 3 -4 -4 -1 -3",384,1,0
4389,"1 2 3 4 -2 -3 -4 -4 3 -1 4 -3",192,1,128
4390,"1 2 3 4 -2 -1 -2 4 -3 2 -4 -4",384,1,0
4391,"1 2 3 4 -2 -3 -4 -1 3 4 -3 -4",384,1,64
4392,"1 2 3 4 -3 4 3 -4 -4 -3 -1 -2",384,1,0
4393,"1 2 3 4 2 -1 -2 -3 4 -2 -4 -4",384,1,-128
4394,"1 2 3 4 3 -1 4 -3 -3 -4 -2 -4",384,1,-128
4395,"1 2 3 4 3 -4 -2 -3 -1 -4 -3 4",384,1,-64
4396,"1 2 3 4 -3 4 -3 -4 3 -1 -4 -2",384,1,64
4397,"1 2 3 4 4 3 -1 -4 -3 -3 -2 -4",384,1,0
4398,"1 2 3 4 3 -4 -2 4 -1 -4 -3 -3",384,1,0
4399,"1 2 3 4 -1 -2 -4 -4 -3 -2 4 2",384,1,0
4400,"1 2 3 4 -2 -3 4 2 -4 -1 -4 -2",384,1,0
4401,"1 2 3 4 3 -4 -3 -4 -1 4 -2 -3",384,1,-64
4402,"1 2 3 -1 4 -2 4 3 -4 -4 -3 -3",384,1,128
4403,"1 2 3 -1 4 3 4 -3 -4 -4 -2 -3",384,1,0
4404,"1 2 3 4 -1 -3 -4 -3 -2 -4 3 4",384,1,0
4405,"1 2 3 4 -2 3 -4 -4 -1 -3 -3 4",384,1,-128
4406,"1 2 3 4 3 -1 -3 -4 -2 -4 -3 4",384,1,-64
4407,"1 2 3 4 -3 -1 3 -4 -2 4 -3 -4",192,1,64
4408,"1 2 3 4 -3 -2 4 -1 -3 -4 -4 3",384,1,-128
4409,"1 2 3 4 4 -3 -3 -4 3 -1 -4 -2",384,1,128
4410,"1 2 3 4 -3 -4 3 4 -3 -4 -1 -2",192,1,-64
4411,"1 2 3 4 -2 -3 4 2 -4 -4 -1 -2",384,1,0
4412,"1 2 3 4 -1 -3 4 3 -4 -3 -2 -4",384,1,128
4413,"1 2 3 4 4 -3 -4 -3 -1 3 -2 -4",384,1,0
4414,"1 2 3 -1 4 -3 -3 -2 4 3 -4 -4",384,1,0
4415,"1 2 3 4 -2 -4 -2 -3 -4 2 -1 4",384,1,0
4416,"1 2 3 4 -2 -4 -3 -4 -1 -2 4 2",192,1,64
4417,"1 2 3 -2 4 3 -4 -2 -3 2 -1 -3",192,1,0
4418,"1 2 3 4 -1 4 -2 -3 -4 -2 -4 2",384,1,-128
4419,"1 2 3 4 -1 -2 -4 3 -4 -3 4 -3",192,1,-128
4420,"1 2 3 4 2 -4 3 -2 -1 -3 -3 -2",384,1,0
4421,"1 2 3 4 -1 -3 -4 -4 -3 4 -2 3",384,1,0
4422,"1 2 3 4 -2 4 3 -4 -1 -3 -3 -4",384,1,0
4423,"1 2 3 4 2 4 -1 -2 -4 -3 -2 -4",384,1,-64
4424,"1 2 3 4 -3 -4 -2 -4 -1 -2 4 2",384,1,64
4425,"1 2 3 4 -3 2 4 -2 -4 -1 -4 -2",384,1,0
4426,"1 2 3 4 -1 -3 -3 -4 -2 -4 3 4",384,1,0
4427,"1 2 3 4 3 4 -3 -4 -4 -3 -1 -2",384,1,0
4428,"1 2 3 4 4 3 -4 -4 -3 -3 -1 -2",384,1,0
4429,"1 2 3 4 -3 -1 -3 4 -2 -4 -4 3",384,1,0
4430,"1 2 3 -2 4 4 3 -1 -4 -4 -3 -3",384,1,0
4431,"1 2 3 4 -1 -2 4 -2 -4 -3 -4 2",384,1,-64
4432,"1 2 3 4 4 -3 -3 -2 -4 -4 -1 3",384,1,0
4433,"1 2 3 4 -3 -3 -4 3 4 -1 -4 -2",384,1,128
4434,"1 2 3 4 -2 -1 -4 -2 -4 -3 4 2",384,1,-64
4435,"1 2 3 4 4 -1 -3 -2 3 -4 -4 -3",384,1,-128
4436,"1 2 3 4 3 -4 -2 -1 -3 4 -3 -4",192,1,0
4437,"1 2 3 4 -2 3 -4 -3 4 -3 -1 -4",384,1,64
4438,"1 2 3 4 -2 -2 -4 -3 -4 2 -1 4",384,1,0
4439,"1 2 3 4 -3 -2 -3 -1 4 3 -4 -4",384,1,0
4440,"1 2 3 4 -1 -2 3 -4 -4 -3 4 -3",384,1,-128
4441,"1 2 3 4 2 -3 -4 -2 -2 -4 -1 4",384,1,0
4442,"1 2 3 4 -2 -1 4 -2 -3 -4 -4 2",384,1,-128
4443,"1 2 3 4 -3 -4 -4 -2 -1 -2 4 2",384,1,128
4444,"1 2 3 4 -3 2 4 -2 -4 -4 -1 -2",384,1,0
4445,"1 2 3 4 2 3 -1 -3 -2 -4 -3 -2",96,1,-128
4446,"1 2 3 4 -2 -2 -3 4 -1 2 -4 -4",192,1,0
4447,"1 2 3 4 -3 -4 3 -1 -3 4 -2 -4",384,1,64
4448,"1 2 3 4 -1 4 -2 -2 -4 -3 -4 2",384,1,-128
4449,"1 2 3 4 -2 -1 -2 -4 -4 -3 4 2",384,1,-128
4450,"1 2 3 4 3 -4 -2 -1 4 -3 -3 -4",384,1,-128
4451,"1 2 3 4 3 -4 -3 4 -1 -3 -2 -4",384,1,128
4452,"1 2 3 4 -1 3 -4 -2 -3 4 -3 -4",384,1,0
4453,"1 2 3 4 -2 3 -4 -3 -3 4 -1 -4",384,1,128
4454,"1 2 3 4 4 3 -4 -4 -2 -3 -1 -3",384,1,-128
4455,"1 2 3 4 -1 -3 -4 3 4 -2 -3 -4",192,1,128
4456,"1 2 3 4 -3 2 -1 -2 3 -4 -3 -2",96,1,-128
4457,"1 2 3 3 4 2 -4 -2 -2 -1 -3 -3",384,1,256
4458,"1 2 3 4 -1 -3 -4 -3 4 -2 -4 3",384,1,-64
4459,"1 2 3 4 2 -3 4 -1 -4 -2 -4 -2",192,1,-128
4460,"1 2 3 4 4 -3 -3 -4 -4 -2 -1 3",384,1,-256
4461,"1 2 3 4 2 -3 -2 -4 -4 -2 -1 4",384,1,128
4462,"1 2 3 4 -2 -2 -3 -4 -4 -1 4 2",384,1,0
4463,"1 2 3 4 -2 -2 -1 -3 -3 -4 3 2",384,1,-128
4464,"1 2 3 4 -3 -1 4 -3 -2 3 -4 -4",384,1,0
4465,"1 2 3 4 -3 -3 4 3 -4 -1 -4 -2",384,1,0
4466,"1 2 3 4 -2 -3 4 -1 -4 -3 -4 3",384,1,64
4467,"1 2 3 -1 -3 4 3 -4 -3 -4 -2 4",384,1,64
4468,"1 2 3 4 4 -3 -4 3 -1 -4 -2 -3",384,1,128
4469,"1 2 3 -2 4 -3 4 -3 -4 -4 -1 3",384,1,0
4470,"1 2 3 4 -2 -4 -4 3 4 -3 -1 -3",384,1,128
4471,"1 2 3 -2 4 3 -4 -3 -4 -3 -1 4",384,1,-64
4472,"1 2 3 4 -1 -4 -2 3 4 -3 -4 -3",384,1,64
4473,"1 2 3 4 -1 -4 -3 -3 4 -2 -4 3",192,1,-128
4474,"1 2 3 4 2 -3 4 -1 -4 -4 -2 -2",192,1,-256
4475,"1 2 3 4 -1 -3 -4 -3 -4 3 -2 4",384,1,0
4476,"1 2 3 4 4 -3 -4 -4 -1 -3 -2 3",384,1,128
4477,"1 2 3 4 2 -3 -4 -2 -3 -2 -1 3",384,1,-128
4478,"1 2 3 4 -3 -2 -4 -3 4 3 -1 -4",384,1,64
4479,"1 2 3 3 4 4 -2 -1 -4 -4 -3 -3",96,1,-512
4480,"1 2 3 4 4 -3 -1 3 -2 -3 -4 -4",384,1,128
4481,"1 2 3 4 3 4 -3 -3 -2 -1 -4 -4",384,1,-256
4482,"1 2 3 -1 4 -3 -4 -4 3 4 -2 -3",192,1,128
4483,"1 2 3 -1 3 4 -2 -3 4 -3 -4 -4",384,1,-128
4484,"1 2 3 4 -1 -2 -2 4 2 -4 -3 -4",384,1,128
4485,"1 2 3 -1 4 4 3 -2 -3 -3 -4 -4",384,1,-256
4486,"1 2 3 -1 4 -3 -3 -4 3 4 -2 -4",384,1,128
4487,"1 2 3 -1 -3 4 -3 -2 4 3 -4 -4",384,1,0
4488,"1 2 3 4 -3 4 3 -2 -4 -3 -1 -4",384,1,64
4489,"1 2 3 4 -1 -3 -4 -2 -3 4 3 -4",384,1,0
4490,"1 2 3 4 -1 3 -2 4 -3 -4 -3 -4",384,1,0
4491,"1 2 3 4 3 -2 4 -1 -3 -4 -3 -4",384,1,-64
4492,"1 2 3 2 4 -3 4 -2 -4 -4 -1 -2",384,1,128
4493,"1 2 3 4 2 -3 -4 -2 3 -1 -2 -3",192,1,128
4494,"1 2 3 -2 4 3 -4 -4 -3 -3 -1 4",384,1,-128
4495,"1 2 3 4 -1 -4 -2 3 4 -3 -3 -4",384,1,128
4496,"1 2 3 4 -1 -3 -3 -4 -4 3 -2 4",384,1,0
4497,"1 2 3 4 2 -3 -4 -3 -2 -2 -1 3",384,1,-128
4498,"1 2 3 4 -1 -2 -4 -4 -3 2 4 -2",384,1,0
4499,"1 2 3 2 -3 4 4 -1 -2 -4 -4 -2",384,1,-128
4500,"1 2 3 -1 4 3 4 -3 -3 -2 -4 -4",384,1,-256
4501,"1 2 3 4 -2 3 -1 4 -3 -4 -4 -3",384,1,0
4502,"1 2 3 4 -2 -4 3 4 -1 -3 -4 -3",384,1,64
4503,"1 2 3 4 4 3 -4 -3 -1 -4 -2 -3",384,1,0
4504,"1 2 3 4 3 -4 -2 -3 -2 -3 -1 2",192,1,-64
4505,"1 2 3 4 -2 -4 -3 -2 -3 -1 3 2",384,1,0
4506,"1 2 3 4 3 4 -1 -4 -2 -3 -3 -4",384,1,0
4507,"1 2 3 4 -2 -4 -1 -2 4 -3 -4 2",384,1,-64
4508,"1 2 3 4 -1 -4 -3 -3 -4 -2 4 3",192,1,-128
4509,"1 2 3 4 -1 3 -2 4 -3 -3 -4 -4",384,1,0
4510,"1 2 3 4 3 -2 4 -1 -3 -3 -4 -4",384,1,-128
4511,"1 2 3 4 -1 2 -4 -4 -3 4 -2 -2",384,1,-128
4512,"1 2 3 4 -3 -4 -3 -1 3 4 -2 -4",384,1,64
4513,"1 2 3 3 -2 4 -2 -4 -3 -3 -1 2",192,1,-128
4514,"1 2 3 4 -3 -2 -4 -1 -3 4 3 -4",384,1,64
4515,"1 2 3 4 4 -3 -4 -1 -4 3 -2 -3",384,1,128
4516,"1 2 3 4 2 4 -1 -2 -2 -3 -4 -4",384,1,-128
4517,"1 2 3 4 -3 -4 -2 -3 4 3 -1 -4",384,1,-64
4518,"1 2 3 4 4 3 -2 -3 -3 -4 -1 -4",384,1,-128
4519,"1 2 3 -1 4 -3 -3 4 3 -4 -2 -4",384,1,128
4520,"1 2 3 4 2 -1 -2 -4 -4 -3 -2 4",384,1,-128
4521,"1 2 3 4 -2 3 -4 2 -3 -3 -1 -2",384,1,0
4522,"1 2 3 4 -1 -4 -3 -4 3 4 -2 -3",384,1,64
4523,"1 2 3 4 -2 -4 3 4 -1 -3 -3 -4",384,1,0
4524,"1 2 3 4 3 -4 -2 -2 -3 -3 -1 2",192,1,-128
4525,"1 2 3 -2 -3 -3 4 4 3 -1 -4 -4",384,1,256
4526,"1 2 3 4 -2 -4 -2 -3 -3 -1 3 2",384,1,0
4527,"1 2 3 4 4 -2 -3 -3 -4 -4 -1 3",384,1,0
4528,"1 2 3 4 -2 -3 -4 -1 4 -2 -4 2",384,1,0
4529,"1 2 3 4 2 -4 -1 -2 -3 -4 -2 4",192,1,-64
4530,"1 2 3 4 4 -1 -2 -4 2 -3 -4 -2",384,1,-128
4531,"1 2 3 4 -2 -3 -3 4 3 -4 -1 -4",384,1,128
4532,"1 2 3 4 -2 -3 -4 2 -4 -1 4 -2",384,1,128
4533,"1 2 3 4 4 -3 -4 2 -1 -4 -2 -2",384,1,128
4534,"1 2 3 4 2 3 -4 -3 -2 -2 -1 -3",384,1,128
4535,"1 2 3 4 -3 -3 -4 -1 3 4 -2 -4",384,1,128
4536,"1 2 3 4 -3 -4 -3 4 3 -1 -2 -4",192,1,-64
4537,"1 2 3 4 -1 2 -4 -2 -3 4 -2 -4",384,1,-64
4538,"1 2 3 2 -3 4 -2 -4 -4 -1 4 -2",384,1,128
4539,"1 2 3 -1 -3 -2 4 -3 4 3 -4 -4",384,1,0
4540,"1 2 3 4 4 -3 2 -4 -4 -2 -1 -2",384,1,0
4541,"1 2 3 4 -1 -3 -4 -4 3 4 -2 -3",384,1,128
4542,"1 2 3 4 2 -3 -4 -2 4 -2 -1 -4",384,1,0
4543,"1 2 3 4 2 -3 -1 -2 3 -4 -2 -3",192,1,-64
4544,"1 2 3 4 -3 -3 4 3 -2 -1 -4 -4",192,1,0
4545,"1 2 3 4 -2 -3 -1 3 4 -3 -4 -4",384,1,0
4546,"1 2 3 4 -3 -1 -3 -4 3 -4 -2 4",384,1,64
4547,"1 2 3 -1 4 -3 -3 4 3 -4 -4 -2",384,1,128
4548,"1 2 3 4 -2 -3 2 -4 -4 -1 4 -2",384,1,128
4549,"1 2 3 4 -1 2 -4 -2 -3 -4 -2 4",192,1,-64
4550,"1 2 3 4 4 -2 -1 -4 -4 -2 -3 2",384,1,-128
4551,"1 2 3 4 -1 4 3 -4 -4 -2 -3 -3",384,1,-128
4552,"1 2 3 4 -3 -4 -3 4 -2 3 -1 -4",384,1,-64
4553,"1 2 3 4 -3 4 -1 3 -2 -3 -4 -4",384,1,0
4554,"1 2 3 4 -2 -4 -3 -4 -1 3 4 -3",384,1,64
4555,"1 2 3 4 -2 -1 -3 -4 3 4 -3 -4",192,1,128
4556,"1 2 3 4 -3 -4 3 -4 -3 -1 4 -2",384,1,64
4557,"1 2 3 4 -2 -3 -4 -1 4 3 -4 -3",384,1,-64
4558,"1 2 3 4 2 -3 -4 -2 -2 4 -1 -4",384,1,0
4559,"1 2 3 4 3 4 -1 -4 -4 -2 -3 -3",384,1,-128
4560,"1 2 3 4 3 -4 -3 -4 -3 -1 4 -2",384,1,-64
4561,"1 2 3 -2 4 -3 4 -3 -1 3 -4 -4",384,1,0
4562,"1 2 3 4 -3 -3 -1 -4 3 -4 -2 4",384,1,0
4563,"1 2 3 -2 4 -3 -4 -2 3 2 -1 -3",96,1,0
4564,"1 2 3 4 -2 -4 -4 -3 -1 3 4 -3",384,1,0
4565,"1 2 3 4 4 -3 -3 -4 -4 -1 -2 3",384,1,0
4566,"1 2 3 4 4 3 -4 -2 -3 -4 -1 -3",384,1,-128
4567,"1 2 3 -2 -3 -3 -1 4 4 3 -4 -4",384,1,256
4568,"1 2 3 4 3 -4 -4 -3 -3 -1 4 -2",384,1,-128
4569,"1 2 3 4 4 -3 -2 3 -1 -3 -4 -4",384,1,-128
4570,"1 2 3 4 3 -4 -4 -2 4 -1 -3 -3",384,1,-128
4571,"1 2 3 4 3 -4 -2 -4 -1 -3 -3 4",384,1,-128
4572,"1 2 3 4 4 3 -4 -2 -4 -1 -3 -3",384,1,-128
4573,"1 2 3 4 4 2 -3 -4 -4 -1 -2 -2",384,1,0
4574,"1 2 3 4 -3 -1 3 -4 -3 4 -2 -4",384,1,-64
4575,"1 2 3 4 -2 3 -1 -4 -3 -4 -3 4",384,1,-64
4576,"1 2 3 4 4 -2 -4 3 -4 -1 -3 -3",384,1,-128
4577,"1 2 3 4 -3 -4 -1 4 3 -4 -2 -3",384,1,-64
4578,"1 2 3 4 -2 3 -1 -4 -3 4 -3 -4",384,1,-64
4579,"1 2 3 4 3 -4 -2 -3 -3 -4 -1 4",384,1,0
4580,"1 2 3 4 -2 -3 -4 -4 -2 4 -1 2",384,1,128
4581,"1 2 3 4 4 -1 -4 -4 2 -3 -2 -2",384,1,-256
4582,"1 2 3 -2 4 4 -1 -4 3 -4 -3 -3",384,1,-128
4583,"1 2 3 4 -3 -4 -2 4 2 -1 -4 -2",384,1,-64
4584,"1 2 3 4 2 -3 -4 -2 -2 -3 -1 3",384,1,-128
4585,"1 2 3 4 -2 -1 -3 4 3 -4 -3 -4",384,1,128
4586,"1 2 3 4 -2 -3 -1 4 3 -4 -3 -4",384,1,64
4587,"1 2 3 4 -2 3 -1 -4 -4 -3 -3 4",384,1,-128
4588,"1 2 3 3 -2 -3 -3 4 4 -1 -4 -4",192,1,256
4589,"1 2 3 4 -3 -4 -3 -4 -2 4 -1 3",384,1,-64
4590,"1 2 3 4 2 -1 -4 -2 4 -3 -4 -2",384,1,64
4591,"1 2 3 4 2 -3 -3 -4 -2 -2 -1 3",384,1,-256
4592,"1 2 3 -2 4 -2 -4 -3 -3 2 -1 3",384,1,0
4593,"1 2 3 -2 4 4 3 -4 -1 -4 -3 -3",384,1,128
4594,"1 2 3 4 3 -4 -3 -4 -2 4 -1 -3",384,1,-64
4595,"1 2 3 4 -2 -1 -3 4 3 -4 -4 -3",384,1,128
4596,"1 2 3 -2 4 -3 -4 3 -4 -3 -1 4",384,1,64
4597,"1 2 3 4 -2 -3 -1 4 3 -4 -4 -3",384,1,0
4598,"1 2 3 4 2 -4 3 -2 -3 -1 -2 -3",384,1,0
4599,"1 2 3 4 -2 4 -3 -2 -4 -1 -4 2",384,1,-128
4600,"1 2 3 4 3 -4 -3 -1 -3 4 -2 -4",384,1,64
4601,"1 2 3 4 -3 -3 -4 -4 -2 4 -1 3",384,1,-128
4602,"1 2 3 4 -1 4 3 -4 -2 -3 -3 -4",384,1,0
4603,"1 2 3 4 -2 4 2 -3 -4 -1 -4 -2",384,1,0
4604,"1 2 3 4 -1 3 -4 -3 -3 -4 -2 4",384,1,-128
4605,"1 2 3 -2 -3 4 4 -3 -1 3 -4 -4",384,1,128
4606,"1 2 3 4 -2 3 -4 -3 -4 -1 4 -3",384,1,-64
4607,"1 2 3 4 3 -1 -3 -3 4 -2 -4 -4",384,1,-128
4608,"1 2 3 4 -1 -2 4 -2 -4 -3 2 -4",384,1,-64
4609,"1 2 3 4 -1 -3 -4 3 -4 -3 4 -2",384,1,-64
4610,"1 2 3 4 -2 -2 4 -1 -4 -3 -4 2",384,1,0
4611,"1 2 3 4 4 -3 -4 -3 -2 3 -1 -4",384,1,-128
4612,"1 2 3 -1 4 4 3 -2 -4 -4 -3 -3",384,1,0
4613,"1 2 3 -2 4 2 -3 -4 -4 -1 4 -2",384,1,128
4614,"1 2 3 4 -2 -4 2 -3 -2 -4 -1 4",384,1,-64
4615,"1 2 3 4 -3 -3 -1 -4 -4 3 4 -2",192,1,128
4616,"1 2 3 4 4 -2 -3 -2 -4 -1 -4 2",384,1,-128
4617,"1 2 3 4 -2 4 -1 -3 -3 -4 3 -4",384,1,-128
4618,"1 2 3 4 3 -4 -3 -3 -1 4 -2 -4",384,1,0
4619,"1 2 3 4 2 4 -1 -2 -3 -4 -4 -2",384,1,0
4620,"1 2 3 4 -3 4 -2 3 -1 -3 -4 -4",384,1,-128
4621,"1 2 3 4 -2 3 -4 -4 -3 -1 4 -3",192,1,-128
4622,"1 2 3 4 -1 -2 4 -3 -2 -4 -4 2",384,1,-128
4623,"1 2 3 4 -3 -4 3 4 -3 -1 -2 -4",192,1,64
4624,"1 2 3 4 -2 -1 3 4 -3 -4 -4 -3",384,1,128
4625,"1 2 3 -1 3 4 -3 -4 -3 -4 -2 4",384,1,64
4626,"1 2 3 -1 2 -3 -3 4 3 -4 -2 -2",384,1,128
4627,"1 2 3 4 -3 -2 -4 3 -1 -4 -3 4",384,1,64
4628,"1 2 3 4 2 -1 4 -2 -2 -3 -4 -4",384,1,-128
4629,"1 2 3 4 -3 -3 -1 3 4 -2 -4 -4",384,1,128
4630,"1 2 3 4 -3 -2 -2 4 -1 2 -4 -4",384,1,0
4631,"1 2 3 4 3 -4 -2 -3 -3 2 -1 -2",384,1,128
4632,"1 2 3 4 4 -3 -2 -3 -1 3 -4 -4",384,1,-128
4633,"1 2 3 4 -2 -4 -4 -3 4 -3 -1 3",384,1,128
4634,"1 2 3 4 3 -4 -3 4 -2 -3 -1 -4",384,1,64
4635,"1 2 3 4 3 -4 -3 -2 4 -3 -1 -4",384,1,64
4636,"1 2 3 4 4 -3 2 -4 -4 -1 -2 -2",384,1,0
4637,"1 2 3 4 -3 -1 -3 4 3 -4 -2 -4",384,1,64
4638,"1 2 3 -1 3 4 -3 -3 -4 -4 -2 4",384,1,128
4639,"1 2 3 4 -3 4 -2 -4 3 -4 -1 -3",384,1,-64
4640,"1 2 3 3 4 -3 4 -3 -4 -4 -1 -2",192,1,128
4641,"1 2 3 4 4 -3 -4 3 -2 -4 -1 -3",384,1,128
4642,"1 2 3 -1 -3 -3 4 3 2 -4 -2 -2",96,1,256
4643,"1 2 3 4 3 -4 -2 -3 -3 4 -1 -4",384,1,128
4644,"1 2 3 4 4 -3 -4 -2 3 -4 -1 -3",384,1,0
4645,"1 2 3 4 -2 4 -3 -4 -1 3 -4 -3",384,1,-64
4646,"1 2 3 4 -3 -1 -3 4 3 -4 -4 -2",384,1,0
4647,"1 2 3 4 4 -3 -4 -4 -2 -3 -1 3",384,1,-128
4648,"1 2 3 4 -2 -1 4 -2 -4 -3 -4 2",384,1,-64
4649,"1 2 3 4 3 -4 -3 4 -1 -4 -2 -3",384,1,64
4650,"1 2 3 4 -3 4 -2 -4 -4 3 -1 -3",384,1,0
4651,"1 2 3 4 -3 -4 2 -4 -2 -1 4 -2",384,1,64
4652,"1 2 3 4 2 -4 -2 -3 -4 -1 4 -2",192,1,-128
4653,"1 2 3 4 4 -2 -1 -2 -3 -4 -4 2",192,1,-256
4654,"1 2 3 4 3 -4 -3 -2 -1 4 -3 -4",384,1,0
4655,"1 2 3 4 -3 -4 -1 -3 -4 3 4 -2",192,1,-64
4656,"1 2 3 4 -3 -2 -4 2 -4 -1 4 -2",384,1,128
4657,"1 2 3 4 -1 -2 -3 4 3 -4 -3 -4",384,1,64
4658,"1 2 3 4 -3 4 -1 -3 -4 3 -2 -4",384,1,0
4659,"1 2 3 4 -3 4 -3 -2 -4 -4 -1 3",384,1,0
4660,"1 2 3 4 4 -3 -4 -4 -2 3 -1 -3",384,1,128
4661,"1 2 3 4 3 -2 -4 -3 -4 -3 -1 4",384,1,-64
4662,"1 2 3 4 -3 -2 4 3 -4 -4 -1 -3",384,1,-128
4663,"1 2 3 4 -1 -4 3 4 -2 -3 -4 -3",384,1,64
4664,"1 2 3 4 2 4 -1 -4 -3 -2 -2 -4",384,1,-128
4665,"1 2 3 4 -1 -3 -4 -4 -3 -2 3 4",384,1,0
4666,"1 2 3 4 2 4 -2 -2 -3 -4 -1 -4",384,1,-128
4667,"1 2 3 4 -2 -1 4 -2 -4 -4 -3 2",384,1,-128
4668,"1 2 3 4 3 -4 -3 2 -3 -1 -2 -2",384,1,0
4669,"1 2 3 4 -2 -4 -1 -4 -3 -2 4 2",192,1,0
4670,"1 2 3 4 4 -3 -4 3 -1 -3 -2 -4",384,1,128
4671,"1 2 3 4 -2 3 4 -3 -4 -1 -4 -3",384,1,64
4672,"1 2 3 4 2 -3 -4 -4 -1 -2 -2 4",384,1,0
4673,"1 2 3 4 2 3 -1 -2 -2 -4 -3 -3",192,1,-128
4674,"1 2 3 4 4 3 -4 -3 -2 -4 -1 -3",384,1,0
4675,"1 2 3 4 -1 -3 -4 -2 -3 -4 3 4",384,1,0
4676,"1 2 3 4 -3 -2 -1 3 -4 -4 -3 4",384,1,-128
4677,"1 2 3 4 -2 -3 -2 -4 2 4 -1 -4",384,1,64
4678,"1 2 3 4 3 -1 -4 -2 -3 -4 -3 4",384,1,-128
4679,"1 2 3 4 2 4 -2 -3 -2 -4 -1 -4",384,1,-64
4680,"1 2 3 -2 4 -3 -3 4 3 -1 -4 -4",384,1,128
4681,"1 2 3 4 -1 -2 -3 4 3 -4 -4 -3",384,1,128
4682,"1 2 3 4 -3 -3 -2 -4 -4 3 -1 4",384,1,128
4683,"1 2 3 4 4 -3 -1 -3 -4 3 -2 -4",384,1,0
4684,"1 2 3 4 3 -2 -4 -4 -3 -3 -1 4",384,1,-128
4685,"1 2 3 4 3 4 -3 -4 -4 -1 -3 -2",384,1,128
4686,"1 2 3 4 -1 3 -4 -3 4 -3 -2 -4",384,1,0
4687,"1 2 3 4 -1 -4 3 4 -2 -3 -3 -4",384,1,128
4688,"1 2 3 4 3 -1 -2 -3 4 -3 -4 -4",384,1,-128
4689,"1 2 3 4 -3 -4 3 -2 -3 2 -1 -2",192,1,-128
4690,"1 2 3 4 -3 -1 -3 -2 4 3 -4 -4",384,1,0
4691,"1 2 3 4 3 2 -4 -2 -3 -1 -3 -2",192,1,0
4692,"1 2 3 4 -2 3 4 -3 -4 -4 -1 -3",384,1,128
4693,"1 2 3 4 -1 -4 -2 4 2 -4 -3 -2",384,1,128
4694,"1 2 3 4 -2 -4 2 -3 -4 -2 -1 4",384,1,0
4695,"1 2 3 4 -3 -2 -2 -4 2 4 -1 -4",384,1,128
4696,"1 2 3 4 3 -1 -4 -2 -4 -3 -3 4",384,1,-128
4697,"1 2 3 4 -3 4 -2 -1 -2 -4 -4 2",384,1,-128
4698,"1 2 3 4 2 -4 3 -2 -3 -1 -3 -2",384,1,0
4699,"1 2 3 4 2 -4 -3 -2 -1 3 -2 -3",384,1,0
4700,"1 2 3 -1 -2 -2 4 2 3 -4 -3 -3",192,1,256
4701,"1 2 3 4 -1 -4 -2 -3 4 -3 -4 3",384,1,64
4702,"1 2 3 2 4 -3 -4 -1 4 -2 -4 -2",384,1,0
4703,"1 2 3 -1 4 3 -4 -4 -3 4 -2 -3",192,1,128
4704,"1 2 3 4 -1 3 -4 -3 -3 4 -2 -4",384,1,0
4705,"1 2 3 4 -3 4 2 -4 -2 -1 -4 -2",384,1,64
4706,"1 2 3 4 4 -3 -2 -2 -1 -4 -4 2",384,1,-256
4707,"1 2 3 4 4 -1 -3 -4 -4 3 -2 -3",384,1,128
4708,"1 2 3 4 4 3 -4 -3 -1 -3 -2 -4",384,1,128
4709,"1 2 3 4 -2 4 2 -4 -3 -4 -1 -2",384,1,-64
4710,"1 2 3 4 -2 -3 -4 -3 -1 -4 3 4",384,1,64
4711,"1 2 3 4 4 2 -3 -2 -4 -1 -4 -2",384,1,0
4712,"1 2 3 4 -1 -2 3 4 -3 -4 -4 -3",384,1,128
4713,"1 2 3 4 2 -4 3 -2 -3 -3 -1 -2",384,1,0
4714,"1 2 3 4 -1 -4 -2 4 -3 -3 -4 3",384,1,128
4715,"1 2 3 -2 4 2 4 -3 -4 -4 -1 -2",384,1,128
4716,"1 2 3 4 2 4 -3 -4 -1 -2 -4 -2",192,1,64
4717,"1 2 3 4 -2 3 -2 -4 -3 -3 -1 2",384,1,-128
4718,"1 2 3 4 3 -4 -3 2 -1 -2 -3 -2",384,1,0
4719,"1 2 3 4 4 -1 -2 -3 -3 -4 -4 3",384,1,0
4720,"1 2 3 -2 -3 -1 4 3 4 -3 -4 -4",384,1,-128
4721,"1 2 3 4 -2 -3 -3 -4 -1 -4 3 4",384,1,0
4722,"1 2 3 4 2 -4 -3 -4 -2 -1 -2 4",384,1,-64
4723,"1 2 3 4 -3 4 -2 -4 -4 -2 -1 2",384,1,0
4724,"1 2 3 4 -3 -4 -4 2 -1 4 -2 -2",384,1,128
4725,"1 2 3 -2 4 3 4 -3 -3 -1 -4 -4",384,1,-128
4726,"1 2 3 4 -1 4 -3 -2 -4 2 -4 -2",384,1,0
4727,"1 2 3 4 -2 3 -4 2 -3 -1 -3 -2",384,1,0
4728,"1 2 3 4 -1 2 -4 -3 4 -2 -4 -2",384,1,-64
4729,"1 2 3 4 4 -1 3 -2 -3 -3 -4 -4",384,1,0
4730,"1 2 3 4 -3 -4 -1 -4 2 4 -2 -2",384,1,0
4731,"1 2 3 4 -2 3 -4 -2 -3 -1 2 -3",96,1,-128
4732,"1 2 2 3 4 4 -1 -4 -4 -3 -2 -2",96,1,-512
4733,"1 2 3 4 2 4 -3 -4 -1 -4 -2 -2",384,1,0
4734,"1 2 3 4 -1 -4 3 -4 -3 4 -2 -3",384,1,-64
4735,"1 2 3 4 3 4 -2 -1 -3 -4 -4 -3",384,1,-128
4736,"1 2 3 4 4 -3 -4 2 -1 -2 -4 -2",384,1,128
4737,"1 2 3 4 3 2 -1 -2 -3 -4 -3 -2",96,1,-128
4738,"1 2 3 4 2 -3 -4 -4 -2 -1 4 -2",384,1,0
4739,"1 2 3 4 -2 4 -3 -4 2 -4 -1 -2",384,1,64
4740,"1 2 3 4 2 -4 -4 -3 -2 -1 -2 4",384,1,0
4741,"1 2 3 4 4 -1 -4 3 -4 -2 -3 -3",384,1,-128
4742,"1 2 3 -2 -3 4 -3 4 3 -1 -4 -4",384,1,128
4743,"1 2 3 4 -2 -4 -3 2 -4 -1 4 -2",384,1,128
4744,"1 2 3 -1 -3 4 3 4 -3 -2 -4 -4",384,1,-128
4745,"1 2 3 4 -2 -3 4 2 -1 -2 -4 -4",384,1,0
4746,"1 2 3 -2 3 4 -1 -3 4 -3 -4 -4",384,1,-128
4747,"1 2 3 4 -1 -3 -3 4 3 -4 -4 -2",384,1,128
4748,"1 2 3 4 -1 3 -4 -4 -3 4 -2 -3",384,1,0
4749,"1 2 3 4 4 3 -4 -3 -3 -2 -1 -4",384,1,256
4750,"1 2 3 4 4 2 -1 -2 -4 -3 -4 -2",384,1,-128
4751,"1 2 3 4 -1 2 -4 -3 -2 4 -2 -4",384,1,-64
4752,"1 2 3 4 3 4 -3 -3 -4 -1 -4 -2",384,1,0
4753,"1 2 3 -2 4 4 -3 -4 2 -4 -1 -2",384,1,128
4754,"1 2 3 4 -3 -1 -4 -2 -3 4 3 -4",384,1,0
4755,"1 2 3 4 -1 -2 -4 -2 -4 -3 4 2",384,1,-64
4756,"1 2 3 4 -1 -3 -4 3 -4 -2 -3 4",384,1,0
4757,"1 2 3 4 -2 4 3 -1 -3 -4 -3 -4",384,1,-64
4758,"1 2 3 4 4 3 -1 -3 -3 -4 -2 -4",384,1,-128
4759,"1 2 3 3 -2 4 2 -4 -3 -3 -1 -2",192,1,-128
4760,"1 2 3 2 4 -2 -4 -3 -4 -1 4 -2",192,1,128
4761,"1 2 3 4 -3 -4 -2 3 -4 -3 -1 4",384,1,64
4762,"1 2 3 4 4 3 -4 -2 -3 -3 -1 -4",384,1,128
4763,"1 2 3 -2 4 4 -3 -4 -4 -3 -1 3",384,1,128
4764,"1 2 3 4 -1 2 -4 -3 4 -2 -2 -4",384,1,-128
4765,"1 2 3 4 2 4 -2 -3 -4 -4 -1 -2",384,1,128
4766,"1 2 3 4 4 2 -3 -2 -4 -4 -1 -2",384,1,128
4767,"1 2 3 4 -2 -3 -4 -3 -4 3 -1 4",384,1,64
4768,"1 2 3 4 -3 4 -2 -1 -4 -2 -4 2",384,1,-64
4769,"1 2 3 4 -2 4 3 -4 -4 -1 -3 -3",384,1,-128
4770,"1 2 3 4 -3 -2 4 -1 -4 -3 -4 3",384,1,-64
4771,"1 2 3 4 3 -4 -4 -1 -2 4 -3 -3",384,1,-256
4772,"1 2 3 4 2 -3 -4 -2 -4 -1 4 -2",384,1,0
4773,"1 2 3 4 -1 -2 -2 -4 -4 -3 4 2",384,1,-128
4774,"1 2 3 4 -1 -3 -4 -4 3 -2 -3 4",384,1,0
4775,"1 2 3 4 -2 4 3 -1 -3 -3 -4 -4",384,1,-128
4776,"1 2 3 2 4 -1 -4 -3 -4 -2 4 -2",384,1,-128
4777,"1 2 3 4 -2 -4 -1 -4 3 4 -3 -3",384,1,128
4778,"1 2 3 4 -3 4 -3 -4 3 -1 -2 -4",384,1,64
4779,"1 2 3 4 -2 -4 -1 -3 4 3 -4 -3",384,1,64
4780,"1 2 3 4 -2 -3 -3 -4 -4 3 -1 4",384,1,128
4781,"1 2 3 4 2 3 -2 -4 -2 -3 -1 -3",384,1,-64
4782,"1 2 3 4 2 -4 -2 -3 -2 3 -1 -3",384,1,64
4783,"1 2 3 4 -2 -1 4 2 -3 -2 -4 -4",384,1,-128
4784,"1 2 3 4 2 -3 -2 -4 -4 -1 4 -2",384,1,128
4785,"1 2 3 4 4 -1 -2 -2 -3 -4 -4 2",384,1,-256
4786,"1 2 3 4 4 3 -4 -1 -4 -3 -2 -3",384,1,0
4787,"1 2 3 4 -3 -2 -4 -1 -4 3 4 -3",384,1,64
4788,"1 2 3 4 -3 -3 -1 3 -4 -4 -2 4",384,1,-128
4789,"1 2 3 4 4 -1 -4 2 -4 -2 -3 -2",384,1,-128
4790,"1 2 3 4 4 -1 -4 -2 -3 -2 -4 2",384,1,0
4791,"1 2 3 4 -3 -4 -2 -1 3 4 -3 -4",96,1,128
4792,"1 2 3 4 3 -4 -1 4 -3 -3 -2 -4",384,1,-128
4793,"1 2 3 4 -3 -4 -3 -4 -2 3 -1 4",384,1,64
4794,"1 2 3 4 -3 -3 -4 -4 3 -1 -2 4",384,1,128
4795,"1 2 3 4 2 3 -4 -2 -3 -1 -2 -3",192,1,0
4796,"1 2 3 4 4 -2 -4 -3 -2 -4 -1 2",384,1,0
4797,"1 2 3 4 -2 4 -1 2 -3 -4 -2 -4",96,1,-64
4798,"1 2 3 4 -3 -2 -2 4 -1 -4 -4 2",384,1,0
4799,"1 2 3 4 4 3 -2 -3 -3 -1 -4 -4",384,1,0
4800,"1 2 3 4 -2 3 -4 -2 -3 -1 -3 2",192,1,-128
4801,"1 2 3 4 -3 -3 4 -1 3 -4 -2 -4",384,1,0
4802,"1 2 3 4 -2 -3 -1 4 -3 -4 3 -4",384,1,-64
4803,"1 2 3 4 4 -2 -3 -4 -4 3 -1 -3",384,1,128
4804,"1 2 3 4 -3 -2 -1 3 4 -3 -4 -4",384,1,128
4805,"1 2 3 4 2 -3 -4 -3 -2 3 -1 -2",384,1,64
4806,"1 2 3 4 2 4 -1 -4 -4 -3 -2 -2",384,1,-256
4807,"1 2 3 4 -3 -3 -4 -4 -2 3 -1 4",384,1,128
4808,"1 2 3 4 4 -3 -2 -4 -2 -1 -4 2",384,1,-128
4809,"1 2 3 4 2 -4 -3 -2 3 -2 -1 -3",384,1,128
4810,"1 2 3 4 2 -4 -3 -2 3 -1 -3 -2",384,1,128
4811,"1 2 3 -2 -2 4 2 -4 -3 -3 -1 3",384,1,-128
4812,"1 2 3 -2 4 -3 -3 -1 4 3 -4 -4",384,1,128
4813,"1 2 3 4 -2 -4 -3 -3 -2 -1 3 2",384,1,128
4814,"1 2 3 -2 -2 4 3 -4 -3 -3 -1 2",384,1,128
4815,"1 2 3 4 -3 -2 -3 -4 -1 -4 3 4",192,1,-64
4816,"1 2 3 4 3 -4 -1 -3 -3 -4 -2 4",384,1,-128
4817,"1 2 3 4 -2 -3 -1 4 -3 -4 -4 3",384,1,-128
4818,"1 2 3 4 4 -3 -4 -3 -1 -4 -2 3",384,1,-128
4819,"1 2 3 -2 4 4 3 -4 -3 -3 -1 -4",192,1,128
4820,"1 2 3 -2 -3 -3 4 -1 4 3 -4 -4",384,1,128
4821,"1 2 3 4 4 3 -2 -1 -3 -3 -4 -4",384,1,-256
4822,"1 2 3 4 -1 2 -3 -2 -4 -4 -2 4",384,1,0
4823,"1 2 3 4 2 -4 -3 -3 -2 3 -1 -2",384,1,128
4824,"1 2 3 4 3 -1 4 -3 -4 -4 -3 -2",384,1,-128
4825,"1 2 3 4 -2 -3 -4 2 3 -2 -1 -3",384,1,128
4826,"1 2 3 -2 4 -3 -4 3 4 -3 -1 -4",192,1,64
4827,"1 2 3 -2 4 4 2 -3 -4 -4 -1 -2",384,1,128
4828,"1 2 3 4 -2 3 -1 4 -3 -4 -3 -4",384,1,-64
4829,"1 2 3 2 4 -3 -4 -2 -4 -1 4 -2",384,1,0
4830,"1 2 3 4 -3 4 -1 -4 -2 -2 -4 2",384,1,0
4831,"1 2 3 4 2 -4 -3 -2 -2 3 -1 -3",384,1,128
4832,"1 2 3 4 3 -4 -1 4 -2 -4 -3 -3",384,1,0
4833,"1 2 3 -2 4 -3 4 2 -1 -4 -4 -2",384,1,0
4834,"1 2 3 4 -3 -2 -3 -1 -4 -4 3 4",384,1,0
4835,"1 2 3 4 -3 -4 3 -1 -4 -3 -2 4",384,1,128
4836,"1 2 3 4 -2 -3 -4 -4 -1 -3 4 3",384,1,128
4837,"1 2 3 4 -1 4 3 -2 -3 -4 -3 -4",384,1,-64
4838,"1 2 3 -1 -3 -3 4 4 -2 3 -4 -4",384,1,0
4839,"1 2 3 4 4 -3 -4 -2 -4 -2 -1 2",384,1,0
4840,"1 2 3 4 -2 3 -1 4 -3 -3 -4 -4",384,1,-128
4841,"1 2 3 -1 -3 2 -3 4 3 -4 -2 -2",384,1,128
4842,"1 2 3 4 -2 -4 -1 -3 -4 -3 4 3",384,1,64
4843,"1 2 3 4 3 -4 -3 4 -2 -4 -1 -3",384,1,64
4844,"1 2 3 3 4 4 -3 -1 -3 -2 -4 -4",384,1,-256
4845,"1 2 3 2 4 -3 -2 4 -1 -4 -4 -2",384,1,-128
4846,"1 2 3 4 2 -4 -2 -3 -2 -3 -1 3",192,1,-64
4847,"1 2 3 4 3 -2 -3 -4 -3 -4 -1 4",384,1,64
4848,"1 2 3 4 -3 -1 -4 -2 4 3 -4 -3",384,1,-64
4849,"1 2 3 4 -1 -4 -3 -4 -3 4 3 -2",384,1,0
4850,"1 2 3 4 2 4 -2 -3 -4 -2 -1 -4",384,1,-128
4851,"1 2 3 4 -1 4 3 -2 -3 -3 -4 -4",384,1,-128
4852,"1 2 3 4 2 -4 -3 -2 -1 -4 -2 4",192,1,0
4853,"1 2 3 4 -3 2 4 -2 -1 -4 -4 -2",384,1,0
4854,"1 2 3 4 -2 -3 4 2 -4 -1 -2 -4",192,1,0
4855,"1 2 3 4 -2 -4 -1 -4 -3 -3 4 3",384,1,0
4856,"1 2 3 4 4 -3 -4 3 -2 -3 -1 -4",384,1,0
4857,"1 2 3 4 4 -1 -2 -3 2 -4 -4 -2",192,1,128
4858,"1 2 3 4 3 -4 -3 -2 -4 -3 -1 4",384,1,-64
4859,"1 2 3 2 4 -2 -4 -3 -2 -3 -1 3",192,1,64
4860,"1 2 3 4 4 -2 -4 -4 3 -1 -3 -3",384,1,0
4861,"1 2 3 4 2 -4 -2 -2 -3 -3 -1 3",192,1,-128
4862,"1 2 3 4 3 -4 -4 -3 4 -1 -3 -2",384,1,128
4863,"1 2 3 4 -3 4 -2 3 -4 -3 -1 -4",384,1,64
4864,"1 2 3 4 3 -2 -3 -3 -4 -4 -1 4",384,1,128
4865,"1 2 3 4 -1 -4 -4 -3 -3 4 3 -2",384,1,0
4866,"1 2 3 4 4 -3 -2 -4 -2 -4 -1 2",384,1,-128
4867,"1 2 3 4 -3 -2 4 -1 -2 -4 -4 2",384,1,-128
4868,"1 2 3 3 4 -1 -3 4 -3 -4 -4 -2",384,1,-128
4869,"1 2 3 -2 -3 4 -3 -1 4 3 -4 -4",384,1,128
4870,"1 2 3 4 -2 -1 4 2 -4 -3 -4 -2",384,1,-64
4871,"1 2 3 4 -2 -4 -3 2 -1 4 -2 -4",96,1,128
4872,"1 2 3 4 -1 -3 4 -3 -4 -4 3 -2",384,1,0
4873,"1 2 3 4 -2 -4 -3 -2 -4 2 -1 4",384,1,0
4874,"1 2 3 4 -1 -3 -4 3 4 -3 -4 -2",384,1,64
4875,"1 2 3 4 4 -3 -4 -2 -3 -4 -1 3",384,1,-128
4876,"1 2 3 2 4 -2 -4 -2 -3 -3 -1 3",384,1,0
4877,"1 2 3 4 2 4 -3 -4 -4 -2 -1 -2",384,1,0
4878,"1 2 3 4 2 3 -1 -2 -3 -4 -2 -3",96,1,-64
4879,"1 2 3 4 -2 4 2 -3 -2 -4 -1 -4",384,1,-64
4880,"1 2 3 4 -1 4 2 -4 -2 -4 -3 -2",384,1,0
4881,"1 2 3 4 4 3 -4 -3 -2 -3 -1 -4",384,1,128
4882,"1 2 3 4 4 3 -4 -3 -3 -1 -4 -2",384,1,128
4883,"1 2 3 4 -2 -1 4 2 -4 -4 -3 -2",384,1,-128
4884,"1 2 3 4 -3 -2 -3 4 3 -4 -1 -4",384,1,64
4885,"1 2 3 4 -3 -4 -4 -2 4 -3 -1 3",384,1,-128
4886,"1 2 3 4 4 -2 3 -4 -1 -3 -3 -4",192,1,-128
4887,"1 2 3 4 -2 4 3 -4 -3 -1 -3 -4",192,1,64
4888,"1 2 3 4 -3 4 -1 -4 3 -4 -2 -3",384,1,-64
4889,"1 2 3 -2 4 4 -3 -3 -1 3 -4 -4",384,1,0
4890,"1 2 3 -1 3 4 -3 4 -3 -4 -4 -2",384,1,0
4891,"1 2 3 4 -1 2 4 -2 -4 -3 -4 -2",384,1,64
4892,"1 2 3 4 -1 -3 -2 -4 3 -4 -3 4",384,1,0
4893,"1 2 3 -1 4 4 3 -4 -4 -3 -3 -2",384,1,256
4894,"1 2 3 4 -1 -2 -4 -3 4 -2 -4 2",384,1,64
4895,"1 2 3 4 -2 4 2 -3 -2 -1 -4 -4",384,1,-128
4896,"1 2 3 3 4 4 -1 -2 -4 -4 -3 -3",96,1,-512
4897,"1 2 3 4 -3 4 -2 -4 -3 -4 -1 3",384,1,64
4898,"1 2 3 4 -3 -1 -4 -2 3 4 -3 -4",384,1,128
4899,"1 2 3 4 3 -4 -1 -3 -3 4 -2 -4",384,1,0
4900,"1 2 3 4 -1 4 2 -4 -4 -2 -3 -2",384,1,0
4901,"1 2 3 4 4 -3 -2 -4 -1 -2 -4 2",384,1,-128
4902,"1 2 3 4 -1 2 -4 -2 4 -2 -3 -4",384,1,64
4903,"1 2 3 4 -1 -2 -3 -4 -2 4 2 -4",192,1,64
4904,"1 2 3 4 3 -4 -3 -1 4 -3 -4 -2",384,1,-64
4905,"1 2 3 4 -3 -4 -1 -2 -3 -4 3 4",96,1,-64
4906,"1 2 3 4 -3 -3 -2 4 3 -4 -1 -4",384,1,0
4907,"1 2 3 4 -2 4 3 -4 -3 -3 -1 -4",384,1,128
4908,"1 2 3 4 -3 4 -1 -4 -4 3 -2 -3",384,1,0
4909,"1 2 3 4 -1 2 4 -2 -4 -4 -3 -2",384,1,128
4910,"1 2 3 4 -1 -3 -2 3 -4 -4 -3 4",384,1,0
4911,"1 2 3 -1 4 -3 -2 3 4 -3 -4 -4",384,1,128
4912,"1 2 3 3 -1 4 -3 4 -3 -2 -4 -4",192,1,-256
4913,"1 2 3 4 -2 4 -1 -4 2 -4 -3 -2",192,1,-128
4914,"1 2 3 4 -2 -3 -1 3 2 -4 -3 -2",96,1,-128
4915,"1 2 3 4 2 -4 -4 -1 4 -3 -2 -2",384,1,0
4916,"1 2 3 -2 4 -1 4 2 -3 -4 -4 -2",384,1,0
4917,"1 2 3 4 4 -1 -4 -3 -2 -2 -4 2",384,1,0
4918,"1 2 3 4 -3 4 -2 -4 -4 -3 -1 3",384,1,128
4919,"1 2 3 4 -1 -4 -4 3 4 -2 -3 -3",384,1,128
4920,"1 2 3 4 -1 2 -4 -2 -2 4 -3 -4",384,1,128
4921,"1 2 3 4 -2 -4 -1 2 -3 -4 -2 4",96,1,-64
4922,"1 2 3 4 3 -1 -4 -4 -3 4 -2 -3",384,1,0
4923,"1 2 3 4 -3 -1 4 3 -4 -4 -3 -2",384,1,-128
4924,"1 2 3 4 -1 -4 -4 -3 4 3 -2 -3",384,1,0
4925,"1 2 3 4 -2 4 -2 -3 2 -1 -4 -4",384,1,0
4926,"1 2 3 4 4 3 -4 -4 -3 -1 -3 -2",384,1,0
4927,"1 2 3 4 -1 3 -4 -2 4 -3 -4 -3",384,1,-64
4928,"1 2 3 4 2 -4 -2 -1 4 -3 -4 -2",384,1,64
4929,"1 2 3 4 -3 -4 -2 -4 -3 4 -1 3",384,1,64
4930,"1 2 3 2 4 4 -3 -2 -4 -4 -1 -2",384,1,128
4931,"1 2 3 -2 4 4 -3 -4 -4 2 -1 -2",384,1,256
4932,"1 2 3 4 4 -3 -2 -3 -4 -4 -1 3",384,1,-128
4933,"1 2 3 4 -2 -1 -3 4 -3 -4 3 -4",192,1,-128
4934,"1 2 3 4 -2 4 -3 2 -4 -2 -1 -4",384,1,0
4935,"1 2 3 4 -2 4 -1 -4 -4 2 -3 -2",384,1,-128
4936,"1 2 3 -2 -3 4 4 2 -4 -4 -1 -2",192,1,128
4937,"1 2 3 4 -3 -4 -3 4 -2 -4 -1 3",384,1,64
4938,"1 2 3 2 4 -1 -2 4 -3 -4 -4 -2",384,1,0
4939,"1 2 3 4 2 -4 -1 -4 -3 4 -2 -2",384,1,0
4940,"1 2 3 -2 4 3 4 -3 -1 -3 -4 -4",384,1,-128
4941,"1 2 3 4 -2 3 2 -4 -3 -3 -1 -2",384,1,0
4942,"1 2 3 4 3 -4 -4 -1 -3 -3 4 -2",384,1,-128
4943,"1 2 3 4 -3 -4 3 -1 -3 -4 -2 4",384,1,64
4944,"1 2 3 4 -2 -3 -4 3 2 -3 -1 -2",384,1,64
4945,"1 2 3 4 -2 -4 -1 4 -2 -4 -3 2",192,1,0
4946,"1 2 3 4 -1 3 -4 -2 4 -3 -3 -4",384,1,0
4947,"1 2 3 4 -2 -3 2 -4 -1 -4 -2 4",384,1,64
4948,"1 2 3 4 -3 -4 -4 -2 -3 4 -1 3",384,1,0
4949,"1 2 3 4 -3 -4 -4 2 4 -1 -2 -2",384,1,128
4950,"1 2 3 4 -2 -1 -3 4 -3 -4 -4 3",384,1,-128
4951,"1 2 3 4 -3 -2 4 2 -1 -4 -4 -2",384,1,-128
4952,"1 2 3 4 -1 -2 -4 -4 -2 -3 4 2",384,1,0
4953,"1 2 3 4 -3 4 -1 -3 -4 -4 -2 3",384,1,-128
4954,"1 2 3 4 4 3 -4 -3 -3 -4 -1 -2",192,1,-128
4955,"1 2 3 4 -2 -2 4 -3 -4 -1 -4 2",384,1,-128
4956,"1 2 3 4 -1 3 -4 -4 -2 -3 4 -3",384,1,-128
4957,"1 2 3 4 2 -3 -4 -2 4 -1 -4 -2",384,1,0
4958,"1 2 3 4 -3 -1 3 4 -3 -2 -4 -4",384,1,128
4959,"1 2 3 4 -3 2 -4 -2 -3 -1 3 -2",96,1,-128
4960,"1 2 3 4 2 -1 -4 -2 -3 4 -2 -4",384,1,-64
4961,"1 2 3 4 -3 -1 -3 -4 3 4 -2 -4",384,1,64
4962,"1 2 3 4 4 2 -4 -1 -4 -2 -3 -2",384,1,0
4963,"1 2 3 4 -1 4 -2 -4 2 -3 -4 -2",384,1,0
4964,"1 2 3 4 -2 -3 2 -1 -4 -4 -2 4",384,1,128
4965,"1 2 3 4 -2 -3 -4 -1 -4 -2 4 2",192,1,128
4966,"1 2 3 4 -2 4 -3 -2 -4 -4 -1 2",384,1,-128
4967,"1 2 3 4 -1 -4 3 -2 -3 4 -3 -4",384,1,64
4968,"1 2 3 4 4 -1 -2 -4 -4 -2 -3 2",384,1,-128
4969,"1 2 3 4 -1 -4 -3 4 -3 -2 3 -4",384,1,-64
4970,"1 2 3 4 3 -2 -1 -3 -4 -4 -3 4",384,1,-128
4971,"1 2 3 4 3 -4 -2 -1 -4 -3 4 -3",192,1,0
4972,"1 2 3 4 -2 -3 4 -3 -4 3 -1 -4",384,1,-64
4973,"1 2 3 4 -2 -4 -3 -1 3 4 -3 -4",384,1,-64
4974,"1 2 3 4 -3 -1 -4 -3 -4 3 -2 4",384,1,0
4975,"1 2 3 4 -2 4 -3 -2 -4 2 -1 -4",384,1,0
4976,"1 2 3 4 -3 -4 2 4 -1 -2 -4 -2",384,1,64
4977,"1 2 3 4 -1 3 4 -2 -4 -3 -3 -4",384,1,0
4978,"1 2 3 4 -1 -3 -3 -4 3 4 -2 -4",384,1,128
4979,"1 2 3 4 -2 3 -4 -3 2 -3 -1 -2",384,1,64
4980,"1 2 3 -1 -3 4 -2 3 4 -3 -4 -4",384,1,0
4981,"1 2 3 3 4 4 -3 -3 -1 -4 -4 -2",384,1,-256
4982,"1 2 3 4 -2 -4 3 -4 -1 4 -3 -3",384,1,0
4983,"1 2 3 4 4 -1 -3 -3 -2 -4 -4 3",192,1,-256
4984,"1 2 3 4 -2 -3 -1 -3 4 3 -4 -4",384,1,128
4985,"1 2 3 4 -1 -2 -2 4 -3 -4 -4 2",384,1,-128
4986,"1 2 3 4 3 4 -2 -1 -4 -3 -4 -3",96,1,-128
4987,"1 2 3 4 4 -1 3 -4 -2 -3 -3 -4",192,1,0
4988,"1 2 3 4 -3 4 -1 -3 -2 3 -4 -4",384,1,-128
4989,"1 2 3 4 -3 2 -4 -1 4 -2 -4 -2",384,1,0
4990,"1 2 3 4 2 -1 -4 -3 -2 -4 -2 4",384,1,-64
4991,"1 2 3 4 2 4 -3 -2 -1 -4 -2 -4",192,1,-128
4992,"1 2 3 4 -2 4 -3 -3 -4 3 -1 -4",384,1,0
4993,"1 2 3 4 -3 -4 -4 3 4 -3 -1 -2",192,1,0
4994,"1 2 3 4 -3 -1 -3 -4 -4 3 -2 4",384,1,0
4995,"1 2 3 4 -3 2 4 -2 -1 -2 -4 -4",384,1,0
4996,"1 2 3 4 -3 -4 2 4 -1 -4 -2 -2",384,1,128
4997,"1 2 3 4 -3 -1 3 -4 -2 -4 -3 4",384,1,-64
4998,"1 2 3 4 -1 4 -3 -4 -3 -4 3 -2",384,1,0
4999,"1 2 3 4 -2 3 -4 -3 -3 2 -1 -2",384,1,128
5000,"1 2 3 3 -1 -3 -3 4 2 -4 -2 -2",384,1,256
5001,"1 2 3 3 -2 -3 4 -3 4 -1 -4 -4",192,1,128
5002,"1 2 3 4 2 3 -4 -3 -2 -1 -2 -3",384,1,64
5003,"1 2 3 -2 4 -3 -4 -4 2 4 -1 -2",384,1,128
5004,"1 2 3 4 3 -2 -4 -3 -2 -3 -1 2",384,1,-64
5005,"1 2 3 4 3 4 -2 -1 -4 -4 -3 -3",192,1,-256
5006,"1 2 3 3 4 -3 4 -2 -3 -1 -4 -4",384,1,-128
5007,"1 2 3 4 2 -1 -4 -3 -4 -2 -2 4",384,1,-128
5008,"1 2 3 4 2 4 -3 -2 -1 -2 -4 -4",384,1,-128
5009,"1 2 3 4 -3 2 4 -2 -2 -1 -4 -4",384,1,0
5010,"1 2 3 -2 4 -1 -4 -4 3 4 -3 -3",384,1,128
5011,"1 2 3 4 -3 -1 3 -2 -4 -4 -3 4",384,1,-128
5012,"1 2 3 4 2 -3 -2 -4 -2 3 -1 -3",384,1,64
5013,"1 2 3 4 -1 4 -3 -3 -4 -4 3 -2",384,1,0
5014,"1 2 3 4 4 -3 -4 -3 -2 -4 -1 3",384,1,0
5015,"1 2 3 4 -2 4 -3 -1 -4 3 -4 -3",384,1,-64
5016,"1 2 3 4 -2 -4 -3 -2 3 -1 -3 2",384,1,0
5017,"1 2 3 4 4 2 -3 -4 -2 -1 -4 -2",384,1,0
5018,"1 2 3 4 3 -2 -4 -2 -3 -3 -1 2",384,1,-128
5019,"1 2 3 4 -2 4 -3 -3 -1 -4 -4 3",384,1,-128
5020,"1 2 3 4 -3 -4 3 -2 -3 4 -1 -4",384,1,-64
5021,"1 2 3 4 -3 -4 -4 -3 4 3 -1 -2",192,1,-128
5022,"1 2 3 4 3 -4 -2 -3 2 -1 -3 -2",384,1,64
5023,"1 2 3 -1 2 3 -2 4 -2 -4 -3 -3",384,1,0
5024,"1 2 3 4 -2 -3 4 2 -1 -4 -2 -4",384,1,0
5025,"1 2 3 4 3 4 -3 -2 -4 -4 -1 -3",384,1,0
5026,"1 2 3 4 4 -2 -4 -3 2 -4 -1 -2",384,1,128
5027,"1 2 3 -1 4 4 3 -4 -2 -4 -3 -3",384,1,128
5028,"1 2 3 4 3 4 -2 -3 -3 -1 -4 -4",384,1,-128
5029,"1 2 3 3 4 -2 4 -1 -3 -3 -4 -4",384,1,-256
5030,"1 2 3 4 -2 -4 -4 -3 4 -2 -1 2",384,1,0
5031,"1 2 3 4 -1 -2 -3 4 -3 -4 3 -4",192,1,-64
5032,"1 2 3 4 -3 -2 4 2 -1 -2 -4 -4",384,1,-128
5033,"1 2 3 4 -2 -3 -2 -4 2 3 -1 -3",384,1,64
5034,"1 2 3 -2 4 -3 -4 2 -4 -1 4 -2",192,1,128
5035,"1 2 3 -1 -3 -3 -2 4 4 3 -4 -4",384,1,0
5036,"1 2 3 4 4 -3 -2 -4 2 -1 -4 -2",384,1,128
5037,"1 2 3 4 -1 -4 2 -3 4 -2 -4 -2",384,1,0
5038,"1 2 3 4 -2 -3 4 2 -1 -4 -4 -2",384,1,0
5039,"1 2 3 4 -2 -3 -1 -4 -3 4 3 -4",384,1,64
5040,"1 2 3 4 2 3 -1 -2 -3 -4 -3 -2",384,1,-64
5041,"1 2 3 4 2 -4 -2 -3 4 -1 -2 -4",384,1,0
5042,"1 2 3 4 -1 2 4 -2 -3 -4 -4 -2",384,1,0
5043,"1 2 3 4 -1 -2 -3 4 -3 -4 -4 3",384,1,0
5044,"1 2 3 4 3 4 -3 -1 -4 -4 -3 -2",384,1,-128
5045,"1 2 3 4 -2 -4 2 3 -1 -3 -3 -2",384,1,128
5046,"1 2 3 4 -1 -3 4 -3 -4 3 -4 -2",384,1,-64
5047,"1 2 3 -2 4 -3 2 -4 -4 -1 4 -2",384,1,128
5048,"1 2 3 4 4 -2 -4 -4 -3 -3 -1 3",384,1,256
5049,"1 2 3 4 -1 -4 2 -4 -2 4 -3 -2",384,1,0
5050,"1 2 3 4 4 -1 -4 -4 3 -2 -3 -3",384,1,0
5051,"1 2 3 4 3 -4 -2 -1 -3 -4 -3 4",192,1,-128
5052,"1 2 3 4 2 4 -3 -2 -1 -4 -4 -2",384,1,-128
5053,"1 2 3 4 -1 -2 -4 -4 2 -3 4 -2",384,1,0
5054,"1 2 3 4 4 2 -1 -4 -2 -3 -4 -2",384,1,0
5055,"1 2 3 4 -1 2 4 -3 -4 -2 -2 -4",384,1,-128
5056,"1 2 3 4 -2 4 -3 -4 -3 -4 -1 3",384,1,-64
